finding_id,tree_ordinal,commit,path,file_type,rule,start_line,end_line,redacted_fingerprint,content_sha256,same_as_current_content,nature_supposed,status,action
1,10,1ab112bce8189c54070c38e218783e6835b93a9e,release/back01-minimal/RUNTIME_CANDIDATE_CHROMIUM_151.0.7922.108.json,.json,generic-api-key,14,14,release/back01-minimal/RUNTIME_CANDIDATE_CHROMIUM_151.0.7922.108.json:generic-api-key:14,29788ebe77284706b366c975a9a9cfa4819dfbc84cac6ad2e8869fc285e6b3ad,true,public PPA OpenPGP signing-key fingerprint; not credential material,HISTORICAL_FALSE_POSITIVE_EXACT_EXCEPTION,retain source/history; use exact fingerprint exception limited to these provenance paths; rescan with config
2,10,1ab112bce8189c54070c38e218783e6835b93a9e,release/back01-minimal/RUNTIME_RELEASE_LOCK.json,.json,generic-api-key,16,16,release/back01-minimal/RUNTIME_RELEASE_LOCK.json:generic-api-key:16,7d9dd3f6223dfdb5f383e41ce81aecbd874bf002b0de8810bd46589c63dd0a57,true,public PPA OpenPGP signing-key fingerprint; not credential material,HISTORICAL_FALSE_POSITIVE_EXACT_EXCEPTION,retain source/history; use exact fingerprint exception limited to these provenance paths; rescan with config
3,10,1ab112bce8189c54070c38e218783e6835b93a9e,validation_back01_integration/candidates/chromium-common_151.0.7922.108-1xtradeb1.2404.1_amd64/REQUESTED_RUNTIME.env,.env,generic-api-key,7,7,validation_back01_integration/candidates/chromium-common_151.0.7922.108-1xtradeb1.2404.1_amd64/REQUESTED_RUNTIME.env:generic-api-key:7,78973e97080e78f40b0550ed761874416b1e812caedf692b926e1e47523f6d3b,true,public PPA OpenPGP signing-key fingerprint; not credential material,HISTORICAL_FALSE_POSITIVE_EXACT_EXCEPTION,retain source/history; use exact fingerprint exception limited to these provenance paths; rescan with config
4,10,1ab112bce8189c54070c38e218783e6835b93a9e,validation_back01_integration/candidates/chromium_151.0.7922.108-1xtradeb1.2404.1_amd64/REQUESTED_RUNTIME.env,.env,generic-api-key,7,7,validation_back01_integration/candidates/chromium_151.0.7922.108-1xtradeb1.2404.1_amd64/REQUESTED_RUNTIME.env:generic-api-key:7,154d14564c1c2aa827f6755952109fb93d4b328c9f83c3754374dc1cb608f89d,true,public PPA OpenPGP signing-key fingerprint; not credential material,HISTORICAL_FALSE_POSITIVE_EXACT_EXCEPTION,retain source/history; use exact fingerprint exception limited to these provenance paths; rescan with config
5,10,1ab112bce8189c54070c38e218783e6835b93a9e,validation_back01_integration/final/chromium_runtime_candidate_108_provenance.out,.out,generic-api-key,8,9,validation_back01_integration/final/chromium_runtime_candidate_108_provenance.out:generic-api-key:8,ee7be452cf88c2efb9bec7a6b8d0cbc8c4b22f45162c1f90b02e44d2be1c9127,true,public PPA OpenPGP signing-key fingerprint; not credential material,HISTORICAL_FALSE_POSITIVE_EXACT_EXCEPTION,retain source/history; use exact fingerprint exception limited to these provenance paths; rescan with config
6,10,1ab112bce8189c54070c38e218783e6835b93a9e,validation_back01_integration/final/runtime_release_capture_qa/REQUESTED_RUNTIME.env,.env,generic-api-key,7,7,validation_back01_integration/final/runtime_release_capture_qa/REQUESTED_RUNTIME.env:generic-api-key:7,c86db7c48db34f8c392f18ef97279b4ee5acc89db607b25427a07802d3670ecf,true,public PPA OpenPGP signing-key fingerprint; not credential material,HISTORICAL_FALSE_POSITIVE_EXACT_EXCEPTION,retain source/history; use exact fingerprint exception limited to these provenance paths; rescan with config
7,11,c7f66da0da6f547813d10826dfd7772ad7e0f4b6,release/back01-minimal/RUNTIME_CANDIDATE_CHROMIUM_151.0.7922.108.json,.json,generic-api-key,14,14,release/back01-minimal/RUNTIME_CANDIDATE_CHROMIUM_151.0.7922.108.json:generic-api-key:14,29788ebe77284706b366c975a9a9cfa4819dfbc84cac6ad2e8869fc285e6b3ad,true,public PPA OpenPGP signing-key fingerprint; not credential material,HISTORICAL_FALSE_POSITIVE_EXACT_EXCEPTION,retain source/history; use exact fingerprint exception limited to these provenance paths; rescan with config
8,11,c7f66da0da6f547813d10826dfd7772ad7e0f4b6,release/back01-minimal/RUNTIME_RELEASE_LOCK.json,.json,generic-api-key,16,16,release/back01-minimal/RUNTIME_RELEASE_LOCK.json:generic-api-key:16,7d9dd3f6223dfdb5f383e41ce81aecbd874bf002b0de8810bd46589c63dd0a57,true,public PPA OpenPGP signing-key fingerprint; not credential material,HISTORICAL_FALSE_POSITIVE_EXACT_EXCEPTION,retain source/history; use exact fingerprint exception limited to these provenance paths; rescan with config
9,11,c7f66da0da6f547813d10826dfd7772ad7e0f4b6,validation_back01_integration/candidates/chromium-common_151.0.7922.108-1xtradeb1.2404.1_amd64/REQUESTED_RUNTIME.env,.env,generic-api-key,7,7,validation_back01_integration/candidates/chromium-common_151.0.7922.108-1xtradeb1.2404.1_amd64/REQUESTED_RUNTIME.env:generic-api-key:7,78973e97080e78f40b0550ed761874416b1e812caedf692b926e1e47523f6d3b,true,public PPA OpenPGP signing-key fingerprint; not credential material,HISTORICAL_FALSE_POSITIVE_EXACT_EXCEPTION,retain source/history; use exact fingerprint exception limited to these provenance paths; rescan with config
10,11,c7f66da0da6f547813d10826dfd7772ad7e0f4b6,validation_back01_integration/candidates/chromium_151.0.7922.108-1xtradeb1.2404.1_amd64/REQUESTED_RUNTIME.env,.env,generic-api-key,7,7,validation_back01_integration/candidates/chromium_151.0.7922.108-1xtradeb1.2404.1_amd64/REQUESTED_RUNTIME.env:generic-api-key:7,154d14564c1c2aa827f6755952109fb93d4b328c9f83c3754374dc1cb608f89d,true,public PPA OpenPGP signing-key fingerprint; not credential material,HISTORICAL_FALSE_POSITIVE_EXACT_EXCEPTION,retain source/history; use exact fingerprint exception limited to these provenance paths; rescan with config
11,11,c7f66da0da6f547813d10826dfd7772ad7e0f4b6,validation_back01_integration/final/chromium_runtime_candidate_108_provenance.out,.out,generic-api-key,8,9,validation_back01_integration/final/chromium_runtime_candidate_108_provenance.out:generic-api-key:8,ee7be452cf88c2efb9bec7a6b8d0cbc8c4b22f45162c1f90b02e44d2be1c9127,true,public PPA OpenPGP signing-key fingerprint; not credential material,HISTORICAL_FALSE_POSITIVE_EXACT_EXCEPTION,retain source/history; use exact fingerprint exception limited to these provenance paths; rescan with config
12,11,c7f66da0da6f547813d10826dfd7772ad7e0f4b6,validation_back01_integration/final/runtime_release_capture_qa/REQUESTED_RUNTIME.env,.env,generic-api-key,7,7,validation_back01_integration/final/runtime_release_capture_qa/REQUESTED_RUNTIME.env:generic-api-key:7,c86db7c48db34f8c392f18ef97279b4ee5acc89db607b25427a07802d3670ecf,true,public PPA OpenPGP signing-key fingerprint; not credential material,HISTORICAL_FALSE_POSITIVE_EXACT_EXCEPTION,retain source/history; use exact fingerprint exception limited to these provenance paths; rescan with config
13,12,6519e84c13f7ae89cae7711d1ff0e568b6b3767e,release/back01-minimal/RUNTIME_RELEASE_LOCK.json,.json,generic-api-key,16,16,release/back01-minimal/RUNTIME_RELEASE_LOCK.json:generic-api-key:16,7d9dd3f6223dfdb5f383e41ce81aecbd874bf002b0de8810bd46589c63dd0a57,true,public PPA OpenPGP signing-key fingerprint; not credential material,HISTORICAL_FALSE_POSITIVE_EXACT_EXCEPTION,retain source/history; use exact fingerprint exception limited to these provenance paths; rescan with config
14,12,6519e84c13f7ae89cae7711d1ff0e568b6b3767e,release/back01-minimal/RUNTIME_CANDIDATE_CHROMIUM_151.0.7922.108.json,.json,generic-api-key,14,14,release/back01-minimal/RUNTIME_CANDIDATE_CHROMIUM_151.0.7922.108.json:generic-api-key:14,29788ebe77284706b366c975a9a9cfa4819dfbc84cac6ad2e8869fc285e6b3ad,true,public PPA OpenPGP signing-key fingerprint; not credential material,HISTORICAL_FALSE_POSITIVE_EXACT_EXCEPTION,retain source/history; use exact fingerprint exception limited to these provenance paths; rescan with config
15,12,6519e84c13f7ae89cae7711d1ff0e568b6b3767e,validation_back01_integration/candidates/chromium-common_151.0.7922.108-1xtradeb1.2404.1_amd64/REQUESTED_RUNTIME.env,.env,generic-api-key,7,7,validation_back01_integration/candidates/chromium-common_151.0.7922.108-1xtradeb1.2404.1_amd64/REQUESTED_RUNTIME.env:generic-api-key:7,78973e97080e78f40b0550ed761874416b1e812caedf692b926e1e47523f6d3b,true,public PPA OpenPGP signing-key fingerprint; not credential material,HISTORICAL_FALSE_POSITIVE_EXACT_EXCEPTION,retain source/history; use exact fingerprint exception limited to these provenance paths; rescan with config
16,12,6519e84c13f7ae89cae7711d1ff0e568b6b3767e,validation_back01_integration/candidates/chromium_151.0.7922.108-1xtradeb1.2404.1_amd64/REQUESTED_RUNTIME.env,.env,generic-api-key,7,7,validation_back01_integration/candidates/chromium_151.0.7922.108-1xtradeb1.2404.1_amd64/REQUESTED_RUNTIME.env:generic-api-key:7,154d14564c1c2aa827f6755952109fb93d4b328c9f83c3754374dc1cb608f89d,true,public PPA OpenPGP signing-key fingerprint; not credential material,HISTORICAL_FALSE_POSITIVE_EXACT_EXCEPTION,retain source/history; use exact fingerprint exception limited to these provenance paths; rescan with config
17,12,6519e84c13f7ae89cae7711d1ff0e568b6b3767e,validation_back01_integration/final/chromium_runtime_candidate_108_provenance.out,.out,generic-api-key,8,9,validation_back01_integration/final/chromium_runtime_candidate_108_provenance.out:generic-api-key:8,ee7be452cf88c2efb9bec7a6b8d0cbc8c4b22f45162c1f90b02e44d2be1c9127,true,public PPA OpenPGP signing-key fingerprint; not credential material,HISTORICAL_FALSE_POSITIVE_EXACT_EXCEPTION,retain source/history; use exact fingerprint exception limited to these provenance paths; rescan with config
18,12,6519e84c13f7ae89cae7711d1ff0e568b6b3767e,validation_back01_integration/final/runtime_release_capture_qa/REQUESTED_RUNTIME.env,.env,generic-api-key,7,7,validation_back01_integration/final/runtime_release_capture_qa/REQUESTED_RUNTIME.env:generic-api-key:7,c86db7c48db34f8c392f18ef97279b4ee5acc89db607b25427a07802d3670ecf,true,public PPA OpenPGP signing-key fingerprint; not credential material,HISTORICAL_FALSE_POSITIVE_EXACT_EXCEPTION,retain source/history; use exact fingerprint exception limited to these provenance paths; rescan with config
19,13,891b2d166a30a96d5ca872b473251ed1a3706ba3,release/back01-minimal/RUNTIME_CANDIDATE_CHROMIUM_151.0.7922.108.json,.json,generic-api-key,14,14,release/back01-minimal/RUNTIME_CANDIDATE_CHROMIUM_151.0.7922.108.json:generic-api-key:14,29788ebe77284706b366c975a9a9cfa4819dfbc84cac6ad2e8869fc285e6b3ad,true,public PPA OpenPGP signing-key fingerprint; not credential material,HISTORICAL_FALSE_POSITIVE_EXACT_EXCEPTION,retain source/history; use exact fingerprint exception limited to these provenance paths; rescan with config
20,13,891b2d166a30a96d5ca872b473251ed1a3706ba3,release/back01-minimal/RUNTIME_RELEASE_LOCK.json,.json,generic-api-key,16,16,release/back01-minimal/RUNTIME_RELEASE_LOCK.json:generic-api-key:16,7d9dd3f6223dfdb5f383e41ce81aecbd874bf002b0de8810bd46589c63dd0a57,true,public PPA OpenPGP signing-key fingerprint; not credential material,HISTORICAL_FALSE_POSITIVE_EXACT_EXCEPTION,retain source/history; use exact fingerprint exception limited to these provenance paths; rescan with config
21,13,891b2d166a30a96d5ca872b473251ed1a3706ba3,validation_back01_integration/candidates/chromium-common_151.0.7922.108-1xtradeb1.2404.1_amd64/REQUESTED_RUNTIME.env,.env,generic-api-key,7,7,validation_back01_integration/candidates/chromium-common_151.0.7922.108-1xtradeb1.2404.1_amd64/REQUESTED_RUNTIME.env:generic-api-key:7,78973e97080e78f40b0550ed761874416b1e812caedf692b926e1e47523f6d3b,true,public PPA OpenPGP signing-key fingerprint; not credential material,HISTORICAL_FALSE_POSITIVE_EXACT_EXCEPTION,retain source/history; use exact fingerprint exception limited to these provenance paths; rescan with config
22,13,891b2d166a30a96d5ca872b473251ed1a3706ba3,validation_back01_integration/candidates/chromium_151.0.7922.108-1xtradeb1.2404.1_amd64/REQUESTED_RUNTIME.env,.env,generic-api-key,7,7,validation_back01_integration/candidates/chromium_151.0.7922.108-1xtradeb1.2404.1_amd64/REQUESTED_RUNTIME.env:generic-api-key:7,154d14564c1c2aa827f6755952109fb93d4b328c9f83c3754374dc1cb608f89d,true,public PPA OpenPGP signing-key fingerprint; not credential material,HISTORICAL_FALSE_POSITIVE_EXACT_EXCEPTION,retain source/history; use exact fingerprint exception limited to these provenance paths; rescan with config
23,13,891b2d166a30a96d5ca872b473251ed1a3706ba3,validation_back01_integration/final/chromium_runtime_candidate_108_provenance.out,.out,generic-api-key,8,9,validation_back01_integration/final/chromium_runtime_candidate_108_provenance.out:generic-api-key:8,ee7be452cf88c2efb9bec7a6b8d0cbc8c4b22f45162c1f90b02e44d2be1c9127,true,public PPA OpenPGP signing-key fingerprint; not credential material,HISTORICAL_FALSE_POSITIVE_EXACT_EXCEPTION,retain source/history; use exact fingerprint exception limited to these provenance paths; rescan with config
24,13,891b2d166a30a96d5ca872b473251ed1a3706ba3,validation_back01_integration/final/runtime_release_capture_qa/REQUESTED_RUNTIME.env,.env,generic-api-key,7,7,validation_back01_integration/final/runtime_release_capture_qa/REQUESTED_RUNTIME.env:generic-api-key:7,c86db7c48db34f8c392f18ef97279b4ee5acc89db607b25427a07802d3670ecf,true,public PPA OpenPGP signing-key fingerprint; not credential material,HISTORICAL_FALSE_POSITIVE_EXACT_EXCEPTION,retain source/history; use exact fingerprint exception limited to these provenance paths; rescan with config
25,14,5085e6ac95d11649a74fb7137c6fca0b5ce7253a,release/back01-minimal/RUNTIME_RELEASE_LOCK.json,.json,generic-api-key,16,16,release/back01-minimal/RUNTIME_RELEASE_LOCK.json:generic-api-key:16,7d9dd3f6223dfdb5f383e41ce81aecbd874bf002b0de8810bd46589c63dd0a57,true,public PPA OpenPGP signing-key fingerprint; not credential material,HISTORICAL_FALSE_POSITIVE_EXACT_EXCEPTION,retain source/history; use exact fingerprint exception limited to these provenance paths; rescan with config
26,14,5085e6ac95d11649a74fb7137c6fca0b5ce7253a,release/back01-minimal/RUNTIME_CANDIDATE_CHROMIUM_151.0.7922.108.json,.json,generic-api-key,14,14,release/back01-minimal/RUNTIME_CANDIDATE_CHROMIUM_151.0.7922.108.json:generic-api-key:14,29788ebe77284706b366c975a9a9cfa4819dfbc84cac6ad2e8869fc285e6b3ad,true,public PPA OpenPGP signing-key fingerprint; not credential material,HISTORICAL_FALSE_POSITIVE_EXACT_EXCEPTION,retain source/history; use exact fingerprint exception limited to these provenance paths; rescan with config
27,14,5085e6ac95d11649a74fb7137c6fca0b5ce7253a,validation_back01_integration/candidates/chromium-common_151.0.7922.108-1xtradeb1.2404.1_amd64/REQUESTED_RUNTIME.env,.env,generic-api-key,7,7,validation_back01_integration/candidates/chromium-common_151.0.7922.108-1xtradeb1.2404.1_amd64/REQUESTED_RUNTIME.env:generic-api-key:7,78973e97080e78f40b0550ed761874416b1e812caedf692b926e1e47523f6d3b,true,public PPA OpenPGP signing-key fingerprint; not credential material,HISTORICAL_FALSE_POSITIVE_EXACT_EXCEPTION,retain source/history; use exact fingerprint exception limited to these provenance paths; rescan with config
28,14,5085e6ac95d11649a74fb7137c6fca0b5ce7253a,validation_back01_integration/candidates/chromium_151.0.7922.108-1xtradeb1.2404.1_amd64/REQUESTED_RUNTIME.env,.env,generic-api-key,7,7,validation_back01_integration/candidates/chromium_151.0.7922.108-1xtradeb1.2404.1_amd64/REQUESTED_RUNTIME.env:generic-api-key:7,154d14564c1c2aa827f6755952109fb93d4b328c9f83c3754374dc1cb608f89d,true,public PPA OpenPGP signing-key fingerprint; not credential material,HISTORICAL_FALSE_POSITIVE_EXACT_EXCEPTION,retain source/history; use exact fingerprint exception limited to these provenance paths; rescan with config
29,14,5085e6ac95d11649a74fb7137c6fca0b5ce7253a,validation_back01_integration/final/chromium_runtime_candidate_108_provenance.out,.out,generic-api-key,8,9,validation_back01_integration/final/chromium_runtime_candidate_108_provenance.out:generic-api-key:8,ee7be452cf88c2efb9bec7a6b8d0cbc8c4b22f45162c1f90b02e44d2be1c9127,true,public PPA OpenPGP signing-key fingerprint; not credential material,HISTORICAL_FALSE_POSITIVE_EXACT_EXCEPTION,retain source/history; use exact fingerprint exception limited to these provenance paths; rescan with config
30,14,5085e6ac95d11649a74fb7137c6fca0b5ce7253a,validation_back01_integration/final/runtime_release_capture_qa/REQUESTED_RUNTIME.env,.env,generic-api-key,7,7,validation_back01_integration/final/runtime_release_capture_qa/REQUESTED_RUNTIME.env:generic-api-key:7,c86db7c48db34f8c392f18ef97279b4ee5acc89db607b25427a07802d3670ecf,true,public PPA OpenPGP signing-key fingerprint; not credential material,HISTORICAL_FALSE_POSITIVE_EXACT_EXCEPTION,retain source/history; use exact fingerprint exception limited to these provenance paths; rescan with config
31,15,099ff7bbf384ff900ec44fc3e9aafd1fc273f0dd,release/back01-minimal/RUNTIME_RELEASE_LOCK.json,.json,generic-api-key,16,16,release/back01-minimal/RUNTIME_RELEASE_LOCK.json:generic-api-key:16,7d9dd3f6223dfdb5f383e41ce81aecbd874bf002b0de8810bd46589c63dd0a57,true,public PPA OpenPGP signing-key fingerprint; not credential material,HISTORICAL_FALSE_POSITIVE_EXACT_EXCEPTION,retain source/history; use exact fingerprint exception limited to these provenance paths; rescan with config
32,15,099ff7bbf384ff900ec44fc3e9aafd1fc273f0dd,release/back01-minimal/RUNTIME_CANDIDATE_CHROMIUM_151.0.7922.108.json,.json,generic-api-key,14,14,release/back01-minimal/RUNTIME_CANDIDATE_CHROMIUM_151.0.7922.108.json:generic-api-key:14,29788ebe77284706b366c975a9a9cfa4819dfbc84cac6ad2e8869fc285e6b3ad,true,public PPA OpenPGP signing-key fingerprint; not credential material,HISTORICAL_FALSE_POSITIVE_EXACT_EXCEPTION,retain source/history; use exact fingerprint exception limited to these provenance paths; rescan with config
33,15,099ff7bbf384ff900ec44fc3e9aafd1fc273f0dd,validation_back01_integration/candidates/chromium-common_151.0.7922.108-1xtradeb1.2404.1_amd64/REQUESTED_RUNTIME.env,.env,generic-api-key,7,7,validation_back01_integration/candidates/chromium-common_151.0.7922.108-1xtradeb1.2404.1_amd64/REQUESTED_RUNTIME.env:generic-api-key:7,78973e97080e78f40b0550ed761874416b1e812caedf692b926e1e47523f6d3b,true,public PPA OpenPGP signing-key fingerprint; not credential material,HISTORICAL_FALSE_POSITIVE_EXACT_EXCEPTION,retain source/history; use exact fingerprint exception limited to these provenance paths; rescan with config
34,15,099ff7bbf384ff900ec44fc3e9aafd1fc273f0dd,validation_back01_integration/candidates/chromium_151.0.7922.108-1xtradeb1.2404.1_amd64/REQUESTED_RUNTIME.env,.env,generic-api-key,7,7,validation_back01_integration/candidates/chromium_151.0.7922.108-1xtradeb1.2404.1_amd64/REQUESTED_RUNTIME.env:generic-api-key:7,154d14564c1c2aa827f6755952109fb93d4b328c9f83c3754374dc1cb608f89d,true,public PPA OpenPGP signing-key fingerprint; not credential material,HISTORICAL_FALSE_POSITIVE_EXACT_EXCEPTION,retain source/history; use exact fingerprint exception limited to these provenance paths; rescan with config
35,15,099ff7bbf384ff900ec44fc3e9aafd1fc273f0dd,validation_back01_integration/final/chromium_runtime_candidate_108_provenance.out,.out,generic-api-key,8,9,validation_back01_integration/final/chromium_runtime_candidate_108_provenance.out:generic-api-key:8,ee7be452cf88c2efb9bec7a6b8d0cbc8c4b22f45162c1f90b02e44d2be1c9127,true,public PPA OpenPGP signing-key fingerprint; not credential material,HISTORICAL_FALSE_POSITIVE_EXACT_EXCEPTION,retain source/history; use exact fingerprint exception limited to these provenance paths; rescan with config
36,15,099ff7bbf384ff900ec44fc3e9aafd1fc273f0dd,validation_back01_integration/final/runtime_release_capture_qa/REQUESTED_RUNTIME.env,.env,generic-api-key,7,7,validation_back01_integration/final/runtime_release_capture_qa/REQUESTED_RUNTIME.env:generic-api-key:7,c86db7c48db34f8c392f18ef97279b4ee5acc89db607b25427a07802d3670ecf,true,public PPA OpenPGP signing-key fingerprint; not credential material,HISTORICAL_FALSE_POSITIVE_EXACT_EXCEPTION,retain source/history; use exact fingerprint exception limited to these provenance paths; rescan with config
37,16,bfde794614effeedca281d4eb279632780901aa8,release/back01-minimal/RUNTIME_RELEASE_LOCK.json,.json,generic-api-key,16,16,release/back01-minimal/RUNTIME_RELEASE_LOCK.json:generic-api-key:16,7d9dd3f6223dfdb5f383e41ce81aecbd874bf002b0de8810bd46589c63dd0a57,true,public PPA OpenPGP signing-key fingerprint; not credential material,HISTORICAL_FALSE_POSITIVE_EXACT_EXCEPTION,retain source/history; use exact fingerprint exception limited to these provenance paths; rescan with config
38,16,bfde794614effeedca281d4eb279632780901aa8,release/back01-minimal/RUNTIME_CANDIDATE_CHROMIUM_151.0.7922.108.json,.json,generic-api-key,14,14,release/back01-minimal/RUNTIME_CANDIDATE_CHROMIUM_151.0.7922.108.json:generic-api-key:14,29788ebe77284706b366c975a9a9cfa4819dfbc84cac6ad2e8869fc285e6b3ad,true,public PPA OpenPGP signing-key fingerprint; not credential material,HISTORICAL_FALSE_POSITIVE_EXACT_EXCEPTION,retain source/history; use exact fingerprint exception limited to these provenance paths; rescan with config
39,16,bfde794614effeedca281d4eb279632780901aa8,validation_back01_integration/candidates/chromium-common_151.0.7922.108-1xtradeb1.2404.1_amd64/REQUESTED_RUNTIME.env,.env,generic-api-key,7,7,validation_back01_integration/candidates/chromium-common_151.0.7922.108-1xtradeb1.2404.1_amd64/REQUESTED_RUNTIME.env:generic-api-key:7,78973e97080e78f40b0550ed761874416b1e812caedf692b926e1e47523f6d3b,true,public PPA OpenPGP signing-key fingerprint; not credential material,HISTORICAL_FALSE_POSITIVE_EXACT_EXCEPTION,retain source/history; use exact fingerprint exception limited to these provenance paths; rescan with config
40,16,bfde794614effeedca281d4eb279632780901aa8,validation_back01_integration/candidates/chromium_151.0.7922.108-1xtradeb1.2404.1_amd64/REQUESTED_RUNTIME.env,.env,generic-api-key,7,7,validation_back01_integration/candidates/chromium_151.0.7922.108-1xtradeb1.2404.1_amd64/REQUESTED_RUNTIME.env:generic-api-key:7,154d14564c1c2aa827f6755952109fb93d4b328c9f83c3754374dc1cb608f89d,true,public PPA OpenPGP signing-key fingerprint; not credential material,HISTORICAL_FALSE_POSITIVE_EXACT_EXCEPTION,retain source/history; use exact fingerprint exception limited to these provenance paths; rescan with config
41,16,bfde794614effeedca281d4eb279632780901aa8,validation_back01_integration/final/chromium_runtime_candidate_108_provenance.out,.out,generic-api-key,8,9,validation_back01_integration/final/chromium_runtime_candidate_108_provenance.out:generic-api-key:8,ee7be452cf88c2efb9bec7a6b8d0cbc8c4b22f45162c1f90b02e44d2be1c9127,true,public PPA OpenPGP signing-key fingerprint; not credential material,HISTORICAL_FALSE_POSITIVE_EXACT_EXCEPTION,retain source/history; use exact fingerprint exception limited to these provenance paths; rescan with config
42,16,bfde794614effeedca281d4eb279632780901aa8,validation_back01_integration/final/runtime_release_capture_qa/REQUESTED_RUNTIME.env,.env,generic-api-key,7,7,validation_back01_integration/final/runtime_release_capture_qa/REQUESTED_RUNTIME.env:generic-api-key:7,c86db7c48db34f8c392f18ef97279b4ee5acc89db607b25427a07802d3670ecf,true,public PPA OpenPGP signing-key fingerprint; not credential material,HISTORICAL_FALSE_POSITIVE_EXACT_EXCEPTION,retain source/history; use exact fingerprint exception limited to these provenance paths; rescan with config
43,17,c0ad051c77e153b3ec4435fbc7ff98e30b96969b,release/back01-minimal/RUNTIME_RELEASE_LOCK.json,.json,generic-api-key,16,16,release/back01-minimal/RUNTIME_RELEASE_LOCK.json:generic-api-key:16,7d9dd3f6223dfdb5f383e41ce81aecbd874bf002b0de8810bd46589c63dd0a57,true,public PPA OpenPGP signing-key fingerprint; not credential material,HISTORICAL_FALSE_POSITIVE_EXACT_EXCEPTION,retain source/history; use exact fingerprint exception limited to these provenance paths; rescan with config
44,17,c0ad051c77e153b3ec4435fbc7ff98e30b96969b,release/back01-minimal/RUNTIME_CANDIDATE_CHROMIUM_151.0.7922.108.json,.json,generic-api-key,14,14,release/back01-minimal/RUNTIME_CANDIDATE_CHROMIUM_151.0.7922.108.json:generic-api-key:14,29788ebe77284706b366c975a9a9cfa4819dfbc84cac6ad2e8869fc285e6b3ad,true,public PPA OpenPGP signing-key fingerprint; not credential material,HISTORICAL_FALSE_POSITIVE_EXACT_EXCEPTION,retain source/history; use exact fingerprint exception limited to these provenance paths; rescan with config
45,17,c0ad051c77e153b3ec4435fbc7ff98e30b96969b,validation_back01_integration/candidates/chromium-common_151.0.7922.108-1xtradeb1.2404.1_amd64/REQUESTED_RUNTIME.env,.env,generic-api-key,7,7,validation_back01_integration/candidates/chromium-common_151.0.7922.108-1xtradeb1.2404.1_amd64/REQUESTED_RUNTIME.env:generic-api-key:7,78973e97080e78f40b0550ed761874416b1e812caedf692b926e1e47523f6d3b,true,public PPA OpenPGP signing-key fingerprint; not credential material,HISTORICAL_FALSE_POSITIVE_EXACT_EXCEPTION,retain source/history; use exact fingerprint exception limited to these provenance paths; rescan with config
46,17,c0ad051c77e153b3ec4435fbc7ff98e30b96969b,validation_back01_integration/candidates/chromium_151.0.7922.108-1xtradeb1.2404.1_amd64/REQUESTED_RUNTIME.env,.env,generic-api-key,7,7,validation_back01_integration/candidates/chromium_151.0.7922.108-1xtradeb1.2404.1_amd64/REQUESTED_RUNTIME.env:generic-api-key:7,154d14564c1c2aa827f6755952109fb93d4b328c9f83c3754374dc1cb608f89d,true,public PPA OpenPGP signing-key fingerprint; not credential material,HISTORICAL_FALSE_POSITIVE_EXACT_EXCEPTION,retain source/history; use exact fingerprint exception limited to these provenance paths; rescan with config
47,17,c0ad051c77e153b3ec4435fbc7ff98e30b96969b,validation_back01_integration/final/chromium_runtime_candidate_108_provenance.out,.out,generic-api-key,8,9,validation_back01_integration/final/chromium_runtime_candidate_108_provenance.out:generic-api-key:8,ee7be452cf88c2efb9bec7a6b8d0cbc8c4b22f45162c1f90b02e44d2be1c9127,true,public PPA OpenPGP signing-key fingerprint; not credential material,HISTORICAL_FALSE_POSITIVE_EXACT_EXCEPTION,retain source/history; use exact fingerprint exception limited to these provenance paths; rescan with config
48,17,c0ad051c77e153b3ec4435fbc7ff98e30b96969b,validation_back01_integration/final/runtime_release_capture_qa/REQUESTED_RUNTIME.env,.env,generic-api-key,7,7,validation_back01_integration/final/runtime_release_capture_qa/REQUESTED_RUNTIME.env:generic-api-key:7,c86db7c48db34f8c392f18ef97279b4ee5acc89db607b25427a07802d3670ecf,true,public PPA OpenPGP signing-key fingerprint; not credential material,HISTORICAL_FALSE_POSITIVE_EXACT_EXCEPTION,retain source/history; use exact fingerprint exception limited to these provenance paths; rescan with config
49,18,57fc8114bf360697bb075bb95d7062d5a2d49134,release/back01-minimal/RUNTIME_CANDIDATE_CHROMIUM_151.0.7922.108.json,.json,generic-api-key,14,14,release/back01-minimal/RUNTIME_CANDIDATE_CHROMIUM_151.0.7922.108.json:generic-api-key:14,29788ebe77284706b366c975a9a9cfa4819dfbc84cac6ad2e8869fc285e6b3ad,true,public PPA OpenPGP signing-key fingerprint; not credential material,HISTORICAL_FALSE_POSITIVE_EXACT_EXCEPTION,retain source/history; use exact fingerprint exception limited to these provenance paths; rescan with config
50,18,57fc8114bf360697bb075bb95d7062d5a2d49134,release/back01-minimal/RUNTIME_RELEASE_LOCK.json,.json,generic-api-key,16,16,release/back01-minimal/RUNTIME_RELEASE_LOCK.json:generic-api-key:16,7d9dd3f6223dfdb5f383e41ce81aecbd874bf002b0de8810bd46589c63dd0a57,true,public PPA OpenPGP signing-key fingerprint; not credential material,HISTORICAL_FALSE_POSITIVE_EXACT_EXCEPTION,retain source/history; use exact fingerprint exception limited to these provenance paths; rescan with config
51,18,57fc8114bf360697bb075bb95d7062d5a2d49134,validation_back01_integration/candidates/chromium-common_151.0.7922.108-1xtradeb1.2404.1_amd64/REQUESTED_RUNTIME.env,.env,generic-api-key,7,7,validation_back01_integration/candidates/chromium-common_151.0.7922.108-1xtradeb1.2404.1_amd64/REQUESTED_RUNTIME.env:generic-api-key:7,78973e97080e78f40b0550ed761874416b1e812caedf692b926e1e47523f6d3b,true,public PPA OpenPGP signing-key fingerprint; not credential material,HISTORICAL_FALSE_POSITIVE_EXACT_EXCEPTION,retain source/history; use exact fingerprint exception limited to these provenance paths; rescan with config
52,18,57fc8114bf360697bb075bb95d7062d5a2d49134,validation_back01_integration/candidates/chromium_151.0.7922.108-1xtradeb1.2404.1_amd64/REQUESTED_RUNTIME.env,.env,generic-api-key,7,7,validation_back01_integration/candidates/chromium_151.0.7922.108-1xtradeb1.2404.1_amd64/REQUESTED_RUNTIME.env:generic-api-key:7,154d14564c1c2aa827f6755952109fb93d4b328c9f83c3754374dc1cb608f89d,true,public PPA OpenPGP signing-key fingerprint; not credential material,HISTORICAL_FALSE_POSITIVE_EXACT_EXCEPTION,retain source/history; use exact fingerprint exception limited to these provenance paths; rescan with config
53,18,57fc8114bf360697bb075bb95d7062d5a2d49134,validation_back01_integration/final/chromium_runtime_candidate_108_provenance.out,.out,generic-api-key,8,9,validation_back01_integration/final/chromium_runtime_candidate_108_provenance.out:generic-api-key:8,ee7be452cf88c2efb9bec7a6b8d0cbc8c4b22f45162c1f90b02e44d2be1c9127,true,public PPA OpenPGP signing-key fingerprint; not credential material,HISTORICAL_FALSE_POSITIVE_EXACT_EXCEPTION,retain source/history; use exact fingerprint exception limited to these provenance paths; rescan with config
54,18,57fc8114bf360697bb075bb95d7062d5a2d49134,validation_back01_integration/final/runtime_release_capture_qa/REQUESTED_RUNTIME.env,.env,generic-api-key,7,7,validation_back01_integration/final/runtime_release_capture_qa/REQUESTED_RUNTIME.env:generic-api-key:7,c86db7c48db34f8c392f18ef97279b4ee5acc89db607b25427a07802d3670ecf,true,public PPA OpenPGP signing-key fingerprint; not credential material,HISTORICAL_FALSE_POSITIVE_EXACT_EXCEPTION,retain source/history; use exact fingerprint exception limited to these provenance paths; rescan with config
55,19,f8fcfa02935a62fa66c3e22bb6bd5a01493f2f62,release/back01-minimal/RUNTIME_CANDIDATE_CHROMIUM_151.0.7922.108.json,.json,generic-api-key,14,14,release/back01-minimal/RUNTIME_CANDIDATE_CHROMIUM_151.0.7922.108.json:generic-api-key:14,29788ebe77284706b366c975a9a9cfa4819dfbc84cac6ad2e8869fc285e6b3ad,true,public PPA OpenPGP signing-key fingerprint; not credential material,HISTORICAL_FALSE_POSITIVE_EXACT_EXCEPTION,retain source/history; use exact fingerprint exception limited to these provenance paths; rescan with config
56,19,f8fcfa02935a62fa66c3e22bb6bd5a01493f2f62,release/back01-minimal/RUNTIME_RELEASE_LOCK.json,.json,generic-api-key,16,16,release/back01-minimal/RUNTIME_RELEASE_LOCK.json:generic-api-key:16,7d9dd3f6223dfdb5f383e41ce81aecbd874bf002b0de8810bd46589c63dd0a57,true,public PPA OpenPGP signing-key fingerprint; not credential material,HISTORICAL_FALSE_POSITIVE_EXACT_EXCEPTION,retain source/history; use exact fingerprint exception limited to these provenance paths; rescan with config
57,19,f8fcfa02935a62fa66c3e22bb6bd5a01493f2f62,validation_back01_integration/candidates/chromium-common_151.0.7922.108-1xtradeb1.2404.1_amd64/REQUESTED_RUNTIME.env,.env,generic-api-key,7,7,validation_back01_integration/candidates/chromium-common_151.0.7922.108-1xtradeb1.2404.1_amd64/REQUESTED_RUNTIME.env:generic-api-key:7,78973e97080e78f40b0550ed761874416b1e812caedf692b926e1e47523f6d3b,true,public PPA OpenPGP signing-key fingerprint; not credential material,HISTORICAL_FALSE_POSITIVE_EXACT_EXCEPTION,retain source/history; use exact fingerprint exception limited to these provenance paths; rescan with config
58,19,f8fcfa02935a62fa66c3e22bb6bd5a01493f2f62,validation_back01_integration/candidates/chromium_151.0.7922.108-1xtradeb1.2404.1_amd64/REQUESTED_RUNTIME.env,.env,generic-api-key,7,7,validation_back01_integration/candidates/chromium_151.0.7922.108-1xtradeb1.2404.1_amd64/REQUESTED_RUNTIME.env:generic-api-key:7,154d14564c1c2aa827f6755952109fb93d4b328c9f83c3754374dc1cb608f89d,true,public PPA OpenPGP signing-key fingerprint; not credential material,HISTORICAL_FALSE_POSITIVE_EXACT_EXCEPTION,retain source/history; use exact fingerprint exception limited to these provenance paths; rescan with config
59,19,f8fcfa02935a62fa66c3e22bb6bd5a01493f2f62,validation_back01_integration/final/chromium_runtime_candidate_108_provenance.out,.out,generic-api-key,8,9,validation_back01_integration/final/chromium_runtime_candidate_108_provenance.out:generic-api-key:8,ee7be452cf88c2efb9bec7a6b8d0cbc8c4b22f45162c1f90b02e44d2be1c9127,true,public PPA OpenPGP signing-key fingerprint; not credential material,HISTORICAL_FALSE_POSITIVE_EXACT_EXCEPTION,retain source/history; use exact fingerprint exception limited to these provenance paths; rescan with config
60,19,f8fcfa02935a62fa66c3e22bb6bd5a01493f2f62,validation_back01_integration/final/runtime_release_capture_qa/REQUESTED_RUNTIME.env,.env,generic-api-key,7,7,validation_back01_integration/final/runtime_release_capture_qa/REQUESTED_RUNTIME.env:generic-api-key:7,c86db7c48db34f8c392f18ef97279b4ee5acc89db607b25427a07802d3670ecf,true,public PPA OpenPGP signing-key fingerprint; not credential material,HISTORICAL_FALSE_POSITIVE_EXACT_EXCEPTION,retain source/history; use exact fingerprint exception limited to these provenance paths; rescan with config
61,1,4f415ebdac686cf9cec4f5957c67c8beaf4b3888,release/back01-minimal/RUNTIME_RELEASE_LOCK.json,.json,generic-api-key,16,16,release/back01-minimal/RUNTIME_RELEASE_LOCK.json:generic-api-key:16,7d9dd3f6223dfdb5f383e41ce81aecbd874bf002b0de8810bd46589c63dd0a57,true,public PPA OpenPGP signing-key fingerprint; not credential material,HISTORICAL_FALSE_POSITIVE_EXACT_EXCEPTION,retain source/history; use exact fingerprint exception limited to these provenance paths; rescan with config
62,1,4f415ebdac686cf9cec4f5957c67c8beaf4b3888,release/back01-minimal/RUNTIME_CANDIDATE_CHROMIUM_151.0.7922.108.json,.json,generic-api-key,14,14,release/back01-minimal/RUNTIME_CANDIDATE_CHROMIUM_151.0.7922.108.json:generic-api-key:14,29788ebe77284706b366c975a9a9cfa4819dfbc84cac6ad2e8869fc285e6b3ad,true,public PPA OpenPGP signing-key fingerprint; not credential material,HISTORICAL_FALSE_POSITIVE_EXACT_EXCEPTION,retain source/history; use exact fingerprint exception limited to these provenance paths; rescan with config
63,1,4f415ebdac686cf9cec4f5957c67c8beaf4b3888,validation_back01_integration/candidates/chromium-common_151.0.7922.108-1xtradeb1.2404.1_amd64/REQUESTED_RUNTIME.env,.env,generic-api-key,7,7,validation_back01_integration/candidates/chromium-common_151.0.7922.108-1xtradeb1.2404.1_amd64/REQUESTED_RUNTIME.env:generic-api-key:7,78973e97080e78f40b0550ed761874416b1e812caedf692b926e1e47523f6d3b,true,public PPA OpenPGP signing-key fingerprint; not credential material,HISTORICAL_FALSE_POSITIVE_EXACT_EXCEPTION,retain source/history; use exact fingerprint exception limited to these provenance paths; rescan with config
64,1,4f415ebdac686cf9cec4f5957c67c8beaf4b3888,validation_back01_integration/candidates/chromium_151.0.7922.108-1xtradeb1.2404.1_amd64/REQUESTED_RUNTIME.env,.env,generic-api-key,7,7,validation_back01_integration/candidates/chromium_151.0.7922.108-1xtradeb1.2404.1_amd64/REQUESTED_RUNTIME.env:generic-api-key:7,154d14564c1c2aa827f6755952109fb93d4b328c9f83c3754374dc1cb608f89d,true,public PPA OpenPGP signing-key fingerprint; not credential material,HISTORICAL_FALSE_POSITIVE_EXACT_EXCEPTION,retain source/history; use exact fingerprint exception limited to these provenance paths; rescan with config
65,1,4f415ebdac686cf9cec4f5957c67c8beaf4b3888,validation_back01_integration/final/chromium_runtime_candidate_108_provenance.out,.out,generic-api-key,8,9,validation_back01_integration/final/chromium_runtime_candidate_108_provenance.out:generic-api-key:8,ee7be452cf88c2efb9bec7a6b8d0cbc8c4b22f45162c1f90b02e44d2be1c9127,true,public PPA OpenPGP signing-key fingerprint; not credential material,HISTORICAL_FALSE_POSITIVE_EXACT_EXCEPTION,retain source/history; use exact fingerprint exception limited to these provenance paths; rescan with config
66,1,4f415ebdac686cf9cec4f5957c67c8beaf4b3888,validation_back01_integration/final/runtime_release_capture_qa/REQUESTED_RUNTIME.env,.env,generic-api-key,7,7,validation_back01_integration/final/runtime_release_capture_qa/REQUESTED_RUNTIME.env:generic-api-key:7,c86db7c48db34f8c392f18ef97279b4ee5acc89db607b25427a07802d3670ecf,true,public PPA OpenPGP signing-key fingerprint; not credential material,HISTORICAL_FALSE_POSITIVE_EXACT_EXCEPTION,retain source/history; use exact fingerprint exception limited to these provenance paths; rescan with config
67,20,60ca2a8839ca4226157f5629012f14b7964e363d,release/back01-minimal/RUNTIME_CANDIDATE_CHROMIUM_151.0.7922.108.json,.json,generic-api-key,14,14,release/back01-minimal/RUNTIME_CANDIDATE_CHROMIUM_151.0.7922.108.json:generic-api-key:14,29788ebe77284706b366c975a9a9cfa4819dfbc84cac6ad2e8869fc285e6b3ad,true,public PPA OpenPGP signing-key fingerprint; not credential material,HISTORICAL_FALSE_POSITIVE_EXACT_EXCEPTION,retain source/history; use exact fingerprint exception limited to these provenance paths; rescan with config
68,20,60ca2a8839ca4226157f5629012f14b7964e363d,release/back01-minimal/RUNTIME_RELEASE_LOCK.json,.json,generic-api-key,16,16,release/back01-minimal/RUNTIME_RELEASE_LOCK.json:generic-api-key:16,7d9dd3f6223dfdb5f383e41ce81aecbd874bf002b0de8810bd46589c63dd0a57,true,public PPA OpenPGP signing-key fingerprint; not credential material,HISTORICAL_FALSE_POSITIVE_EXACT_EXCEPTION,retain source/history; use exact fingerprint exception limited to these provenance paths; rescan with config
69,20,60ca2a8839ca4226157f5629012f14b7964e363d,validation_back01_integration/candidates/chromium-common_151.0.7922.108-1xtradeb1.2404.1_amd64/REQUESTED_RUNTIME.env,.env,generic-api-key,7,7,validation_back01_integration/candidates/chromium-common_151.0.7922.108-1xtradeb1.2404.1_amd64/REQUESTED_RUNTIME.env:generic-api-key:7,78973e97080e78f40b0550ed761874416b1e812caedf692b926e1e47523f6d3b,true,public PPA OpenPGP signing-key fingerprint; not credential material,HISTORICAL_FALSE_POSITIVE_EXACT_EXCEPTION,retain source/history; use exact fingerprint exception limited to these provenance paths; rescan with config
70,20,60ca2a8839ca4226157f5629012f14b7964e363d,validation_back01_integration/candidates/chromium_151.0.7922.108-1xtradeb1.2404.1_amd64/REQUESTED_RUNTIME.env,.env,generic-api-key,7,7,validation_back01_integration/candidates/chromium_151.0.7922.108-1xtradeb1.2404.1_amd64/REQUESTED_RUNTIME.env:generic-api-key:7,154d14564c1c2aa827f6755952109fb93d4b328c9f83c3754374dc1cb608f89d,true,public PPA OpenPGP signing-key fingerprint; not credential material,HISTORICAL_FALSE_POSITIVE_EXACT_EXCEPTION,retain source/history; use exact fingerprint exception limited to these provenance paths; rescan with config
71,20,60ca2a8839ca4226157f5629012f14b7964e363d,validation_back01_integration/final/chromium_runtime_candidate_108_provenance.out,.out,generic-api-key,8,9,validation_back01_integration/final/chromium_runtime_candidate_108_provenance.out:generic-api-key:8,ee7be452cf88c2efb9bec7a6b8d0cbc8c4b22f45162c1f90b02e44d2be1c9127,true,public PPA OpenPGP signing-key fingerprint; not credential material,HISTORICAL_FALSE_POSITIVE_EXACT_EXCEPTION,retain source/history; use exact fingerprint exception limited to these provenance paths; rescan with config
72,20,60ca2a8839ca4226157f5629012f14b7964e363d,validation_back01_integration/final/runtime_release_capture_qa/REQUESTED_RUNTIME.env,.env,generic-api-key,7,7,validation_back01_integration/final/runtime_release_capture_qa/REQUESTED_RUNTIME.env:generic-api-key:7,c86db7c48db34f8c392f18ef97279b4ee5acc89db607b25427a07802d3670ecf,true,public PPA OpenPGP signing-key fingerprint; not credential material,HISTORICAL_FALSE_POSITIVE_EXACT_EXCEPTION,retain source/history; use exact fingerprint exception limited to these provenance paths; rescan with config
73,21,08061f1e55a0bba01a4a28df66dc852e8f345ade,release/back01-minimal/RUNTIME_RELEASE_LOCK.json,.json,generic-api-key,16,16,release/back01-minimal/RUNTIME_RELEASE_LOCK.json:generic-api-key:16,7d9dd3f6223dfdb5f383e41ce81aecbd874bf002b0de8810bd46589c63dd0a57,true,public PPA OpenPGP signing-key fingerprint; not credential material,HISTORICAL_FALSE_POSITIVE_EXACT_EXCEPTION,retain source/history; use exact fingerprint exception limited to these provenance paths; rescan with config
74,21,08061f1e55a0bba01a4a28df66dc852e8f345ade,release/back01-minimal/RUNTIME_CANDIDATE_CHROMIUM_151.0.7922.108.json,.json,generic-api-key,14,14,release/back01-minimal/RUNTIME_CANDIDATE_CHROMIUM_151.0.7922.108.json:generic-api-key:14,29788ebe77284706b366c975a9a9cfa4819dfbc84cac6ad2e8869fc285e6b3ad,true,public PPA OpenPGP signing-key fingerprint; not credential material,HISTORICAL_FALSE_POSITIVE_EXACT_EXCEPTION,retain source/history; use exact fingerprint exception limited to these provenance paths; rescan with config
75,21,08061f1e55a0bba01a4a28df66dc852e8f345ade,validation_back01_integration/candidates/chromium-common_151.0.7922.108-1xtradeb1.2404.1_amd64/REQUESTED_RUNTIME.env,.env,generic-api-key,7,7,validation_back01_integration/candidates/chromium-common_151.0.7922.108-1xtradeb1.2404.1_amd64/REQUESTED_RUNTIME.env:generic-api-key:7,78973e97080e78f40b0550ed761874416b1e812caedf692b926e1e47523f6d3b,true,public PPA OpenPGP signing-key fingerprint; not credential material,HISTORICAL_FALSE_POSITIVE_EXACT_EXCEPTION,retain source/history; use exact fingerprint exception limited to these provenance paths; rescan with config
76,21,08061f1e55a0bba01a4a28df66dc852e8f345ade,validation_back01_integration/candidates/chromium_151.0.7922.108-1xtradeb1.2404.1_amd64/REQUESTED_RUNTIME.env,.env,generic-api-key,7,7,validation_back01_integration/candidates/chromium_151.0.7922.108-1xtradeb1.2404.1_amd64/REQUESTED_RUNTIME.env:generic-api-key:7,154d14564c1c2aa827f6755952109fb93d4b328c9f83c3754374dc1cb608f89d,true,public PPA OpenPGP signing-key fingerprint; not credential material,HISTORICAL_FALSE_POSITIVE_EXACT_EXCEPTION,retain source/history; use exact fingerprint exception limited to these provenance paths; rescan with config
77,21,08061f1e55a0bba01a4a28df66dc852e8f345ade,validation_back01_integration/final/chromium_runtime_candidate_108_provenance.out,.out,generic-api-key,8,9,validation_back01_integration/final/chromium_runtime_candidate_108_provenance.out:generic-api-key:8,ee7be452cf88c2efb9bec7a6b8d0cbc8c4b22f45162c1f90b02e44d2be1c9127,true,public PPA OpenPGP signing-key fingerprint; not credential material,HISTORICAL_FALSE_POSITIVE_EXACT_EXCEPTION,retain source/history; use exact fingerprint exception limited to these provenance paths; rescan with config
78,21,08061f1e55a0bba01a4a28df66dc852e8f345ade,validation_back01_integration/final/runtime_release_capture_qa/REQUESTED_RUNTIME.env,.env,generic-api-key,7,7,validation_back01_integration/final/runtime_release_capture_qa/REQUESTED_RUNTIME.env:generic-api-key:7,c86db7c48db34f8c392f18ef97279b4ee5acc89db607b25427a07802d3670ecf,true,public PPA OpenPGP signing-key fingerprint; not credential material,HISTORICAL_FALSE_POSITIVE_EXACT_EXCEPTION,retain source/history; use exact fingerprint exception limited to these provenance paths; rescan with config
79,22,61a91ee68bb26994948fa5e0b8a2e67b987dd9e8,release/back01-minimal/RUNTIME_CANDIDATE_CHROMIUM_151.0.7922.108.json,.json,generic-api-key,14,14,release/back01-minimal/RUNTIME_CANDIDATE_CHROMIUM_151.0.7922.108.json:generic-api-key:14,29788ebe77284706b366c975a9a9cfa4819dfbc84cac6ad2e8869fc285e6b3ad,true,public PPA OpenPGP signing-key fingerprint; not credential material,HISTORICAL_FALSE_POSITIVE_EXACT_EXCEPTION,retain source/history; use exact fingerprint exception limited to these provenance paths; rescan with config
80,22,61a91ee68bb26994948fa5e0b8a2e67b987dd9e8,release/back01-minimal/RUNTIME_RELEASE_LOCK.json,.json,generic-api-key,16,16,release/back01-minimal/RUNTIME_RELEASE_LOCK.json:generic-api-key:16,7d9dd3f6223dfdb5f383e41ce81aecbd874bf002b0de8810bd46589c63dd0a57,true,public PPA OpenPGP signing-key fingerprint; not credential material,HISTORICAL_FALSE_POSITIVE_EXACT_EXCEPTION,retain source/history; use exact fingerprint exception limited to these provenance paths; rescan with config
81,22,61a91ee68bb26994948fa5e0b8a2e67b987dd9e8,validation_back01_integration/candidates/chromium-common_151.0.7922.108-1xtradeb1.2404.1_amd64/REQUESTED_RUNTIME.env,.env,generic-api-key,7,7,validation_back01_integration/candidates/chromium-common_151.0.7922.108-1xtradeb1.2404.1_amd64/REQUESTED_RUNTIME.env:generic-api-key:7,78973e97080e78f40b0550ed761874416b1e812caedf692b926e1e47523f6d3b,true,public PPA OpenPGP signing-key fingerprint; not credential material,HISTORICAL_FALSE_POSITIVE_EXACT_EXCEPTION,retain source/history; use exact fingerprint exception limited to these provenance paths; rescan with config
82,22,61a91ee68bb26994948fa5e0b8a2e67b987dd9e8,validation_back01_integration/candidates/chromium_151.0.7922.108-1xtradeb1.2404.1_amd64/REQUESTED_RUNTIME.env,.env,generic-api-key,7,7,validation_back01_integration/candidates/chromium_151.0.7922.108-1xtradeb1.2404.1_amd64/REQUESTED_RUNTIME.env:generic-api-key:7,154d14564c1c2aa827f6755952109fb93d4b328c9f83c3754374dc1cb608f89d,true,public PPA OpenPGP signing-key fingerprint; not credential material,HISTORICAL_FALSE_POSITIVE_EXACT_EXCEPTION,retain source/history; use exact fingerprint exception limited to these provenance paths; rescan with config
83,22,61a91ee68bb26994948fa5e0b8a2e67b987dd9e8,validation_back01_integration/final/chromium_runtime_candidate_108_provenance.out,.out,generic-api-key,8,9,validation_back01_integration/final/chromium_runtime_candidate_108_provenance.out:generic-api-key:8,ee7be452cf88c2efb9bec7a6b8d0cbc8c4b22f45162c1f90b02e44d2be1c9127,true,public PPA OpenPGP signing-key fingerprint; not credential material,HISTORICAL_FALSE_POSITIVE_EXACT_EXCEPTION,retain source/history; use exact fingerprint exception limited to these provenance paths; rescan with config
84,22,61a91ee68bb26994948fa5e0b8a2e67b987dd9e8,validation_back01_integration/final/runtime_release_capture_qa/REQUESTED_RUNTIME.env,.env,generic-api-key,7,7,validation_back01_integration/final/runtime_release_capture_qa/REQUESTED_RUNTIME.env:generic-api-key:7,c86db7c48db34f8c392f18ef97279b4ee5acc89db607b25427a07802d3670ecf,true,public PPA OpenPGP signing-key fingerprint; not credential material,HISTORICAL_FALSE_POSITIVE_EXACT_EXCEPTION,retain source/history; use exact fingerprint exception limited to these provenance paths; rescan with config
85,23,077ba90b2c522415aeefdc2d651c457b8c59683d,release/back01-minimal/RUNTIME_CANDIDATE_CHROMIUM_151.0.7922.108.json,.json,generic-api-key,14,14,release/back01-minimal/RUNTIME_CANDIDATE_CHROMIUM_151.0.7922.108.json:generic-api-key:14,29788ebe77284706b366c975a9a9cfa4819dfbc84cac6ad2e8869fc285e6b3ad,true,public PPA OpenPGP signing-key fingerprint; not credential material,HISTORICAL_FALSE_POSITIVE_EXACT_EXCEPTION,retain source/history; use exact fingerprint exception limited to these provenance paths; rescan with config
86,23,077ba90b2c522415aeefdc2d651c457b8c59683d,release/back01-minimal/RUNTIME_RELEASE_LOCK.json,.json,generic-api-key,16,16,release/back01-minimal/RUNTIME_RELEASE_LOCK.json:generic-api-key:16,7d9dd3f6223dfdb5f383e41ce81aecbd874bf002b0de8810bd46589c63dd0a57,true,public PPA OpenPGP signing-key fingerprint; not credential material,HISTORICAL_FALSE_POSITIVE_EXACT_EXCEPTION,retain source/history; use exact fingerprint exception limited to these provenance paths; rescan with config
87,23,077ba90b2c522415aeefdc2d651c457b8c59683d,validation_back01_integration/candidates/chromium-common_151.0.7922.108-1xtradeb1.2404.1_amd64/REQUESTED_RUNTIME.env,.env,generic-api-key,7,7,validation_back01_integration/candidates/chromium-common_151.0.7922.108-1xtradeb1.2404.1_amd64/REQUESTED_RUNTIME.env:generic-api-key:7,78973e97080e78f40b0550ed761874416b1e812caedf692b926e1e47523f6d3b,true,public PPA OpenPGP signing-key fingerprint; not credential material,HISTORICAL_FALSE_POSITIVE_EXACT_EXCEPTION,retain source/history; use exact fingerprint exception limited to these provenance paths; rescan with config
88,23,077ba90b2c522415aeefdc2d651c457b8c59683d,validation_back01_integration/candidates/chromium_151.0.7922.108-1xtradeb1.2404.1_amd64/REQUESTED_RUNTIME.env,.env,generic-api-key,7,7,validation_back01_integration/candidates/chromium_151.0.7922.108-1xtradeb1.2404.1_amd64/REQUESTED_RUNTIME.env:generic-api-key:7,154d14564c1c2aa827f6755952109fb93d4b328c9f83c3754374dc1cb608f89d,true,public PPA OpenPGP signing-key fingerprint; not credential material,HISTORICAL_FALSE_POSITIVE_EXACT_EXCEPTION,retain source/history; use exact fingerprint exception limited to these provenance paths; rescan with config
89,23,077ba90b2c522415aeefdc2d651c457b8c59683d,validation_back01_integration/final/chromium_runtime_candidate_108_provenance.out,.out,generic-api-key,8,9,validation_back01_integration/final/chromium_runtime_candidate_108_provenance.out:generic-api-key:8,ee7be452cf88c2efb9bec7a6b8d0cbc8c4b22f45162c1f90b02e44d2be1c9127,true,public PPA OpenPGP signing-key fingerprint; not credential material,HISTORICAL_FALSE_POSITIVE_EXACT_EXCEPTION,retain source/history; use exact fingerprint exception limited to these provenance paths; rescan with config
90,23,077ba90b2c522415aeefdc2d651c457b8c59683d,validation_back01_integration/final/runtime_release_capture_qa/REQUESTED_RUNTIME.env,.env,generic-api-key,7,7,validation_back01_integration/final/runtime_release_capture_qa/REQUESTED_RUNTIME.env:generic-api-key:7,c86db7c48db34f8c392f18ef97279b4ee5acc89db607b25427a07802d3670ecf,true,public PPA OpenPGP signing-key fingerprint; not credential material,HISTORICAL_FALSE_POSITIVE_EXACT_EXCEPTION,retain source/history; use exact fingerprint exception limited to these provenance paths; rescan with config
91,24,8227337b84e3986eb813cdfed2c27716c2d3501b,release/back01-minimal/RUNTIME_CANDIDATE_CHROMIUM_151.0.7922.108.json,.json,generic-api-key,14,14,release/back01-minimal/RUNTIME_CANDIDATE_CHROMIUM_151.0.7922.108.json:generic-api-key:14,29788ebe77284706b366c975a9a9cfa4819dfbc84cac6ad2e8869fc285e6b3ad,true,public PPA OpenPGP signing-key fingerprint; not credential material,HISTORICAL_FALSE_POSITIVE_EXACT_EXCEPTION,retain source/history; use exact fingerprint exception limited to these provenance paths; rescan with config
92,24,8227337b84e3986eb813cdfed2c27716c2d3501b,release/back01-minimal/RUNTIME_RELEASE_LOCK.json,.json,generic-api-key,16,16,release/back01-minimal/RUNTIME_RELEASE_LOCK.json:generic-api-key:16,7d9dd3f6223dfdb5f383e41ce81aecbd874bf002b0de8810bd46589c63dd0a57,true,public PPA OpenPGP signing-key fingerprint; not credential material,HISTORICAL_FALSE_POSITIVE_EXACT_EXCEPTION,retain source/history; use exact fingerprint exception limited to these provenance paths; rescan with config
93,24,8227337b84e3986eb813cdfed2c27716c2d3501b,validation_back01_integration/candidates/chromium-common_151.0.7922.108-1xtradeb1.2404.1_amd64/REQUESTED_RUNTIME.env,.env,generic-api-key,7,7,validation_back01_integration/candidates/chromium-common_151.0.7922.108-1xtradeb1.2404.1_amd64/REQUESTED_RUNTIME.env:generic-api-key:7,78973e97080e78f40b0550ed761874416b1e812caedf692b926e1e47523f6d3b,true,public PPA OpenPGP signing-key fingerprint; not credential material,HISTORICAL_FALSE_POSITIVE_EXACT_EXCEPTION,retain source/history; use exact fingerprint exception limited to these provenance paths; rescan with config
94,24,8227337b84e3986eb813cdfed2c27716c2d3501b,validation_back01_integration/candidates/chromium_151.0.7922.108-1xtradeb1.2404.1_amd64/REQUESTED_RUNTIME.env,.env,generic-api-key,7,7,validation_back01_integration/candidates/chromium_151.0.7922.108-1xtradeb1.2404.1_amd64/REQUESTED_RUNTIME.env:generic-api-key:7,154d14564c1c2aa827f6755952109fb93d4b328c9f83c3754374dc1cb608f89d,true,public PPA OpenPGP signing-key fingerprint; not credential material,HISTORICAL_FALSE_POSITIVE_EXACT_EXCEPTION,retain source/history; use exact fingerprint exception limited to these provenance paths; rescan with config
95,24,8227337b84e3986eb813cdfed2c27716c2d3501b,validation_back01_integration/final/chromium_runtime_candidate_108_provenance.out,.out,generic-api-key,8,9,validation_back01_integration/final/chromium_runtime_candidate_108_provenance.out:generic-api-key:8,ee7be452cf88c2efb9bec7a6b8d0cbc8c4b22f45162c1f90b02e44d2be1c9127,true,public PPA OpenPGP signing-key fingerprint; not credential material,HISTORICAL_FALSE_POSITIVE_EXACT_EXCEPTION,retain source/history; use exact fingerprint exception limited to these provenance paths; rescan with config
96,24,8227337b84e3986eb813cdfed2c27716c2d3501b,validation_back01_integration/final/runtime_release_capture_qa/REQUESTED_RUNTIME.env,.env,generic-api-key,7,7,validation_back01_integration/final/runtime_release_capture_qa/REQUESTED_RUNTIME.env:generic-api-key:7,c86db7c48db34f8c392f18ef97279b4ee5acc89db607b25427a07802d3670ecf,true,public PPA OpenPGP signing-key fingerprint; not credential material,HISTORICAL_FALSE_POSITIVE_EXACT_EXCEPTION,retain source/history; use exact fingerprint exception limited to these provenance paths; rescan with config
97,25,944376fd1c9d22dad44730854ce4b2d6203c743b,release/back01-minimal/RUNTIME_CANDIDATE_CHROMIUM_151.0.7922.108.json,.json,generic-api-key,14,14,release/back01-minimal/RUNTIME_CANDIDATE_CHROMIUM_151.0.7922.108.json:generic-api-key:14,29788ebe77284706b366c975a9a9cfa4819dfbc84cac6ad2e8869fc285e6b3ad,true,public PPA OpenPGP signing-key fingerprint; not credential material,HISTORICAL_FALSE_POSITIVE_EXACT_EXCEPTION,retain source/history; use exact fingerprint exception limited to these provenance paths; rescan with config
98,25,944376fd1c9d22dad44730854ce4b2d6203c743b,release/back01-minimal/RUNTIME_RELEASE_LOCK.json,.json,generic-api-key,16,16,release/back01-minimal/RUNTIME_RELEASE_LOCK.json:generic-api-key:16,7d9dd3f6223dfdb5f383e41ce81aecbd874bf002b0de8810bd46589c63dd0a57,true,public PPA OpenPGP signing-key fingerprint; not credential material,HISTORICAL_FALSE_POSITIVE_EXACT_EXCEPTION,retain source/history; use exact fingerprint exception limited to these provenance paths; rescan with config
99,25,944376fd1c9d22dad44730854ce4b2d6203c743b,validation_back01_integration/candidates/chromium-common_151.0.7922.108-1xtradeb1.2404.1_amd64/REQUESTED_RUNTIME.env,.env,generic-api-key,7,7,validation_back01_integration/candidates/chromium-common_151.0.7922.108-1xtradeb1.2404.1_amd64/REQUESTED_RUNTIME.env:generic-api-key:7,78973e97080e78f40b0550ed761874416b1e812caedf692b926e1e47523f6d3b,true,public PPA OpenPGP signing-key fingerprint; not credential material,HISTORICAL_FALSE_POSITIVE_EXACT_EXCEPTION,retain source/history; use exact fingerprint exception limited to these provenance paths; rescan with config
100,25,944376fd1c9d22dad44730854ce4b2d6203c743b,validation_back01_integration/candidates/chromium_151.0.7922.108-1xtradeb1.2404.1_amd64/REQUESTED_RUNTIME.env,.env,generic-api-key,7,7,validation_back01_integration/candidates/chromium_151.0.7922.108-1xtradeb1.2404.1_amd64/REQUESTED_RUNTIME.env:generic-api-key:7,154d14564c1c2aa827f6755952109fb93d4b328c9f83c3754374dc1cb608f89d,true,public PPA OpenPGP signing-key fingerprint; not credential material,HISTORICAL_FALSE_POSITIVE_EXACT_EXCEPTION,retain source/history; use exact fingerprint exception limited to these provenance paths; rescan with config
101,25,944376fd1c9d22dad44730854ce4b2d6203c743b,validation_back01_integration/final/chromium_runtime_candidate_108_provenance.out,.out,generic-api-key,8,9,validation_back01_integration/final/chromium_runtime_candidate_108_provenance.out:generic-api-key:8,ee7be452cf88c2efb9bec7a6b8d0cbc8c4b22f45162c1f90b02e44d2be1c9127,true,public PPA OpenPGP signing-key fingerprint; not credential material,HISTORICAL_FALSE_POSITIVE_EXACT_EXCEPTION,retain source/history; use exact fingerprint exception limited to these provenance paths; rescan with config
102,25,944376fd1c9d22dad44730854ce4b2d6203c743b,validation_back01_integration/final/runtime_release_capture_qa/REQUESTED_RUNTIME.env,.env,generic-api-key,7,7,validation_back01_integration/final/runtime_release_capture_qa/REQUESTED_RUNTIME.env:generic-api-key:7,c86db7c48db34f8c392f18ef97279b4ee5acc89db607b25427a07802d3670ecf,true,public PPA OpenPGP signing-key fingerprint; not credential material,HISTORICAL_FALSE_POSITIVE_EXACT_EXCEPTION,retain source/history; use exact fingerprint exception limited to these provenance paths; rescan with config
103,26,0e2b45a0b05ca7e03fd7bb514027c87d618a957f,release/back01-minimal/RUNTIME_RELEASE_LOCK.json,.json,generic-api-key,16,16,release/back01-minimal/RUNTIME_RELEASE_LOCK.json:generic-api-key:16,7d9dd3f6223dfdb5f383e41ce81aecbd874bf002b0de8810bd46589c63dd0a57,true,public PPA OpenPGP signing-key fingerprint; not credential material,HISTORICAL_FALSE_POSITIVE_EXACT_EXCEPTION,retain source/history; use exact fingerprint exception limited to these provenance paths; rescan with config
104,26,0e2b45a0b05ca7e03fd7bb514027c87d618a957f,release/back01-minimal/RUNTIME_CANDIDATE_CHROMIUM_151.0.7922.108.json,.json,generic-api-key,14,14,release/back01-minimal/RUNTIME_CANDIDATE_CHROMIUM_151.0.7922.108.json:generic-api-key:14,29788ebe77284706b366c975a9a9cfa4819dfbc84cac6ad2e8869fc285e6b3ad,true,public PPA OpenPGP signing-key fingerprint; not credential material,HISTORICAL_FALSE_POSITIVE_EXACT_EXCEPTION,retain source/history; use exact fingerprint exception limited to these provenance paths; rescan with config
105,26,0e2b45a0b05ca7e03fd7bb514027c87d618a957f,validation_back01_integration/candidates/chromium-common_151.0.7922.108-1xtradeb1.2404.1_amd64/REQUESTED_RUNTIME.env,.env,generic-api-key,7,7,validation_back01_integration/candidates/chromium-common_151.0.7922.108-1xtradeb1.2404.1_amd64/REQUESTED_RUNTIME.env:generic-api-key:7,78973e97080e78f40b0550ed761874416b1e812caedf692b926e1e47523f6d3b,true,public PPA OpenPGP signing-key fingerprint; not credential material,HISTORICAL_FALSE_POSITIVE_EXACT_EXCEPTION,retain source/history; use exact fingerprint exception limited to these provenance paths; rescan with config
106,26,0e2b45a0b05ca7e03fd7bb514027c87d618a957f,validation_back01_integration/candidates/chromium_151.0.7922.108-1xtradeb1.2404.1_amd64/REQUESTED_RUNTIME.env,.env,generic-api-key,7,7,validation_back01_integration/candidates/chromium_151.0.7922.108-1xtradeb1.2404.1_amd64/REQUESTED_RUNTIME.env:generic-api-key:7,154d14564c1c2aa827f6755952109fb93d4b328c9f83c3754374dc1cb608f89d,true,public PPA OpenPGP signing-key fingerprint; not credential material,HISTORICAL_FALSE_POSITIVE_EXACT_EXCEPTION,retain source/history; use exact fingerprint exception limited to these provenance paths; rescan with config
107,26,0e2b45a0b05ca7e03fd7bb514027c87d618a957f,validation_back01_integration/final/chromium_runtime_candidate_108_provenance.out,.out,generic-api-key,8,9,validation_back01_integration/final/chromium_runtime_candidate_108_provenance.out:generic-api-key:8,ee7be452cf88c2efb9bec7a6b8d0cbc8c4b22f45162c1f90b02e44d2be1c9127,true,public PPA OpenPGP signing-key fingerprint; not credential material,HISTORICAL_FALSE_POSITIVE_EXACT_EXCEPTION,retain source/history; use exact fingerprint exception limited to these provenance paths; rescan with config
108,26,0e2b45a0b05ca7e03fd7bb514027c87d618a957f,validation_back01_integration/final/runtime_release_capture_qa/REQUESTED_RUNTIME.env,.env,generic-api-key,7,7,validation_back01_integration/final/runtime_release_capture_qa/REQUESTED_RUNTIME.env:generic-api-key:7,c86db7c48db34f8c392f18ef97279b4ee5acc89db607b25427a07802d3670ecf,true,public PPA OpenPGP signing-key fingerprint; not credential material,HISTORICAL_FALSE_POSITIVE_EXACT_EXCEPTION,retain source/history; use exact fingerprint exception limited to these provenance paths; rescan with config
109,27,6489af39a4ac4f91f9f7dc1435f10b2bd10dfdc0,release/back01-minimal/RUNTIME_CANDIDATE_CHROMIUM_151.0.7922.108.json,.json,generic-api-key,14,14,release/back01-minimal/RUNTIME_CANDIDATE_CHROMIUM_151.0.7922.108.json:generic-api-key:14,29788ebe77284706b366c975a9a9cfa4819dfbc84cac6ad2e8869fc285e6b3ad,true,public PPA OpenPGP signing-key fingerprint; not credential material,HISTORICAL_FALSE_POSITIVE_EXACT_EXCEPTION,retain source/history; use exact fingerprint exception limited to these provenance paths; rescan with config
110,27,6489af39a4ac4f91f9f7dc1435f10b2bd10dfdc0,release/back01-minimal/RUNTIME_RELEASE_LOCK.json,.json,generic-api-key,16,16,release/back01-minimal/RUNTIME_RELEASE_LOCK.json:generic-api-key:16,7d9dd3f6223dfdb5f383e41ce81aecbd874bf002b0de8810bd46589c63dd0a57,true,public PPA OpenPGP signing-key fingerprint; not credential material,HISTORICAL_FALSE_POSITIVE_EXACT_EXCEPTION,retain source/history; use exact fingerprint exception limited to these provenance paths; rescan with config
111,27,6489af39a4ac4f91f9f7dc1435f10b2bd10dfdc0,validation_back01_integration/candidates/chromium-common_151.0.7922.108-1xtradeb1.2404.1_amd64/REQUESTED_RUNTIME.env,.env,generic-api-key,7,7,validation_back01_integration/candidates/chromium-common_151.0.7922.108-1xtradeb1.2404.1_amd64/REQUESTED_RUNTIME.env:generic-api-key:7,78973e97080e78f40b0550ed761874416b1e812caedf692b926e1e47523f6d3b,true,public PPA OpenPGP signing-key fingerprint; not credential material,HISTORICAL_FALSE_POSITIVE_EXACT_EXCEPTION,retain source/history; use exact fingerprint exception limited to these provenance paths; rescan with config
112,27,6489af39a4ac4f91f9f7dc1435f10b2bd10dfdc0,validation_back01_integration/candidates/chromium_151.0.7922.108-1xtradeb1.2404.1_amd64/REQUESTED_RUNTIME.env,.env,generic-api-key,7,7,validation_back01_integration/candidates/chromium_151.0.7922.108-1xtradeb1.2404.1_amd64/REQUESTED_RUNTIME.env:generic-api-key:7,154d14564c1c2aa827f6755952109fb93d4b328c9f83c3754374dc1cb608f89d,true,public PPA OpenPGP signing-key fingerprint; not credential material,HISTORICAL_FALSE_POSITIVE_EXACT_EXCEPTION,retain source/history; use exact fingerprint exception limited to these provenance paths; rescan with config
113,27,6489af39a4ac4f91f9f7dc1435f10b2bd10dfdc0,validation_back01_integration/final/chromium_runtime_candidate_108_provenance.out,.out,generic-api-key,8,9,validation_back01_integration/final/chromium_runtime_candidate_108_provenance.out:generic-api-key:8,ee7be452cf88c2efb9bec7a6b8d0cbc8c4b22f45162c1f90b02e44d2be1c9127,true,public PPA OpenPGP signing-key fingerprint; not credential material,HISTORICAL_FALSE_POSITIVE_EXACT_EXCEPTION,retain source/history; use exact fingerprint exception limited to these provenance paths; rescan with config
114,27,6489af39a4ac4f91f9f7dc1435f10b2bd10dfdc0,validation_back01_integration/final/runtime_release_capture_qa/REQUESTED_RUNTIME.env,.env,generic-api-key,7,7,validation_back01_integration/final/runtime_release_capture_qa/REQUESTED_RUNTIME.env:generic-api-key:7,c86db7c48db34f8c392f18ef97279b4ee5acc89db607b25427a07802d3670ecf,true,public PPA OpenPGP signing-key fingerprint; not credential material,HISTORICAL_FALSE_POSITIVE_EXACT_EXCEPTION,retain source/history; use exact fingerprint exception limited to these provenance paths; rescan with config
115,28,bb9375214bd05cf7b364ea332f6ddb5a59767fae,release/back01-minimal/RUNTIME_RELEASE_LOCK.json,.json,generic-api-key,16,16,release/back01-minimal/RUNTIME_RELEASE_LOCK.json:generic-api-key:16,7d9dd3f6223dfdb5f383e41ce81aecbd874bf002b0de8810bd46589c63dd0a57,true,public PPA OpenPGP signing-key fingerprint; not credential material,HISTORICAL_FALSE_POSITIVE_EXACT_EXCEPTION,retain source/history; use exact fingerprint exception limited to these provenance paths; rescan with config
116,28,bb9375214bd05cf7b364ea332f6ddb5a59767fae,release/back01-minimal/RUNTIME_CANDIDATE_CHROMIUM_151.0.7922.108.json,.json,generic-api-key,14,14,release/back01-minimal/RUNTIME_CANDIDATE_CHROMIUM_151.0.7922.108.json:generic-api-key:14,29788ebe77284706b366c975a9a9cfa4819dfbc84cac6ad2e8869fc285e6b3ad,true,public PPA OpenPGP signing-key fingerprint; not credential material,HISTORICAL_FALSE_POSITIVE_EXACT_EXCEPTION,retain source/history; use exact fingerprint exception limited to these provenance paths; rescan with config
117,28,bb9375214bd05cf7b364ea332f6ddb5a59767fae,validation_back01_integration/candidates/chromium-common_151.0.7922.108-1xtradeb1.2404.1_amd64/REQUESTED_RUNTIME.env,.env,generic-api-key,7,7,validation_back01_integration/candidates/chromium-common_151.0.7922.108-1xtradeb1.2404.1_amd64/REQUESTED_RUNTIME.env:generic-api-key:7,78973e97080e78f40b0550ed761874416b1e812caedf692b926e1e47523f6d3b,true,public PPA OpenPGP signing-key fingerprint; not credential material,HISTORICAL_FALSE_POSITIVE_EXACT_EXCEPTION,retain source/history; use exact fingerprint exception limited to these provenance paths; rescan with config
118,28,bb9375214bd05cf7b364ea332f6ddb5a59767fae,validation_back01_integration/candidates/chromium_151.0.7922.108-1xtradeb1.2404.1_amd64/REQUESTED_RUNTIME.env,.env,generic-api-key,7,7,validation_back01_integration/candidates/chromium_151.0.7922.108-1xtradeb1.2404.1_amd64/REQUESTED_RUNTIME.env:generic-api-key:7,154d14564c1c2aa827f6755952109fb93d4b328c9f83c3754374dc1cb608f89d,true,public PPA OpenPGP signing-key fingerprint; not credential material,HISTORICAL_FALSE_POSITIVE_EXACT_EXCEPTION,retain source/history; use exact fingerprint exception limited to these provenance paths; rescan with config
119,28,bb9375214bd05cf7b364ea332f6ddb5a59767fae,validation_back01_integration/final/chromium_runtime_candidate_108_provenance.out,.out,generic-api-key,8,9,validation_back01_integration/final/chromium_runtime_candidate_108_provenance.out:generic-api-key:8,ee7be452cf88c2efb9bec7a6b8d0cbc8c4b22f45162c1f90b02e44d2be1c9127,true,public PPA OpenPGP signing-key fingerprint; not credential material,HISTORICAL_FALSE_POSITIVE_EXACT_EXCEPTION,retain source/history; use exact fingerprint exception limited to these provenance paths; rescan with config
120,28,bb9375214bd05cf7b364ea332f6ddb5a59767fae,validation_back01_integration/final/runtime_release_capture_qa/REQUESTED_RUNTIME.env,.env,generic-api-key,7,7,validation_back01_integration/final/runtime_release_capture_qa/REQUESTED_RUNTIME.env:generic-api-key:7,c86db7c48db34f8c392f18ef97279b4ee5acc89db607b25427a07802d3670ecf,true,public PPA OpenPGP signing-key fingerprint; not credential material,HISTORICAL_FALSE_POSITIVE_EXACT_EXCEPTION,retain source/history; use exact fingerprint exception limited to these provenance paths; rescan with config
121,29,dd1240472dd566fe4eeedcbe4206791c41f7b0b0,release/back01-minimal/RUNTIME_CANDIDATE_CHROMIUM_151.0.7922.108.json,.json,generic-api-key,14,14,release/back01-minimal/RUNTIME_CANDIDATE_CHROMIUM_151.0.7922.108.json:generic-api-key:14,29788ebe77284706b366c975a9a9cfa4819dfbc84cac6ad2e8869fc285e6b3ad,true,public PPA OpenPGP signing-key fingerprint; not credential material,HISTORICAL_FALSE_POSITIVE_EXACT_EXCEPTION,retain source/history; use exact fingerprint exception limited to these provenance paths; rescan with config
122,29,dd1240472dd566fe4eeedcbe4206791c41f7b0b0,release/back01-minimal/RUNTIME_RELEASE_LOCK.json,.json,generic-api-key,16,16,release/back01-minimal/RUNTIME_RELEASE_LOCK.json:generic-api-key:16,7d9dd3f6223dfdb5f383e41ce81aecbd874bf002b0de8810bd46589c63dd0a57,true,public PPA OpenPGP signing-key fingerprint; not credential material,HISTORICAL_FALSE_POSITIVE_EXACT_EXCEPTION,retain source/history; use exact fingerprint exception limited to these provenance paths; rescan with config
123,29,dd1240472dd566fe4eeedcbe4206791c41f7b0b0,validation_back01_integration/candidates/chromium-common_151.0.7922.108-1xtradeb1.2404.1_amd64/REQUESTED_RUNTIME.env,.env,generic-api-key,7,7,validation_back01_integration/candidates/chromium-common_151.0.7922.108-1xtradeb1.2404.1_amd64/REQUESTED_RUNTIME.env:generic-api-key:7,78973e97080e78f40b0550ed761874416b1e812caedf692b926e1e47523f6d3b,true,public PPA OpenPGP signing-key fingerprint; not credential material,HISTORICAL_FALSE_POSITIVE_EXACT_EXCEPTION,retain source/history; use exact fingerprint exception limited to these provenance paths; rescan with config
124,29,dd1240472dd566fe4eeedcbe4206791c41f7b0b0,validation_back01_integration/final/chromium_runtime_candidate_108_provenance.out,.out,generic-api-key,8,9,validation_back01_integration/final/chromium_runtime_candidate_108_provenance.out:generic-api-key:8,ee7be452cf88c2efb9bec7a6b8d0cbc8c4b22f45162c1f90b02e44d2be1c9127,true,public PPA OpenPGP signing-key fingerprint; not credential material,HISTORICAL_FALSE_POSITIVE_EXACT_EXCEPTION,retain source/history; use exact fingerprint exception limited to these provenance paths; rescan with config
125,29,dd1240472dd566fe4eeedcbe4206791c41f7b0b0,validation_back01_integration/candidates/chromium_151.0.7922.108-1xtradeb1.2404.1_amd64/REQUESTED_RUNTIME.env,.env,generic-api-key,7,7,validation_back01_integration/candidates/chromium_151.0.7922.108-1xtradeb1.2404.1_amd64/REQUESTED_RUNTIME.env:generic-api-key:7,154d14564c1c2aa827f6755952109fb93d4b328c9f83c3754374dc1cb608f89d,true,public PPA OpenPGP signing-key fingerprint; not credential material,HISTORICAL_FALSE_POSITIVE_EXACT_EXCEPTION,retain source/history; use exact fingerprint exception limited to these provenance paths; rescan with config
126,29,dd1240472dd566fe4eeedcbe4206791c41f7b0b0,validation_back01_integration/final/runtime_release_capture_qa/REQUESTED_RUNTIME.env,.env,generic-api-key,7,7,validation_back01_integration/final/runtime_release_capture_qa/REQUESTED_RUNTIME.env:generic-api-key:7,c86db7c48db34f8c392f18ef97279b4ee5acc89db607b25427a07802d3670ecf,true,public PPA OpenPGP signing-key fingerprint; not credential material,HISTORICAL_FALSE_POSITIVE_EXACT_EXCEPTION,retain source/history; use exact fingerprint exception limited to these provenance paths; rescan with config
127,2,5d100a0d0a8f51f4a99bb02a995ab18e32c25889,release/back01-minimal/RUNTIME_RELEASE_LOCK.json,.json,generic-api-key,16,16,release/back01-minimal/RUNTIME_RELEASE_LOCK.json:generic-api-key:16,7d9dd3f6223dfdb5f383e41ce81aecbd874bf002b0de8810bd46589c63dd0a57,true,public PPA OpenPGP signing-key fingerprint; not credential material,HISTORICAL_FALSE_POSITIVE_EXACT_EXCEPTION,retain source/history; use exact fingerprint exception limited to these provenance paths; rescan with config
128,2,5d100a0d0a8f51f4a99bb02a995ab18e32c25889,release/back01-minimal/RUNTIME_CANDIDATE_CHROMIUM_151.0.7922.108.json,.json,generic-api-key,14,14,release/back01-minimal/RUNTIME_CANDIDATE_CHROMIUM_151.0.7922.108.json:generic-api-key:14,29788ebe77284706b366c975a9a9cfa4819dfbc84cac6ad2e8869fc285e6b3ad,true,public PPA OpenPGP signing-key fingerprint; not credential material,HISTORICAL_FALSE_POSITIVE_EXACT_EXCEPTION,retain source/history; use exact fingerprint exception limited to these provenance paths; rescan with config
129,2,5d100a0d0a8f51f4a99bb02a995ab18e32c25889,validation_back01_integration/candidates/chromium-common_151.0.7922.108-1xtradeb1.2404.1_amd64/REQUESTED_RUNTIME.env,.env,generic-api-key,7,7,validation_back01_integration/candidates/chromium-common_151.0.7922.108-1xtradeb1.2404.1_amd64/REQUESTED_RUNTIME.env:generic-api-key:7,78973e97080e78f40b0550ed761874416b1e812caedf692b926e1e47523f6d3b,true,public PPA OpenPGP signing-key fingerprint; not credential material,HISTORICAL_FALSE_POSITIVE_EXACT_EXCEPTION,retain source/history; use exact fingerprint exception limited to these provenance paths; rescan with config
130,2,5d100a0d0a8f51f4a99bb02a995ab18e32c25889,validation_back01_integration/candidates/chromium_151.0.7922.108-1xtradeb1.2404.1_amd64/REQUESTED_RUNTIME.env,.env,generic-api-key,7,7,validation_back01_integration/candidates/chromium_151.0.7922.108-1xtradeb1.2404.1_amd64/REQUESTED_RUNTIME.env:generic-api-key:7,154d14564c1c2aa827f6755952109fb93d4b328c9f83c3754374dc1cb608f89d,true,public PPA OpenPGP signing-key fingerprint; not credential material,HISTORICAL_FALSE_POSITIVE_EXACT_EXCEPTION,retain source/history; use exact fingerprint exception limited to these provenance paths; rescan with config
131,2,5d100a0d0a8f51f4a99bb02a995ab18e32c25889,validation_back01_integration/final/chromium_runtime_candidate_108_provenance.out,.out,generic-api-key,8,9,validation_back01_integration/final/chromium_runtime_candidate_108_provenance.out:generic-api-key:8,ee7be452cf88c2efb9bec7a6b8d0cbc8c4b22f45162c1f90b02e44d2be1c9127,true,public PPA OpenPGP signing-key fingerprint; not credential material,HISTORICAL_FALSE_POSITIVE_EXACT_EXCEPTION,retain source/history; use exact fingerprint exception limited to these provenance paths; rescan with config
132,2,5d100a0d0a8f51f4a99bb02a995ab18e32c25889,validation_back01_integration/final/runtime_release_capture_qa/REQUESTED_RUNTIME.env,.env,generic-api-key,7,7,validation_back01_integration/final/runtime_release_capture_qa/REQUESTED_RUNTIME.env:generic-api-key:7,c86db7c48db34f8c392f18ef97279b4ee5acc89db607b25427a07802d3670ecf,true,public PPA OpenPGP signing-key fingerprint; not credential material,HISTORICAL_FALSE_POSITIVE_EXACT_EXCEPTION,retain source/history; use exact fingerprint exception limited to these provenance paths; rescan with config
133,30,8dfbe18355e6fa481e8c6f773e5d4bfad6437a83,release/back01-minimal/RUNTIME_RELEASE_LOCK.json,.json,generic-api-key,16,16,release/back01-minimal/RUNTIME_RELEASE_LOCK.json:generic-api-key:16,7d9dd3f6223dfdb5f383e41ce81aecbd874bf002b0de8810bd46589c63dd0a57,true,public PPA OpenPGP signing-key fingerprint; not credential material,HISTORICAL_FALSE_POSITIVE_EXACT_EXCEPTION,retain source/history; use exact fingerprint exception limited to these provenance paths; rescan with config
134,30,8dfbe18355e6fa481e8c6f773e5d4bfad6437a83,release/back01-minimal/RUNTIME_CANDIDATE_CHROMIUM_151.0.7922.108.json,.json,generic-api-key,14,14,release/back01-minimal/RUNTIME_CANDIDATE_CHROMIUM_151.0.7922.108.json:generic-api-key:14,29788ebe77284706b366c975a9a9cfa4819dfbc84cac6ad2e8869fc285e6b3ad,true,public PPA OpenPGP signing-key fingerprint; not credential material,HISTORICAL_FALSE_POSITIVE_EXACT_EXCEPTION,retain source/history; use exact fingerprint exception limited to these provenance paths; rescan with config
135,30,8dfbe18355e6fa481e8c6f773e5d4bfad6437a83,validation_back01_integration/candidates/chromium-common_151.0.7922.108-1xtradeb1.2404.1_amd64/REQUESTED_RUNTIME.env,.env,generic-api-key,7,7,validation_back01_integration/candidates/chromium-common_151.0.7922.108-1xtradeb1.2404.1_amd64/REQUESTED_RUNTIME.env:generic-api-key:7,78973e97080e78f40b0550ed761874416b1e812caedf692b926e1e47523f6d3b,true,public PPA OpenPGP signing-key fingerprint; not credential material,HISTORICAL_FALSE_POSITIVE_EXACT_EXCEPTION,retain source/history; use exact fingerprint exception limited to these provenance paths; rescan with config
136,30,8dfbe18355e6fa481e8c6f773e5d4bfad6437a83,validation_back01_integration/candidates/chromium_151.0.7922.108-1xtradeb1.2404.1_amd64/REQUESTED_RUNTIME.env,.env,generic-api-key,7,7,validation_back01_integration/candidates/chromium_151.0.7922.108-1xtradeb1.2404.1_amd64/REQUESTED_RUNTIME.env:generic-api-key:7,154d14564c1c2aa827f6755952109fb93d4b328c9f83c3754374dc1cb608f89d,true,public PPA OpenPGP signing-key fingerprint; not credential material,HISTORICAL_FALSE_POSITIVE_EXACT_EXCEPTION,retain source/history; use exact fingerprint exception limited to these provenance paths; rescan with config
137,30,8dfbe18355e6fa481e8c6f773e5d4bfad6437a83,validation_back01_integration/final/chromium_runtime_candidate_108_provenance.out,.out,generic-api-key,8,9,validation_back01_integration/final/chromium_runtime_candidate_108_provenance.out:generic-api-key:8,ee7be452cf88c2efb9bec7a6b8d0cbc8c4b22f45162c1f90b02e44d2be1c9127,true,public PPA OpenPGP signing-key fingerprint; not credential material,HISTORICAL_FALSE_POSITIVE_EXACT_EXCEPTION,retain source/history; use exact fingerprint exception limited to these provenance paths; rescan with config
138,30,8dfbe18355e6fa481e8c6f773e5d4bfad6437a83,validation_back01_integration/final/runtime_release_capture_qa/REQUESTED_RUNTIME.env,.env,generic-api-key,7,7,validation_back01_integration/final/runtime_release_capture_qa/REQUESTED_RUNTIME.env:generic-api-key:7,c86db7c48db34f8c392f18ef97279b4ee5acc89db607b25427a07802d3670ecf,true,public PPA OpenPGP signing-key fingerprint; not credential material,HISTORICAL_FALSE_POSITIVE_EXACT_EXCEPTION,retain source/history; use exact fingerprint exception limited to these provenance paths; rescan with config
139,31,c61118ed2d5c2221ae6f34f28a11962624bb7094,release/back01-minimal/RUNTIME_CANDIDATE_CHROMIUM_151.0.7922.108.json,.json,generic-api-key,14,14,release/back01-minimal/RUNTIME_CANDIDATE_CHROMIUM_151.0.7922.108.json:generic-api-key:14,29788ebe77284706b366c975a9a9cfa4819dfbc84cac6ad2e8869fc285e6b3ad,true,public PPA OpenPGP signing-key fingerprint; not credential material,HISTORICAL_FALSE_POSITIVE_EXACT_EXCEPTION,retain source/history; use exact fingerprint exception limited to these provenance paths; rescan with config
140,31,c61118ed2d5c2221ae6f34f28a11962624bb7094,release/back01-minimal/RUNTIME_RELEASE_LOCK.json,.json,generic-api-key,16,16,release/back01-minimal/RUNTIME_RELEASE_LOCK.json:generic-api-key:16,7d9dd3f6223dfdb5f383e41ce81aecbd874bf002b0de8810bd46589c63dd0a57,true,public PPA OpenPGP signing-key fingerprint; not credential material,HISTORICAL_FALSE_POSITIVE_EXACT_EXCEPTION,retain source/history; use exact fingerprint exception limited to these provenance paths; rescan with config
141,31,c61118ed2d5c2221ae6f34f28a11962624bb7094,validation_back01_integration/candidates/chromium-common_151.0.7922.108-1xtradeb1.2404.1_amd64/REQUESTED_RUNTIME.env,.env,generic-api-key,7,7,validation_back01_integration/candidates/chromium-common_151.0.7922.108-1xtradeb1.2404.1_amd64/REQUESTED_RUNTIME.env:generic-api-key:7,78973e97080e78f40b0550ed761874416b1e812caedf692b926e1e47523f6d3b,true,public PPA OpenPGP signing-key fingerprint; not credential material,HISTORICAL_FALSE_POSITIVE_EXACT_EXCEPTION,retain source/history; use exact fingerprint exception limited to these provenance paths; rescan with config
142,31,c61118ed2d5c2221ae6f34f28a11962624bb7094,validation_back01_integration/candidates/chromium_151.0.7922.108-1xtradeb1.2404.1_amd64/REQUESTED_RUNTIME.env,.env,generic-api-key,7,7,validation_back01_integration/candidates/chromium_151.0.7922.108-1xtradeb1.2404.1_amd64/REQUESTED_RUNTIME.env:generic-api-key:7,154d14564c1c2aa827f6755952109fb93d4b328c9f83c3754374dc1cb608f89d,true,public PPA OpenPGP signing-key fingerprint; not credential material,HISTORICAL_FALSE_POSITIVE_EXACT_EXCEPTION,retain source/history; use exact fingerprint exception limited to these provenance paths; rescan with config
143,31,c61118ed2d5c2221ae6f34f28a11962624bb7094,validation_back01_integration/final/chromium_runtime_candidate_108_provenance.out,.out,generic-api-key,8,9,validation_back01_integration/final/chromium_runtime_candidate_108_provenance.out:generic-api-key:8,ee7be452cf88c2efb9bec7a6b8d0cbc8c4b22f45162c1f90b02e44d2be1c9127,true,public PPA OpenPGP signing-key fingerprint; not credential material,HISTORICAL_FALSE_POSITIVE_EXACT_EXCEPTION,retain source/history; use exact fingerprint exception limited to these provenance paths; rescan with config
144,31,c61118ed2d5c2221ae6f34f28a11962624bb7094,validation_back01_integration/final/runtime_release_capture_qa/REQUESTED_RUNTIME.env,.env,generic-api-key,7,7,validation_back01_integration/final/runtime_release_capture_qa/REQUESTED_RUNTIME.env:generic-api-key:7,c86db7c48db34f8c392f18ef97279b4ee5acc89db607b25427a07802d3670ecf,true,public PPA OpenPGP signing-key fingerprint; not credential material,HISTORICAL_FALSE_POSITIVE_EXACT_EXCEPTION,retain source/history; use exact fingerprint exception limited to these provenance paths; rescan with config
145,32,59882a9bcac8755c0fb8a294be32a6b1d1ff4598,release/back01-minimal/RUNTIME_CANDIDATE_CHROMIUM_151.0.7922.108.json,.json,generic-api-key,14,14,release/back01-minimal/RUNTIME_CANDIDATE_CHROMIUM_151.0.7922.108.json:generic-api-key:14,29788ebe77284706b366c975a9a9cfa4819dfbc84cac6ad2e8869fc285e6b3ad,true,public PPA OpenPGP signing-key fingerprint; not credential material,HISTORICAL_FALSE_POSITIVE_EXACT_EXCEPTION,retain source/history; use exact fingerprint exception limited to these provenance paths; rescan with config
146,32,59882a9bcac8755c0fb8a294be32a6b1d1ff4598,release/back01-minimal/RUNTIME_RELEASE_LOCK.json,.json,generic-api-key,16,16,release/back01-minimal/RUNTIME_RELEASE_LOCK.json:generic-api-key:16,7d9dd3f6223dfdb5f383e41ce81aecbd874bf002b0de8810bd46589c63dd0a57,true,public PPA OpenPGP signing-key fingerprint; not credential material,HISTORICAL_FALSE_POSITIVE_EXACT_EXCEPTION,retain source/history; use exact fingerprint exception limited to these provenance paths; rescan with config
147,32,59882a9bcac8755c0fb8a294be32a6b1d1ff4598,validation_back01_integration/candidates/chromium-common_151.0.7922.108-1xtradeb1.2404.1_amd64/REQUESTED_RUNTIME.env,.env,generic-api-key,7,7,validation_back01_integration/candidates/chromium-common_151.0.7922.108-1xtradeb1.2404.1_amd64/REQUESTED_RUNTIME.env:generic-api-key:7,78973e97080e78f40b0550ed761874416b1e812caedf692b926e1e47523f6d3b,true,public PPA OpenPGP signing-key fingerprint; not credential material,HISTORICAL_FALSE_POSITIVE_EXACT_EXCEPTION,retain source/history; use exact fingerprint exception limited to these provenance paths; rescan with config
148,32,59882a9bcac8755c0fb8a294be32a6b1d1ff4598,validation_back01_integration/candidates/chromium_151.0.7922.108-1xtradeb1.2404.1_amd64/REQUESTED_RUNTIME.env,.env,generic-api-key,7,7,validation_back01_integration/candidates/chromium_151.0.7922.108-1xtradeb1.2404.1_amd64/REQUESTED_RUNTIME.env:generic-api-key:7,154d14564c1c2aa827f6755952109fb93d4b328c9f83c3754374dc1cb608f89d,true,public PPA OpenPGP signing-key fingerprint; not credential material,HISTORICAL_FALSE_POSITIVE_EXACT_EXCEPTION,retain source/history; use exact fingerprint exception limited to these provenance paths; rescan with config
149,32,59882a9bcac8755c0fb8a294be32a6b1d1ff4598,validation_back01_integration/final/chromium_runtime_candidate_108_provenance.out,.out,generic-api-key,8,9,validation_back01_integration/final/chromium_runtime_candidate_108_provenance.out:generic-api-key:8,ee7be452cf88c2efb9bec7a6b8d0cbc8c4b22f45162c1f90b02e44d2be1c9127,true,public PPA OpenPGP signing-key fingerprint; not credential material,HISTORICAL_FALSE_POSITIVE_EXACT_EXCEPTION,retain source/history; use exact fingerprint exception limited to these provenance paths; rescan with config
150,32,59882a9bcac8755c0fb8a294be32a6b1d1ff4598,validation_back01_integration/final/runtime_release_capture_qa/REQUESTED_RUNTIME.env,.env,generic-api-key,7,7,validation_back01_integration/final/runtime_release_capture_qa/REQUESTED_RUNTIME.env:generic-api-key:7,c86db7c48db34f8c392f18ef97279b4ee5acc89db607b25427a07802d3670ecf,true,public PPA OpenPGP signing-key fingerprint; not credential material,HISTORICAL_FALSE_POSITIVE_EXACT_EXCEPTION,retain source/history; use exact fingerprint exception limited to these provenance paths; rescan with config
151,33,71a41567b98eb65d7cb250043082473d92530395,release/back01-minimal/RUNTIME_CANDIDATE_CHROMIUM_151.0.7922.108.json,.json,generic-api-key,14,14,release/back01-minimal/RUNTIME_CANDIDATE_CHROMIUM_151.0.7922.108.json:generic-api-key:14,29788ebe77284706b366c975a9a9cfa4819dfbc84cac6ad2e8869fc285e6b3ad,true,public PPA OpenPGP signing-key fingerprint; not credential material,HISTORICAL_FALSE_POSITIVE_EXACT_EXCEPTION,retain source/history; use exact fingerprint exception limited to these provenance paths; rescan with config
152,33,71a41567b98eb65d7cb250043082473d92530395,release/back01-minimal/RUNTIME_RELEASE_LOCK.json,.json,generic-api-key,16,16,release/back01-minimal/RUNTIME_RELEASE_LOCK.json:generic-api-key:16,7d9dd3f6223dfdb5f383e41ce81aecbd874bf002b0de8810bd46589c63dd0a57,true,public PPA OpenPGP signing-key fingerprint; not credential material,HISTORICAL_FALSE_POSITIVE_EXACT_EXCEPTION,retain source/history; use exact fingerprint exception limited to these provenance paths; rescan with config
153,33,71a41567b98eb65d7cb250043082473d92530395,validation_back01_integration/candidates/chromium-common_151.0.7922.108-1xtradeb1.2404.1_amd64/REQUESTED_RUNTIME.env,.env,generic-api-key,7,7,validation_back01_integration/candidates/chromium-common_151.0.7922.108-1xtradeb1.2404.1_amd64/REQUESTED_RUNTIME.env:generic-api-key:7,78973e97080e78f40b0550ed761874416b1e812caedf692b926e1e47523f6d3b,true,public PPA OpenPGP signing-key fingerprint; not credential material,HISTORICAL_FALSE_POSITIVE_EXACT_EXCEPTION,retain source/history; use exact fingerprint exception limited to these provenance paths; rescan with config
154,33,71a41567b98eb65d7cb250043082473d92530395,validation_back01_integration/candidates/chromium_151.0.7922.108-1xtradeb1.2404.1_amd64/REQUESTED_RUNTIME.env,.env,generic-api-key,7,7,validation_back01_integration/candidates/chromium_151.0.7922.108-1xtradeb1.2404.1_amd64/REQUESTED_RUNTIME.env:generic-api-key:7,154d14564c1c2aa827f6755952109fb93d4b328c9f83c3754374dc1cb608f89d,true,public PPA OpenPGP signing-key fingerprint; not credential material,HISTORICAL_FALSE_POSITIVE_EXACT_EXCEPTION,retain source/history; use exact fingerprint exception limited to these provenance paths; rescan with config
155,33,71a41567b98eb65d7cb250043082473d92530395,validation_back01_integration/final/chromium_runtime_candidate_108_provenance.out,.out,generic-api-key,8,9,validation_back01_integration/final/chromium_runtime_candidate_108_provenance.out:generic-api-key:8,ee7be452cf88c2efb9bec7a6b8d0cbc8c4b22f45162c1f90b02e44d2be1c9127,true,public PPA OpenPGP signing-key fingerprint; not credential material,HISTORICAL_FALSE_POSITIVE_EXACT_EXCEPTION,retain source/history; use exact fingerprint exception limited to these provenance paths; rescan with config
156,33,71a41567b98eb65d7cb250043082473d92530395,validation_back01_integration/final/runtime_release_capture_qa/REQUESTED_RUNTIME.env,.env,generic-api-key,7,7,validation_back01_integration/final/runtime_release_capture_qa/REQUESTED_RUNTIME.env:generic-api-key:7,c86db7c48db34f8c392f18ef97279b4ee5acc89db607b25427a07802d3670ecf,true,public PPA OpenPGP signing-key fingerprint; not credential material,HISTORICAL_FALSE_POSITIVE_EXACT_EXCEPTION,retain source/history; use exact fingerprint exception limited to these provenance paths; rescan with config
157,34,aa501b179e2917f306828e86aa83bf6cedc41ac7,release/back01-minimal/RUNTIME_RELEASE_LOCK.json,.json,generic-api-key,16,16,release/back01-minimal/RUNTIME_RELEASE_LOCK.json:generic-api-key:16,7d9dd3f6223dfdb5f383e41ce81aecbd874bf002b0de8810bd46589c63dd0a57,true,public PPA OpenPGP signing-key fingerprint; not credential material,HISTORICAL_FALSE_POSITIVE_EXACT_EXCEPTION,retain source/history; use exact fingerprint exception limited to these provenance paths; rescan with config
158,34,aa501b179e2917f306828e86aa83bf6cedc41ac7,release/back01-minimal/RUNTIME_CANDIDATE_CHROMIUM_151.0.7922.108.json,.json,generic-api-key,14,14,release/back01-minimal/RUNTIME_CANDIDATE_CHROMIUM_151.0.7922.108.json:generic-api-key:14,29788ebe77284706b366c975a9a9cfa4819dfbc84cac6ad2e8869fc285e6b3ad,true,public PPA OpenPGP signing-key fingerprint; not credential material,HISTORICAL_FALSE_POSITIVE_EXACT_EXCEPTION,retain source/history; use exact fingerprint exception limited to these provenance paths; rescan with config
159,34,aa501b179e2917f306828e86aa83bf6cedc41ac7,validation_back01_integration/candidates/chromium-common_151.0.7922.108-1xtradeb1.2404.1_amd64/REQUESTED_RUNTIME.env,.env,generic-api-key,7,7,validation_back01_integration/candidates/chromium-common_151.0.7922.108-1xtradeb1.2404.1_amd64/REQUESTED_RUNTIME.env:generic-api-key:7,78973e97080e78f40b0550ed761874416b1e812caedf692b926e1e47523f6d3b,true,public PPA OpenPGP signing-key fingerprint; not credential material,HISTORICAL_FALSE_POSITIVE_EXACT_EXCEPTION,retain source/history; use exact fingerprint exception limited to these provenance paths; rescan with config
160,34,aa501b179e2917f306828e86aa83bf6cedc41ac7,validation_back01_integration/candidates/chromium_151.0.7922.108-1xtradeb1.2404.1_amd64/REQUESTED_RUNTIME.env,.env,generic-api-key,7,7,validation_back01_integration/candidates/chromium_151.0.7922.108-1xtradeb1.2404.1_amd64/REQUESTED_RUNTIME.env:generic-api-key:7,154d14564c1c2aa827f6755952109fb93d4b328c9f83c3754374dc1cb608f89d,true,public PPA OpenPGP signing-key fingerprint; not credential material,HISTORICAL_FALSE_POSITIVE_EXACT_EXCEPTION,retain source/history; use exact fingerprint exception limited to these provenance paths; rescan with config
161,34,aa501b179e2917f306828e86aa83bf6cedc41ac7,validation_back01_integration/final/chromium_runtime_candidate_108_provenance.out,.out,generic-api-key,8,9,validation_back01_integration/final/chromium_runtime_candidate_108_provenance.out:generic-api-key:8,ee7be452cf88c2efb9bec7a6b8d0cbc8c4b22f45162c1f90b02e44d2be1c9127,true,public PPA OpenPGP signing-key fingerprint; not credential material,HISTORICAL_FALSE_POSITIVE_EXACT_EXCEPTION,retain source/history; use exact fingerprint exception limited to these provenance paths; rescan with config
162,34,aa501b179e2917f306828e86aa83bf6cedc41ac7,validation_back01_integration/final/runtime_release_capture_qa/REQUESTED_RUNTIME.env,.env,generic-api-key,7,7,validation_back01_integration/final/runtime_release_capture_qa/REQUESTED_RUNTIME.env:generic-api-key:7,c86db7c48db34f8c392f18ef97279b4ee5acc89db607b25427a07802d3670ecf,true,public PPA OpenPGP signing-key fingerprint; not credential material,HISTORICAL_FALSE_POSITIVE_EXACT_EXCEPTION,retain source/history; use exact fingerprint exception limited to these provenance paths; rescan with config
163,35,59a732b516fcf265aac7b5ca875c2cd6a0683cdd,release/back01-minimal/RUNTIME_CANDIDATE_CHROMIUM_151.0.7922.108.json,.json,generic-api-key,14,14,release/back01-minimal/RUNTIME_CANDIDATE_CHROMIUM_151.0.7922.108.json:generic-api-key:14,29788ebe77284706b366c975a9a9cfa4819dfbc84cac6ad2e8869fc285e6b3ad,true,public PPA OpenPGP signing-key fingerprint; not credential material,HISTORICAL_FALSE_POSITIVE_EXACT_EXCEPTION,retain source/history; use exact fingerprint exception limited to these provenance paths; rescan with config
164,35,59a732b516fcf265aac7b5ca875c2cd6a0683cdd,release/back01-minimal/RUNTIME_RELEASE_LOCK.json,.json,generic-api-key,16,16,release/back01-minimal/RUNTIME_RELEASE_LOCK.json:generic-api-key:16,7d9dd3f6223dfdb5f383e41ce81aecbd874bf002b0de8810bd46589c63dd0a57,true,public PPA OpenPGP signing-key fingerprint; not credential material,HISTORICAL_FALSE_POSITIVE_EXACT_EXCEPTION,retain source/history; use exact fingerprint exception limited to these provenance paths; rescan with config
165,35,59a732b516fcf265aac7b5ca875c2cd6a0683cdd,validation_back01_integration/candidates/chromium-common_151.0.7922.108-1xtradeb1.2404.1_amd64/REQUESTED_RUNTIME.env,.env,generic-api-key,7,7,validation_back01_integration/candidates/chromium-common_151.0.7922.108-1xtradeb1.2404.1_amd64/REQUESTED_RUNTIME.env:generic-api-key:7,78973e97080e78f40b0550ed761874416b1e812caedf692b926e1e47523f6d3b,true,public PPA OpenPGP signing-key fingerprint; not credential material,HISTORICAL_FALSE_POSITIVE_EXACT_EXCEPTION,retain source/history; use exact fingerprint exception limited to these provenance paths; rescan with config
166,35,59a732b516fcf265aac7b5ca875c2cd6a0683cdd,validation_back01_integration/candidates/chromium_151.0.7922.108-1xtradeb1.2404.1_amd64/REQUESTED_RUNTIME.env,.env,generic-api-key,7,7,validation_back01_integration/candidates/chromium_151.0.7922.108-1xtradeb1.2404.1_amd64/REQUESTED_RUNTIME.env:generic-api-key:7,154d14564c1c2aa827f6755952109fb93d4b328c9f83c3754374dc1cb608f89d,true,public PPA OpenPGP signing-key fingerprint; not credential material,HISTORICAL_FALSE_POSITIVE_EXACT_EXCEPTION,retain source/history; use exact fingerprint exception limited to these provenance paths; rescan with config
167,35,59a732b516fcf265aac7b5ca875c2cd6a0683cdd,validation_back01_integration/final/chromium_runtime_candidate_108_provenance.out,.out,generic-api-key,8,9,validation_back01_integration/final/chromium_runtime_candidate_108_provenance.out:generic-api-key:8,ee7be452cf88c2efb9bec7a6b8d0cbc8c4b22f45162c1f90b02e44d2be1c9127,true,public PPA OpenPGP signing-key fingerprint; not credential material,HISTORICAL_FALSE_POSITIVE_EXACT_EXCEPTION,retain source/history; use exact fingerprint exception limited to these provenance paths; rescan with config
168,35,59a732b516fcf265aac7b5ca875c2cd6a0683cdd,validation_back01_integration/final/runtime_release_capture_qa/REQUESTED_RUNTIME.env,.env,generic-api-key,7,7,validation_back01_integration/final/runtime_release_capture_qa/REQUESTED_RUNTIME.env:generic-api-key:7,c86db7c48db34f8c392f18ef97279b4ee5acc89db607b25427a07802d3670ecf,true,public PPA OpenPGP signing-key fingerprint; not credential material,HISTORICAL_FALSE_POSITIVE_EXACT_EXCEPTION,retain source/history; use exact fingerprint exception limited to these provenance paths; rescan with config
169,36,6ae02e4ceed239b9310fbf3fccb1b5170117251e,release/back01-minimal/RUNTIME_CANDIDATE_CHROMIUM_151.0.7922.108.json,.json,generic-api-key,14,14,release/back01-minimal/RUNTIME_CANDIDATE_CHROMIUM_151.0.7922.108.json:generic-api-key:14,29788ebe77284706b366c975a9a9cfa4819dfbc84cac6ad2e8869fc285e6b3ad,true,public PPA OpenPGP signing-key fingerprint; not credential material,HISTORICAL_FALSE_POSITIVE_EXACT_EXCEPTION,retain source/history; use exact fingerprint exception limited to these provenance paths; rescan with config
170,36,6ae02e4ceed239b9310fbf3fccb1b5170117251e,release/back01-minimal/RUNTIME_RELEASE_LOCK.json,.json,generic-api-key,16,16,release/back01-minimal/RUNTIME_RELEASE_LOCK.json:generic-api-key:16,7d9dd3f6223dfdb5f383e41ce81aecbd874bf002b0de8810bd46589c63dd0a57,true,public PPA OpenPGP signing-key fingerprint; not credential material,HISTORICAL_FALSE_POSITIVE_EXACT_EXCEPTION,retain source/history; use exact fingerprint exception limited to these provenance paths; rescan with config
171,36,6ae02e4ceed239b9310fbf3fccb1b5170117251e,validation_back01_integration/candidates/chromium-common_151.0.7922.108-1xtradeb1.2404.1_amd64/REQUESTED_RUNTIME.env,.env,generic-api-key,7,7,validation_back01_integration/candidates/chromium-common_151.0.7922.108-1xtradeb1.2404.1_amd64/REQUESTED_RUNTIME.env:generic-api-key:7,78973e97080e78f40b0550ed761874416b1e812caedf692b926e1e47523f6d3b,true,public PPA OpenPGP signing-key fingerprint; not credential material,HISTORICAL_FALSE_POSITIVE_EXACT_EXCEPTION,retain source/history; use exact fingerprint exception limited to these provenance paths; rescan with config
172,36,6ae02e4ceed239b9310fbf3fccb1b5170117251e,validation_back01_integration/candidates/chromium_151.0.7922.108-1xtradeb1.2404.1_amd64/REQUESTED_RUNTIME.env,.env,generic-api-key,7,7,validation_back01_integration/candidates/chromium_151.0.7922.108-1xtradeb1.2404.1_amd64/REQUESTED_RUNTIME.env:generic-api-key:7,154d14564c1c2aa827f6755952109fb93d4b328c9f83c3754374dc1cb608f89d,true,public PPA OpenPGP signing-key fingerprint; not credential material,HISTORICAL_FALSE_POSITIVE_EXACT_EXCEPTION,retain source/history; use exact fingerprint exception limited to these provenance paths; rescan with config
173,36,6ae02e4ceed239b9310fbf3fccb1b5170117251e,validation_back01_integration/final/chromium_runtime_candidate_108_provenance.out,.out,generic-api-key,8,9,validation_back01_integration/final/chromium_runtime_candidate_108_provenance.out:generic-api-key:8,ee7be452cf88c2efb9bec7a6b8d0cbc8c4b22f45162c1f90b02e44d2be1c9127,true,public PPA OpenPGP signing-key fingerprint; not credential material,HISTORICAL_FALSE_POSITIVE_EXACT_EXCEPTION,retain source/history; use exact fingerprint exception limited to these provenance paths; rescan with config
174,36,6ae02e4ceed239b9310fbf3fccb1b5170117251e,validation_back01_integration/final/runtime_release_capture_qa/REQUESTED_RUNTIME.env,.env,generic-api-key,7,7,validation_back01_integration/final/runtime_release_capture_qa/REQUESTED_RUNTIME.env:generic-api-key:7,c86db7c48db34f8c392f18ef97279b4ee5acc89db607b25427a07802d3670ecf,true,public PPA OpenPGP signing-key fingerprint; not credential material,HISTORICAL_FALSE_POSITIVE_EXACT_EXCEPTION,retain source/history; use exact fingerprint exception limited to these provenance paths; rescan with config
175,37,cf280858b345e2fd566d391590f23d8cfa6bbe6d,release/back01-minimal/RUNTIME_CANDIDATE_CHROMIUM_151.0.7922.108.json,.json,generic-api-key,14,14,release/back01-minimal/RUNTIME_CANDIDATE_CHROMIUM_151.0.7922.108.json:generic-api-key:14,29788ebe77284706b366c975a9a9cfa4819dfbc84cac6ad2e8869fc285e6b3ad,true,public PPA OpenPGP signing-key fingerprint; not credential material,HISTORICAL_FALSE_POSITIVE_EXACT_EXCEPTION,retain source/history; use exact fingerprint exception limited to these provenance paths; rescan with config
176,37,cf280858b345e2fd566d391590f23d8cfa6bbe6d,release/back01-minimal/RUNTIME_RELEASE_LOCK.json,.json,generic-api-key,16,16,release/back01-minimal/RUNTIME_RELEASE_LOCK.json:generic-api-key:16,7d9dd3f6223dfdb5f383e41ce81aecbd874bf002b0de8810bd46589c63dd0a57,true,public PPA OpenPGP signing-key fingerprint; not credential material,HISTORICAL_FALSE_POSITIVE_EXACT_EXCEPTION,retain source/history; use exact fingerprint exception limited to these provenance paths; rescan with config
177,37,cf280858b345e2fd566d391590f23d8cfa6bbe6d,validation_back01_integration/candidates/chromium-common_151.0.7922.108-1xtradeb1.2404.1_amd64/REQUESTED_RUNTIME.env,.env,generic-api-key,7,7,validation_back01_integration/candidates/chromium-common_151.0.7922.108-1xtradeb1.2404.1_amd64/REQUESTED_RUNTIME.env:generic-api-key:7,78973e97080e78f40b0550ed761874416b1e812caedf692b926e1e47523f6d3b,true,public PPA OpenPGP signing-key fingerprint; not credential material,HISTORICAL_FALSE_POSITIVE_EXACT_EXCEPTION,retain source/history; use exact fingerprint exception limited to these provenance paths; rescan with config
178,37,cf280858b345e2fd566d391590f23d8cfa6bbe6d,validation_back01_integration/candidates/chromium_151.0.7922.108-1xtradeb1.2404.1_amd64/REQUESTED_RUNTIME.env,.env,generic-api-key,7,7,validation_back01_integration/candidates/chromium_151.0.7922.108-1xtradeb1.2404.1_amd64/REQUESTED_RUNTIME.env:generic-api-key:7,154d14564c1c2aa827f6755952109fb93d4b328c9f83c3754374dc1cb608f89d,true,public PPA OpenPGP signing-key fingerprint; not credential material,HISTORICAL_FALSE_POSITIVE_EXACT_EXCEPTION,retain source/history; use exact fingerprint exception limited to these provenance paths; rescan with config
179,37,cf280858b345e2fd566d391590f23d8cfa6bbe6d,validation_back01_integration/final/chromium_runtime_candidate_108_provenance.out,.out,generic-api-key,8,9,validation_back01_integration/final/chromium_runtime_candidate_108_provenance.out:generic-api-key:8,ee7be452cf88c2efb9bec7a6b8d0cbc8c4b22f45162c1f90b02e44d2be1c9127,true,public PPA OpenPGP signing-key fingerprint; not credential material,HISTORICAL_FALSE_POSITIVE_EXACT_EXCEPTION,retain source/history; use exact fingerprint exception limited to these provenance paths; rescan with config
180,37,cf280858b345e2fd566d391590f23d8cfa6bbe6d,validation_back01_integration/final/runtime_release_capture_qa/REQUESTED_RUNTIME.env,.env,generic-api-key,7,7,validation_back01_integration/final/runtime_release_capture_qa/REQUESTED_RUNTIME.env:generic-api-key:7,c86db7c48db34f8c392f18ef97279b4ee5acc89db607b25427a07802d3670ecf,true,public PPA OpenPGP signing-key fingerprint; not credential material,HISTORICAL_FALSE_POSITIVE_EXACT_EXCEPTION,retain source/history; use exact fingerprint exception limited to these provenance paths; rescan with config
181,38,b9bbb0366e2a773da22fb10476a922f0471edd79,release/back01-minimal/RUNTIME_CANDIDATE_CHROMIUM_151.0.7922.108.json,.json,generic-api-key,14,14,release/back01-minimal/RUNTIME_CANDIDATE_CHROMIUM_151.0.7922.108.json:generic-api-key:14,29788ebe77284706b366c975a9a9cfa4819dfbc84cac6ad2e8869fc285e6b3ad,true,public PPA OpenPGP signing-key fingerprint; not credential material,HISTORICAL_FALSE_POSITIVE_EXACT_EXCEPTION,retain source/history; use exact fingerprint exception limited to these provenance paths; rescan with config
182,38,b9bbb0366e2a773da22fb10476a922f0471edd79,release/back01-minimal/RUNTIME_RELEASE_LOCK.json,.json,generic-api-key,16,16,release/back01-minimal/RUNTIME_RELEASE_LOCK.json:generic-api-key:16,7d9dd3f6223dfdb5f383e41ce81aecbd874bf002b0de8810bd46589c63dd0a57,true,public PPA OpenPGP signing-key fingerprint; not credential material,HISTORICAL_FALSE_POSITIVE_EXACT_EXCEPTION,retain source/history; use exact fingerprint exception limited to these provenance paths; rescan with config
183,38,b9bbb0366e2a773da22fb10476a922f0471edd79,validation_back01_integration/candidates/chromium-common_151.0.7922.108-1xtradeb1.2404.1_amd64/REQUESTED_RUNTIME.env,.env,generic-api-key,7,7,validation_back01_integration/candidates/chromium-common_151.0.7922.108-1xtradeb1.2404.1_amd64/REQUESTED_RUNTIME.env:generic-api-key:7,78973e97080e78f40b0550ed761874416b1e812caedf692b926e1e47523f6d3b,true,public PPA OpenPGP signing-key fingerprint; not credential material,HISTORICAL_FALSE_POSITIVE_EXACT_EXCEPTION,retain source/history; use exact fingerprint exception limited to these provenance paths; rescan with config
184,38,b9bbb0366e2a773da22fb10476a922f0471edd79,validation_back01_integration/candidates/chromium_151.0.7922.108-1xtradeb1.2404.1_amd64/REQUESTED_RUNTIME.env,.env,generic-api-key,7,7,validation_back01_integration/candidates/chromium_151.0.7922.108-1xtradeb1.2404.1_amd64/REQUESTED_RUNTIME.env:generic-api-key:7,154d14564c1c2aa827f6755952109fb93d4b328c9f83c3754374dc1cb608f89d,true,public PPA OpenPGP signing-key fingerprint; not credential material,HISTORICAL_FALSE_POSITIVE_EXACT_EXCEPTION,retain source/history; use exact fingerprint exception limited to these provenance paths; rescan with config
185,38,b9bbb0366e2a773da22fb10476a922f0471edd79,validation_back01_integration/final/chromium_runtime_candidate_108_provenance.out,.out,generic-api-key,8,9,validation_back01_integration/final/chromium_runtime_candidate_108_provenance.out:generic-api-key:8,ee7be452cf88c2efb9bec7a6b8d0cbc8c4b22f45162c1f90b02e44d2be1c9127,true,public PPA OpenPGP signing-key fingerprint; not credential material,HISTORICAL_FALSE_POSITIVE_EXACT_EXCEPTION,retain source/history; use exact fingerprint exception limited to these provenance paths; rescan with config
186,38,b9bbb0366e2a773da22fb10476a922f0471edd79,validation_back01_integration/final/runtime_release_capture_qa/REQUESTED_RUNTIME.env,.env,generic-api-key,7,7,validation_back01_integration/final/runtime_release_capture_qa/REQUESTED_RUNTIME.env:generic-api-key:7,c86db7c48db34f8c392f18ef97279b4ee5acc89db607b25427a07802d3670ecf,true,public PPA OpenPGP signing-key fingerprint; not credential material,HISTORICAL_FALSE_POSITIVE_EXACT_EXCEPTION,retain source/history; use exact fingerprint exception limited to these provenance paths; rescan with config
187,39,cd6a95c66c029adf2140784491b06b8d9bf64fce,release/back01-minimal/RUNTIME_CANDIDATE_CHROMIUM_151.0.7922.108.json,.json,generic-api-key,14,14,release/back01-minimal/RUNTIME_CANDIDATE_CHROMIUM_151.0.7922.108.json:generic-api-key:14,29788ebe77284706b366c975a9a9cfa4819dfbc84cac6ad2e8869fc285e6b3ad,true,public PPA OpenPGP signing-key fingerprint; not credential material,HISTORICAL_FALSE_POSITIVE_EXACT_EXCEPTION,retain source/history; use exact fingerprint exception limited to these provenance paths; rescan with config
188,39,cd6a95c66c029adf2140784491b06b8d9bf64fce,release/back01-minimal/RUNTIME_RELEASE_LOCK.json,.json,generic-api-key,16,16,release/back01-minimal/RUNTIME_RELEASE_LOCK.json:generic-api-key:16,7d9dd3f6223dfdb5f383e41ce81aecbd874bf002b0de8810bd46589c63dd0a57,true,public PPA OpenPGP signing-key fingerprint; not credential material,HISTORICAL_FALSE_POSITIVE_EXACT_EXCEPTION,retain source/history; use exact fingerprint exception limited to these provenance paths; rescan with config
189,39,cd6a95c66c029adf2140784491b06b8d9bf64fce,validation_back01_integration/candidates/chromium-common_151.0.7922.108-1xtradeb1.2404.1_amd64/REQUESTED_RUNTIME.env,.env,generic-api-key,7,7,validation_back01_integration/candidates/chromium-common_151.0.7922.108-1xtradeb1.2404.1_amd64/REQUESTED_RUNTIME.env:generic-api-key:7,78973e97080e78f40b0550ed761874416b1e812caedf692b926e1e47523f6d3b,true,public PPA OpenPGP signing-key fingerprint; not credential material,HISTORICAL_FALSE_POSITIVE_EXACT_EXCEPTION,retain source/history; use exact fingerprint exception limited to these provenance paths; rescan with config
190,39,cd6a95c66c029adf2140784491b06b8d9bf64fce,validation_back01_integration/candidates/chromium_151.0.7922.108-1xtradeb1.2404.1_amd64/REQUESTED_RUNTIME.env,.env,generic-api-key,7,7,validation_back01_integration/candidates/chromium_151.0.7922.108-1xtradeb1.2404.1_amd64/REQUESTED_RUNTIME.env:generic-api-key:7,154d14564c1c2aa827f6755952109fb93d4b328c9f83c3754374dc1cb608f89d,true,public PPA OpenPGP signing-key fingerprint; not credential material,HISTORICAL_FALSE_POSITIVE_EXACT_EXCEPTION,retain source/history; use exact fingerprint exception limited to these provenance paths; rescan with config
191,39,cd6a95c66c029adf2140784491b06b8d9bf64fce,validation_back01_integration/final/chromium_runtime_candidate_108_provenance.out,.out,generic-api-key,8,9,validation_back01_integration/final/chromium_runtime_candidate_108_provenance.out:generic-api-key:8,ee7be452cf88c2efb9bec7a6b8d0cbc8c4b22f45162c1f90b02e44d2be1c9127,true,public PPA OpenPGP signing-key fingerprint; not credential material,HISTORICAL_FALSE_POSITIVE_EXACT_EXCEPTION,retain source/history; use exact fingerprint exception limited to these provenance paths; rescan with config
192,39,cd6a95c66c029adf2140784491b06b8d9bf64fce,validation_back01_integration/final/runtime_release_capture_qa/REQUESTED_RUNTIME.env,.env,generic-api-key,7,7,validation_back01_integration/final/runtime_release_capture_qa/REQUESTED_RUNTIME.env:generic-api-key:7,c86db7c48db34f8c392f18ef97279b4ee5acc89db607b25427a07802d3670ecf,true,public PPA OpenPGP signing-key fingerprint; not credential material,HISTORICAL_FALSE_POSITIVE_EXACT_EXCEPTION,retain source/history; use exact fingerprint exception limited to these provenance paths; rescan with config
193,3,cbf3a502b3fd37c48798ec67a3a6d4edd5d4a5fb,release/back01-minimal/RUNTIME_CANDIDATE_CHROMIUM_151.0.7922.108.json,.json,generic-api-key,14,14,release/back01-minimal/RUNTIME_CANDIDATE_CHROMIUM_151.0.7922.108.json:generic-api-key:14,29788ebe77284706b366c975a9a9cfa4819dfbc84cac6ad2e8869fc285e6b3ad,true,public PPA OpenPGP signing-key fingerprint; not credential material,HISTORICAL_FALSE_POSITIVE_EXACT_EXCEPTION,retain source/history; use exact fingerprint exception limited to these provenance paths; rescan with config
194,3,cbf3a502b3fd37c48798ec67a3a6d4edd5d4a5fb,release/back01-minimal/RUNTIME_RELEASE_LOCK.json,.json,generic-api-key,16,16,release/back01-minimal/RUNTIME_RELEASE_LOCK.json:generic-api-key:16,7d9dd3f6223dfdb5f383e41ce81aecbd874bf002b0de8810bd46589c63dd0a57,true,public PPA OpenPGP signing-key fingerprint; not credential material,HISTORICAL_FALSE_POSITIVE_EXACT_EXCEPTION,retain source/history; use exact fingerprint exception limited to these provenance paths; rescan with config
195,3,cbf3a502b3fd37c48798ec67a3a6d4edd5d4a5fb,validation_back01_integration/candidates/chromium-common_151.0.7922.108-1xtradeb1.2404.1_amd64/REQUESTED_RUNTIME.env,.env,generic-api-key,7,7,validation_back01_integration/candidates/chromium-common_151.0.7922.108-1xtradeb1.2404.1_amd64/REQUESTED_RUNTIME.env:generic-api-key:7,78973e97080e78f40b0550ed761874416b1e812caedf692b926e1e47523f6d3b,true,public PPA OpenPGP signing-key fingerprint; not credential material,HISTORICAL_FALSE_POSITIVE_EXACT_EXCEPTION,retain source/history; use exact fingerprint exception limited to these provenance paths; rescan with config
196,3,cbf3a502b3fd37c48798ec67a3a6d4edd5d4a5fb,validation_back01_integration/candidates/chromium_151.0.7922.108-1xtradeb1.2404.1_amd64/REQUESTED_RUNTIME.env,.env,generic-api-key,7,7,validation_back01_integration/candidates/chromium_151.0.7922.108-1xtradeb1.2404.1_amd64/REQUESTED_RUNTIME.env:generic-api-key:7,154d14564c1c2aa827f6755952109fb93d4b328c9f83c3754374dc1cb608f89d,true,public PPA OpenPGP signing-key fingerprint; not credential material,HISTORICAL_FALSE_POSITIVE_EXACT_EXCEPTION,retain source/history; use exact fingerprint exception limited to these provenance paths; rescan with config
197,3,cbf3a502b3fd37c48798ec67a3a6d4edd5d4a5fb,validation_back01_integration/final/chromium_runtime_candidate_108_provenance.out,.out,generic-api-key,8,9,validation_back01_integration/final/chromium_runtime_candidate_108_provenance.out:generic-api-key:8,ee7be452cf88c2efb9bec7a6b8d0cbc8c4b22f45162c1f90b02e44d2be1c9127,true,public PPA OpenPGP signing-key fingerprint; not credential material,HISTORICAL_FALSE_POSITIVE_EXACT_EXCEPTION,retain source/history; use exact fingerprint exception limited to these provenance paths; rescan with config
198,3,cbf3a502b3fd37c48798ec67a3a6d4edd5d4a5fb,validation_back01_integration/final/runtime_release_capture_qa/REQUESTED_RUNTIME.env,.env,generic-api-key,7,7,validation_back01_integration/final/runtime_release_capture_qa/REQUESTED_RUNTIME.env:generic-api-key:7,c86db7c48db34f8c392f18ef97279b4ee5acc89db607b25427a07802d3670ecf,true,public PPA OpenPGP signing-key fingerprint; not credential material,HISTORICAL_FALSE_POSITIVE_EXACT_EXCEPTION,retain source/history; use exact fingerprint exception limited to these provenance paths; rescan with config
199,40,631605ba136ff864d23e9674ca6adb4a8df0b740,release/back01-minimal/RUNTIME_CANDIDATE_CHROMIUM_151.0.7922.108.json,.json,generic-api-key,14,14,release/back01-minimal/RUNTIME_CANDIDATE_CHROMIUM_151.0.7922.108.json:generic-api-key:14,29788ebe77284706b366c975a9a9cfa4819dfbc84cac6ad2e8869fc285e6b3ad,true,public PPA OpenPGP signing-key fingerprint; not credential material,HISTORICAL_FALSE_POSITIVE_EXACT_EXCEPTION,retain source/history; use exact fingerprint exception limited to these provenance paths; rescan with config
200,40,631605ba136ff864d23e9674ca6adb4a8df0b740,release/back01-minimal/RUNTIME_RELEASE_LOCK.json,.json,generic-api-key,16,16,release/back01-minimal/RUNTIME_RELEASE_LOCK.json:generic-api-key:16,7d9dd3f6223dfdb5f383e41ce81aecbd874bf002b0de8810bd46589c63dd0a57,true,public PPA OpenPGP signing-key fingerprint; not credential material,HISTORICAL_FALSE_POSITIVE_EXACT_EXCEPTION,retain source/history; use exact fingerprint exception limited to these provenance paths; rescan with config
201,40,631605ba136ff864d23e9674ca6adb4a8df0b740,validation_back01_integration/candidates/chromium-common_151.0.7922.108-1xtradeb1.2404.1_amd64/REQUESTED_RUNTIME.env,.env,generic-api-key,7,7,validation_back01_integration/candidates/chromium-common_151.0.7922.108-1xtradeb1.2404.1_amd64/REQUESTED_RUNTIME.env:generic-api-key:7,78973e97080e78f40b0550ed761874416b1e812caedf692b926e1e47523f6d3b,true,public PPA OpenPGP signing-key fingerprint; not credential material,HISTORICAL_FALSE_POSITIVE_EXACT_EXCEPTION,retain source/history; use exact fingerprint exception limited to these provenance paths; rescan with config
202,40,631605ba136ff864d23e9674ca6adb4a8df0b740,validation_back01_integration/candidates/chromium_151.0.7922.108-1xtradeb1.2404.1_amd64/REQUESTED_RUNTIME.env,.env,generic-api-key,7,7,validation_back01_integration/candidates/chromium_151.0.7922.108-1xtradeb1.2404.1_amd64/REQUESTED_RUNTIME.env:generic-api-key:7,154d14564c1c2aa827f6755952109fb93d4b328c9f83c3754374dc1cb608f89d,true,public PPA OpenPGP signing-key fingerprint; not credential material,HISTORICAL_FALSE_POSITIVE_EXACT_EXCEPTION,retain source/history; use exact fingerprint exception limited to these provenance paths; rescan with config
203,40,631605ba136ff864d23e9674ca6adb4a8df0b740,validation_back01_integration/final/chromium_runtime_candidate_108_provenance.out,.out,generic-api-key,8,9,validation_back01_integration/final/chromium_runtime_candidate_108_provenance.out:generic-api-key:8,ee7be452cf88c2efb9bec7a6b8d0cbc8c4b22f45162c1f90b02e44d2be1c9127,true,public PPA OpenPGP signing-key fingerprint; not credential material,HISTORICAL_FALSE_POSITIVE_EXACT_EXCEPTION,retain source/history; use exact fingerprint exception limited to these provenance paths; rescan with config
204,40,631605ba136ff864d23e9674ca6adb4a8df0b740,validation_back01_integration/final/runtime_release_capture_qa/REQUESTED_RUNTIME.env,.env,generic-api-key,7,7,validation_back01_integration/final/runtime_release_capture_qa/REQUESTED_RUNTIME.env:generic-api-key:7,c86db7c48db34f8c392f18ef97279b4ee5acc89db607b25427a07802d3670ecf,true,public PPA OpenPGP signing-key fingerprint; not credential material,HISTORICAL_FALSE_POSITIVE_EXACT_EXCEPTION,retain source/history; use exact fingerprint exception limited to these provenance paths; rescan with config
205,41,a6382aa95c412d91c1bca2de34a87ca7908ed71f,release/back01-minimal/RUNTIME_CANDIDATE_CHROMIUM_151.0.7922.108.json,.json,generic-api-key,14,14,release/back01-minimal/RUNTIME_CANDIDATE_CHROMIUM_151.0.7922.108.json:generic-api-key:14,29788ebe77284706b366c975a9a9cfa4819dfbc84cac6ad2e8869fc285e6b3ad,true,public PPA OpenPGP signing-key fingerprint; not credential material,HISTORICAL_FALSE_POSITIVE_EXACT_EXCEPTION,retain source/history; use exact fingerprint exception limited to these provenance paths; rescan with config
206,41,a6382aa95c412d91c1bca2de34a87ca7908ed71f,release/back01-minimal/RUNTIME_RELEASE_LOCK.json,.json,generic-api-key,16,16,release/back01-minimal/RUNTIME_RELEASE_LOCK.json:generic-api-key:16,7d9dd3f6223dfdb5f383e41ce81aecbd874bf002b0de8810bd46589c63dd0a57,true,public PPA OpenPGP signing-key fingerprint; not credential material,HISTORICAL_FALSE_POSITIVE_EXACT_EXCEPTION,retain source/history; use exact fingerprint exception limited to these provenance paths; rescan with config
207,41,a6382aa95c412d91c1bca2de34a87ca7908ed71f,validation_back01_integration/candidates/chromium-common_151.0.7922.108-1xtradeb1.2404.1_amd64/REQUESTED_RUNTIME.env,.env,generic-api-key,7,7,validation_back01_integration/candidates/chromium-common_151.0.7922.108-1xtradeb1.2404.1_amd64/REQUESTED_RUNTIME.env:generic-api-key:7,78973e97080e78f40b0550ed761874416b1e812caedf692b926e1e47523f6d3b,true,public PPA OpenPGP signing-key fingerprint; not credential material,HISTORICAL_FALSE_POSITIVE_EXACT_EXCEPTION,retain source/history; use exact fingerprint exception limited to these provenance paths; rescan with config
208,41,a6382aa95c412d91c1bca2de34a87ca7908ed71f,validation_back01_integration/candidates/chromium_151.0.7922.108-1xtradeb1.2404.1_amd64/REQUESTED_RUNTIME.env,.env,generic-api-key,7,7,validation_back01_integration/candidates/chromium_151.0.7922.108-1xtradeb1.2404.1_amd64/REQUESTED_RUNTIME.env:generic-api-key:7,154d14564c1c2aa827f6755952109fb93d4b328c9f83c3754374dc1cb608f89d,true,public PPA OpenPGP signing-key fingerprint; not credential material,HISTORICAL_FALSE_POSITIVE_EXACT_EXCEPTION,retain source/history; use exact fingerprint exception limited to these provenance paths; rescan with config
209,41,a6382aa95c412d91c1bca2de34a87ca7908ed71f,validation_back01_integration/final/chromium_runtime_candidate_108_provenance.out,.out,generic-api-key,8,9,validation_back01_integration/final/chromium_runtime_candidate_108_provenance.out:generic-api-key:8,ee7be452cf88c2efb9bec7a6b8d0cbc8c4b22f45162c1f90b02e44d2be1c9127,true,public PPA OpenPGP signing-key fingerprint; not credential material,HISTORICAL_FALSE_POSITIVE_EXACT_EXCEPTION,retain source/history; use exact fingerprint exception limited to these provenance paths; rescan with config
210,41,a6382aa95c412d91c1bca2de34a87ca7908ed71f,validation_back01_integration/final/runtime_release_capture_qa/REQUESTED_RUNTIME.env,.env,generic-api-key,7,7,validation_back01_integration/final/runtime_release_capture_qa/REQUESTED_RUNTIME.env:generic-api-key:7,c86db7c48db34f8c392f18ef97279b4ee5acc89db607b25427a07802d3670ecf,true,public PPA OpenPGP signing-key fingerprint; not credential material,HISTORICAL_FALSE_POSITIVE_EXACT_EXCEPTION,retain source/history; use exact fingerprint exception limited to these provenance paths; rescan with config
211,42,310119f91d5a4a89fcbf06ffe8e9ae84ea7c2a73,release/back01-minimal/RUNTIME_CANDIDATE_CHROMIUM_151.0.7922.108.json,.json,generic-api-key,14,14,release/back01-minimal/RUNTIME_CANDIDATE_CHROMIUM_151.0.7922.108.json:generic-api-key:14,29788ebe77284706b366c975a9a9cfa4819dfbc84cac6ad2e8869fc285e6b3ad,true,public PPA OpenPGP signing-key fingerprint; not credential material,HISTORICAL_FALSE_POSITIVE_EXACT_EXCEPTION,retain source/history; use exact fingerprint exception limited to these provenance paths; rescan with config
212,42,310119f91d5a4a89fcbf06ffe8e9ae84ea7c2a73,release/back01-minimal/RUNTIME_RELEASE_LOCK.json,.json,generic-api-key,16,16,release/back01-minimal/RUNTIME_RELEASE_LOCK.json:generic-api-key:16,7d9dd3f6223dfdb5f383e41ce81aecbd874bf002b0de8810bd46589c63dd0a57,true,public PPA OpenPGP signing-key fingerprint; not credential material,HISTORICAL_FALSE_POSITIVE_EXACT_EXCEPTION,retain source/history; use exact fingerprint exception limited to these provenance paths; rescan with config
213,42,310119f91d5a4a89fcbf06ffe8e9ae84ea7c2a73,validation_back01_integration/candidates/chromium-common_151.0.7922.108-1xtradeb1.2404.1_amd64/REQUESTED_RUNTIME.env,.env,generic-api-key,7,7,validation_back01_integration/candidates/chromium-common_151.0.7922.108-1xtradeb1.2404.1_amd64/REQUESTED_RUNTIME.env:generic-api-key:7,78973e97080e78f40b0550ed761874416b1e812caedf692b926e1e47523f6d3b,true,public PPA OpenPGP signing-key fingerprint; not credential material,HISTORICAL_FALSE_POSITIVE_EXACT_EXCEPTION,retain source/history; use exact fingerprint exception limited to these provenance paths; rescan with config
214,42,310119f91d5a4a89fcbf06ffe8e9ae84ea7c2a73,validation_back01_integration/candidates/chromium_151.0.7922.108-1xtradeb1.2404.1_amd64/REQUESTED_RUNTIME.env,.env,generic-api-key,7,7,validation_back01_integration/candidates/chromium_151.0.7922.108-1xtradeb1.2404.1_amd64/REQUESTED_RUNTIME.env:generic-api-key:7,154d14564c1c2aa827f6755952109fb93d4b328c9f83c3754374dc1cb608f89d,true,public PPA OpenPGP signing-key fingerprint; not credential material,HISTORICAL_FALSE_POSITIVE_EXACT_EXCEPTION,retain source/history; use exact fingerprint exception limited to these provenance paths; rescan with config
215,42,310119f91d5a4a89fcbf06ffe8e9ae84ea7c2a73,validation_back01_integration/final/chromium_runtime_candidate_108_provenance.out,.out,generic-api-key,8,9,validation_back01_integration/final/chromium_runtime_candidate_108_provenance.out:generic-api-key:8,ee7be452cf88c2efb9bec7a6b8d0cbc8c4b22f45162c1f90b02e44d2be1c9127,true,public PPA OpenPGP signing-key fingerprint; not credential material,HISTORICAL_FALSE_POSITIVE_EXACT_EXCEPTION,retain source/history; use exact fingerprint exception limited to these provenance paths; rescan with config
216,42,310119f91d5a4a89fcbf06ffe8e9ae84ea7c2a73,validation_back01_integration/final/runtime_release_capture_qa/REQUESTED_RUNTIME.env,.env,generic-api-key,7,7,validation_back01_integration/final/runtime_release_capture_qa/REQUESTED_RUNTIME.env:generic-api-key:7,c86db7c48db34f8c392f18ef97279b4ee5acc89db607b25427a07802d3670ecf,true,public PPA OpenPGP signing-key fingerprint; not credential material,HISTORICAL_FALSE_POSITIVE_EXACT_EXCEPTION,retain source/history; use exact fingerprint exception limited to these provenance paths; rescan with config
217,43,067ae29177a47dd39d98d2d5cba4d5ed7d80e260,release/back01-minimal/RUNTIME_CANDIDATE_CHROMIUM_151.0.7922.108.json,.json,generic-api-key,14,14,release/back01-minimal/RUNTIME_CANDIDATE_CHROMIUM_151.0.7922.108.json:generic-api-key:14,29788ebe77284706b366c975a9a9cfa4819dfbc84cac6ad2e8869fc285e6b3ad,true,public PPA OpenPGP signing-key fingerprint; not credential material,HISTORICAL_FALSE_POSITIVE_EXACT_EXCEPTION,retain source/history; use exact fingerprint exception limited to these provenance paths; rescan with config
218,43,067ae29177a47dd39d98d2d5cba4d5ed7d80e260,release/back01-minimal/RUNTIME_RELEASE_LOCK.json,.json,generic-api-key,16,16,release/back01-minimal/RUNTIME_RELEASE_LOCK.json:generic-api-key:16,7d9dd3f6223dfdb5f383e41ce81aecbd874bf002b0de8810bd46589c63dd0a57,true,public PPA OpenPGP signing-key fingerprint; not credential material,HISTORICAL_FALSE_POSITIVE_EXACT_EXCEPTION,retain source/history; use exact fingerprint exception limited to these provenance paths; rescan with config
219,43,067ae29177a47dd39d98d2d5cba4d5ed7d80e260,validation_back01_integration/candidates/chromium-common_151.0.7922.108-1xtradeb1.2404.1_amd64/REQUESTED_RUNTIME.env,.env,generic-api-key,7,7,validation_back01_integration/candidates/chromium-common_151.0.7922.108-1xtradeb1.2404.1_amd64/REQUESTED_RUNTIME.env:generic-api-key:7,78973e97080e78f40b0550ed761874416b1e812caedf692b926e1e47523f6d3b,true,public PPA OpenPGP signing-key fingerprint; not credential material,HISTORICAL_FALSE_POSITIVE_EXACT_EXCEPTION,retain source/history; use exact fingerprint exception limited to these provenance paths; rescan with config
220,43,067ae29177a47dd39d98d2d5cba4d5ed7d80e260,validation_back01_integration/candidates/chromium_151.0.7922.108-1xtradeb1.2404.1_amd64/REQUESTED_RUNTIME.env,.env,generic-api-key,7,7,validation_back01_integration/candidates/chromium_151.0.7922.108-1xtradeb1.2404.1_amd64/REQUESTED_RUNTIME.env:generic-api-key:7,154d14564c1c2aa827f6755952109fb93d4b328c9f83c3754374dc1cb608f89d,true,public PPA OpenPGP signing-key fingerprint; not credential material,HISTORICAL_FALSE_POSITIVE_EXACT_EXCEPTION,retain source/history; use exact fingerprint exception limited to these provenance paths; rescan with config
221,43,067ae29177a47dd39d98d2d5cba4d5ed7d80e260,validation_back01_integration/final/chromium_runtime_candidate_108_provenance.out,.out,generic-api-key,8,9,validation_back01_integration/final/chromium_runtime_candidate_108_provenance.out:generic-api-key:8,ee7be452cf88c2efb9bec7a6b8d0cbc8c4b22f45162c1f90b02e44d2be1c9127,true,public PPA OpenPGP signing-key fingerprint; not credential material,HISTORICAL_FALSE_POSITIVE_EXACT_EXCEPTION,retain source/history; use exact fingerprint exception limited to these provenance paths; rescan with config
222,43,067ae29177a47dd39d98d2d5cba4d5ed7d80e260,validation_back01_integration/final/runtime_release_capture_qa/REQUESTED_RUNTIME.env,.env,generic-api-key,7,7,validation_back01_integration/final/runtime_release_capture_qa/REQUESTED_RUNTIME.env:generic-api-key:7,c86db7c48db34f8c392f18ef97279b4ee5acc89db607b25427a07802d3670ecf,true,public PPA OpenPGP signing-key fingerprint; not credential material,HISTORICAL_FALSE_POSITIVE_EXACT_EXCEPTION,retain source/history; use exact fingerprint exception limited to these provenance paths; rescan with config
223,44,25afca8ee005d22f8d98c3f44ed7de70d661f2cd,release/back01-minimal/RUNTIME_CANDIDATE_CHROMIUM_151.0.7922.108.json,.json,generic-api-key,14,14,release/back01-minimal/RUNTIME_CANDIDATE_CHROMIUM_151.0.7922.108.json:generic-api-key:14,29788ebe77284706b366c975a9a9cfa4819dfbc84cac6ad2e8869fc285e6b3ad,true,public PPA OpenPGP signing-key fingerprint; not credential material,HISTORICAL_FALSE_POSITIVE_EXACT_EXCEPTION,retain source/history; use exact fingerprint exception limited to these provenance paths; rescan with config
224,44,25afca8ee005d22f8d98c3f44ed7de70d661f2cd,release/back01-minimal/RUNTIME_RELEASE_LOCK.json,.json,generic-api-key,16,16,release/back01-minimal/RUNTIME_RELEASE_LOCK.json:generic-api-key:16,7d9dd3f6223dfdb5f383e41ce81aecbd874bf002b0de8810bd46589c63dd0a57,true,public PPA OpenPGP signing-key fingerprint; not credential material,HISTORICAL_FALSE_POSITIVE_EXACT_EXCEPTION,retain source/history; use exact fingerprint exception limited to these provenance paths; rescan with config
225,44,25afca8ee005d22f8d98c3f44ed7de70d661f2cd,validation_back01_integration/candidates/chromium-common_151.0.7922.108-1xtradeb1.2404.1_amd64/REQUESTED_RUNTIME.env,.env,generic-api-key,7,7,validation_back01_integration/candidates/chromium-common_151.0.7922.108-1xtradeb1.2404.1_amd64/REQUESTED_RUNTIME.env:generic-api-key:7,78973e97080e78f40b0550ed761874416b1e812caedf692b926e1e47523f6d3b,true,public PPA OpenPGP signing-key fingerprint; not credential material,HISTORICAL_FALSE_POSITIVE_EXACT_EXCEPTION,retain source/history; use exact fingerprint exception limited to these provenance paths; rescan with config
226,44,25afca8ee005d22f8d98c3f44ed7de70d661f2cd,validation_back01_integration/candidates/chromium_151.0.7922.108-1xtradeb1.2404.1_amd64/REQUESTED_RUNTIME.env,.env,generic-api-key,7,7,validation_back01_integration/candidates/chromium_151.0.7922.108-1xtradeb1.2404.1_amd64/REQUESTED_RUNTIME.env:generic-api-key:7,154d14564c1c2aa827f6755952109fb93d4b328c9f83c3754374dc1cb608f89d,true,public PPA OpenPGP signing-key fingerprint; not credential material,HISTORICAL_FALSE_POSITIVE_EXACT_EXCEPTION,retain source/history; use exact fingerprint exception limited to these provenance paths; rescan with config
227,44,25afca8ee005d22f8d98c3f44ed7de70d661f2cd,validation_back01_integration/final/chromium_runtime_candidate_108_provenance.out,.out,generic-api-key,8,9,validation_back01_integration/final/chromium_runtime_candidate_108_provenance.out:generic-api-key:8,ee7be452cf88c2efb9bec7a6b8d0cbc8c4b22f45162c1f90b02e44d2be1c9127,true,public PPA OpenPGP signing-key fingerprint; not credential material,HISTORICAL_FALSE_POSITIVE_EXACT_EXCEPTION,retain source/history; use exact fingerprint exception limited to these provenance paths; rescan with config
228,44,25afca8ee005d22f8d98c3f44ed7de70d661f2cd,validation_back01_integration/final/runtime_release_capture_qa/REQUESTED_RUNTIME.env,.env,generic-api-key,7,7,validation_back01_integration/final/runtime_release_capture_qa/REQUESTED_RUNTIME.env:generic-api-key:7,c86db7c48db34f8c392f18ef97279b4ee5acc89db607b25427a07802d3670ecf,true,public PPA OpenPGP signing-key fingerprint; not credential material,HISTORICAL_FALSE_POSITIVE_EXACT_EXCEPTION,retain source/history; use exact fingerprint exception limited to these provenance paths; rescan with config
229,45,7efa7efe0e1d28bc2ad8f4333cb2119b98fa13ea,release/back01-minimal/RUNTIME_RELEASE_LOCK.json,.json,generic-api-key,16,16,release/back01-minimal/RUNTIME_RELEASE_LOCK.json:generic-api-key:16,7d9dd3f6223dfdb5f383e41ce81aecbd874bf002b0de8810bd46589c63dd0a57,true,public PPA OpenPGP signing-key fingerprint; not credential material,HISTORICAL_FALSE_POSITIVE_EXACT_EXCEPTION,retain source/history; use exact fingerprint exception limited to these provenance paths; rescan with config
230,45,7efa7efe0e1d28bc2ad8f4333cb2119b98fa13ea,release/back01-minimal/RUNTIME_CANDIDATE_CHROMIUM_151.0.7922.108.json,.json,generic-api-key,14,14,release/back01-minimal/RUNTIME_CANDIDATE_CHROMIUM_151.0.7922.108.json:generic-api-key:14,29788ebe77284706b366c975a9a9cfa4819dfbc84cac6ad2e8869fc285e6b3ad,true,public PPA OpenPGP signing-key fingerprint; not credential material,HISTORICAL_FALSE_POSITIVE_EXACT_EXCEPTION,retain source/history; use exact fingerprint exception limited to these provenance paths; rescan with config
231,45,7efa7efe0e1d28bc2ad8f4333cb2119b98fa13ea,validation_back01_integration/candidates/chromium-common_151.0.7922.108-1xtradeb1.2404.1_amd64/REQUESTED_RUNTIME.env,.env,generic-api-key,7,7,validation_back01_integration/candidates/chromium-common_151.0.7922.108-1xtradeb1.2404.1_amd64/REQUESTED_RUNTIME.env:generic-api-key:7,78973e97080e78f40b0550ed761874416b1e812caedf692b926e1e47523f6d3b,true,public PPA OpenPGP signing-key fingerprint; not credential material,HISTORICAL_FALSE_POSITIVE_EXACT_EXCEPTION,retain source/history; use exact fingerprint exception limited to these provenance paths; rescan with config
232,45,7efa7efe0e1d28bc2ad8f4333cb2119b98fa13ea,validation_back01_integration/candidates/chromium_151.0.7922.108-1xtradeb1.2404.1_amd64/REQUESTED_RUNTIME.env,.env,generic-api-key,7,7,validation_back01_integration/candidates/chromium_151.0.7922.108-1xtradeb1.2404.1_amd64/REQUESTED_RUNTIME.env:generic-api-key:7,154d14564c1c2aa827f6755952109fb93d4b328c9f83c3754374dc1cb608f89d,true,public PPA OpenPGP signing-key fingerprint; not credential material,HISTORICAL_FALSE_POSITIVE_EXACT_EXCEPTION,retain source/history; use exact fingerprint exception limited to these provenance paths; rescan with config
233,45,7efa7efe0e1d28bc2ad8f4333cb2119b98fa13ea,validation_back01_integration/final/chromium_runtime_candidate_108_provenance.out,.out,generic-api-key,8,9,validation_back01_integration/final/chromium_runtime_candidate_108_provenance.out:generic-api-key:8,ee7be452cf88c2efb9bec7a6b8d0cbc8c4b22f45162c1f90b02e44d2be1c9127,true,public PPA OpenPGP signing-key fingerprint; not credential material,HISTORICAL_FALSE_POSITIVE_EXACT_EXCEPTION,retain source/history; use exact fingerprint exception limited to these provenance paths; rescan with config
234,45,7efa7efe0e1d28bc2ad8f4333cb2119b98fa13ea,validation_back01_integration/final/runtime_release_capture_qa/REQUESTED_RUNTIME.env,.env,generic-api-key,7,7,validation_back01_integration/final/runtime_release_capture_qa/REQUESTED_RUNTIME.env:generic-api-key:7,c86db7c48db34f8c392f18ef97279b4ee5acc89db607b25427a07802d3670ecf,true,public PPA OpenPGP signing-key fingerprint; not credential material,HISTORICAL_FALSE_POSITIVE_EXACT_EXCEPTION,retain source/history; use exact fingerprint exception limited to these provenance paths; rescan with config
235,46,b7f067700c6d5b1afb504526b5a09e9c65f10eb8,release/back01-minimal/RUNTIME_RELEASE_LOCK.json,.json,generic-api-key,16,16,release/back01-minimal/RUNTIME_RELEASE_LOCK.json:generic-api-key:16,7d9dd3f6223dfdb5f383e41ce81aecbd874bf002b0de8810bd46589c63dd0a57,true,public PPA OpenPGP signing-key fingerprint; not credential material,HISTORICAL_FALSE_POSITIVE_EXACT_EXCEPTION,retain source/history; use exact fingerprint exception limited to these provenance paths; rescan with config
236,46,b7f067700c6d5b1afb504526b5a09e9c65f10eb8,release/back01-minimal/RUNTIME_CANDIDATE_CHROMIUM_151.0.7922.108.json,.json,generic-api-key,14,14,release/back01-minimal/RUNTIME_CANDIDATE_CHROMIUM_151.0.7922.108.json:generic-api-key:14,29788ebe77284706b366c975a9a9cfa4819dfbc84cac6ad2e8869fc285e6b3ad,true,public PPA OpenPGP signing-key fingerprint; not credential material,HISTORICAL_FALSE_POSITIVE_EXACT_EXCEPTION,retain source/history; use exact fingerprint exception limited to these provenance paths; rescan with config
237,46,b7f067700c6d5b1afb504526b5a09e9c65f10eb8,validation_back01_integration/candidates/chromium-common_151.0.7922.108-1xtradeb1.2404.1_amd64/REQUESTED_RUNTIME.env,.env,generic-api-key,7,7,validation_back01_integration/candidates/chromium-common_151.0.7922.108-1xtradeb1.2404.1_amd64/REQUESTED_RUNTIME.env:generic-api-key:7,78973e97080e78f40b0550ed761874416b1e812caedf692b926e1e47523f6d3b,true,public PPA OpenPGP signing-key fingerprint; not credential material,HISTORICAL_FALSE_POSITIVE_EXACT_EXCEPTION,retain source/history; use exact fingerprint exception limited to these provenance paths; rescan with config
238,46,b7f067700c6d5b1afb504526b5a09e9c65f10eb8,validation_back01_integration/candidates/chromium_151.0.7922.108-1xtradeb1.2404.1_amd64/REQUESTED_RUNTIME.env,.env,generic-api-key,7,7,validation_back01_integration/candidates/chromium_151.0.7922.108-1xtradeb1.2404.1_amd64/REQUESTED_RUNTIME.env:generic-api-key:7,154d14564c1c2aa827f6755952109fb93d4b328c9f83c3754374dc1cb608f89d,true,public PPA OpenPGP signing-key fingerprint; not credential material,HISTORICAL_FALSE_POSITIVE_EXACT_EXCEPTION,retain source/history; use exact fingerprint exception limited to these provenance paths; rescan with config
239,46,b7f067700c6d5b1afb504526b5a09e9c65f10eb8,validation_back01_integration/final/chromium_runtime_candidate_108_provenance.out,.out,generic-api-key,8,9,validation_back01_integration/final/chromium_runtime_candidate_108_provenance.out:generic-api-key:8,ee7be452cf88c2efb9bec7a6b8d0cbc8c4b22f45162c1f90b02e44d2be1c9127,true,public PPA OpenPGP signing-key fingerprint; not credential material,HISTORICAL_FALSE_POSITIVE_EXACT_EXCEPTION,retain source/history; use exact fingerprint exception limited to these provenance paths; rescan with config
240,46,b7f067700c6d5b1afb504526b5a09e9c65f10eb8,validation_back01_integration/final/runtime_release_capture_qa/REQUESTED_RUNTIME.env,.env,generic-api-key,7,7,validation_back01_integration/final/runtime_release_capture_qa/REQUESTED_RUNTIME.env:generic-api-key:7,c86db7c48db34f8c392f18ef97279b4ee5acc89db607b25427a07802d3670ecf,true,public PPA OpenPGP signing-key fingerprint; not credential material,HISTORICAL_FALSE_POSITIVE_EXACT_EXCEPTION,retain source/history; use exact fingerprint exception limited to these provenance paths; rescan with config
241,47,f74f340a3c568780ed720a16523413d596ca2a2f,release/back01-minimal/RUNTIME_CANDIDATE_CHROMIUM_151.0.7922.108.json,.json,generic-api-key,14,14,release/back01-minimal/RUNTIME_CANDIDATE_CHROMIUM_151.0.7922.108.json:generic-api-key:14,29788ebe77284706b366c975a9a9cfa4819dfbc84cac6ad2e8869fc285e6b3ad,true,public PPA OpenPGP signing-key fingerprint; not credential material,HISTORICAL_FALSE_POSITIVE_EXACT_EXCEPTION,retain source/history; use exact fingerprint exception limited to these provenance paths; rescan with config
242,47,f74f340a3c568780ed720a16523413d596ca2a2f,release/back01-minimal/RUNTIME_RELEASE_LOCK.json,.json,generic-api-key,16,16,release/back01-minimal/RUNTIME_RELEASE_LOCK.json:generic-api-key:16,7d9dd3f6223dfdb5f383e41ce81aecbd874bf002b0de8810bd46589c63dd0a57,true,public PPA OpenPGP signing-key fingerprint; not credential material,HISTORICAL_FALSE_POSITIVE_EXACT_EXCEPTION,retain source/history; use exact fingerprint exception limited to these provenance paths; rescan with config
243,47,f74f340a3c568780ed720a16523413d596ca2a2f,validation_back01_integration/candidates/chromium-common_151.0.7922.108-1xtradeb1.2404.1_amd64/REQUESTED_RUNTIME.env,.env,generic-api-key,7,7,validation_back01_integration/candidates/chromium-common_151.0.7922.108-1xtradeb1.2404.1_amd64/REQUESTED_RUNTIME.env:generic-api-key:7,78973e97080e78f40b0550ed761874416b1e812caedf692b926e1e47523f6d3b,true,public PPA OpenPGP signing-key fingerprint; not credential material,HISTORICAL_FALSE_POSITIVE_EXACT_EXCEPTION,retain source/history; use exact fingerprint exception limited to these provenance paths; rescan with config
244,47,f74f340a3c568780ed720a16523413d596ca2a2f,validation_back01_integration/candidates/chromium_151.0.7922.108-1xtradeb1.2404.1_amd64/REQUESTED_RUNTIME.env,.env,generic-api-key,7,7,validation_back01_integration/candidates/chromium_151.0.7922.108-1xtradeb1.2404.1_amd64/REQUESTED_RUNTIME.env:generic-api-key:7,154d14564c1c2aa827f6755952109fb93d4b328c9f83c3754374dc1cb608f89d,true,public PPA OpenPGP signing-key fingerprint; not credential material,HISTORICAL_FALSE_POSITIVE_EXACT_EXCEPTION,retain source/history; use exact fingerprint exception limited to these provenance paths; rescan with config
245,47,f74f340a3c568780ed720a16523413d596ca2a2f,validation_back01_integration/final/chromium_runtime_candidate_108_provenance.out,.out,generic-api-key,8,9,validation_back01_integration/final/chromium_runtime_candidate_108_provenance.out:generic-api-key:8,ee7be452cf88c2efb9bec7a6b8d0cbc8c4b22f45162c1f90b02e44d2be1c9127,true,public PPA OpenPGP signing-key fingerprint; not credential material,HISTORICAL_FALSE_POSITIVE_EXACT_EXCEPTION,retain source/history; use exact fingerprint exception limited to these provenance paths; rescan with config
246,47,f74f340a3c568780ed720a16523413d596ca2a2f,validation_back01_integration/final/runtime_release_capture_qa/REQUESTED_RUNTIME.env,.env,generic-api-key,7,7,validation_back01_integration/final/runtime_release_capture_qa/REQUESTED_RUNTIME.env:generic-api-key:7,c86db7c48db34f8c392f18ef97279b4ee5acc89db607b25427a07802d3670ecf,true,public PPA OpenPGP signing-key fingerprint; not credential material,HISTORICAL_FALSE_POSITIVE_EXACT_EXCEPTION,retain source/history; use exact fingerprint exception limited to these provenance paths; rescan with config
247,48,e6e63574c816ec12ac7115b896cf6075d43bde39,release/back01-minimal/RUNTIME_CANDIDATE_CHROMIUM_151.0.7922.108.json,.json,generic-api-key,14,14,release/back01-minimal/RUNTIME_CANDIDATE_CHROMIUM_151.0.7922.108.json:generic-api-key:14,29788ebe77284706b366c975a9a9cfa4819dfbc84cac6ad2e8869fc285e6b3ad,true,public PPA OpenPGP signing-key fingerprint; not credential material,HISTORICAL_FALSE_POSITIVE_EXACT_EXCEPTION,retain source/history; use exact fingerprint exception limited to these provenance paths; rescan with config
248,48,e6e63574c816ec12ac7115b896cf6075d43bde39,release/back01-minimal/RUNTIME_RELEASE_LOCK.json,.json,generic-api-key,16,16,release/back01-minimal/RUNTIME_RELEASE_LOCK.json:generic-api-key:16,7d9dd3f6223dfdb5f383e41ce81aecbd874bf002b0de8810bd46589c63dd0a57,true,public PPA OpenPGP signing-key fingerprint; not credential material,HISTORICAL_FALSE_POSITIVE_EXACT_EXCEPTION,retain source/history; use exact fingerprint exception limited to these provenance paths; rescan with config
249,48,e6e63574c816ec12ac7115b896cf6075d43bde39,validation_back01_integration/candidates/chromium-common_151.0.7922.108-1xtradeb1.2404.1_amd64/REQUESTED_RUNTIME.env,.env,generic-api-key,7,7,validation_back01_integration/candidates/chromium-common_151.0.7922.108-1xtradeb1.2404.1_amd64/REQUESTED_RUNTIME.env:generic-api-key:7,78973e97080e78f40b0550ed761874416b1e812caedf692b926e1e47523f6d3b,true,public PPA OpenPGP signing-key fingerprint; not credential material,HISTORICAL_FALSE_POSITIVE_EXACT_EXCEPTION,retain source/history; use exact fingerprint exception limited to these provenance paths; rescan with config
250,48,e6e63574c816ec12ac7115b896cf6075d43bde39,validation_back01_integration/candidates/chromium_151.0.7922.108-1xtradeb1.2404.1_amd64/REQUESTED_RUNTIME.env,.env,generic-api-key,7,7,validation_back01_integration/candidates/chromium_151.0.7922.108-1xtradeb1.2404.1_amd64/REQUESTED_RUNTIME.env:generic-api-key:7,154d14564c1c2aa827f6755952109fb93d4b328c9f83c3754374dc1cb608f89d,true,public PPA OpenPGP signing-key fingerprint; not credential material,HISTORICAL_FALSE_POSITIVE_EXACT_EXCEPTION,retain source/history; use exact fingerprint exception limited to these provenance paths; rescan with config
251,48,e6e63574c816ec12ac7115b896cf6075d43bde39,validation_back01_integration/final/chromium_runtime_candidate_108_provenance.out,.out,generic-api-key,8,9,validation_back01_integration/final/chromium_runtime_candidate_108_provenance.out:generic-api-key:8,ee7be452cf88c2efb9bec7a6b8d0cbc8c4b22f45162c1f90b02e44d2be1c9127,true,public PPA OpenPGP signing-key fingerprint; not credential material,HISTORICAL_FALSE_POSITIVE_EXACT_EXCEPTION,retain source/history; use exact fingerprint exception limited to these provenance paths; rescan with config
252,48,e6e63574c816ec12ac7115b896cf6075d43bde39,validation_back01_integration/final/runtime_release_capture_qa/REQUESTED_RUNTIME.env,.env,generic-api-key,7,7,validation_back01_integration/final/runtime_release_capture_qa/REQUESTED_RUNTIME.env:generic-api-key:7,c86db7c48db34f8c392f18ef97279b4ee5acc89db607b25427a07802d3670ecf,true,public PPA OpenPGP signing-key fingerprint; not credential material,HISTORICAL_FALSE_POSITIVE_EXACT_EXCEPTION,retain source/history; use exact fingerprint exception limited to these provenance paths; rescan with config
253,49,696dd8a16a31978b5ec1ef32289c0897ca7e9cd6,release/back01-minimal/RUNTIME_CANDIDATE_CHROMIUM_151.0.7922.108.json,.json,generic-api-key,14,14,release/back01-minimal/RUNTIME_CANDIDATE_CHROMIUM_151.0.7922.108.json:generic-api-key:14,29788ebe77284706b366c975a9a9cfa4819dfbc84cac6ad2e8869fc285e6b3ad,true,public PPA OpenPGP signing-key fingerprint; not credential material,HISTORICAL_FALSE_POSITIVE_EXACT_EXCEPTION,retain source/history; use exact fingerprint exception limited to these provenance paths; rescan with config
254,49,696dd8a16a31978b5ec1ef32289c0897ca7e9cd6,release/back01-minimal/RUNTIME_RELEASE_LOCK.json,.json,generic-api-key,16,16,release/back01-minimal/RUNTIME_RELEASE_LOCK.json:generic-api-key:16,7d9dd3f6223dfdb5f383e41ce81aecbd874bf002b0de8810bd46589c63dd0a57,true,public PPA OpenPGP signing-key fingerprint; not credential material,HISTORICAL_FALSE_POSITIVE_EXACT_EXCEPTION,retain source/history; use exact fingerprint exception limited to these provenance paths; rescan with config
255,49,696dd8a16a31978b5ec1ef32289c0897ca7e9cd6,validation_back01_integration/candidates/chromium-common_151.0.7922.108-1xtradeb1.2404.1_amd64/REQUESTED_RUNTIME.env,.env,generic-api-key,7,7,validation_back01_integration/candidates/chromium-common_151.0.7922.108-1xtradeb1.2404.1_amd64/REQUESTED_RUNTIME.env:generic-api-key:7,78973e97080e78f40b0550ed761874416b1e812caedf692b926e1e47523f6d3b,true,public PPA OpenPGP signing-key fingerprint; not credential material,HISTORICAL_FALSE_POSITIVE_EXACT_EXCEPTION,retain source/history; use exact fingerprint exception limited to these provenance paths; rescan with config
256,49,696dd8a16a31978b5ec1ef32289c0897ca7e9cd6,validation_back01_integration/candidates/chromium_151.0.7922.108-1xtradeb1.2404.1_amd64/REQUESTED_RUNTIME.env,.env,generic-api-key,7,7,validation_back01_integration/candidates/chromium_151.0.7922.108-1xtradeb1.2404.1_amd64/REQUESTED_RUNTIME.env:generic-api-key:7,154d14564c1c2aa827f6755952109fb93d4b328c9f83c3754374dc1cb608f89d,true,public PPA OpenPGP signing-key fingerprint; not credential material,HISTORICAL_FALSE_POSITIVE_EXACT_EXCEPTION,retain source/history; use exact fingerprint exception limited to these provenance paths; rescan with config
257,49,696dd8a16a31978b5ec1ef32289c0897ca7e9cd6,validation_back01_integration/final/chromium_runtime_candidate_108_provenance.out,.out,generic-api-key,8,9,validation_back01_integration/final/chromium_runtime_candidate_108_provenance.out:generic-api-key:8,ee7be452cf88c2efb9bec7a6b8d0cbc8c4b22f45162c1f90b02e44d2be1c9127,true,public PPA OpenPGP signing-key fingerprint; not credential material,HISTORICAL_FALSE_POSITIVE_EXACT_EXCEPTION,retain source/history; use exact fingerprint exception limited to these provenance paths; rescan with config
258,49,696dd8a16a31978b5ec1ef32289c0897ca7e9cd6,validation_back01_integration/final/runtime_release_capture_qa/REQUESTED_RUNTIME.env,.env,generic-api-key,7,7,validation_back01_integration/final/runtime_release_capture_qa/REQUESTED_RUNTIME.env:generic-api-key:7,c86db7c48db34f8c392f18ef97279b4ee5acc89db607b25427a07802d3670ecf,true,public PPA OpenPGP signing-key fingerprint; not credential material,HISTORICAL_FALSE_POSITIVE_EXACT_EXCEPTION,retain source/history; use exact fingerprint exception limited to these provenance paths; rescan with config
259,4,9d40bb4210a76e1fe0574292fc010dd2ae52eb31,release/back01-minimal/RUNTIME_RELEASE_LOCK.json,.json,generic-api-key,16,16,release/back01-minimal/RUNTIME_RELEASE_LOCK.json:generic-api-key:16,7d9dd3f6223dfdb5f383e41ce81aecbd874bf002b0de8810bd46589c63dd0a57,true,public PPA OpenPGP signing-key fingerprint; not credential material,HISTORICAL_FALSE_POSITIVE_EXACT_EXCEPTION,retain source/history; use exact fingerprint exception limited to these provenance paths; rescan with config
260,4,9d40bb4210a76e1fe0574292fc010dd2ae52eb31,release/back01-minimal/RUNTIME_CANDIDATE_CHROMIUM_151.0.7922.108.json,.json,generic-api-key,14,14,release/back01-minimal/RUNTIME_CANDIDATE_CHROMIUM_151.0.7922.108.json:generic-api-key:14,29788ebe77284706b366c975a9a9cfa4819dfbc84cac6ad2e8869fc285e6b3ad,true,public PPA OpenPGP signing-key fingerprint; not credential material,HISTORICAL_FALSE_POSITIVE_EXACT_EXCEPTION,retain source/history; use exact fingerprint exception limited to these provenance paths; rescan with config
261,4,9d40bb4210a76e1fe0574292fc010dd2ae52eb31,validation_back01_integration/candidates/chromium-common_151.0.7922.108-1xtradeb1.2404.1_amd64/REQUESTED_RUNTIME.env,.env,generic-api-key,7,7,validation_back01_integration/candidates/chromium-common_151.0.7922.108-1xtradeb1.2404.1_amd64/REQUESTED_RUNTIME.env:generic-api-key:7,78973e97080e78f40b0550ed761874416b1e812caedf692b926e1e47523f6d3b,true,public PPA OpenPGP signing-key fingerprint; not credential material,HISTORICAL_FALSE_POSITIVE_EXACT_EXCEPTION,retain source/history; use exact fingerprint exception limited to these provenance paths; rescan with config
262,4,9d40bb4210a76e1fe0574292fc010dd2ae52eb31,validation_back01_integration/candidates/chromium_151.0.7922.108-1xtradeb1.2404.1_amd64/REQUESTED_RUNTIME.env,.env,generic-api-key,7,7,validation_back01_integration/candidates/chromium_151.0.7922.108-1xtradeb1.2404.1_amd64/REQUESTED_RUNTIME.env:generic-api-key:7,154d14564c1c2aa827f6755952109fb93d4b328c9f83c3754374dc1cb608f89d,true,public PPA OpenPGP signing-key fingerprint; not credential material,HISTORICAL_FALSE_POSITIVE_EXACT_EXCEPTION,retain source/history; use exact fingerprint exception limited to these provenance paths; rescan with config
263,4,9d40bb4210a76e1fe0574292fc010dd2ae52eb31,validation_back01_integration/final/chromium_runtime_candidate_108_provenance.out,.out,generic-api-key,8,9,validation_back01_integration/final/chromium_runtime_candidate_108_provenance.out:generic-api-key:8,ee7be452cf88c2efb9bec7a6b8d0cbc8c4b22f45162c1f90b02e44d2be1c9127,true,public PPA OpenPGP signing-key fingerprint; not credential material,HISTORICAL_FALSE_POSITIVE_EXACT_EXCEPTION,retain source/history; use exact fingerprint exception limited to these provenance paths; rescan with config
264,4,9d40bb4210a76e1fe0574292fc010dd2ae52eb31,validation_back01_integration/final/runtime_release_capture_qa/REQUESTED_RUNTIME.env,.env,generic-api-key,7,7,validation_back01_integration/final/runtime_release_capture_qa/REQUESTED_RUNTIME.env:generic-api-key:7,c86db7c48db34f8c392f18ef97279b4ee5acc89db607b25427a07802d3670ecf,true,public PPA OpenPGP signing-key fingerprint; not credential material,HISTORICAL_FALSE_POSITIVE_EXACT_EXCEPTION,retain source/history; use exact fingerprint exception limited to these provenance paths; rescan with config
265,50,7514885bd2382757d61b1616ece754e46221d33e,release/back01-minimal/RUNTIME_CANDIDATE_CHROMIUM_151.0.7922.108.json,.json,generic-api-key,14,14,release/back01-minimal/RUNTIME_CANDIDATE_CHROMIUM_151.0.7922.108.json:generic-api-key:14,29788ebe77284706b366c975a9a9cfa4819dfbc84cac6ad2e8869fc285e6b3ad,true,public PPA OpenPGP signing-key fingerprint; not credential material,HISTORICAL_FALSE_POSITIVE_EXACT_EXCEPTION,retain source/history; use exact fingerprint exception limited to these provenance paths; rescan with config
266,50,7514885bd2382757d61b1616ece754e46221d33e,release/back01-minimal/RUNTIME_RELEASE_LOCK.json,.json,generic-api-key,16,16,release/back01-minimal/RUNTIME_RELEASE_LOCK.json:generic-api-key:16,7d9dd3f6223dfdb5f383e41ce81aecbd874bf002b0de8810bd46589c63dd0a57,true,public PPA OpenPGP signing-key fingerprint; not credential material,HISTORICAL_FALSE_POSITIVE_EXACT_EXCEPTION,retain source/history; use exact fingerprint exception limited to these provenance paths; rescan with config
267,50,7514885bd2382757d61b1616ece754e46221d33e,validation_back01_integration/candidates/chromium-common_151.0.7922.108-1xtradeb1.2404.1_amd64/REQUESTED_RUNTIME.env,.env,generic-api-key,7,7,validation_back01_integration/candidates/chromium-common_151.0.7922.108-1xtradeb1.2404.1_amd64/REQUESTED_RUNTIME.env:generic-api-key:7,78973e97080e78f40b0550ed761874416b1e812caedf692b926e1e47523f6d3b,true,public PPA OpenPGP signing-key fingerprint; not credential material,HISTORICAL_FALSE_POSITIVE_EXACT_EXCEPTION,retain source/history; use exact fingerprint exception limited to these provenance paths; rescan with config
268,50,7514885bd2382757d61b1616ece754e46221d33e,validation_back01_integration/candidates/chromium_151.0.7922.108-1xtradeb1.2404.1_amd64/REQUESTED_RUNTIME.env,.env,generic-api-key,7,7,validation_back01_integration/candidates/chromium_151.0.7922.108-1xtradeb1.2404.1_amd64/REQUESTED_RUNTIME.env:generic-api-key:7,154d14564c1c2aa827f6755952109fb93d4b328c9f83c3754374dc1cb608f89d,true,public PPA OpenPGP signing-key fingerprint; not credential material,HISTORICAL_FALSE_POSITIVE_EXACT_EXCEPTION,retain source/history; use exact fingerprint exception limited to these provenance paths; rescan with config
269,50,7514885bd2382757d61b1616ece754e46221d33e,validation_back01_integration/final/chromium_runtime_candidate_108_provenance.out,.out,generic-api-key,8,9,validation_back01_integration/final/chromium_runtime_candidate_108_provenance.out:generic-api-key:8,ee7be452cf88c2efb9bec7a6b8d0cbc8c4b22f45162c1f90b02e44d2be1c9127,true,public PPA OpenPGP signing-key fingerprint; not credential material,HISTORICAL_FALSE_POSITIVE_EXACT_EXCEPTION,retain source/history; use exact fingerprint exception limited to these provenance paths; rescan with config
270,50,7514885bd2382757d61b1616ece754e46221d33e,validation_back01_integration/final/runtime_release_capture_qa/REQUESTED_RUNTIME.env,.env,generic-api-key,7,7,validation_back01_integration/final/runtime_release_capture_qa/REQUESTED_RUNTIME.env:generic-api-key:7,c86db7c48db34f8c392f18ef97279b4ee5acc89db607b25427a07802d3670ecf,true,public PPA OpenPGP signing-key fingerprint; not credential material,HISTORICAL_FALSE_POSITIVE_EXACT_EXCEPTION,retain source/history; use exact fingerprint exception limited to these provenance paths; rescan with config
271,51,db0dd08e19b61d2894cd566eaa4d869f70eb402e,release/back01-minimal/RUNTIME_CANDIDATE_CHROMIUM_151.0.7922.108.json,.json,generic-api-key,14,14,release/back01-minimal/RUNTIME_CANDIDATE_CHROMIUM_151.0.7922.108.json:generic-api-key:14,29788ebe77284706b366c975a9a9cfa4819dfbc84cac6ad2e8869fc285e6b3ad,true,public PPA OpenPGP signing-key fingerprint; not credential material,HISTORICAL_FALSE_POSITIVE_EXACT_EXCEPTION,retain source/history; use exact fingerprint exception limited to these provenance paths; rescan with config
272,51,db0dd08e19b61d2894cd566eaa4d869f70eb402e,release/back01-minimal/RUNTIME_RELEASE_LOCK.json,.json,generic-api-key,16,16,release/back01-minimal/RUNTIME_RELEASE_LOCK.json:generic-api-key:16,7d9dd3f6223dfdb5f383e41ce81aecbd874bf002b0de8810bd46589c63dd0a57,true,public PPA OpenPGP signing-key fingerprint; not credential material,HISTORICAL_FALSE_POSITIVE_EXACT_EXCEPTION,retain source/history; use exact fingerprint exception limited to these provenance paths; rescan with config
273,51,db0dd08e19b61d2894cd566eaa4d869f70eb402e,validation_back01_integration/candidates/chromium-common_151.0.7922.108-1xtradeb1.2404.1_amd64/REQUESTED_RUNTIME.env,.env,generic-api-key,7,7,validation_back01_integration/candidates/chromium-common_151.0.7922.108-1xtradeb1.2404.1_amd64/REQUESTED_RUNTIME.env:generic-api-key:7,78973e97080e78f40b0550ed761874416b1e812caedf692b926e1e47523f6d3b,true,public PPA OpenPGP signing-key fingerprint; not credential material,HISTORICAL_FALSE_POSITIVE_EXACT_EXCEPTION,retain source/history; use exact fingerprint exception limited to these provenance paths; rescan with config
274,51,db0dd08e19b61d2894cd566eaa4d869f70eb402e,validation_back01_integration/candidates/chromium_151.0.7922.108-1xtradeb1.2404.1_amd64/REQUESTED_RUNTIME.env,.env,generic-api-key,7,7,validation_back01_integration/candidates/chromium_151.0.7922.108-1xtradeb1.2404.1_amd64/REQUESTED_RUNTIME.env:generic-api-key:7,154d14564c1c2aa827f6755952109fb93d4b328c9f83c3754374dc1cb608f89d,true,public PPA OpenPGP signing-key fingerprint; not credential material,HISTORICAL_FALSE_POSITIVE_EXACT_EXCEPTION,retain source/history; use exact fingerprint exception limited to these provenance paths; rescan with config
275,51,db0dd08e19b61d2894cd566eaa4d869f70eb402e,validation_back01_integration/final/chromium_runtime_candidate_108_provenance.out,.out,generic-api-key,8,9,validation_back01_integration/final/chromium_runtime_candidate_108_provenance.out:generic-api-key:8,ee7be452cf88c2efb9bec7a6b8d0cbc8c4b22f45162c1f90b02e44d2be1c9127,true,public PPA OpenPGP signing-key fingerprint; not credential material,HISTORICAL_FALSE_POSITIVE_EXACT_EXCEPTION,retain source/history; use exact fingerprint exception limited to these provenance paths; rescan with config
276,51,db0dd08e19b61d2894cd566eaa4d869f70eb402e,validation_back01_integration/final/runtime_release_capture_qa/REQUESTED_RUNTIME.env,.env,generic-api-key,7,7,validation_back01_integration/final/runtime_release_capture_qa/REQUESTED_RUNTIME.env:generic-api-key:7,c86db7c48db34f8c392f18ef97279b4ee5acc89db607b25427a07802d3670ecf,true,public PPA OpenPGP signing-key fingerprint; not credential material,HISTORICAL_FALSE_POSITIVE_EXACT_EXCEPTION,retain source/history; use exact fingerprint exception limited to these provenance paths; rescan with config
277,52,57d21b00e7582243b55d07445c5708be324f4986,release/back01-minimal/RUNTIME_CANDIDATE_CHROMIUM_151.0.7922.108.json,.json,generic-api-key,14,14,release/back01-minimal/RUNTIME_CANDIDATE_CHROMIUM_151.0.7922.108.json:generic-api-key:14,29788ebe77284706b366c975a9a9cfa4819dfbc84cac6ad2e8869fc285e6b3ad,true,public PPA OpenPGP signing-key fingerprint; not credential material,HISTORICAL_FALSE_POSITIVE_EXACT_EXCEPTION,retain source/history; use exact fingerprint exception limited to these provenance paths; rescan with config
278,52,57d21b00e7582243b55d07445c5708be324f4986,release/back01-minimal/RUNTIME_RELEASE_LOCK.json,.json,generic-api-key,16,16,release/back01-minimal/RUNTIME_RELEASE_LOCK.json:generic-api-key:16,7d9dd3f6223dfdb5f383e41ce81aecbd874bf002b0de8810bd46589c63dd0a57,true,public PPA OpenPGP signing-key fingerprint; not credential material,HISTORICAL_FALSE_POSITIVE_EXACT_EXCEPTION,retain source/history; use exact fingerprint exception limited to these provenance paths; rescan with config
279,52,57d21b00e7582243b55d07445c5708be324f4986,validation_back01_integration/candidates/chromium-common_151.0.7922.108-1xtradeb1.2404.1_amd64/REQUESTED_RUNTIME.env,.env,generic-api-key,7,7,validation_back01_integration/candidates/chromium-common_151.0.7922.108-1xtradeb1.2404.1_amd64/REQUESTED_RUNTIME.env:generic-api-key:7,78973e97080e78f40b0550ed761874416b1e812caedf692b926e1e47523f6d3b,true,public PPA OpenPGP signing-key fingerprint; not credential material,HISTORICAL_FALSE_POSITIVE_EXACT_EXCEPTION,retain source/history; use exact fingerprint exception limited to these provenance paths; rescan with config
280,52,57d21b00e7582243b55d07445c5708be324f4986,validation_back01_integration/candidates/chromium_151.0.7922.108-1xtradeb1.2404.1_amd64/REQUESTED_RUNTIME.env,.env,generic-api-key,7,7,validation_back01_integration/candidates/chromium_151.0.7922.108-1xtradeb1.2404.1_amd64/REQUESTED_RUNTIME.env:generic-api-key:7,154d14564c1c2aa827f6755952109fb93d4b328c9f83c3754374dc1cb608f89d,true,public PPA OpenPGP signing-key fingerprint; not credential material,HISTORICAL_FALSE_POSITIVE_EXACT_EXCEPTION,retain source/history; use exact fingerprint exception limited to these provenance paths; rescan with config
281,52,57d21b00e7582243b55d07445c5708be324f4986,validation_back01_integration/final/chromium_runtime_candidate_108_provenance.out,.out,generic-api-key,8,9,validation_back01_integration/final/chromium_runtime_candidate_108_provenance.out:generic-api-key:8,ee7be452cf88c2efb9bec7a6b8d0cbc8c4b22f45162c1f90b02e44d2be1c9127,true,public PPA OpenPGP signing-key fingerprint; not credential material,HISTORICAL_FALSE_POSITIVE_EXACT_EXCEPTION,retain source/history; use exact fingerprint exception limited to these provenance paths; rescan with config
282,52,57d21b00e7582243b55d07445c5708be324f4986,validation_back01_integration/final/runtime_release_capture_qa/REQUESTED_RUNTIME.env,.env,generic-api-key,7,7,validation_back01_integration/final/runtime_release_capture_qa/REQUESTED_RUNTIME.env:generic-api-key:7,c86db7c48db34f8c392f18ef97279b4ee5acc89db607b25427a07802d3670ecf,true,public PPA OpenPGP signing-key fingerprint; not credential material,HISTORICAL_FALSE_POSITIVE_EXACT_EXCEPTION,retain source/history; use exact fingerprint exception limited to these provenance paths; rescan with config
283,53,51745c916431dc352ad03974a72cf48395ee422f,release/back01-minimal/RUNTIME_CANDIDATE_CHROMIUM_151.0.7922.108.json,.json,generic-api-key,14,14,release/back01-minimal/RUNTIME_CANDIDATE_CHROMIUM_151.0.7922.108.json:generic-api-key:14,29788ebe77284706b366c975a9a9cfa4819dfbc84cac6ad2e8869fc285e6b3ad,true,public PPA OpenPGP signing-key fingerprint; not credential material,HISTORICAL_FALSE_POSITIVE_EXACT_EXCEPTION,retain source/history; use exact fingerprint exception limited to these provenance paths; rescan with config
284,53,51745c916431dc352ad03974a72cf48395ee422f,release/back01-minimal/RUNTIME_RELEASE_LOCK.json,.json,generic-api-key,16,16,release/back01-minimal/RUNTIME_RELEASE_LOCK.json:generic-api-key:16,7d9dd3f6223dfdb5f383e41ce81aecbd874bf002b0de8810bd46589c63dd0a57,true,public PPA OpenPGP signing-key fingerprint; not credential material,HISTORICAL_FALSE_POSITIVE_EXACT_EXCEPTION,retain source/history; use exact fingerprint exception limited to these provenance paths; rescan with config
285,53,51745c916431dc352ad03974a72cf48395ee422f,validation_back01_integration/candidates/chromium-common_151.0.7922.108-1xtradeb1.2404.1_amd64/REQUESTED_RUNTIME.env,.env,generic-api-key,7,7,validation_back01_integration/candidates/chromium-common_151.0.7922.108-1xtradeb1.2404.1_amd64/REQUESTED_RUNTIME.env:generic-api-key:7,78973e97080e78f40b0550ed761874416b1e812caedf692b926e1e47523f6d3b,true,public PPA OpenPGP signing-key fingerprint; not credential material,HISTORICAL_FALSE_POSITIVE_EXACT_EXCEPTION,retain source/history; use exact fingerprint exception limited to these provenance paths; rescan with config
286,53,51745c916431dc352ad03974a72cf48395ee422f,validation_back01_integration/candidates/chromium_151.0.7922.108-1xtradeb1.2404.1_amd64/REQUESTED_RUNTIME.env,.env,generic-api-key,7,7,validation_back01_integration/candidates/chromium_151.0.7922.108-1xtradeb1.2404.1_amd64/REQUESTED_RUNTIME.env:generic-api-key:7,154d14564c1c2aa827f6755952109fb93d4b328c9f83c3754374dc1cb608f89d,true,public PPA OpenPGP signing-key fingerprint; not credential material,HISTORICAL_FALSE_POSITIVE_EXACT_EXCEPTION,retain source/history; use exact fingerprint exception limited to these provenance paths; rescan with config
287,53,51745c916431dc352ad03974a72cf48395ee422f,validation_back01_integration/final/chromium_runtime_candidate_108_provenance.out,.out,generic-api-key,8,9,validation_back01_integration/final/chromium_runtime_candidate_108_provenance.out:generic-api-key:8,ee7be452cf88c2efb9bec7a6b8d0cbc8c4b22f45162c1f90b02e44d2be1c9127,true,public PPA OpenPGP signing-key fingerprint; not credential material,HISTORICAL_FALSE_POSITIVE_EXACT_EXCEPTION,retain source/history; use exact fingerprint exception limited to these provenance paths; rescan with config
288,53,51745c916431dc352ad03974a72cf48395ee422f,validation_back01_integration/final/runtime_release_capture_qa/REQUESTED_RUNTIME.env,.env,generic-api-key,7,7,validation_back01_integration/final/runtime_release_capture_qa/REQUESTED_RUNTIME.env:generic-api-key:7,c86db7c48db34f8c392f18ef97279b4ee5acc89db607b25427a07802d3670ecf,true,public PPA OpenPGP signing-key fingerprint; not credential material,HISTORICAL_FALSE_POSITIVE_EXACT_EXCEPTION,retain source/history; use exact fingerprint exception limited to these provenance paths; rescan with config
289,54,dfb020d3f4d0d83d7bfef68d5646aabcf4320ba2,release/back01-minimal/RUNTIME_CANDIDATE_CHROMIUM_151.0.7922.108.json,.json,generic-api-key,14,14,release/back01-minimal/RUNTIME_CANDIDATE_CHROMIUM_151.0.7922.108.json:generic-api-key:14,29788ebe77284706b366c975a9a9cfa4819dfbc84cac6ad2e8869fc285e6b3ad,true,public PPA OpenPGP signing-key fingerprint; not credential material,HISTORICAL_FALSE_POSITIVE_EXACT_EXCEPTION,retain source/history; use exact fingerprint exception limited to these provenance paths; rescan with config
290,54,dfb020d3f4d0d83d7bfef68d5646aabcf4320ba2,release/back01-minimal/RUNTIME_RELEASE_LOCK.json,.json,generic-api-key,16,16,release/back01-minimal/RUNTIME_RELEASE_LOCK.json:generic-api-key:16,7d9dd3f6223dfdb5f383e41ce81aecbd874bf002b0de8810bd46589c63dd0a57,true,public PPA OpenPGP signing-key fingerprint; not credential material,HISTORICAL_FALSE_POSITIVE_EXACT_EXCEPTION,retain source/history; use exact fingerprint exception limited to these provenance paths; rescan with config
291,54,dfb020d3f4d0d83d7bfef68d5646aabcf4320ba2,validation_back01_integration/candidates/chromium-common_151.0.7922.108-1xtradeb1.2404.1_amd64/REQUESTED_RUNTIME.env,.env,generic-api-key,7,7,validation_back01_integration/candidates/chromium-common_151.0.7922.108-1xtradeb1.2404.1_amd64/REQUESTED_RUNTIME.env:generic-api-key:7,78973e97080e78f40b0550ed761874416b1e812caedf692b926e1e47523f6d3b,true,public PPA OpenPGP signing-key fingerprint; not credential material,HISTORICAL_FALSE_POSITIVE_EXACT_EXCEPTION,retain source/history; use exact fingerprint exception limited to these provenance paths; rescan with config
292,54,dfb020d3f4d0d83d7bfef68d5646aabcf4320ba2,validation_back01_integration/candidates/chromium_151.0.7922.108-1xtradeb1.2404.1_amd64/REQUESTED_RUNTIME.env,.env,generic-api-key,7,7,validation_back01_integration/candidates/chromium_151.0.7922.108-1xtradeb1.2404.1_amd64/REQUESTED_RUNTIME.env:generic-api-key:7,154d14564c1c2aa827f6755952109fb93d4b328c9f83c3754374dc1cb608f89d,true,public PPA OpenPGP signing-key fingerprint; not credential material,HISTORICAL_FALSE_POSITIVE_EXACT_EXCEPTION,retain source/history; use exact fingerprint exception limited to these provenance paths; rescan with config
293,54,dfb020d3f4d0d83d7bfef68d5646aabcf4320ba2,validation_back01_integration/final/chromium_runtime_candidate_108_provenance.out,.out,generic-api-key,8,9,validation_back01_integration/final/chromium_runtime_candidate_108_provenance.out:generic-api-key:8,ee7be452cf88c2efb9bec7a6b8d0cbc8c4b22f45162c1f90b02e44d2be1c9127,true,public PPA OpenPGP signing-key fingerprint; not credential material,HISTORICAL_FALSE_POSITIVE_EXACT_EXCEPTION,retain source/history; use exact fingerprint exception limited to these provenance paths; rescan with config
294,54,dfb020d3f4d0d83d7bfef68d5646aabcf4320ba2,validation_back01_integration/final/runtime_release_capture_qa/REQUESTED_RUNTIME.env,.env,generic-api-key,7,7,validation_back01_integration/final/runtime_release_capture_qa/REQUESTED_RUNTIME.env:generic-api-key:7,c86db7c48db34f8c392f18ef97279b4ee5acc89db607b25427a07802d3670ecf,true,public PPA OpenPGP signing-key fingerprint; not credential material,HISTORICAL_FALSE_POSITIVE_EXACT_EXCEPTION,retain source/history; use exact fingerprint exception limited to these provenance paths; rescan with config
295,55,861880e56f13866346cf974110a01c8a890b86e2,release/back01-minimal/RUNTIME_CANDIDATE_CHROMIUM_151.0.7922.108.json,.json,generic-api-key,14,14,release/back01-minimal/RUNTIME_CANDIDATE_CHROMIUM_151.0.7922.108.json:generic-api-key:14,29788ebe77284706b366c975a9a9cfa4819dfbc84cac6ad2e8869fc285e6b3ad,true,public PPA OpenPGP signing-key fingerprint; not credential material,HISTORICAL_FALSE_POSITIVE_EXACT_EXCEPTION,retain source/history; use exact fingerprint exception limited to these provenance paths; rescan with config
296,55,861880e56f13866346cf974110a01c8a890b86e2,release/back01-minimal/RUNTIME_RELEASE_LOCK.json,.json,generic-api-key,16,16,release/back01-minimal/RUNTIME_RELEASE_LOCK.json:generic-api-key:16,7d9dd3f6223dfdb5f383e41ce81aecbd874bf002b0de8810bd46589c63dd0a57,true,public PPA OpenPGP signing-key fingerprint; not credential material,HISTORICAL_FALSE_POSITIVE_EXACT_EXCEPTION,retain source/history; use exact fingerprint exception limited to these provenance paths; rescan with config
297,55,861880e56f13866346cf974110a01c8a890b86e2,validation_back01_integration/candidates/chromium-common_151.0.7922.108-1xtradeb1.2404.1_amd64/REQUESTED_RUNTIME.env,.env,generic-api-key,7,7,validation_back01_integration/candidates/chromium-common_151.0.7922.108-1xtradeb1.2404.1_amd64/REQUESTED_RUNTIME.env:generic-api-key:7,78973e97080e78f40b0550ed761874416b1e812caedf692b926e1e47523f6d3b,true,public PPA OpenPGP signing-key fingerprint; not credential material,HISTORICAL_FALSE_POSITIVE_EXACT_EXCEPTION,retain source/history; use exact fingerprint exception limited to these provenance paths; rescan with config
298,55,861880e56f13866346cf974110a01c8a890b86e2,validation_back01_integration/candidates/chromium_151.0.7922.108-1xtradeb1.2404.1_amd64/REQUESTED_RUNTIME.env,.env,generic-api-key,7,7,validation_back01_integration/candidates/chromium_151.0.7922.108-1xtradeb1.2404.1_amd64/REQUESTED_RUNTIME.env:generic-api-key:7,154d14564c1c2aa827f6755952109fb93d4b328c9f83c3754374dc1cb608f89d,true,public PPA OpenPGP signing-key fingerprint; not credential material,HISTORICAL_FALSE_POSITIVE_EXACT_EXCEPTION,retain source/history; use exact fingerprint exception limited to these provenance paths; rescan with config
299,55,861880e56f13866346cf974110a01c8a890b86e2,validation_back01_integration/final/chromium_runtime_candidate_108_provenance.out,.out,generic-api-key,8,9,validation_back01_integration/final/chromium_runtime_candidate_108_provenance.out:generic-api-key:8,ee7be452cf88c2efb9bec7a6b8d0cbc8c4b22f45162c1f90b02e44d2be1c9127,true,public PPA OpenPGP signing-key fingerprint; not credential material,HISTORICAL_FALSE_POSITIVE_EXACT_EXCEPTION,retain source/history; use exact fingerprint exception limited to these provenance paths; rescan with config
300,55,861880e56f13866346cf974110a01c8a890b86e2,validation_back01_integration/final/runtime_release_capture_qa/REQUESTED_RUNTIME.env,.env,generic-api-key,7,7,validation_back01_integration/final/runtime_release_capture_qa/REQUESTED_RUNTIME.env:generic-api-key:7,c86db7c48db34f8c392f18ef97279b4ee5acc89db607b25427a07802d3670ecf,true,public PPA OpenPGP signing-key fingerprint; not credential material,HISTORICAL_FALSE_POSITIVE_EXACT_EXCEPTION,retain source/history; use exact fingerprint exception limited to these provenance paths; rescan with config
301,56,5e174dba6dddc35865f5bd943383d988ea12170c,release/back01-minimal/RUNTIME_CANDIDATE_CHROMIUM_151.0.7922.108.json,.json,generic-api-key,14,14,release/back01-minimal/RUNTIME_CANDIDATE_CHROMIUM_151.0.7922.108.json:generic-api-key:14,29788ebe77284706b366c975a9a9cfa4819dfbc84cac6ad2e8869fc285e6b3ad,true,public PPA OpenPGP signing-key fingerprint; not credential material,HISTORICAL_FALSE_POSITIVE_EXACT_EXCEPTION,retain source/history; use exact fingerprint exception limited to these provenance paths; rescan with config
302,56,5e174dba6dddc35865f5bd943383d988ea12170c,release/back01-minimal/RUNTIME_RELEASE_LOCK.json,.json,generic-api-key,16,16,release/back01-minimal/RUNTIME_RELEASE_LOCK.json:generic-api-key:16,7d9dd3f6223dfdb5f383e41ce81aecbd874bf002b0de8810bd46589c63dd0a57,true,public PPA OpenPGP signing-key fingerprint; not credential material,HISTORICAL_FALSE_POSITIVE_EXACT_EXCEPTION,retain source/history; use exact fingerprint exception limited to these provenance paths; rescan with config
303,56,5e174dba6dddc35865f5bd943383d988ea12170c,validation_back01_integration/candidates/chromium-common_151.0.7922.108-1xtradeb1.2404.1_amd64/REQUESTED_RUNTIME.env,.env,generic-api-key,7,7,validation_back01_integration/candidates/chromium-common_151.0.7922.108-1xtradeb1.2404.1_amd64/REQUESTED_RUNTIME.env:generic-api-key:7,78973e97080e78f40b0550ed761874416b1e812caedf692b926e1e47523f6d3b,true,public PPA OpenPGP signing-key fingerprint; not credential material,HISTORICAL_FALSE_POSITIVE_EXACT_EXCEPTION,retain source/history; use exact fingerprint exception limited to these provenance paths; rescan with config
304,56,5e174dba6dddc35865f5bd943383d988ea12170c,validation_back01_integration/candidates/chromium_151.0.7922.108-1xtradeb1.2404.1_amd64/REQUESTED_RUNTIME.env,.env,generic-api-key,7,7,validation_back01_integration/candidates/chromium_151.0.7922.108-1xtradeb1.2404.1_amd64/REQUESTED_RUNTIME.env:generic-api-key:7,154d14564c1c2aa827f6755952109fb93d4b328c9f83c3754374dc1cb608f89d,true,public PPA OpenPGP signing-key fingerprint; not credential material,HISTORICAL_FALSE_POSITIVE_EXACT_EXCEPTION,retain source/history; use exact fingerprint exception limited to these provenance paths; rescan with config
305,56,5e174dba6dddc35865f5bd943383d988ea12170c,validation_back01_integration/final/chromium_runtime_candidate_108_provenance.out,.out,generic-api-key,8,9,validation_back01_integration/final/chromium_runtime_candidate_108_provenance.out:generic-api-key:8,ee7be452cf88c2efb9bec7a6b8d0cbc8c4b22f45162c1f90b02e44d2be1c9127,true,public PPA OpenPGP signing-key fingerprint; not credential material,HISTORICAL_FALSE_POSITIVE_EXACT_EXCEPTION,retain source/history; use exact fingerprint exception limited to these provenance paths; rescan with config
306,56,5e174dba6dddc35865f5bd943383d988ea12170c,validation_back01_integration/final/runtime_release_capture_qa/REQUESTED_RUNTIME.env,.env,generic-api-key,7,7,validation_back01_integration/final/runtime_release_capture_qa/REQUESTED_RUNTIME.env:generic-api-key:7,c86db7c48db34f8c392f18ef97279b4ee5acc89db607b25427a07802d3670ecf,true,public PPA OpenPGP signing-key fingerprint; not credential material,HISTORICAL_FALSE_POSITIVE_EXACT_EXCEPTION,retain source/history; use exact fingerprint exception limited to these provenance paths; rescan with config
307,57,b4a04e4b9b489c22f3a86986c6faa1cbb9bf77c5,release/back01-minimal/RUNTIME_CANDIDATE_CHROMIUM_151.0.7922.108.json,.json,generic-api-key,14,14,release/back01-minimal/RUNTIME_CANDIDATE_CHROMIUM_151.0.7922.108.json:generic-api-key:14,29788ebe77284706b366c975a9a9cfa4819dfbc84cac6ad2e8869fc285e6b3ad,true,public PPA OpenPGP signing-key fingerprint; not credential material,HISTORICAL_FALSE_POSITIVE_EXACT_EXCEPTION,retain source/history; use exact fingerprint exception limited to these provenance paths; rescan with config
308,57,b4a04e4b9b489c22f3a86986c6faa1cbb9bf77c5,release/back01-minimal/RUNTIME_RELEASE_LOCK.json,.json,generic-api-key,16,16,release/back01-minimal/RUNTIME_RELEASE_LOCK.json:generic-api-key:16,7d9dd3f6223dfdb5f383e41ce81aecbd874bf002b0de8810bd46589c63dd0a57,true,public PPA OpenPGP signing-key fingerprint; not credential material,HISTORICAL_FALSE_POSITIVE_EXACT_EXCEPTION,retain source/history; use exact fingerprint exception limited to these provenance paths; rescan with config
309,57,b4a04e4b9b489c22f3a86986c6faa1cbb9bf77c5,validation_back01_integration/candidates/chromium-common_151.0.7922.108-1xtradeb1.2404.1_amd64/REQUESTED_RUNTIME.env,.env,generic-api-key,7,7,validation_back01_integration/candidates/chromium-common_151.0.7922.108-1xtradeb1.2404.1_amd64/REQUESTED_RUNTIME.env:generic-api-key:7,78973e97080e78f40b0550ed761874416b1e812caedf692b926e1e47523f6d3b,true,public PPA OpenPGP signing-key fingerprint; not credential material,HISTORICAL_FALSE_POSITIVE_EXACT_EXCEPTION,retain source/history; use exact fingerprint exception limited to these provenance paths; rescan with config
310,57,b4a04e4b9b489c22f3a86986c6faa1cbb9bf77c5,validation_back01_integration/candidates/chromium_151.0.7922.108-1xtradeb1.2404.1_amd64/REQUESTED_RUNTIME.env,.env,generic-api-key,7,7,validation_back01_integration/candidates/chromium_151.0.7922.108-1xtradeb1.2404.1_amd64/REQUESTED_RUNTIME.env:generic-api-key:7,154d14564c1c2aa827f6755952109fb93d4b328c9f83c3754374dc1cb608f89d,true,public PPA OpenPGP signing-key fingerprint; not credential material,HISTORICAL_FALSE_POSITIVE_EXACT_EXCEPTION,retain source/history; use exact fingerprint exception limited to these provenance paths; rescan with config
311,57,b4a04e4b9b489c22f3a86986c6faa1cbb9bf77c5,validation_back01_integration/final/chromium_runtime_candidate_108_provenance.out,.out,generic-api-key,8,9,validation_back01_integration/final/chromium_runtime_candidate_108_provenance.out:generic-api-key:8,ee7be452cf88c2efb9bec7a6b8d0cbc8c4b22f45162c1f90b02e44d2be1c9127,true,public PPA OpenPGP signing-key fingerprint; not credential material,HISTORICAL_FALSE_POSITIVE_EXACT_EXCEPTION,retain source/history; use exact fingerprint exception limited to these provenance paths; rescan with config
312,57,b4a04e4b9b489c22f3a86986c6faa1cbb9bf77c5,validation_back01_integration/final/runtime_release_capture_qa/REQUESTED_RUNTIME.env,.env,generic-api-key,7,7,validation_back01_integration/final/runtime_release_capture_qa/REQUESTED_RUNTIME.env:generic-api-key:7,c86db7c48db34f8c392f18ef97279b4ee5acc89db607b25427a07802d3670ecf,true,public PPA OpenPGP signing-key fingerprint; not credential material,HISTORICAL_FALSE_POSITIVE_EXACT_EXCEPTION,retain source/history; use exact fingerprint exception limited to these provenance paths; rescan with config
313,58,b34fa5c02ff20144abfb5d240db1c67ad1f038f9,release/back01-minimal/RUNTIME_RELEASE_LOCK.json,.json,generic-api-key,16,16,release/back01-minimal/RUNTIME_RELEASE_LOCK.json:generic-api-key:16,7d9dd3f6223dfdb5f383e41ce81aecbd874bf002b0de8810bd46589c63dd0a57,true,public PPA OpenPGP signing-key fingerprint; not credential material,FALSE_POSITIVE_CURRENT_EXACT_EXCEPTION,retain source/history; use exact fingerprint exception limited to these provenance paths; rescan with config
314,58,b34fa5c02ff20144abfb5d240db1c67ad1f038f9,release/back01-minimal/RUNTIME_CANDIDATE_CHROMIUM_151.0.7922.108.json,.json,generic-api-key,14,14,release/back01-minimal/RUNTIME_CANDIDATE_CHROMIUM_151.0.7922.108.json:generic-api-key:14,29788ebe77284706b366c975a9a9cfa4819dfbc84cac6ad2e8869fc285e6b3ad,true,public PPA OpenPGP signing-key fingerprint; not credential material,FALSE_POSITIVE_CURRENT_EXACT_EXCEPTION,retain source/history; use exact fingerprint exception limited to these provenance paths; rescan with config
315,58,b34fa5c02ff20144abfb5d240db1c67ad1f038f9,validation_back01_integration/candidates/chromium-common_151.0.7922.108-1xtradeb1.2404.1_amd64/REQUESTED_RUNTIME.env,.env,generic-api-key,7,7,validation_back01_integration/candidates/chromium-common_151.0.7922.108-1xtradeb1.2404.1_amd64/REQUESTED_RUNTIME.env:generic-api-key:7,78973e97080e78f40b0550ed761874416b1e812caedf692b926e1e47523f6d3b,true,public PPA OpenPGP signing-key fingerprint; not credential material,FALSE_POSITIVE_CURRENT_EXACT_EXCEPTION,retain source/history; use exact fingerprint exception limited to these provenance paths; rescan with config
316,58,b34fa5c02ff20144abfb5d240db1c67ad1f038f9,validation_back01_integration/candidates/chromium_151.0.7922.108-1xtradeb1.2404.1_amd64/REQUESTED_RUNTIME.env,.env,generic-api-key,7,7,validation_back01_integration/candidates/chromium_151.0.7922.108-1xtradeb1.2404.1_amd64/REQUESTED_RUNTIME.env:generic-api-key:7,154d14564c1c2aa827f6755952109fb93d4b328c9f83c3754374dc1cb608f89d,true,public PPA OpenPGP signing-key fingerprint; not credential material,FALSE_POSITIVE_CURRENT_EXACT_EXCEPTION,retain source/history; use exact fingerprint exception limited to these provenance paths; rescan with config
317,58,b34fa5c02ff20144abfb5d240db1c67ad1f038f9,validation_back01_integration/final/chromium_runtime_candidate_108_provenance.out,.out,generic-api-key,8,9,validation_back01_integration/final/chromium_runtime_candidate_108_provenance.out:generic-api-key:8,ee7be452cf88c2efb9bec7a6b8d0cbc8c4b22f45162c1f90b02e44d2be1c9127,true,public PPA OpenPGP signing-key fingerprint; not credential material,FALSE_POSITIVE_CURRENT_EXACT_EXCEPTION,retain source/history; use exact fingerprint exception limited to these provenance paths; rescan with config
318,58,b34fa5c02ff20144abfb5d240db1c67ad1f038f9,validation_back01_integration/final/runtime_release_capture_qa/REQUESTED_RUNTIME.env,.env,generic-api-key,7,7,validation_back01_integration/final/runtime_release_capture_qa/REQUESTED_RUNTIME.env:generic-api-key:7,c86db7c48db34f8c392f18ef97279b4ee5acc89db607b25427a07802d3670ecf,true,public PPA OpenPGP signing-key fingerprint; not credential material,FALSE_POSITIVE_CURRENT_EXACT_EXCEPTION,retain source/history; use exact fingerprint exception limited to these provenance paths; rescan with config
319,5,9dad98703a748af61cbd3573b00e2bb036739a69,release/back01-minimal/RUNTIME_CANDIDATE_CHROMIUM_151.0.7922.108.json,.json,generic-api-key,14,14,release/back01-minimal/RUNTIME_CANDIDATE_CHROMIUM_151.0.7922.108.json:generic-api-key:14,29788ebe77284706b366c975a9a9cfa4819dfbc84cac6ad2e8869fc285e6b3ad,true,public PPA OpenPGP signing-key fingerprint; not credential material,HISTORICAL_FALSE_POSITIVE_EXACT_EXCEPTION,retain source/history; use exact fingerprint exception limited to these provenance paths; rescan with config
320,5,9dad98703a748af61cbd3573b00e2bb036739a69,release/back01-minimal/RUNTIME_RELEASE_LOCK.json,.json,generic-api-key,16,16,release/back01-minimal/RUNTIME_RELEASE_LOCK.json:generic-api-key:16,7d9dd3f6223dfdb5f383e41ce81aecbd874bf002b0de8810bd46589c63dd0a57,true,public PPA OpenPGP signing-key fingerprint; not credential material,HISTORICAL_FALSE_POSITIVE_EXACT_EXCEPTION,retain source/history; use exact fingerprint exception limited to these provenance paths; rescan with config
321,5,9dad98703a748af61cbd3573b00e2bb036739a69,validation_back01_integration/candidates/chromium-common_151.0.7922.108-1xtradeb1.2404.1_amd64/REQUESTED_RUNTIME.env,.env,generic-api-key,7,7,validation_back01_integration/candidates/chromium-common_151.0.7922.108-1xtradeb1.2404.1_amd64/REQUESTED_RUNTIME.env:generic-api-key:7,78973e97080e78f40b0550ed761874416b1e812caedf692b926e1e47523f6d3b,true,public PPA OpenPGP signing-key fingerprint; not credential material,HISTORICAL_FALSE_POSITIVE_EXACT_EXCEPTION,retain source/history; use exact fingerprint exception limited to these provenance paths; rescan with config
322,5,9dad98703a748af61cbd3573b00e2bb036739a69,validation_back01_integration/candidates/chromium_151.0.7922.108-1xtradeb1.2404.1_amd64/REQUESTED_RUNTIME.env,.env,generic-api-key,7,7,validation_back01_integration/candidates/chromium_151.0.7922.108-1xtradeb1.2404.1_amd64/REQUESTED_RUNTIME.env:generic-api-key:7,154d14564c1c2aa827f6755952109fb93d4b328c9f83c3754374dc1cb608f89d,true,public PPA OpenPGP signing-key fingerprint; not credential material,HISTORICAL_FALSE_POSITIVE_EXACT_EXCEPTION,retain source/history; use exact fingerprint exception limited to these provenance paths; rescan with config
323,5,9dad98703a748af61cbd3573b00e2bb036739a69,validation_back01_integration/final/chromium_runtime_candidate_108_provenance.out,.out,generic-api-key,8,9,validation_back01_integration/final/chromium_runtime_candidate_108_provenance.out:generic-api-key:8,ee7be452cf88c2efb9bec7a6b8d0cbc8c4b22f45162c1f90b02e44d2be1c9127,true,public PPA OpenPGP signing-key fingerprint; not credential material,HISTORICAL_FALSE_POSITIVE_EXACT_EXCEPTION,retain source/history; use exact fingerprint exception limited to these provenance paths; rescan with config
324,5,9dad98703a748af61cbd3573b00e2bb036739a69,validation_back01_integration/final/runtime_release_capture_qa/REQUESTED_RUNTIME.env,.env,generic-api-key,7,7,validation_back01_integration/final/runtime_release_capture_qa/REQUESTED_RUNTIME.env:generic-api-key:7,c86db7c48db34f8c392f18ef97279b4ee5acc89db607b25427a07802d3670ecf,true,public PPA OpenPGP signing-key fingerprint; not credential material,HISTORICAL_FALSE_POSITIVE_EXACT_EXCEPTION,retain source/history; use exact fingerprint exception limited to these provenance paths; rescan with config
325,6,17b6daf72995e6c36d0d14cd51f36b84138bacb9,release/back01-minimal/RUNTIME_RELEASE_LOCK.json,.json,generic-api-key,16,16,release/back01-minimal/RUNTIME_RELEASE_LOCK.json:generic-api-key:16,7d9dd3f6223dfdb5f383e41ce81aecbd874bf002b0de8810bd46589c63dd0a57,true,public PPA OpenPGP signing-key fingerprint; not credential material,HISTORICAL_FALSE_POSITIVE_EXACT_EXCEPTION,retain source/history; use exact fingerprint exception limited to these provenance paths; rescan with config
326,6,17b6daf72995e6c36d0d14cd51f36b84138bacb9,release/back01-minimal/RUNTIME_CANDIDATE_CHROMIUM_151.0.7922.108.json,.json,generic-api-key,14,14,release/back01-minimal/RUNTIME_CANDIDATE_CHROMIUM_151.0.7922.108.json:generic-api-key:14,29788ebe77284706b366c975a9a9cfa4819dfbc84cac6ad2e8869fc285e6b3ad,true,public PPA OpenPGP signing-key fingerprint; not credential material,HISTORICAL_FALSE_POSITIVE_EXACT_EXCEPTION,retain source/history; use exact fingerprint exception limited to these provenance paths; rescan with config
327,6,17b6daf72995e6c36d0d14cd51f36b84138bacb9,validation_back01_integration/candidates/chromium-common_151.0.7922.108-1xtradeb1.2404.1_amd64/REQUESTED_RUNTIME.env,.env,generic-api-key,7,7,validation_back01_integration/candidates/chromium-common_151.0.7922.108-1xtradeb1.2404.1_amd64/REQUESTED_RUNTIME.env:generic-api-key:7,78973e97080e78f40b0550ed761874416b1e812caedf692b926e1e47523f6d3b,true,public PPA OpenPGP signing-key fingerprint; not credential material,HISTORICAL_FALSE_POSITIVE_EXACT_EXCEPTION,retain source/history; use exact fingerprint exception limited to these provenance paths; rescan with config
328,6,17b6daf72995e6c36d0d14cd51f36b84138bacb9,validation_back01_integration/candidates/chromium_151.0.7922.108-1xtradeb1.2404.1_amd64/REQUESTED_RUNTIME.env,.env,generic-api-key,7,7,validation_back01_integration/candidates/chromium_151.0.7922.108-1xtradeb1.2404.1_amd64/REQUESTED_RUNTIME.env:generic-api-key:7,154d14564c1c2aa827f6755952109fb93d4b328c9f83c3754374dc1cb608f89d,true,public PPA OpenPGP signing-key fingerprint; not credential material,HISTORICAL_FALSE_POSITIVE_EXACT_EXCEPTION,retain source/history; use exact fingerprint exception limited to these provenance paths; rescan with config
329,6,17b6daf72995e6c36d0d14cd51f36b84138bacb9,validation_back01_integration/final/chromium_runtime_candidate_108_provenance.out,.out,generic-api-key,8,9,validation_back01_integration/final/chromium_runtime_candidate_108_provenance.out:generic-api-key:8,ee7be452cf88c2efb9bec7a6b8d0cbc8c4b22f45162c1f90b02e44d2be1c9127,true,public PPA OpenPGP signing-key fingerprint; not credential material,HISTORICAL_FALSE_POSITIVE_EXACT_EXCEPTION,retain source/history; use exact fingerprint exception limited to these provenance paths; rescan with config
330,6,17b6daf72995e6c36d0d14cd51f36b84138bacb9,validation_back01_integration/final/runtime_release_capture_qa/REQUESTED_RUNTIME.env,.env,generic-api-key,7,7,validation_back01_integration/final/runtime_release_capture_qa/REQUESTED_RUNTIME.env:generic-api-key:7,c86db7c48db34f8c392f18ef97279b4ee5acc89db607b25427a07802d3670ecf,true,public PPA OpenPGP signing-key fingerprint; not credential material,HISTORICAL_FALSE_POSITIVE_EXACT_EXCEPTION,retain source/history; use exact fingerprint exception limited to these provenance paths; rescan with config
331,7,d7279e81dd724ba2278a65838bc65aaa16912007,release/back01-minimal/RUNTIME_CANDIDATE_CHROMIUM_151.0.7922.108.json,.json,generic-api-key,14,14,release/back01-minimal/RUNTIME_CANDIDATE_CHROMIUM_151.0.7922.108.json:generic-api-key:14,29788ebe77284706b366c975a9a9cfa4819dfbc84cac6ad2e8869fc285e6b3ad,true,public PPA OpenPGP signing-key fingerprint; not credential material,HISTORICAL_FALSE_POSITIVE_EXACT_EXCEPTION,retain source/history; use exact fingerprint exception limited to these provenance paths; rescan with config
332,7,d7279e81dd724ba2278a65838bc65aaa16912007,release/back01-minimal/RUNTIME_RELEASE_LOCK.json,.json,generic-api-key,16,16,release/back01-minimal/RUNTIME_RELEASE_LOCK.json:generic-api-key:16,7d9dd3f6223dfdb5f383e41ce81aecbd874bf002b0de8810bd46589c63dd0a57,true,public PPA OpenPGP signing-key fingerprint; not credential material,HISTORICAL_FALSE_POSITIVE_EXACT_EXCEPTION,retain source/history; use exact fingerprint exception limited to these provenance paths; rescan with config
333,7,d7279e81dd724ba2278a65838bc65aaa16912007,validation_back01_integration/candidates/chromium-common_151.0.7922.108-1xtradeb1.2404.1_amd64/REQUESTED_RUNTIME.env,.env,generic-api-key,7,7,validation_back01_integration/candidates/chromium-common_151.0.7922.108-1xtradeb1.2404.1_amd64/REQUESTED_RUNTIME.env:generic-api-key:7,78973e97080e78f40b0550ed761874416b1e812caedf692b926e1e47523f6d3b,true,public PPA OpenPGP signing-key fingerprint; not credential material,HISTORICAL_FALSE_POSITIVE_EXACT_EXCEPTION,retain source/history; use exact fingerprint exception limited to these provenance paths; rescan with config
334,7,d7279e81dd724ba2278a65838bc65aaa16912007,validation_back01_integration/candidates/chromium_151.0.7922.108-1xtradeb1.2404.1_amd64/REQUESTED_RUNTIME.env,.env,generic-api-key,7,7,validation_back01_integration/candidates/chromium_151.0.7922.108-1xtradeb1.2404.1_amd64/REQUESTED_RUNTIME.env:generic-api-key:7,154d14564c1c2aa827f6755952109fb93d4b328c9f83c3754374dc1cb608f89d,true,public PPA OpenPGP signing-key fingerprint; not credential material,HISTORICAL_FALSE_POSITIVE_EXACT_EXCEPTION,retain source/history; use exact fingerprint exception limited to these provenance paths; rescan with config
335,7,d7279e81dd724ba2278a65838bc65aaa16912007,validation_back01_integration/final/chromium_runtime_candidate_108_provenance.out,.out,generic-api-key,8,9,validation_back01_integration/final/chromium_runtime_candidate_108_provenance.out:generic-api-key:8,ee7be452cf88c2efb9bec7a6b8d0cbc8c4b22f45162c1f90b02e44d2be1c9127,true,public PPA OpenPGP signing-key fingerprint; not credential material,HISTORICAL_FALSE_POSITIVE_EXACT_EXCEPTION,retain source/history; use exact fingerprint exception limited to these provenance paths; rescan with config
336,7,d7279e81dd724ba2278a65838bc65aaa16912007,validation_back01_integration/final/runtime_release_capture_qa/REQUESTED_RUNTIME.env,.env,generic-api-key,7,7,validation_back01_integration/final/runtime_release_capture_qa/REQUESTED_RUNTIME.env:generic-api-key:7,c86db7c48db34f8c392f18ef97279b4ee5acc89db607b25427a07802d3670ecf,true,public PPA OpenPGP signing-key fingerprint; not credential material,HISTORICAL_FALSE_POSITIVE_EXACT_EXCEPTION,retain source/history; use exact fingerprint exception limited to these provenance paths; rescan with config
337,8,5d4363a1888956a35f6a0448c446ed0eb1bf981e,release/back01-minimal/RUNTIME_CANDIDATE_CHROMIUM_151.0.7922.108.json,.json,generic-api-key,14,14,release/back01-minimal/RUNTIME_CANDIDATE_CHROMIUM_151.0.7922.108.json:generic-api-key:14,29788ebe77284706b366c975a9a9cfa4819dfbc84cac6ad2e8869fc285e6b3ad,true,public PPA OpenPGP signing-key fingerprint; not credential material,HISTORICAL_FALSE_POSITIVE_EXACT_EXCEPTION,retain source/history; use exact fingerprint exception limited to these provenance paths; rescan with config
338,8,5d4363a1888956a35f6a0448c446ed0eb1bf981e,release/back01-minimal/RUNTIME_RELEASE_LOCK.json,.json,generic-api-key,16,16,release/back01-minimal/RUNTIME_RELEASE_LOCK.json:generic-api-key:16,7d9dd3f6223dfdb5f383e41ce81aecbd874bf002b0de8810bd46589c63dd0a57,true,public PPA OpenPGP signing-key fingerprint; not credential material,HISTORICAL_FALSE_POSITIVE_EXACT_EXCEPTION,retain source/history; use exact fingerprint exception limited to these provenance paths; rescan with config
339,8,5d4363a1888956a35f6a0448c446ed0eb1bf981e,validation_back01_integration/candidates/chromium-common_151.0.7922.108-1xtradeb1.2404.1_amd64/REQUESTED_RUNTIME.env,.env,generic-api-key,7,7,validation_back01_integration/candidates/chromium-common_151.0.7922.108-1xtradeb1.2404.1_amd64/REQUESTED_RUNTIME.env:generic-api-key:7,78973e97080e78f40b0550ed761874416b1e812caedf692b926e1e47523f6d3b,true,public PPA OpenPGP signing-key fingerprint; not credential material,HISTORICAL_FALSE_POSITIVE_EXACT_EXCEPTION,retain source/history; use exact fingerprint exception limited to these provenance paths; rescan with config
340,8,5d4363a1888956a35f6a0448c446ed0eb1bf981e,validation_back01_integration/candidates/chromium_151.0.7922.108-1xtradeb1.2404.1_amd64/REQUESTED_RUNTIME.env,.env,generic-api-key,7,7,validation_back01_integration/candidates/chromium_151.0.7922.108-1xtradeb1.2404.1_amd64/REQUESTED_RUNTIME.env:generic-api-key:7,154d14564c1c2aa827f6755952109fb93d4b328c9f83c3754374dc1cb608f89d,true,public PPA OpenPGP signing-key fingerprint; not credential material,HISTORICAL_FALSE_POSITIVE_EXACT_EXCEPTION,retain source/history; use exact fingerprint exception limited to these provenance paths; rescan with config
341,8,5d4363a1888956a35f6a0448c446ed0eb1bf981e,validation_back01_integration/final/chromium_runtime_candidate_108_provenance.out,.out,generic-api-key,8,9,validation_back01_integration/final/chromium_runtime_candidate_108_provenance.out:generic-api-key:8,ee7be452cf88c2efb9bec7a6b8d0cbc8c4b22f45162c1f90b02e44d2be1c9127,true,public PPA OpenPGP signing-key fingerprint; not credential material,HISTORICAL_FALSE_POSITIVE_EXACT_EXCEPTION,retain source/history; use exact fingerprint exception limited to these provenance paths; rescan with config
342,8,5d4363a1888956a35f6a0448c446ed0eb1bf981e,validation_back01_integration/final/runtime_release_capture_qa/REQUESTED_RUNTIME.env,.env,generic-api-key,7,7,validation_back01_integration/final/runtime_release_capture_qa/REQUESTED_RUNTIME.env:generic-api-key:7,c86db7c48db34f8c392f18ef97279b4ee5acc89db607b25427a07802d3670ecf,true,public PPA OpenPGP signing-key fingerprint; not credential material,HISTORICAL_FALSE_POSITIVE_EXACT_EXCEPTION,retain source/history; use exact fingerprint exception limited to these provenance paths; rescan with config
343,9,693632791041fde14db14ec8982b8bff1060a8d3,release/back01-minimal/RUNTIME_CANDIDATE_CHROMIUM_151.0.7922.108.json,.json,generic-api-key,14,14,release/back01-minimal/RUNTIME_CANDIDATE_CHROMIUM_151.0.7922.108.json:generic-api-key:14,29788ebe77284706b366c975a9a9cfa4819dfbc84cac6ad2e8869fc285e6b3ad,true,public PPA OpenPGP signing-key fingerprint; not credential material,HISTORICAL_FALSE_POSITIVE_EXACT_EXCEPTION,retain source/history; use exact fingerprint exception limited to these provenance paths; rescan with config
344,9,693632791041fde14db14ec8982b8bff1060a8d3,release/back01-minimal/RUNTIME_RELEASE_LOCK.json,.json,generic-api-key,16,16,release/back01-minimal/RUNTIME_RELEASE_LOCK.json:generic-api-key:16,7d9dd3f6223dfdb5f383e41ce81aecbd874bf002b0de8810bd46589c63dd0a57,true,public PPA OpenPGP signing-key fingerprint; not credential material,HISTORICAL_FALSE_POSITIVE_EXACT_EXCEPTION,retain source/history; use exact fingerprint exception limited to these provenance paths; rescan with config
345,9,693632791041fde14db14ec8982b8bff1060a8d3,validation_back01_integration/candidates/chromium-common_151.0.7922.108-1xtradeb1.2404.1_amd64/REQUESTED_RUNTIME.env,.env,generic-api-key,7,7,validation_back01_integration/candidates/chromium-common_151.0.7922.108-1xtradeb1.2404.1_amd64/REQUESTED_RUNTIME.env:generic-api-key:7,78973e97080e78f40b0550ed761874416b1e812caedf692b926e1e47523f6d3b,true,public PPA OpenPGP signing-key fingerprint; not credential material,HISTORICAL_FALSE_POSITIVE_EXACT_EXCEPTION,retain source/history; use exact fingerprint exception limited to these provenance paths; rescan with config
346,9,693632791041fde14db14ec8982b8bff1060a8d3,validation_back01_integration/candidates/chromium_151.0.7922.108-1xtradeb1.2404.1_amd64/REQUESTED_RUNTIME.env,.env,generic-api-key,7,7,validation_back01_integration/candidates/chromium_151.0.7922.108-1xtradeb1.2404.1_amd64/REQUESTED_RUNTIME.env:generic-api-key:7,154d14564c1c2aa827f6755952109fb93d4b328c9f83c3754374dc1cb608f89d,true,public PPA OpenPGP signing-key fingerprint; not credential material,HISTORICAL_FALSE_POSITIVE_EXACT_EXCEPTION,retain source/history; use exact fingerprint exception limited to these provenance paths; rescan with config
347,9,693632791041fde14db14ec8982b8bff1060a8d3,validation_back01_integration/final/chromium_runtime_candidate_108_provenance.out,.out,generic-api-key,8,9,validation_back01_integration/final/chromium_runtime_candidate_108_provenance.out:generic-api-key:8,ee7be452cf88c2efb9bec7a6b8d0cbc8c4b22f45162c1f90b02e44d2be1c9127,true,public PPA OpenPGP signing-key fingerprint; not credential material,HISTORICAL_FALSE_POSITIVE_EXACT_EXCEPTION,retain source/history; use exact fingerprint exception limited to these provenance paths; rescan with config
348,9,693632791041fde14db14ec8982b8bff1060a8d3,validation_back01_integration/final/runtime_release_capture_qa/REQUESTED_RUNTIME.env,.env,generic-api-key,7,7,validation_back01_integration/final/runtime_release_capture_qa/REQUESTED_RUNTIME.env:generic-api-key:7,c86db7c48db34f8c392f18ef97279b4ee5acc89db607b25427a07802d3670ecf,true,public PPA OpenPGP signing-key fingerprint; not credential material,HISTORICAL_FALSE_POSITIVE_EXACT_EXCEPTION,retain source/history; use exact fingerprint exception limited to these provenance paths; rescan with config
