SEMGREP_FINDINGS=18
[1] path=internal/api/correlation.go line=25 import="crypto/rand"
context=23:func generateCorrelationID() string { | 24:b := make([]byte, 6) | 25:if _, err := rand.Read(b); err != nil { | 26:return "cor_unreachable" | 27:}
[2] path=internal/api/readonly_session.go line=88 import="crypto/rand"
context=86:func newSessionSecret() (string, error) { | 87:b := make([]byte, 32) | 88:if _, err := rand.Read(b); err != nil { | 89:return "", err | 90:}
[3] path=internal/api/router.go line=516 import="crypto/rand"
context=514:if desc.Capabilities.SupportsSeedFingerprint && p.FingerprintSeed == 0 { | 515:b := make([]byte, 4) | 516:if _, err := rand.Read(b); err != nil { | 517:return fmt.Errorf("generate fingerprint seed: %w", err) | 518:}
[4] path=internal/api/router.go line=728 import="crypto/rand"
context=726:func newRequestID() string { | 727:b := make([]byte, 12) | 728:if _, err := rand.Read(b); err != nil { | 729:return "req-unavailable" | 730:}
[5] path=internal/api/router.go line=814 import="crypto/rand"
context=812:} | 813:b := make([]byte, 32) | 814:if _, err := rand.Read(b); err != nil { | 815:return "", fmt.Errorf("generate API token: %w", err) | 816:}
[6] path=internal/backup/service.go line=369 import="crypto/rand"
context=367:} | 368:nonce := make([]byte, gcm.NonceSize()) | 369:if _, err = rand.Read(nonce); err != nil { | 370:return nil, err | 371:}
[7] path=internal/backup/service.go line=462 import="crypto/rand"
context=460:func newID(prefix string, now time.Time) string { | 461:b := make([]byte, 8) | 462:_, _ = rand.Read(b) | 463:return fmt.Sprintf("%s-%d-%x", prefix, now.UnixNano(), b) | 464:}
[8] path=internal/launch/id.go line=25 import="crypto/rand"
context=23:func readRand() uint64 { | 24:var buf [8]byte | 25:_, err := rand.Read(buf[:]) | 26:if err != nil { | 27:// Fallback: monotonic counter + time, deterministic in tests.
[9] path=internal/localvault/localvault.go line=182 import="crypto/rand"
context=180:} | 181:salt := make([]byte, 16) | 182:if _, err := rand.Read(salt); err != nil { | 183:return nil, fmt.Errorf("localvault: read random: %w", err) | 184:}
[10] path=internal/localvault/localvault.go line=294 import="crypto/rand"
context=292:} | 293:nonce = make([]byte, gcm.NonceSize()) | 294:if _, err := rand.Read(nonce); err != nil { | 295:return nil, nil, err | 296:}
[11] path=internal/mcp/screenshot_artifacts.go line=267 import="crypto/rand"
context=265:func randomHex(bytes int) (string, error) { | 266:buf := make([]byte, bytes) | 267:if _, err := rand.Read(buf); err != nil { | 268:return "", err | 269:}
[12] path=internal/mcp/web_session_pool.go line=557 import="crypto/rand"
context=555:func newWebSessionID() string { | 556:b := make([]byte, 8) | 557:if _, err := rand.Read(b); err != nil { | 558:return fmt.Sprintf("sess_search_%d", time.Now().UnixNano()) | 559:}
[13] path=internal/profile/store.go line=1050 import="crypto/rand"
context=1048:} | 1049:idBytes := make([]byte, 16) | 1050:if _, err := rand.Read(idBytes); err != nil { | 1051:return nil, err | 1052:}
[14] path=internal/profile/store.go line=1085 import="crypto/rand"
context=1083:func generateID() (string, error) { | 1084:b := make([]byte, 6) | 1085:if _, err := rand.Read(b); err != nil { | 1086:return "", err | 1087:}
[15] path=internal/profilemigration/migrator.go line=1048 import="crypto/rand"
context=1046:func newOperationID() (string, error) { | 1047:bytes := make([]byte, 12) | 1048:if _, err := rand.Read(bytes); err != nil { | 1049:return "", fmt.Errorf("generate migration operation id: %w", err) | 1050:}
[16] path=internal/proxies/store.go line=477 import="crypto/rand"
context=475:// readRandom is overridable in tests; it wraps crypto/rand.Read. | 476:var readRandom = func(buf []byte) (int, error) { | 477:return rand.Read(buf) | 478:} | 479:
[17] path=internal/secrets/keyring.go line=39 import="crypto/rand"
context=37:func NewKey() ([]byte, error) { | 38:key := make([]byte, KeySize) | 39:if _, err := rand.Read(key); err != nil { | 40:return nil, fmt.Errorf("generate backup key: %w", err) | 41:}
[18] path=internal/templates/store.go line=513 import="crypto/rand"
context=511:func newID() (string, error) { | 512:buf := make([]byte, 16) | 513:if _, err := rand.Read(buf); err != nil { | 514:return "", err | 515:}
GITLEAKS_TREE_REPORTS=58
GITLEAKS_FINDING_ROWS=348
[1] tree=1 commit=4f415ebdac686cf9cec4f5957c67c8beaf4b3888 path=/tmp/forgelocal-v5-gitleaks-trees.sF8B99/4f415ebdac686cf9cec4f5957c67c8beaf4b3888/release/back01-minimal/RUNTIME_CANDIDATE_CHROMIUM_151.0.7922.108.json file_type=.json rule=generic-api-key lines=14-14 nature=UNTRIAGED status=OPEN action=CLASSIFY_WITH_CONTEXT
[2] tree=1 commit=4f415ebdac686cf9cec4f5957c67c8beaf4b3888 path=/tmp/forgelocal-v5-gitleaks-trees.sF8B99/4f415ebdac686cf9cec4f5957c67c8beaf4b3888/release/back01-minimal/RUNTIME_RELEASE_LOCK.json file_type=.json rule=generic-api-key lines=16-16 nature=UNTRIAGED status=OPEN action=CLASSIFY_WITH_CONTEXT
[3] tree=1 commit=4f415ebdac686cf9cec4f5957c67c8beaf4b3888 path=/tmp/forgelocal-v5-gitleaks-trees.sF8B99/4f415ebdac686cf9cec4f5957c67c8beaf4b3888/validation_back01_integration/candidates/chromium-common_151.0.7922.108-1xtradeb1.2404.1_amd64/REQUESTED_RUNTIME.env file_type=.env rule=generic-api-key lines=7-7 nature=UNTRIAGED status=OPEN action=CLASSIFY_WITH_CONTEXT
[4] tree=1 commit=4f415ebdac686cf9cec4f5957c67c8beaf4b3888 path=/tmp/forgelocal-v5-gitleaks-trees.sF8B99/4f415ebdac686cf9cec4f5957c67c8beaf4b3888/validation_back01_integration/candidates/chromium_151.0.7922.108-1xtradeb1.2404.1_amd64/REQUESTED_RUNTIME.env file_type=.env rule=generic-api-key lines=7-7 nature=UNTRIAGED status=OPEN action=CLASSIFY_WITH_CONTEXT
[5] tree=1 commit=4f415ebdac686cf9cec4f5957c67c8beaf4b3888 path=/tmp/forgelocal-v5-gitleaks-trees.sF8B99/4f415ebdac686cf9cec4f5957c67c8beaf4b3888/validation_back01_integration/final/chromium_runtime_candidate_108_provenance.out file_type=.out rule=generic-api-key lines=8-9 nature=UNTRIAGED status=OPEN action=CLASSIFY_WITH_CONTEXT
[6] tree=1 commit=4f415ebdac686cf9cec4f5957c67c8beaf4b3888 path=/tmp/forgelocal-v5-gitleaks-trees.sF8B99/4f415ebdac686cf9cec4f5957c67c8beaf4b3888/validation_back01_integration/final/runtime_release_capture_qa/REQUESTED_RUNTIME.env file_type=.env rule=generic-api-key lines=7-7 nature=UNTRIAGED status=OPEN action=CLASSIFY_WITH_CONTEXT
[7] tree=2 commit=5d100a0d0a8f51f4a99bb02a995ab18e32c25889 path=/tmp/forgelocal-v5-gitleaks-trees.sF8B99/5d100a0d0a8f51f4a99bb02a995ab18e32c25889/release/back01-minimal/RUNTIME_CANDIDATE_CHROMIUM_151.0.7922.108.json file_type=.json rule=generic-api-key lines=14-14 nature=UNTRIAGED status=OPEN action=CLASSIFY_WITH_CONTEXT
[8] tree=2 commit=5d100a0d0a8f51f4a99bb02a995ab18e32c25889 path=/tmp/forgelocal-v5-gitleaks-trees.sF8B99/5d100a0d0a8f51f4a99bb02a995ab18e32c25889/release/back01-minimal/RUNTIME_RELEASE_LOCK.json file_type=.json rule=generic-api-key lines=16-16 nature=UNTRIAGED status=OPEN action=CLASSIFY_WITH_CONTEXT
[9] tree=2 commit=5d100a0d0a8f51f4a99bb02a995ab18e32c25889 path=/tmp/forgelocal-v5-gitleaks-trees.sF8B99/5d100a0d0a8f51f4a99bb02a995ab18e32c25889/validation_back01_integration/candidates/chromium-common_151.0.7922.108-1xtradeb1.2404.1_amd64/REQUESTED_RUNTIME.env file_type=.env rule=generic-api-key lines=7-7 nature=UNTRIAGED status=OPEN action=CLASSIFY_WITH_CONTEXT
[10] tree=2 commit=5d100a0d0a8f51f4a99bb02a995ab18e32c25889 path=/tmp/forgelocal-v5-gitleaks-trees.sF8B99/5d100a0d0a8f51f4a99bb02a995ab18e32c25889/validation_back01_integration/candidates/chromium_151.0.7922.108-1xtradeb1.2404.1_amd64/REQUESTED_RUNTIME.env file_type=.env rule=generic-api-key lines=7-7 nature=UNTRIAGED status=OPEN action=CLASSIFY_WITH_CONTEXT
[11] tree=2 commit=5d100a0d0a8f51f4a99bb02a995ab18e32c25889 path=/tmp/forgelocal-v5-gitleaks-trees.sF8B99/5d100a0d0a8f51f4a99bb02a995ab18e32c25889/validation_back01_integration/final/chromium_runtime_candidate_108_provenance.out file_type=.out rule=generic-api-key lines=8-9 nature=UNTRIAGED status=OPEN action=CLASSIFY_WITH_CONTEXT
[12] tree=2 commit=5d100a0d0a8f51f4a99bb02a995ab18e32c25889 path=/tmp/forgelocal-v5-gitleaks-trees.sF8B99/5d100a0d0a8f51f4a99bb02a995ab18e32c25889/validation_back01_integration/final/runtime_release_capture_qa/REQUESTED_RUNTIME.env file_type=.env rule=generic-api-key lines=7-7 nature=UNTRIAGED status=OPEN action=CLASSIFY_WITH_CONTEXT
[13] tree=3 commit=cbf3a502b3fd37c48798ec67a3a6d4edd5d4a5fb path=/tmp/forgelocal-v5-gitleaks-trees.sF8B99/cbf3a502b3fd37c48798ec67a3a6d4edd5d4a5fb/release/back01-minimal/RUNTIME_CANDIDATE_CHROMIUM_151.0.7922.108.json file_type=.json rule=generic-api-key lines=14-14 nature=UNTRIAGED status=OPEN action=CLASSIFY_WITH_CONTEXT
[14] tree=3 commit=cbf3a502b3fd37c48798ec67a3a6d4edd5d4a5fb path=/tmp/forgelocal-v5-gitleaks-trees.sF8B99/cbf3a502b3fd37c48798ec67a3a6d4edd5d4a5fb/release/back01-minimal/RUNTIME_RELEASE_LOCK.json file_type=.json rule=generic-api-key lines=16-16 nature=UNTRIAGED status=OPEN action=CLASSIFY_WITH_CONTEXT
[15] tree=3 commit=cbf3a502b3fd37c48798ec67a3a6d4edd5d4a5fb path=/tmp/forgelocal-v5-gitleaks-trees.sF8B99/cbf3a502b3fd37c48798ec67a3a6d4edd5d4a5fb/validation_back01_integration/candidates/chromium-common_151.0.7922.108-1xtradeb1.2404.1_amd64/REQUESTED_RUNTIME.env file_type=.env rule=generic-api-key lines=7-7 nature=UNTRIAGED status=OPEN action=CLASSIFY_WITH_CONTEXT
[16] tree=3 commit=cbf3a502b3fd37c48798ec67a3a6d4edd5d4a5fb path=/tmp/forgelocal-v5-gitleaks-trees.sF8B99/cbf3a502b3fd37c48798ec67a3a6d4edd5d4a5fb/validation_back01_integration/candidates/chromium_151.0.7922.108-1xtradeb1.2404.1_amd64/REQUESTED_RUNTIME.env file_type=.env rule=generic-api-key lines=7-7 nature=UNTRIAGED status=OPEN action=CLASSIFY_WITH_CONTEXT
[17] tree=3 commit=cbf3a502b3fd37c48798ec67a3a6d4edd5d4a5fb path=/tmp/forgelocal-v5-gitleaks-trees.sF8B99/cbf3a502b3fd37c48798ec67a3a6d4edd5d4a5fb/validation_back01_integration/final/chromium_runtime_candidate_108_provenance.out file_type=.out rule=generic-api-key lines=8-9 nature=UNTRIAGED status=OPEN action=CLASSIFY_WITH_CONTEXT
[18] tree=3 commit=cbf3a502b3fd37c48798ec67a3a6d4edd5d4a5fb path=/tmp/forgelocal-v5-gitleaks-trees.sF8B99/cbf3a502b3fd37c48798ec67a3a6d4edd5d4a5fb/validation_back01_integration/final/runtime_release_capture_qa/REQUESTED_RUNTIME.env file_type=.env rule=generic-api-key lines=7-7 nature=UNTRIAGED status=OPEN action=CLASSIFY_WITH_CONTEXT
[19] tree=4 commit=9d40bb4210a76e1fe0574292fc010dd2ae52eb31 path=/tmp/forgelocal-v5-gitleaks-trees.sF8B99/9d40bb4210a76e1fe0574292fc010dd2ae52eb31/release/back01-minimal/RUNTIME_CANDIDATE_CHROMIUM_151.0.7922.108.json file_type=.json rule=generic-api-key lines=14-14 nature=UNTRIAGED status=OPEN action=CLASSIFY_WITH_CONTEXT
[20] tree=4 commit=9d40bb4210a76e1fe0574292fc010dd2ae52eb31 path=/tmp/forgelocal-v5-gitleaks-trees.sF8B99/9d40bb4210a76e1fe0574292fc010dd2ae52eb31/release/back01-minimal/RUNTIME_RELEASE_LOCK.json file_type=.json rule=generic-api-key lines=16-16 nature=UNTRIAGED status=OPEN action=CLASSIFY_WITH_CONTEXT
[21] tree=4 commit=9d40bb4210a76e1fe0574292fc010dd2ae52eb31 path=/tmp/forgelocal-v5-gitleaks-trees.sF8B99/9d40bb4210a76e1fe0574292fc010dd2ae52eb31/validation_back01_integration/candidates/chromium-common_151.0.7922.108-1xtradeb1.2404.1_amd64/REQUESTED_RUNTIME.env file_type=.env rule=generic-api-key lines=7-7 nature=UNTRIAGED status=OPEN action=CLASSIFY_WITH_CONTEXT
[22] tree=4 commit=9d40bb4210a76e1fe0574292fc010dd2ae52eb31 path=/tmp/forgelocal-v5-gitleaks-trees.sF8B99/9d40bb4210a76e1fe0574292fc010dd2ae52eb31/validation_back01_integration/candidates/chromium_151.0.7922.108-1xtradeb1.2404.1_amd64/REQUESTED_RUNTIME.env file_type=.env rule=generic-api-key lines=7-7 nature=UNTRIAGED status=OPEN action=CLASSIFY_WITH_CONTEXT
[23] tree=4 commit=9d40bb4210a76e1fe0574292fc010dd2ae52eb31 path=/tmp/forgelocal-v5-gitleaks-trees.sF8B99/9d40bb4210a76e1fe0574292fc010dd2ae52eb31/validation_back01_integration/final/chromium_runtime_candidate_108_provenance.out file_type=.out rule=generic-api-key lines=8-9 nature=UNTRIAGED status=OPEN action=CLASSIFY_WITH_CONTEXT
[24] tree=4 commit=9d40bb4210a76e1fe0574292fc010dd2ae52eb31 path=/tmp/forgelocal-v5-gitleaks-trees.sF8B99/9d40bb4210a76e1fe0574292fc010dd2ae52eb31/validation_back01_integration/final/runtime_release_capture_qa/REQUESTED_RUNTIME.env file_type=.env rule=generic-api-key lines=7-7 nature=UNTRIAGED status=OPEN action=CLASSIFY_WITH_CONTEXT
[25] tree=5 commit=9dad98703a748af61cbd3573b00e2bb036739a69 path=/tmp/forgelocal-v5-gitleaks-trees.sF8B99/9dad98703a748af61cbd3573b00e2bb036739a69/release/back01-minimal/RUNTIME_CANDIDATE_CHROMIUM_151.0.7922.108.json file_type=.json rule=generic-api-key lines=14-14 nature=UNTRIAGED status=OPEN action=CLASSIFY_WITH_CONTEXT
[26] tree=5 commit=9dad98703a748af61cbd3573b00e2bb036739a69 path=/tmp/forgelocal-v5-gitleaks-trees.sF8B99/9dad98703a748af61cbd3573b00e2bb036739a69/release/back01-minimal/RUNTIME_RELEASE_LOCK.json file_type=.json rule=generic-api-key lines=16-16 nature=UNTRIAGED status=OPEN action=CLASSIFY_WITH_CONTEXT
[27] tree=5 commit=9dad98703a748af61cbd3573b00e2bb036739a69 path=/tmp/forgelocal-v5-gitleaks-trees.sF8B99/9dad98703a748af61cbd3573b00e2bb036739a69/validation_back01_integration/candidates/chromium-common_151.0.7922.108-1xtradeb1.2404.1_amd64/REQUESTED_RUNTIME.env file_type=.env rule=generic-api-key lines=7-7 nature=UNTRIAGED status=OPEN action=CLASSIFY_WITH_CONTEXT
[28] tree=5 commit=9dad98703a748af61cbd3573b00e2bb036739a69 path=/tmp/forgelocal-v5-gitleaks-trees.sF8B99/9dad98703a748af61cbd3573b00e2bb036739a69/validation_back01_integration/candidates/chromium_151.0.7922.108-1xtradeb1.2404.1_amd64/REQUESTED_RUNTIME.env file_type=.env rule=generic-api-key lines=7-7 nature=UNTRIAGED status=OPEN action=CLASSIFY_WITH_CONTEXT
[29] tree=5 commit=9dad98703a748af61cbd3573b00e2bb036739a69 path=/tmp/forgelocal-v5-gitleaks-trees.sF8B99/9dad98703a748af61cbd3573b00e2bb036739a69/validation_back01_integration/final/chromium_runtime_candidate_108_provenance.out file_type=.out rule=generic-api-key lines=8-9 nature=UNTRIAGED status=OPEN action=CLASSIFY_WITH_CONTEXT
[30] tree=5 commit=9dad98703a748af61cbd3573b00e2bb036739a69 path=/tmp/forgelocal-v5-gitleaks-trees.sF8B99/9dad98703a748af61cbd3573b00e2bb036739a69/validation_back01_integration/final/runtime_release_capture_qa/REQUESTED_RUNTIME.env file_type=.env rule=generic-api-key lines=7-7 nature=UNTRIAGED status=OPEN action=CLASSIFY_WITH_CONTEXT
[31] tree=6 commit=17b6daf72995e6c36d0d14cd51f36b84138bacb9 path=/tmp/forgelocal-v5-gitleaks-trees.sF8B99/17b6daf72995e6c36d0d14cd51f36b84138bacb9/release/back01-minimal/RUNTIME_CANDIDATE_CHROMIUM_151.0.7922.108.json file_type=.json rule=generic-api-key lines=14-14 nature=UNTRIAGED status=OPEN action=CLASSIFY_WITH_CONTEXT
[32] tree=6 commit=17b6daf72995e6c36d0d14cd51f36b84138bacb9 path=/tmp/forgelocal-v5-gitleaks-trees.sF8B99/17b6daf72995e6c36d0d14cd51f36b84138bacb9/release/back01-minimal/RUNTIME_RELEASE_LOCK.json file_type=.json rule=generic-api-key lines=16-16 nature=UNTRIAGED status=OPEN action=CLASSIFY_WITH_CONTEXT
[33] tree=6 commit=17b6daf72995e6c36d0d14cd51f36b84138bacb9 path=/tmp/forgelocal-v5-gitleaks-trees.sF8B99/17b6daf72995e6c36d0d14cd51f36b84138bacb9/validation_back01_integration/candidates/chromium-common_151.0.7922.108-1xtradeb1.2404.1_amd64/REQUESTED_RUNTIME.env file_type=.env rule=generic-api-key lines=7-7 nature=UNTRIAGED status=OPEN action=CLASSIFY_WITH_CONTEXT
[34] tree=6 commit=17b6daf72995e6c36d0d14cd51f36b84138bacb9 path=/tmp/forgelocal-v5-gitleaks-trees.sF8B99/17b6daf72995e6c36d0d14cd51f36b84138bacb9/validation_back01_integration/candidates/chromium_151.0.7922.108-1xtradeb1.2404.1_amd64/REQUESTED_RUNTIME.env file_type=.env rule=generic-api-key lines=7-7 nature=UNTRIAGED status=OPEN action=CLASSIFY_WITH_CONTEXT
[35] tree=6 commit=17b6daf72995e6c36d0d14cd51f36b84138bacb9 path=/tmp/forgelocal-v5-gitleaks-trees.sF8B99/17b6daf72995e6c36d0d14cd51f36b84138bacb9/validation_back01_integration/final/chromium_runtime_candidate_108_provenance.out file_type=.out rule=generic-api-key lines=8-9 nature=UNTRIAGED status=OPEN action=CLASSIFY_WITH_CONTEXT
[36] tree=6 commit=17b6daf72995e6c36d0d14cd51f36b84138bacb9 path=/tmp/forgelocal-v5-gitleaks-trees.sF8B99/17b6daf72995e6c36d0d14cd51f36b84138bacb9/validation_back01_integration/final/runtime_release_capture_qa/REQUESTED_RUNTIME.env file_type=.env rule=generic-api-key lines=7-7 nature=UNTRIAGED status=OPEN action=CLASSIFY_WITH_CONTEXT
[37] tree=7 commit=d7279e81dd724ba2278a65838bc65aaa16912007 path=/tmp/forgelocal-v5-gitleaks-trees.sF8B99/d7279e81dd724ba2278a65838bc65aaa16912007/release/back01-minimal/RUNTIME_CANDIDATE_CHROMIUM_151.0.7922.108.json file_type=.json rule=generic-api-key lines=14-14 nature=UNTRIAGED status=OPEN action=CLASSIFY_WITH_CONTEXT
[38] tree=7 commit=d7279e81dd724ba2278a65838bc65aaa16912007 path=/tmp/forgelocal-v5-gitleaks-trees.sF8B99/d7279e81dd724ba2278a65838bc65aaa16912007/release/back01-minimal/RUNTIME_RELEASE_LOCK.json file_type=.json rule=generic-api-key lines=16-16 nature=UNTRIAGED status=OPEN action=CLASSIFY_WITH_CONTEXT
[39] tree=7 commit=d7279e81dd724ba2278a65838bc65aaa16912007 path=/tmp/forgelocal-v5-gitleaks-trees.sF8B99/d7279e81dd724ba2278a65838bc65aaa16912007/validation_back01_integration/candidates/chromium-common_151.0.7922.108-1xtradeb1.2404.1_amd64/REQUESTED_RUNTIME.env file_type=.env rule=generic-api-key lines=7-7 nature=UNTRIAGED status=OPEN action=CLASSIFY_WITH_CONTEXT
[40] tree=7 commit=d7279e81dd724ba2278a65838bc65aaa16912007 path=/tmp/forgelocal-v5-gitleaks-trees.sF8B99/d7279e81dd724ba2278a65838bc65aaa16912007/validation_back01_integration/candidates/chromium_151.0.7922.108-1xtradeb1.2404.1_amd64/REQUESTED_RUNTIME.env file_type=.env rule=generic-api-key lines=7-7 nature=UNTRIAGED status=OPEN action=CLASSIFY_WITH_CONTEXT
[41] tree=7 commit=d7279e81dd724ba2278a65838bc65aaa16912007 path=/tmp/forgelocal-v5-gitleaks-trees.sF8B99/d7279e81dd724ba2278a65838bc65aaa16912007/validation_back01_integration/final/chromium_runtime_candidate_108_provenance.out file_type=.out rule=generic-api-key lines=8-9 nature=UNTRIAGED status=OPEN action=CLASSIFY_WITH_CONTEXT
[42] tree=7 commit=d7279e81dd724ba2278a65838bc65aaa16912007 path=/tmp/forgelocal-v5-gitleaks-trees.sF8B99/d7279e81dd724ba2278a65838bc65aaa16912007/validation_back01_integration/final/runtime_release_capture_qa/REQUESTED_RUNTIME.env file_type=.env rule=generic-api-key lines=7-7 nature=UNTRIAGED status=OPEN action=CLASSIFY_WITH_CONTEXT
[43] tree=8 commit=5d4363a1888956a35f6a0448c446ed0eb1bf981e path=/tmp/forgelocal-v5-gitleaks-trees.sF8B99/5d4363a1888956a35f6a0448c446ed0eb1bf981e/release/back01-minimal/RUNTIME_CANDIDATE_CHROMIUM_151.0.7922.108.json file_type=.json rule=generic-api-key lines=14-14 nature=UNTRIAGED status=OPEN action=CLASSIFY_WITH_CONTEXT
[44] tree=8 commit=5d4363a1888956a35f6a0448c446ed0eb1bf981e path=/tmp/forgelocal-v5-gitleaks-trees.sF8B99/5d4363a1888956a35f6a0448c446ed0eb1bf981e/release/back01-minimal/RUNTIME_RELEASE_LOCK.json file_type=.json rule=generic-api-key lines=16-16 nature=UNTRIAGED status=OPEN action=CLASSIFY_WITH_CONTEXT
[45] tree=8 commit=5d4363a1888956a35f6a0448c446ed0eb1bf981e path=/tmp/forgelocal-v5-gitleaks-trees.sF8B99/5d4363a1888956a35f6a0448c446ed0eb1bf981e/validation_back01_integration/candidates/chromium-common_151.0.7922.108-1xtradeb1.2404.1_amd64/REQUESTED_RUNTIME.env file_type=.env rule=generic-api-key lines=7-7 nature=UNTRIAGED status=OPEN action=CLASSIFY_WITH_CONTEXT
[46] tree=8 commit=5d4363a1888956a35f6a0448c446ed0eb1bf981e path=/tmp/forgelocal-v5-gitleaks-trees.sF8B99/5d4363a1888956a35f6a0448c446ed0eb1bf981e/validation_back01_integration/candidates/chromium_151.0.7922.108-1xtradeb1.2404.1_amd64/REQUESTED_RUNTIME.env file_type=.env rule=generic-api-key lines=7-7 nature=UNTRIAGED status=OPEN action=CLASSIFY_WITH_CONTEXT
[47] tree=8 commit=5d4363a1888956a35f6a0448c446ed0eb1bf981e path=/tmp/forgelocal-v5-gitleaks-trees.sF8B99/5d4363a1888956a35f6a0448c446ed0eb1bf981e/validation_back01_integration/final/chromium_runtime_candidate_108_provenance.out file_type=.out rule=generic-api-key lines=8-9 nature=UNTRIAGED status=OPEN action=CLASSIFY_WITH_CONTEXT
[48] tree=8 commit=5d4363a1888956a35f6a0448c446ed0eb1bf981e path=/tmp/forgelocal-v5-gitleaks-trees.sF8B99/5d4363a1888956a35f6a0448c446ed0eb1bf981e/validation_back01_integration/final/runtime_release_capture_qa/REQUESTED_RUNTIME.env file_type=.env rule=generic-api-key lines=7-7 nature=UNTRIAGED status=OPEN action=CLASSIFY_WITH_CONTEXT
[49] tree=9 commit=693632791041fde14db14ec8982b8bff1060a8d3 path=/tmp/forgelocal-v5-gitleaks-trees.sF8B99/693632791041fde14db14ec8982b8bff1060a8d3/release/back01-minimal/RUNTIME_CANDIDATE_CHROMIUM_151.0.7922.108.json file_type=.json rule=generic-api-key lines=14-14 nature=UNTRIAGED status=OPEN action=CLASSIFY_WITH_CONTEXT
[50] tree=9 commit=693632791041fde14db14ec8982b8bff1060a8d3 path=/tmp/forgelocal-v5-gitleaks-trees.sF8B99/693632791041fde14db14ec8982b8bff1060a8d3/release/back01-minimal/RUNTIME_RELEASE_LOCK.json file_type=.json rule=generic-api-key lines=16-16 nature=UNTRIAGED status=OPEN action=CLASSIFY_WITH_CONTEXT
[51] tree=9 commit=693632791041fde14db14ec8982b8bff1060a8d3 path=/tmp/forgelocal-v5-gitleaks-trees.sF8B99/693632791041fde14db14ec8982b8bff1060a8d3/validation_back01_integration/candidates/chromium-common_151.0.7922.108-1xtradeb1.2404.1_amd64/REQUESTED_RUNTIME.env file_type=.env rule=generic-api-key lines=7-7 nature=UNTRIAGED status=OPEN action=CLASSIFY_WITH_CONTEXT
[52] tree=9 commit=693632791041fde14db14ec8982b8bff1060a8d3 path=/tmp/forgelocal-v5-gitleaks-trees.sF8B99/693632791041fde14db14ec8982b8bff1060a8d3/validation_back01_integration/candidates/chromium_151.0.7922.108-1xtradeb1.2404.1_amd64/REQUESTED_RUNTIME.env file_type=.env rule=generic-api-key lines=7-7 nature=UNTRIAGED status=OPEN action=CLASSIFY_WITH_CONTEXT
[53] tree=9 commit=693632791041fde14db14ec8982b8bff1060a8d3 path=/tmp/forgelocal-v5-gitleaks-trees.sF8B99/693632791041fde14db14ec8982b8bff1060a8d3/validation_back01_integration/final/chromium_runtime_candidate_108_provenance.out file_type=.out rule=generic-api-key lines=8-9 nature=UNTRIAGED status=OPEN action=CLASSIFY_WITH_CONTEXT
[54] tree=9 commit=693632791041fde14db14ec8982b8bff1060a8d3 path=/tmp/forgelocal-v5-gitleaks-trees.sF8B99/693632791041fde14db14ec8982b8bff1060a8d3/validation_back01_integration/final/runtime_release_capture_qa/REQUESTED_RUNTIME.env file_type=.env rule=generic-api-key lines=7-7 nature=UNTRIAGED status=OPEN action=CLASSIFY_WITH_CONTEXT
[55] tree=10 commit=1ab112bce8189c54070c38e218783e6835b93a9e path=/tmp/forgelocal-v5-gitleaks-trees.sF8B99/1ab112bce8189c54070c38e218783e6835b93a9e/release/back01-minimal/RUNTIME_CANDIDATE_CHROMIUM_151.0.7922.108.json file_type=.json rule=generic-api-key lines=14-14 nature=UNTRIAGED status=OPEN action=CLASSIFY_WITH_CONTEXT
[56] tree=10 commit=1ab112bce8189c54070c38e218783e6835b93a9e path=/tmp/forgelocal-v5-gitleaks-trees.sF8B99/1ab112bce8189c54070c38e218783e6835b93a9e/release/back01-minimal/RUNTIME_RELEASE_LOCK.json file_type=.json rule=generic-api-key lines=16-16 nature=UNTRIAGED status=OPEN action=CLASSIFY_WITH_CONTEXT
[57] tree=10 commit=1ab112bce8189c54070c38e218783e6835b93a9e path=/tmp/forgelocal-v5-gitleaks-trees.sF8B99/1ab112bce8189c54070c38e218783e6835b93a9e/validation_back01_integration/candidates/chromium-common_151.0.7922.108-1xtradeb1.2404.1_amd64/REQUESTED_RUNTIME.env file_type=.env rule=generic-api-key lines=7-7 nature=UNTRIAGED status=OPEN action=CLASSIFY_WITH_CONTEXT
[58] tree=10 commit=1ab112bce8189c54070c38e218783e6835b93a9e path=/tmp/forgelocal-v5-gitleaks-trees.sF8B99/1ab112bce8189c54070c38e218783e6835b93a9e/validation_back01_integration/candidates/chromium_151.0.7922.108-1xtradeb1.2404.1_amd64/REQUESTED_RUNTIME.env file_type=.env rule=generic-api-key lines=7-7 nature=UNTRIAGED status=OPEN action=CLASSIFY_WITH_CONTEXT
[59] tree=10 commit=1ab112bce8189c54070c38e218783e6835b93a9e path=/tmp/forgelocal-v5-gitleaks-trees.sF8B99/1ab112bce8189c54070c38e218783e6835b93a9e/validation_back01_integration/final/chromium_runtime_candidate_108_provenance.out file_type=.out rule=generic-api-key lines=8-9 nature=UNTRIAGED status=OPEN action=CLASSIFY_WITH_CONTEXT
[60] tree=10 commit=1ab112bce8189c54070c38e218783e6835b93a9e path=/tmp/forgelocal-v5-gitleaks-trees.sF8B99/1ab112bce8189c54070c38e218783e6835b93a9e/validation_back01_integration/final/runtime_release_capture_qa/REQUESTED_RUNTIME.env file_type=.env rule=generic-api-key lines=7-7 nature=UNTRIAGED status=OPEN action=CLASSIFY_WITH_CONTEXT
[61] tree=11 commit=c7f66da0da6f547813d10826dfd7772ad7e0f4b6 path=/tmp/forgelocal-v5-gitleaks-trees.sF8B99/c7f66da0da6f547813d10826dfd7772ad7e0f4b6/release/back01-minimal/RUNTIME_CANDIDATE_CHROMIUM_151.0.7922.108.json file_type=.json rule=generic-api-key lines=14-14 nature=UNTRIAGED status=OPEN action=CLASSIFY_WITH_CONTEXT
[62] tree=11 commit=c7f66da0da6f547813d10826dfd7772ad7e0f4b6 path=/tmp/forgelocal-v5-gitleaks-trees.sF8B99/c7f66da0da6f547813d10826dfd7772ad7e0f4b6/release/back01-minimal/RUNTIME_RELEASE_LOCK.json file_type=.json rule=generic-api-key lines=16-16 nature=UNTRIAGED status=OPEN action=CLASSIFY_WITH_CONTEXT
[63] tree=11 commit=c7f66da0da6f547813d10826dfd7772ad7e0f4b6 path=/tmp/forgelocal-v5-gitleaks-trees.sF8B99/c7f66da0da6f547813d10826dfd7772ad7e0f4b6/validation_back01_integration/candidates/chromium-common_151.0.7922.108-1xtradeb1.2404.1_amd64/REQUESTED_RUNTIME.env file_type=.env rule=generic-api-key lines=7-7 nature=UNTRIAGED status=OPEN action=CLASSIFY_WITH_CONTEXT
[64] tree=11 commit=c7f66da0da6f547813d10826dfd7772ad7e0f4b6 path=/tmp/forgelocal-v5-gitleaks-trees.sF8B99/c7f66da0da6f547813d10826dfd7772ad7e0f4b6/validation_back01_integration/candidates/chromium_151.0.7922.108-1xtradeb1.2404.1_amd64/REQUESTED_RUNTIME.env file_type=.env rule=generic-api-key lines=7-7 nature=UNTRIAGED status=OPEN action=CLASSIFY_WITH_CONTEXT
[65] tree=11 commit=c7f66da0da6f547813d10826dfd7772ad7e0f4b6 path=/tmp/forgelocal-v5-gitleaks-trees.sF8B99/c7f66da0da6f547813d10826dfd7772ad7e0f4b6/validation_back01_integration/final/chromium_runtime_candidate_108_provenance.out file_type=.out rule=generic-api-key lines=8-9 nature=UNTRIAGED status=OPEN action=CLASSIFY_WITH_CONTEXT
[66] tree=11 commit=c7f66da0da6f547813d10826dfd7772ad7e0f4b6 path=/tmp/forgelocal-v5-gitleaks-trees.sF8B99/c7f66da0da6f547813d10826dfd7772ad7e0f4b6/validation_back01_integration/final/runtime_release_capture_qa/REQUESTED_RUNTIME.env file_type=.env rule=generic-api-key lines=7-7 nature=UNTRIAGED status=OPEN action=CLASSIFY_WITH_CONTEXT
[67] tree=12 commit=6519e84c13f7ae89cae7711d1ff0e568b6b3767e path=/tmp/forgelocal-v5-gitleaks-trees.sF8B99/6519e84c13f7ae89cae7711d1ff0e568b6b3767e/release/back01-minimal/RUNTIME_CANDIDATE_CHROMIUM_151.0.7922.108.json file_type=.json rule=generic-api-key lines=14-14 nature=UNTRIAGED status=OPEN action=CLASSIFY_WITH_CONTEXT
[68] tree=12 commit=6519e84c13f7ae89cae7711d1ff0e568b6b3767e path=/tmp/forgelocal-v5-gitleaks-trees.sF8B99/6519e84c13f7ae89cae7711d1ff0e568b6b3767e/release/back01-minimal/RUNTIME_RELEASE_LOCK.json file_type=.json rule=generic-api-key lines=16-16 nature=UNTRIAGED status=OPEN action=CLASSIFY_WITH_CONTEXT
[69] tree=12 commit=6519e84c13f7ae89cae7711d1ff0e568b6b3767e path=/tmp/forgelocal-v5-gitleaks-trees.sF8B99/6519e84c13f7ae89cae7711d1ff0e568b6b3767e/validation_back01_integration/candidates/chromium-common_151.0.7922.108-1xtradeb1.2404.1_amd64/REQUESTED_RUNTIME.env file_type=.env rule=generic-api-key lines=7-7 nature=UNTRIAGED status=OPEN action=CLASSIFY_WITH_CONTEXT
[70] tree=12 commit=6519e84c13f7ae89cae7711d1ff0e568b6b3767e path=/tmp/forgelocal-v5-gitleaks-trees.sF8B99/6519e84c13f7ae89cae7711d1ff0e568b6b3767e/validation_back01_integration/candidates/chromium_151.0.7922.108-1xtradeb1.2404.1_amd64/REQUESTED_RUNTIME.env file_type=.env rule=generic-api-key lines=7-7 nature=UNTRIAGED status=OPEN action=CLASSIFY_WITH_CONTEXT
[71] tree=12 commit=6519e84c13f7ae89cae7711d1ff0e568b6b3767e path=/tmp/forgelocal-v5-gitleaks-trees.sF8B99/6519e84c13f7ae89cae7711d1ff0e568b6b3767e/validation_back01_integration/final/chromium_runtime_candidate_108_provenance.out file_type=.out rule=generic-api-key lines=8-9 nature=UNTRIAGED status=OPEN action=CLASSIFY_WITH_CONTEXT
[72] tree=12 commit=6519e84c13f7ae89cae7711d1ff0e568b6b3767e path=/tmp/forgelocal-v5-gitleaks-trees.sF8B99/6519e84c13f7ae89cae7711d1ff0e568b6b3767e/validation_back01_integration/final/runtime_release_capture_qa/REQUESTED_RUNTIME.env file_type=.env rule=generic-api-key lines=7-7 nature=UNTRIAGED status=OPEN action=CLASSIFY_WITH_CONTEXT
[73] tree=13 commit=891b2d166a30a96d5ca872b473251ed1a3706ba3 path=/tmp/forgelocal-v5-gitleaks-trees.sF8B99/891b2d166a30a96d5ca872b473251ed1a3706ba3/release/back01-minimal/RUNTIME_CANDIDATE_CHROMIUM_151.0.7922.108.json file_type=.json rule=generic-api-key lines=14-14 nature=UNTRIAGED status=OPEN action=CLASSIFY_WITH_CONTEXT
[74] tree=13 commit=891b2d166a30a96d5ca872b473251ed1a3706ba3 path=/tmp/forgelocal-v5-gitleaks-trees.sF8B99/891b2d166a30a96d5ca872b473251ed1a3706ba3/release/back01-minimal/RUNTIME_RELEASE_LOCK.json file_type=.json rule=generic-api-key lines=16-16 nature=UNTRIAGED status=OPEN action=CLASSIFY_WITH_CONTEXT
[75] tree=13 commit=891b2d166a30a96d5ca872b473251ed1a3706ba3 path=/tmp/forgelocal-v5-gitleaks-trees.sF8B99/891b2d166a30a96d5ca872b473251ed1a3706ba3/validation_back01_integration/candidates/chromium-common_151.0.7922.108-1xtradeb1.2404.1_amd64/REQUESTED_RUNTIME.env file_type=.env rule=generic-api-key lines=7-7 nature=UNTRIAGED status=OPEN action=CLASSIFY_WITH_CONTEXT
[76] tree=13 commit=891b2d166a30a96d5ca872b473251ed1a3706ba3 path=/tmp/forgelocal-v5-gitleaks-trees.sF8B99/891b2d166a30a96d5ca872b473251ed1a3706ba3/validation_back01_integration/candidates/chromium_151.0.7922.108-1xtradeb1.2404.1_amd64/REQUESTED_RUNTIME.env file_type=.env rule=generic-api-key lines=7-7 nature=UNTRIAGED status=OPEN action=CLASSIFY_WITH_CONTEXT
[77] tree=13 commit=891b2d166a30a96d5ca872b473251ed1a3706ba3 path=/tmp/forgelocal-v5-gitleaks-trees.sF8B99/891b2d166a30a96d5ca872b473251ed1a3706ba3/validation_back01_integration/final/chromium_runtime_candidate_108_provenance.out file_type=.out rule=generic-api-key lines=8-9 nature=UNTRIAGED status=OPEN action=CLASSIFY_WITH_CONTEXT
[78] tree=13 commit=891b2d166a30a96d5ca872b473251ed1a3706ba3 path=/tmp/forgelocal-v5-gitleaks-trees.sF8B99/891b2d166a30a96d5ca872b473251ed1a3706ba3/validation_back01_integration/final/runtime_release_capture_qa/REQUESTED_RUNTIME.env file_type=.env rule=generic-api-key lines=7-7 nature=UNTRIAGED status=OPEN action=CLASSIFY_WITH_CONTEXT
[79] tree=14 commit=5085e6ac95d11649a74fb7137c6fca0b5ce7253a path=/tmp/forgelocal-v5-gitleaks-trees.sF8B99/5085e6ac95d11649a74fb7137c6fca0b5ce7253a/release/back01-minimal/RUNTIME_CANDIDATE_CHROMIUM_151.0.7922.108.json file_type=.json rule=generic-api-key lines=14-14 nature=UNTRIAGED status=OPEN action=CLASSIFY_WITH_CONTEXT
[80] tree=14 commit=5085e6ac95d11649a74fb7137c6fca0b5ce7253a path=/tmp/forgelocal-v5-gitleaks-trees.sF8B99/5085e6ac95d11649a74fb7137c6fca0b5ce7253a/release/back01-minimal/RUNTIME_RELEASE_LOCK.json file_type=.json rule=generic-api-key lines=16-16 nature=UNTRIAGED status=OPEN action=CLASSIFY_WITH_CONTEXT
[81] tree=14 commit=5085e6ac95d11649a74fb7137c6fca0b5ce7253a path=/tmp/forgelocal-v5-gitleaks-trees.sF8B99/5085e6ac95d11649a74fb7137c6fca0b5ce7253a/validation_back01_integration/candidates/chromium-common_151.0.7922.108-1xtradeb1.2404.1_amd64/REQUESTED_RUNTIME.env file_type=.env rule=generic-api-key lines=7-7 nature=UNTRIAGED status=OPEN action=CLASSIFY_WITH_CONTEXT
[82] tree=14 commit=5085e6ac95d11649a74fb7137c6fca0b5ce7253a path=/tmp/forgelocal-v5-gitleaks-trees.sF8B99/5085e6ac95d11649a74fb7137c6fca0b5ce7253a/validation_back01_integration/candidates/chromium_151.0.7922.108-1xtradeb1.2404.1_amd64/REQUESTED_RUNTIME.env file_type=.env rule=generic-api-key lines=7-7 nature=UNTRIAGED status=OPEN action=CLASSIFY_WITH_CONTEXT
[83] tree=14 commit=5085e6ac95d11649a74fb7137c6fca0b5ce7253a path=/tmp/forgelocal-v5-gitleaks-trees.sF8B99/5085e6ac95d11649a74fb7137c6fca0b5ce7253a/validation_back01_integration/final/chromium_runtime_candidate_108_provenance.out file_type=.out rule=generic-api-key lines=8-9 nature=UNTRIAGED status=OPEN action=CLASSIFY_WITH_CONTEXT
[84] tree=14 commit=5085e6ac95d11649a74fb7137c6fca0b5ce7253a path=/tmp/forgelocal-v5-gitleaks-trees.sF8B99/5085e6ac95d11649a74fb7137c6fca0b5ce7253a/validation_back01_integration/final/runtime_release_capture_qa/REQUESTED_RUNTIME.env file_type=.env rule=generic-api-key lines=7-7 nature=UNTRIAGED status=OPEN action=CLASSIFY_WITH_CONTEXT
[85] tree=15 commit=099ff7bbf384ff900ec44fc3e9aafd1fc273f0dd path=/tmp/forgelocal-v5-gitleaks-trees.sF8B99/099ff7bbf384ff900ec44fc3e9aafd1fc273f0dd/release/back01-minimal/RUNTIME_CANDIDATE_CHROMIUM_151.0.7922.108.json file_type=.json rule=generic-api-key lines=14-14 nature=UNTRIAGED status=OPEN action=CLASSIFY_WITH_CONTEXT
[86] tree=15 commit=099ff7bbf384ff900ec44fc3e9aafd1fc273f0dd path=/tmp/forgelocal-v5-gitleaks-trees.sF8B99/099ff7bbf384ff900ec44fc3e9aafd1fc273f0dd/release/back01-minimal/RUNTIME_RELEASE_LOCK.json file_type=.json rule=generic-api-key lines=16-16 nature=UNTRIAGED status=OPEN action=CLASSIFY_WITH_CONTEXT
[87] tree=15 commit=099ff7bbf384ff900ec44fc3e9aafd1fc273f0dd path=/tmp/forgelocal-v5-gitleaks-trees.sF8B99/099ff7bbf384ff900ec44fc3e9aafd1fc273f0dd/validation_back01_integration/candidates/chromium-common_151.0.7922.108-1xtradeb1.2404.1_amd64/REQUESTED_RUNTIME.env file_type=.env rule=generic-api-key lines=7-7 nature=UNTRIAGED status=OPEN action=CLASSIFY_WITH_CONTEXT
[88] tree=15 commit=099ff7bbf384ff900ec44fc3e9aafd1fc273f0dd path=/tmp/forgelocal-v5-gitleaks-trees.sF8B99/099ff7bbf384ff900ec44fc3e9aafd1fc273f0dd/validation_back01_integration/candidates/chromium_151.0.7922.108-1xtradeb1.2404.1_amd64/REQUESTED_RUNTIME.env file_type=.env rule=generic-api-key lines=7-7 nature=UNTRIAGED status=OPEN action=CLASSIFY_WITH_CONTEXT
[89] tree=15 commit=099ff7bbf384ff900ec44fc3e9aafd1fc273f0dd path=/tmp/forgelocal-v5-gitleaks-trees.sF8B99/099ff7bbf384ff900ec44fc3e9aafd1fc273f0dd/validation_back01_integration/final/chromium_runtime_candidate_108_provenance.out file_type=.out rule=generic-api-key lines=8-9 nature=UNTRIAGED status=OPEN action=CLASSIFY_WITH_CONTEXT
[90] tree=15 commit=099ff7bbf384ff900ec44fc3e9aafd1fc273f0dd path=/tmp/forgelocal-v5-gitleaks-trees.sF8B99/099ff7bbf384ff900ec44fc3e9aafd1fc273f0dd/validation_back01_integration/final/runtime_release_capture_qa/REQUESTED_RUNTIME.env file_type=.env rule=generic-api-key lines=7-7 nature=UNTRIAGED status=OPEN action=CLASSIFY_WITH_CONTEXT
[91] tree=16 commit=bfde794614effeedca281d4eb279632780901aa8 path=/tmp/forgelocal-v5-gitleaks-trees.sF8B99/bfde794614effeedca281d4eb279632780901aa8/release/back01-minimal/RUNTIME_CANDIDATE_CHROMIUM_151.0.7922.108.json file_type=.json rule=generic-api-key lines=14-14 nature=UNTRIAGED status=OPEN action=CLASSIFY_WITH_CONTEXT
[92] tree=16 commit=bfde794614effeedca281d4eb279632780901aa8 path=/tmp/forgelocal-v5-gitleaks-trees.sF8B99/bfde794614effeedca281d4eb279632780901aa8/release/back01-minimal/RUNTIME_RELEASE_LOCK.json file_type=.json rule=generic-api-key lines=16-16 nature=UNTRIAGED status=OPEN action=CLASSIFY_WITH_CONTEXT
[93] tree=16 commit=bfde794614effeedca281d4eb279632780901aa8 path=/tmp/forgelocal-v5-gitleaks-trees.sF8B99/bfde794614effeedca281d4eb279632780901aa8/validation_back01_integration/candidates/chromium-common_151.0.7922.108-1xtradeb1.2404.1_amd64/REQUESTED_RUNTIME.env file_type=.env rule=generic-api-key lines=7-7 nature=UNTRIAGED status=OPEN action=CLASSIFY_WITH_CONTEXT
[94] tree=16 commit=bfde794614effeedca281d4eb279632780901aa8 path=/tmp/forgelocal-v5-gitleaks-trees.sF8B99/bfde794614effeedca281d4eb279632780901aa8/validation_back01_integration/candidates/chromium_151.0.7922.108-1xtradeb1.2404.1_amd64/REQUESTED_RUNTIME.env file_type=.env rule=generic-api-key lines=7-7 nature=UNTRIAGED status=OPEN action=CLASSIFY_WITH_CONTEXT
[95] tree=16 commit=bfde794614effeedca281d4eb279632780901aa8 path=/tmp/forgelocal-v5-gitleaks-trees.sF8B99/bfde794614effeedca281d4eb279632780901aa8/validation_back01_integration/final/chromium_runtime_candidate_108_provenance.out file_type=.out rule=generic-api-key lines=8-9 nature=UNTRIAGED status=OPEN action=CLASSIFY_WITH_CONTEXT
[96] tree=16 commit=bfde794614effeedca281d4eb279632780901aa8 path=/tmp/forgelocal-v5-gitleaks-trees.sF8B99/bfde794614effeedca281d4eb279632780901aa8/validation_back01_integration/final/runtime_release_capture_qa/REQUESTED_RUNTIME.env file_type=.env rule=generic-api-key lines=7-7 nature=UNTRIAGED status=OPEN action=CLASSIFY_WITH_CONTEXT
[97] tree=17 commit=c0ad051c77e153b3ec4435fbc7ff98e30b96969b path=/tmp/forgelocal-v5-gitleaks-trees.sF8B99/c0ad051c77e153b3ec4435fbc7ff98e30b96969b/release/back01-minimal/RUNTIME_CANDIDATE_CHROMIUM_151.0.7922.108.json file_type=.json rule=generic-api-key lines=14-14 nature=UNTRIAGED status=OPEN action=CLASSIFY_WITH_CONTEXT
[98] tree=17 commit=c0ad051c77e153b3ec4435fbc7ff98e30b96969b path=/tmp/forgelocal-v5-gitleaks-trees.sF8B99/c0ad051c77e153b3ec4435fbc7ff98e30b96969b/release/back01-minimal/RUNTIME_RELEASE_LOCK.json file_type=.json rule=generic-api-key lines=16-16 nature=UNTRIAGED status=OPEN action=CLASSIFY_WITH_CONTEXT
[99] tree=17 commit=c0ad051c77e153b3ec4435fbc7ff98e30b96969b path=/tmp/forgelocal-v5-gitleaks-trees.sF8B99/c0ad051c77e153b3ec4435fbc7ff98e30b96969b/validation_back01_integration/candidates/chromium-common_151.0.7922.108-1xtradeb1.2404.1_amd64/REQUESTED_RUNTIME.env file_type=.env rule=generic-api-key lines=7-7 nature=UNTRIAGED status=OPEN action=CLASSIFY_WITH_CONTEXT
[100] tree=17 commit=c0ad051c77e153b3ec4435fbc7ff98e30b96969b path=/tmp/forgelocal-v5-gitleaks-trees.sF8B99/c0ad051c77e153b3ec4435fbc7ff98e30b96969b/validation_back01_integration/candidates/chromium_151.0.7922.108-1xtradeb1.2404.1_amd64/REQUESTED_RUNTIME.env file_type=.env rule=generic-api-key lines=7-7 nature=UNTRIAGED status=OPEN action=CLASSIFY_WITH_CONTEXT
[101] tree=17 commit=c0ad051c77e153b3ec4435fbc7ff98e30b96969b path=/tmp/forgelocal-v5-gitleaks-trees.sF8B99/c0ad051c77e153b3ec4435fbc7ff98e30b96969b/validation_back01_integration/final/chromium_runtime_candidate_108_provenance.out file_type=.out rule=generic-api-key lines=8-9 nature=UNTRIAGED status=OPEN action=CLASSIFY_WITH_CONTEXT
[102] tree=17 commit=c0ad051c77e153b3ec4435fbc7ff98e30b96969b path=/tmp/forgelocal-v5-gitleaks-trees.sF8B99/c0ad051c77e153b3ec4435fbc7ff98e30b96969b/validation_back01_integration/final/runtime_release_capture_qa/REQUESTED_RUNTIME.env file_type=.env rule=generic-api-key lines=7-7 nature=UNTRIAGED status=OPEN action=CLASSIFY_WITH_CONTEXT
[103] tree=18 commit=57fc8114bf360697bb075bb95d7062d5a2d49134 path=/tmp/forgelocal-v5-gitleaks-trees.sF8B99/57fc8114bf360697bb075bb95d7062d5a2d49134/release/back01-minimal/RUNTIME_CANDIDATE_CHROMIUM_151.0.7922.108.json file_type=.json rule=generic-api-key lines=14-14 nature=UNTRIAGED status=OPEN action=CLASSIFY_WITH_CONTEXT
[104] tree=18 commit=57fc8114bf360697bb075bb95d7062d5a2d49134 path=/tmp/forgelocal-v5-gitleaks-trees.sF8B99/57fc8114bf360697bb075bb95d7062d5a2d49134/release/back01-minimal/RUNTIME_RELEASE_LOCK.json file_type=.json rule=generic-api-key lines=16-16 nature=UNTRIAGED status=OPEN action=CLASSIFY_WITH_CONTEXT
[105] tree=18 commit=57fc8114bf360697bb075bb95d7062d5a2d49134 path=/tmp/forgelocal-v5-gitleaks-trees.sF8B99/57fc8114bf360697bb075bb95d7062d5a2d49134/validation_back01_integration/candidates/chromium-common_151.0.7922.108-1xtradeb1.2404.1_amd64/REQUESTED_RUNTIME.env file_type=.env rule=generic-api-key lines=7-7 nature=UNTRIAGED status=OPEN action=CLASSIFY_WITH_CONTEXT
[106] tree=18 commit=57fc8114bf360697bb075bb95d7062d5a2d49134 path=/tmp/forgelocal-v5-gitleaks-trees.sF8B99/57fc8114bf360697bb075bb95d7062d5a2d49134/validation_back01_integration/candidates/chromium_151.0.7922.108-1xtradeb1.2404.1_amd64/REQUESTED_RUNTIME.env file_type=.env rule=generic-api-key lines=7-7 nature=UNTRIAGED status=OPEN action=CLASSIFY_WITH_CONTEXT
[107] tree=18 commit=57fc8114bf360697bb075bb95d7062d5a2d49134 path=/tmp/forgelocal-v5-gitleaks-trees.sF8B99/57fc8114bf360697bb075bb95d7062d5a2d49134/validation_back01_integration/final/chromium_runtime_candidate_108_provenance.out file_type=.out rule=generic-api-key lines=8-9 nature=UNTRIAGED status=OPEN action=CLASSIFY_WITH_CONTEXT
[108] tree=18 commit=57fc8114bf360697bb075bb95d7062d5a2d49134 path=/tmp/forgelocal-v5-gitleaks-trees.sF8B99/57fc8114bf360697bb075bb95d7062d5a2d49134/validation_back01_integration/final/runtime_release_capture_qa/REQUESTED_RUNTIME.env file_type=.env rule=generic-api-key lines=7-7 nature=UNTRIAGED status=OPEN action=CLASSIFY_WITH_CONTEXT
[109] tree=19 commit=f8fcfa02935a62fa66c3e22bb6bd5a01493f2f62 path=/tmp/forgelocal-v5-gitleaks-trees.sF8B99/f8fcfa02935a62fa66c3e22bb6bd5a01493f2f62/release/back01-minimal/RUNTIME_CANDIDATE_CHROMIUM_151.0.7922.108.json file_type=.json rule=generic-api-key lines=14-14 nature=UNTRIAGED status=OPEN action=CLASSIFY_WITH_CONTEXT
[110] tree=19 commit=f8fcfa02935a62fa66c3e22bb6bd5a01493f2f62 path=/tmp/forgelocal-v5-gitleaks-trees.sF8B99/f8fcfa02935a62fa66c3e22bb6bd5a01493f2f62/release/back01-minimal/RUNTIME_RELEASE_LOCK.json file_type=.json rule=generic-api-key lines=16-16 nature=UNTRIAGED status=OPEN action=CLASSIFY_WITH_CONTEXT
[111] tree=19 commit=f8fcfa02935a62fa66c3e22bb6bd5a01493f2f62 path=/tmp/forgelocal-v5-gitleaks-trees.sF8B99/f8fcfa02935a62fa66c3e22bb6bd5a01493f2f62/validation_back01_integration/candidates/chromium-common_151.0.7922.108-1xtradeb1.2404.1_amd64/REQUESTED_RUNTIME.env file_type=.env rule=generic-api-key lines=7-7 nature=UNTRIAGED status=OPEN action=CLASSIFY_WITH_CONTEXT
[112] tree=19 commit=f8fcfa02935a62fa66c3e22bb6bd5a01493f2f62 path=/tmp/forgelocal-v5-gitleaks-trees.sF8B99/f8fcfa02935a62fa66c3e22bb6bd5a01493f2f62/validation_back01_integration/candidates/chromium_151.0.7922.108-1xtradeb1.2404.1_amd64/REQUESTED_RUNTIME.env file_type=.env rule=generic-api-key lines=7-7 nature=UNTRIAGED status=OPEN action=CLASSIFY_WITH_CONTEXT
[113] tree=19 commit=f8fcfa02935a62fa66c3e22bb6bd5a01493f2f62 path=/tmp/forgelocal-v5-gitleaks-trees.sF8B99/f8fcfa02935a62fa66c3e22bb6bd5a01493f2f62/validation_back01_integration/final/chromium_runtime_candidate_108_provenance.out file_type=.out rule=generic-api-key lines=8-9 nature=UNTRIAGED status=OPEN action=CLASSIFY_WITH_CONTEXT
[114] tree=19 commit=f8fcfa02935a62fa66c3e22bb6bd5a01493f2f62 path=/tmp/forgelocal-v5-gitleaks-trees.sF8B99/f8fcfa02935a62fa66c3e22bb6bd5a01493f2f62/validation_back01_integration/final/runtime_release_capture_qa/REQUESTED_RUNTIME.env file_type=.env rule=generic-api-key lines=7-7 nature=UNTRIAGED status=OPEN action=CLASSIFY_WITH_CONTEXT
[115] tree=20 commit=60ca2a8839ca4226157f5629012f14b7964e363d path=/tmp/forgelocal-v5-gitleaks-trees.sF8B99/60ca2a8839ca4226157f5629012f14b7964e363d/release/back01-minimal/RUNTIME_CANDIDATE_CHROMIUM_151.0.7922.108.json file_type=.json rule=generic-api-key lines=14-14 nature=UNTRIAGED status=OPEN action=CLASSIFY_WITH_CONTEXT
[116] tree=20 commit=60ca2a8839ca4226157f5629012f14b7964e363d path=/tmp/forgelocal-v5-gitleaks-trees.sF8B99/60ca2a8839ca4226157f5629012f14b7964e363d/release/back01-minimal/RUNTIME_RELEASE_LOCK.json file_type=.json rule=generic-api-key lines=16-16 nature=UNTRIAGED status=OPEN action=CLASSIFY_WITH_CONTEXT
[117] tree=20 commit=60ca2a8839ca4226157f5629012f14b7964e363d path=/tmp/forgelocal-v5-gitleaks-trees.sF8B99/60ca2a8839ca4226157f5629012f14b7964e363d/validation_back01_integration/candidates/chromium-common_151.0.7922.108-1xtradeb1.2404.1_amd64/REQUESTED_RUNTIME.env file_type=.env rule=generic-api-key lines=7-7 nature=UNTRIAGED status=OPEN action=CLASSIFY_WITH_CONTEXT
[118] tree=20 commit=60ca2a8839ca4226157f5629012f14b7964e363d path=/tmp/forgelocal-v5-gitleaks-trees.sF8B99/60ca2a8839ca4226157f5629012f14b7964e363d/validation_back01_integration/candidates/chromium_151.0.7922.108-1xtradeb1.2404.1_amd64/REQUESTED_RUNTIME.env file_type=.env rule=generic-api-key lines=7-7 nature=UNTRIAGED status=OPEN action=CLASSIFY_WITH_CONTEXT
[119] tree=20 commit=60ca2a8839ca4226157f5629012f14b7964e363d path=/tmp/forgelocal-v5-gitleaks-trees.sF8B99/60ca2a8839ca4226157f5629012f14b7964e363d/validation_back01_integration/final/chromium_runtime_candidate_108_provenance.out file_type=.out rule=generic-api-key lines=8-9 nature=UNTRIAGED status=OPEN action=CLASSIFY_WITH_CONTEXT
[120] tree=20 commit=60ca2a8839ca4226157f5629012f14b7964e363d path=/tmp/forgelocal-v5-gitleaks-trees.sF8B99/60ca2a8839ca4226157f5629012f14b7964e363d/validation_back01_integration/final/runtime_release_capture_qa/REQUESTED_RUNTIME.env file_type=.env rule=generic-api-key lines=7-7 nature=UNTRIAGED status=OPEN action=CLASSIFY_WITH_CONTEXT
[121] tree=21 commit=08061f1e55a0bba01a4a28df66dc852e8f345ade path=/tmp/forgelocal-v5-gitleaks-trees.sF8B99/08061f1e55a0bba01a4a28df66dc852e8f345ade/release/back01-minimal/RUNTIME_CANDIDATE_CHROMIUM_151.0.7922.108.json file_type=.json rule=generic-api-key lines=14-14 nature=UNTRIAGED status=OPEN action=CLASSIFY_WITH_CONTEXT
[122] tree=21 commit=08061f1e55a0bba01a4a28df66dc852e8f345ade path=/tmp/forgelocal-v5-gitleaks-trees.sF8B99/08061f1e55a0bba01a4a28df66dc852e8f345ade/release/back01-minimal/RUNTIME_RELEASE_LOCK.json file_type=.json rule=generic-api-key lines=16-16 nature=UNTRIAGED status=OPEN action=CLASSIFY_WITH_CONTEXT
[123] tree=21 commit=08061f1e55a0bba01a4a28df66dc852e8f345ade path=/tmp/forgelocal-v5-gitleaks-trees.sF8B99/08061f1e55a0bba01a4a28df66dc852e8f345ade/validation_back01_integration/candidates/chromium-common_151.0.7922.108-1xtradeb1.2404.1_amd64/REQUESTED_RUNTIME.env file_type=.env rule=generic-api-key lines=7-7 nature=UNTRIAGED status=OPEN action=CLASSIFY_WITH_CONTEXT
[124] tree=21 commit=08061f1e55a0bba01a4a28df66dc852e8f345ade path=/tmp/forgelocal-v5-gitleaks-trees.sF8B99/08061f1e55a0bba01a4a28df66dc852e8f345ade/validation_back01_integration/candidates/chromium_151.0.7922.108-1xtradeb1.2404.1_amd64/REQUESTED_RUNTIME.env file_type=.env rule=generic-api-key lines=7-7 nature=UNTRIAGED status=OPEN action=CLASSIFY_WITH_CONTEXT
[125] tree=21 commit=08061f1e55a0bba01a4a28df66dc852e8f345ade path=/tmp/forgelocal-v5-gitleaks-trees.sF8B99/08061f1e55a0bba01a4a28df66dc852e8f345ade/validation_back01_integration/final/chromium_runtime_candidate_108_provenance.out file_type=.out rule=generic-api-key lines=8-9 nature=UNTRIAGED status=OPEN action=CLASSIFY_WITH_CONTEXT
[126] tree=21 commit=08061f1e55a0bba01a4a28df66dc852e8f345ade path=/tmp/forgelocal-v5-gitleaks-trees.sF8B99/08061f1e55a0bba01a4a28df66dc852e8f345ade/validation_back01_integration/final/runtime_release_capture_qa/REQUESTED_RUNTIME.env file_type=.env rule=generic-api-key lines=7-7 nature=UNTRIAGED status=OPEN action=CLASSIFY_WITH_CONTEXT
[127] tree=22 commit=61a91ee68bb26994948fa5e0b8a2e67b987dd9e8 path=/tmp/forgelocal-v5-gitleaks-trees.sF8B99/61a91ee68bb26994948fa5e0b8a2e67b987dd9e8/release/back01-minimal/RUNTIME_CANDIDATE_CHROMIUM_151.0.7922.108.json file_type=.json rule=generic-api-key lines=14-14 nature=UNTRIAGED status=OPEN action=CLASSIFY_WITH_CONTEXT
[128] tree=22 commit=61a91ee68bb26994948fa5e0b8a2e67b987dd9e8 path=/tmp/forgelocal-v5-gitleaks-trees.sF8B99/61a91ee68bb26994948fa5e0b8a2e67b987dd9e8/release/back01-minimal/RUNTIME_RELEASE_LOCK.json file_type=.json rule=generic-api-key lines=16-16 nature=UNTRIAGED status=OPEN action=CLASSIFY_WITH_CONTEXT
[129] tree=22 commit=61a91ee68bb26994948fa5e0b8a2e67b987dd9e8 path=/tmp/forgelocal-v5-gitleaks-trees.sF8B99/61a91ee68bb26994948fa5e0b8a2e67b987dd9e8/validation_back01_integration/candidates/chromium-common_151.0.7922.108-1xtradeb1.2404.1_amd64/REQUESTED_RUNTIME.env file_type=.env rule=generic-api-key lines=7-7 nature=UNTRIAGED status=OPEN action=CLASSIFY_WITH_CONTEXT
[130] tree=22 commit=61a91ee68bb26994948fa5e0b8a2e67b987dd9e8 path=/tmp/forgelocal-v5-gitleaks-trees.sF8B99/61a91ee68bb26994948fa5e0b8a2e67b987dd9e8/validation_back01_integration/candidates/chromium_151.0.7922.108-1xtradeb1.2404.1_amd64/REQUESTED_RUNTIME.env file_type=.env rule=generic-api-key lines=7-7 nature=UNTRIAGED status=OPEN action=CLASSIFY_WITH_CONTEXT
[131] tree=22 commit=61a91ee68bb26994948fa5e0b8a2e67b987dd9e8 path=/tmp/forgelocal-v5-gitleaks-trees.sF8B99/61a91ee68bb26994948fa5e0b8a2e67b987dd9e8/validation_back01_integration/final/chromium_runtime_candidate_108_provenance.out file_type=.out rule=generic-api-key lines=8-9 nature=UNTRIAGED status=OPEN action=CLASSIFY_WITH_CONTEXT
[132] tree=22 commit=61a91ee68bb26994948fa5e0b8a2e67b987dd9e8 path=/tmp/forgelocal-v5-gitleaks-trees.sF8B99/61a91ee68bb26994948fa5e0b8a2e67b987dd9e8/validation_back01_integration/final/runtime_release_capture_qa/REQUESTED_RUNTIME.env file_type=.env rule=generic-api-key lines=7-7 nature=UNTRIAGED status=OPEN action=CLASSIFY_WITH_CONTEXT
[133] tree=23 commit=077ba90b2c522415aeefdc2d651c457b8c59683d path=/tmp/forgelocal-v5-gitleaks-trees.sF8B99/077ba90b2c522415aeefdc2d651c457b8c59683d/release/back01-minimal/RUNTIME_CANDIDATE_CHROMIUM_151.0.7922.108.json file_type=.json rule=generic-api-key lines=14-14 nature=UNTRIAGED status=OPEN action=CLASSIFY_WITH_CONTEXT
[134] tree=23 commit=077ba90b2c522415aeefdc2d651c457b8c59683d path=/tmp/forgelocal-v5-gitleaks-trees.sF8B99/077ba90b2c522415aeefdc2d651c457b8c59683d/release/back01-minimal/RUNTIME_RELEASE_LOCK.json file_type=.json rule=generic-api-key lines=16-16 nature=UNTRIAGED status=OPEN action=CLASSIFY_WITH_CONTEXT
[135] tree=23 commit=077ba90b2c522415aeefdc2d651c457b8c59683d path=/tmp/forgelocal-v5-gitleaks-trees.sF8B99/077ba90b2c522415aeefdc2d651c457b8c59683d/validation_back01_integration/candidates/chromium-common_151.0.7922.108-1xtradeb1.2404.1_amd64/REQUESTED_RUNTIME.env file_type=.env rule=generic-api-key lines=7-7 nature=UNTRIAGED status=OPEN action=CLASSIFY_WITH_CONTEXT
[136] tree=23 commit=077ba90b2c522415aeefdc2d651c457b8c59683d path=/tmp/forgelocal-v5-gitleaks-trees.sF8B99/077ba90b2c522415aeefdc2d651c457b8c59683d/validation_back01_integration/candidates/chromium_151.0.7922.108-1xtradeb1.2404.1_amd64/REQUESTED_RUNTIME.env file_type=.env rule=generic-api-key lines=7-7 nature=UNTRIAGED status=OPEN action=CLASSIFY_WITH_CONTEXT
[137] tree=23 commit=077ba90b2c522415aeefdc2d651c457b8c59683d path=/tmp/forgelocal-v5-gitleaks-trees.sF8B99/077ba90b2c522415aeefdc2d651c457b8c59683d/validation_back01_integration/final/chromium_runtime_candidate_108_provenance.out file_type=.out rule=generic-api-key lines=8-9 nature=UNTRIAGED status=OPEN action=CLASSIFY_WITH_CONTEXT
[138] tree=23 commit=077ba90b2c522415aeefdc2d651c457b8c59683d path=/tmp/forgelocal-v5-gitleaks-trees.sF8B99/077ba90b2c522415aeefdc2d651c457b8c59683d/validation_back01_integration/final/runtime_release_capture_qa/REQUESTED_RUNTIME.env file_type=.env rule=generic-api-key lines=7-7 nature=UNTRIAGED status=OPEN action=CLASSIFY_WITH_CONTEXT
[139] tree=24 commit=8227337b84e3986eb813cdfed2c27716c2d3501b path=/tmp/forgelocal-v5-gitleaks-trees.sF8B99/8227337b84e3986eb813cdfed2c27716c2d3501b/release/back01-minimal/RUNTIME_CANDIDATE_CHROMIUM_151.0.7922.108.json file_type=.json rule=generic-api-key lines=14-14 nature=UNTRIAGED status=OPEN action=CLASSIFY_WITH_CONTEXT
[140] tree=24 commit=8227337b84e3986eb813cdfed2c27716c2d3501b path=/tmp/forgelocal-v5-gitleaks-trees.sF8B99/8227337b84e3986eb813cdfed2c27716c2d3501b/release/back01-minimal/RUNTIME_RELEASE_LOCK.json file_type=.json rule=generic-api-key lines=16-16 nature=UNTRIAGED status=OPEN action=CLASSIFY_WITH_CONTEXT
[141] tree=24 commit=8227337b84e3986eb813cdfed2c27716c2d3501b path=/tmp/forgelocal-v5-gitleaks-trees.sF8B99/8227337b84e3986eb813cdfed2c27716c2d3501b/validation_back01_integration/candidates/chromium-common_151.0.7922.108-1xtradeb1.2404.1_amd64/REQUESTED_RUNTIME.env file_type=.env rule=generic-api-key lines=7-7 nature=UNTRIAGED status=OPEN action=CLASSIFY_WITH_CONTEXT
[142] tree=24 commit=8227337b84e3986eb813cdfed2c27716c2d3501b path=/tmp/forgelocal-v5-gitleaks-trees.sF8B99/8227337b84e3986eb813cdfed2c27716c2d3501b/validation_back01_integration/candidates/chromium_151.0.7922.108-1xtradeb1.2404.1_amd64/REQUESTED_RUNTIME.env file_type=.env rule=generic-api-key lines=7-7 nature=UNTRIAGED status=OPEN action=CLASSIFY_WITH_CONTEXT
[143] tree=24 commit=8227337b84e3986eb813cdfed2c27716c2d3501b path=/tmp/forgelocal-v5-gitleaks-trees.sF8B99/8227337b84e3986eb813cdfed2c27716c2d3501b/validation_back01_integration/final/chromium_runtime_candidate_108_provenance.out file_type=.out rule=generic-api-key lines=8-9 nature=UNTRIAGED status=OPEN action=CLASSIFY_WITH_CONTEXT
[144] tree=24 commit=8227337b84e3986eb813cdfed2c27716c2d3501b path=/tmp/forgelocal-v5-gitleaks-trees.sF8B99/8227337b84e3986eb813cdfed2c27716c2d3501b/validation_back01_integration/final/runtime_release_capture_qa/REQUESTED_RUNTIME.env file_type=.env rule=generic-api-key lines=7-7 nature=UNTRIAGED status=OPEN action=CLASSIFY_WITH_CONTEXT
[145] tree=25 commit=944376fd1c9d22dad44730854ce4b2d6203c743b path=/tmp/forgelocal-v5-gitleaks-trees.sF8B99/944376fd1c9d22dad44730854ce4b2d6203c743b/release/back01-minimal/RUNTIME_CANDIDATE_CHROMIUM_151.0.7922.108.json file_type=.json rule=generic-api-key lines=14-14 nature=UNTRIAGED status=OPEN action=CLASSIFY_WITH_CONTEXT
[146] tree=25 commit=944376fd1c9d22dad44730854ce4b2d6203c743b path=/tmp/forgelocal-v5-gitleaks-trees.sF8B99/944376fd1c9d22dad44730854ce4b2d6203c743b/release/back01-minimal/RUNTIME_RELEASE_LOCK.json file_type=.json rule=generic-api-key lines=16-16 nature=UNTRIAGED status=OPEN action=CLASSIFY_WITH_CONTEXT
[147] tree=25 commit=944376fd1c9d22dad44730854ce4b2d6203c743b path=/tmp/forgelocal-v5-gitleaks-trees.sF8B99/944376fd1c9d22dad44730854ce4b2d6203c743b/validation_back01_integration/candidates/chromium-common_151.0.7922.108-1xtradeb1.2404.1_amd64/REQUESTED_RUNTIME.env file_type=.env rule=generic-api-key lines=7-7 nature=UNTRIAGED status=OPEN action=CLASSIFY_WITH_CONTEXT
[148] tree=25 commit=944376fd1c9d22dad44730854ce4b2d6203c743b path=/tmp/forgelocal-v5-gitleaks-trees.sF8B99/944376fd1c9d22dad44730854ce4b2d6203c743b/validation_back01_integration/candidates/chromium_151.0.7922.108-1xtradeb1.2404.1_amd64/REQUESTED_RUNTIME.env file_type=.env rule=generic-api-key lines=7-7 nature=UNTRIAGED status=OPEN action=CLASSIFY_WITH_CONTEXT
[149] tree=25 commit=944376fd1c9d22dad44730854ce4b2d6203c743b path=/tmp/forgelocal-v5-gitleaks-trees.sF8B99/944376fd1c9d22dad44730854ce4b2d6203c743b/validation_back01_integration/final/chromium_runtime_candidate_108_provenance.out file_type=.out rule=generic-api-key lines=8-9 nature=UNTRIAGED status=OPEN action=CLASSIFY_WITH_CONTEXT
[150] tree=25 commit=944376fd1c9d22dad44730854ce4b2d6203c743b path=/tmp/forgelocal-v5-gitleaks-trees.sF8B99/944376fd1c9d22dad44730854ce4b2d6203c743b/validation_back01_integration/final/runtime_release_capture_qa/REQUESTED_RUNTIME.env file_type=.env rule=generic-api-key lines=7-7 nature=UNTRIAGED status=OPEN action=CLASSIFY_WITH_CONTEXT
[151] tree=26 commit=0e2b45a0b05ca7e03fd7bb514027c87d618a957f path=/tmp/forgelocal-v5-gitleaks-trees.sF8B99/0e2b45a0b05ca7e03fd7bb514027c87d618a957f/release/back01-minimal/RUNTIME_CANDIDATE_CHROMIUM_151.0.7922.108.json file_type=.json rule=generic-api-key lines=14-14 nature=UNTRIAGED status=OPEN action=CLASSIFY_WITH_CONTEXT
[152] tree=26 commit=0e2b45a0b05ca7e03fd7bb514027c87d618a957f path=/tmp/forgelocal-v5-gitleaks-trees.sF8B99/0e2b45a0b05ca7e03fd7bb514027c87d618a957f/release/back01-minimal/RUNTIME_RELEASE_LOCK.json file_type=.json rule=generic-api-key lines=16-16 nature=UNTRIAGED status=OPEN action=CLASSIFY_WITH_CONTEXT
[153] tree=26 commit=0e2b45a0b05ca7e03fd7bb514027c87d618a957f path=/tmp/forgelocal-v5-gitleaks-trees.sF8B99/0e2b45a0b05ca7e03fd7bb514027c87d618a957f/validation_back01_integration/candidates/chromium-common_151.0.7922.108-1xtradeb1.2404.1_amd64/REQUESTED_RUNTIME.env file_type=.env rule=generic-api-key lines=7-7 nature=UNTRIAGED status=OPEN action=CLASSIFY_WITH_CONTEXT
[154] tree=26 commit=0e2b45a0b05ca7e03fd7bb514027c87d618a957f path=/tmp/forgelocal-v5-gitleaks-trees.sF8B99/0e2b45a0b05ca7e03fd7bb514027c87d618a957f/validation_back01_integration/candidates/chromium_151.0.7922.108-1xtradeb1.2404.1_amd64/REQUESTED_RUNTIME.env file_type=.env rule=generic-api-key lines=7-7 nature=UNTRIAGED status=OPEN action=CLASSIFY_WITH_CONTEXT
[155] tree=26 commit=0e2b45a0b05ca7e03fd7bb514027c87d618a957f path=/tmp/forgelocal-v5-gitleaks-trees.sF8B99/0e2b45a0b05ca7e03fd7bb514027c87d618a957f/validation_back01_integration/final/chromium_runtime_candidate_108_provenance.out file_type=.out rule=generic-api-key lines=8-9 nature=UNTRIAGED status=OPEN action=CLASSIFY_WITH_CONTEXT
[156] tree=26 commit=0e2b45a0b05ca7e03fd7bb514027c87d618a957f path=/tmp/forgelocal-v5-gitleaks-trees.sF8B99/0e2b45a0b05ca7e03fd7bb514027c87d618a957f/validation_back01_integration/final/runtime_release_capture_qa/REQUESTED_RUNTIME.env file_type=.env rule=generic-api-key lines=7-7 nature=UNTRIAGED status=OPEN action=CLASSIFY_WITH_CONTEXT
[157] tree=27 commit=6489af39a4ac4f91f9f7dc1435f10b2bd10dfdc0 path=/tmp/forgelocal-v5-gitleaks-trees.sF8B99/6489af39a4ac4f91f9f7dc1435f10b2bd10dfdc0/release/back01-minimal/RUNTIME_CANDIDATE_CHROMIUM_151.0.7922.108.json file_type=.json rule=generic-api-key lines=14-14 nature=UNTRIAGED status=OPEN action=CLASSIFY_WITH_CONTEXT
[158] tree=27 commit=6489af39a4ac4f91f9f7dc1435f10b2bd10dfdc0 path=/tmp/forgelocal-v5-gitleaks-trees.sF8B99/6489af39a4ac4f91f9f7dc1435f10b2bd10dfdc0/release/back01-minimal/RUNTIME_RELEASE_LOCK.json file_type=.json rule=generic-api-key lines=16-16 nature=UNTRIAGED status=OPEN action=CLASSIFY_WITH_CONTEXT
[159] tree=27 commit=6489af39a4ac4f91f9f7dc1435f10b2bd10dfdc0 path=/tmp/forgelocal-v5-gitleaks-trees.sF8B99/6489af39a4ac4f91f9f7dc1435f10b2bd10dfdc0/validation_back01_integration/candidates/chromium-common_151.0.7922.108-1xtradeb1.2404.1_amd64/REQUESTED_RUNTIME.env file_type=.env rule=generic-api-key lines=7-7 nature=UNTRIAGED status=OPEN action=CLASSIFY_WITH_CONTEXT
[160] tree=27 commit=6489af39a4ac4f91f9f7dc1435f10b2bd10dfdc0 path=/tmp/forgelocal-v5-gitleaks-trees.sF8B99/6489af39a4ac4f91f9f7dc1435f10b2bd10dfdc0/validation_back01_integration/candidates/chromium_151.0.7922.108-1xtradeb1.2404.1_amd64/REQUESTED_RUNTIME.env file_type=.env rule=generic-api-key lines=7-7 nature=UNTRIAGED status=OPEN action=CLASSIFY_WITH_CONTEXT
[161] tree=27 commit=6489af39a4ac4f91f9f7dc1435f10b2bd10dfdc0 path=/tmp/forgelocal-v5-gitleaks-trees.sF8B99/6489af39a4ac4f91f9f7dc1435f10b2bd10dfdc0/validation_back01_integration/final/chromium_runtime_candidate_108_provenance.out file_type=.out rule=generic-api-key lines=8-9 nature=UNTRIAGED status=OPEN action=CLASSIFY_WITH_CONTEXT
[162] tree=27 commit=6489af39a4ac4f91f9f7dc1435f10b2bd10dfdc0 path=/tmp/forgelocal-v5-gitleaks-trees.sF8B99/6489af39a4ac4f91f9f7dc1435f10b2bd10dfdc0/validation_back01_integration/final/runtime_release_capture_qa/REQUESTED_RUNTIME.env file_type=.env rule=generic-api-key lines=7-7 nature=UNTRIAGED status=OPEN action=CLASSIFY_WITH_CONTEXT
[163] tree=28 commit=bb9375214bd05cf7b364ea332f6ddb5a59767fae path=/tmp/forgelocal-v5-gitleaks-trees.sF8B99/bb9375214bd05cf7b364ea332f6ddb5a59767fae/release/back01-minimal/RUNTIME_CANDIDATE_CHROMIUM_151.0.7922.108.json file_type=.json rule=generic-api-key lines=14-14 nature=UNTRIAGED status=OPEN action=CLASSIFY_WITH_CONTEXT
[164] tree=28 commit=bb9375214bd05cf7b364ea332f6ddb5a59767fae path=/tmp/forgelocal-v5-gitleaks-trees.sF8B99/bb9375214bd05cf7b364ea332f6ddb5a59767fae/release/back01-minimal/RUNTIME_RELEASE_LOCK.json file_type=.json rule=generic-api-key lines=16-16 nature=UNTRIAGED status=OPEN action=CLASSIFY_WITH_CONTEXT
[165] tree=28 commit=bb9375214bd05cf7b364ea332f6ddb5a59767fae path=/tmp/forgelocal-v5-gitleaks-trees.sF8B99/bb9375214bd05cf7b364ea332f6ddb5a59767fae/validation_back01_integration/candidates/chromium-common_151.0.7922.108-1xtradeb1.2404.1_amd64/REQUESTED_RUNTIME.env file_type=.env rule=generic-api-key lines=7-7 nature=UNTRIAGED status=OPEN action=CLASSIFY_WITH_CONTEXT
[166] tree=28 commit=bb9375214bd05cf7b364ea332f6ddb5a59767fae path=/tmp/forgelocal-v5-gitleaks-trees.sF8B99/bb9375214bd05cf7b364ea332f6ddb5a59767fae/validation_back01_integration/candidates/chromium_151.0.7922.108-1xtradeb1.2404.1_amd64/REQUESTED_RUNTIME.env file_type=.env rule=generic-api-key lines=7-7 nature=UNTRIAGED status=OPEN action=CLASSIFY_WITH_CONTEXT
[167] tree=28 commit=bb9375214bd05cf7b364ea332f6ddb5a59767fae path=/tmp/forgelocal-v5-gitleaks-trees.sF8B99/bb9375214bd05cf7b364ea332f6ddb5a59767fae/validation_back01_integration/final/chromium_runtime_candidate_108_provenance.out file_type=.out rule=generic-api-key lines=8-9 nature=UNTRIAGED status=OPEN action=CLASSIFY_WITH_CONTEXT
[168] tree=28 commit=bb9375214bd05cf7b364ea332f6ddb5a59767fae path=/tmp/forgelocal-v5-gitleaks-trees.sF8B99/bb9375214bd05cf7b364ea332f6ddb5a59767fae/validation_back01_integration/final/runtime_release_capture_qa/REQUESTED_RUNTIME.env file_type=.env rule=generic-api-key lines=7-7 nature=UNTRIAGED status=OPEN action=CLASSIFY_WITH_CONTEXT
[169] tree=29 commit=dd1240472dd566fe4eeedcbe4206791c41f7b0b0 path=/tmp/forgelocal-v5-gitleaks-trees.sF8B99/dd1240472dd566fe4eeedcbe4206791c41f7b0b0/release/back01-minimal/RUNTIME_CANDIDATE_CHROMIUM_151.0.7922.108.json file_type=.json rule=generic-api-key lines=14-14 nature=UNTRIAGED status=OPEN action=CLASSIFY_WITH_CONTEXT
[170] tree=29 commit=dd1240472dd566fe4eeedcbe4206791c41f7b0b0 path=/tmp/forgelocal-v5-gitleaks-trees.sF8B99/dd1240472dd566fe4eeedcbe4206791c41f7b0b0/release/back01-minimal/RUNTIME_RELEASE_LOCK.json file_type=.json rule=generic-api-key lines=16-16 nature=UNTRIAGED status=OPEN action=CLASSIFY_WITH_CONTEXT
[171] tree=29 commit=dd1240472dd566fe4eeedcbe4206791c41f7b0b0 path=/tmp/forgelocal-v5-gitleaks-trees.sF8B99/dd1240472dd566fe4eeedcbe4206791c41f7b0b0/validation_back01_integration/candidates/chromium-common_151.0.7922.108-1xtradeb1.2404.1_amd64/REQUESTED_RUNTIME.env file_type=.env rule=generic-api-key lines=7-7 nature=UNTRIAGED status=OPEN action=CLASSIFY_WITH_CONTEXT
[172] tree=29 commit=dd1240472dd566fe4eeedcbe4206791c41f7b0b0 path=/tmp/forgelocal-v5-gitleaks-trees.sF8B99/dd1240472dd566fe4eeedcbe4206791c41f7b0b0/validation_back01_integration/candidates/chromium_151.0.7922.108-1xtradeb1.2404.1_amd64/REQUESTED_RUNTIME.env file_type=.env rule=generic-api-key lines=7-7 nature=UNTRIAGED status=OPEN action=CLASSIFY_WITH_CONTEXT
[173] tree=29 commit=dd1240472dd566fe4eeedcbe4206791c41f7b0b0 path=/tmp/forgelocal-v5-gitleaks-trees.sF8B99/dd1240472dd566fe4eeedcbe4206791c41f7b0b0/validation_back01_integration/final/chromium_runtime_candidate_108_provenance.out file_type=.out rule=generic-api-key lines=8-9 nature=UNTRIAGED status=OPEN action=CLASSIFY_WITH_CONTEXT
[174] tree=29 commit=dd1240472dd566fe4eeedcbe4206791c41f7b0b0 path=/tmp/forgelocal-v5-gitleaks-trees.sF8B99/dd1240472dd566fe4eeedcbe4206791c41f7b0b0/validation_back01_integration/final/runtime_release_capture_qa/REQUESTED_RUNTIME.env file_type=.env rule=generic-api-key lines=7-7 nature=UNTRIAGED status=OPEN action=CLASSIFY_WITH_CONTEXT
[175] tree=30 commit=8dfbe18355e6fa481e8c6f773e5d4bfad6437a83 path=/tmp/forgelocal-v5-gitleaks-trees.sF8B99/8dfbe18355e6fa481e8c6f773e5d4bfad6437a83/release/back01-minimal/RUNTIME_CANDIDATE_CHROMIUM_151.0.7922.108.json file_type=.json rule=generic-api-key lines=14-14 nature=UNTRIAGED status=OPEN action=CLASSIFY_WITH_CONTEXT
[176] tree=30 commit=8dfbe18355e6fa481e8c6f773e5d4bfad6437a83 path=/tmp/forgelocal-v5-gitleaks-trees.sF8B99/8dfbe18355e6fa481e8c6f773e5d4bfad6437a83/release/back01-minimal/RUNTIME_RELEASE_LOCK.json file_type=.json rule=generic-api-key lines=16-16 nature=UNTRIAGED status=OPEN action=CLASSIFY_WITH_CONTEXT
[177] tree=30 commit=8dfbe18355e6fa481e8c6f773e5d4bfad6437a83 path=/tmp/forgelocal-v5-gitleaks-trees.sF8B99/8dfbe18355e6fa481e8c6f773e5d4bfad6437a83/validation_back01_integration/candidates/chromium-common_151.0.7922.108-1xtradeb1.2404.1_amd64/REQUESTED_RUNTIME.env file_type=.env rule=generic-api-key lines=7-7 nature=UNTRIAGED status=OPEN action=CLASSIFY_WITH_CONTEXT
[178] tree=30 commit=8dfbe18355e6fa481e8c6f773e5d4bfad6437a83 path=/tmp/forgelocal-v5-gitleaks-trees.sF8B99/8dfbe18355e6fa481e8c6f773e5d4bfad6437a83/validation_back01_integration/candidates/chromium_151.0.7922.108-1xtradeb1.2404.1_amd64/REQUESTED_RUNTIME.env file_type=.env rule=generic-api-key lines=7-7 nature=UNTRIAGED status=OPEN action=CLASSIFY_WITH_CONTEXT
[179] tree=30 commit=8dfbe18355e6fa481e8c6f773e5d4bfad6437a83 path=/tmp/forgelocal-v5-gitleaks-trees.sF8B99/8dfbe18355e6fa481e8c6f773e5d4bfad6437a83/validation_back01_integration/final/chromium_runtime_candidate_108_provenance.out file_type=.out rule=generic-api-key lines=8-9 nature=UNTRIAGED status=OPEN action=CLASSIFY_WITH_CONTEXT
[180] tree=30 commit=8dfbe18355e6fa481e8c6f773e5d4bfad6437a83 path=/tmp/forgelocal-v5-gitleaks-trees.sF8B99/8dfbe18355e6fa481e8c6f773e5d4bfad6437a83/validation_back01_integration/final/runtime_release_capture_qa/REQUESTED_RUNTIME.env file_type=.env rule=generic-api-key lines=7-7 nature=UNTRIAGED status=OPEN action=CLASSIFY_WITH_CONTEXT
[181] tree=31 commit=c61118ed2d5c2221ae6f34f28a11962624bb7094 path=/tmp/forgelocal-v5-gitleaks-trees.sF8B99/c61118ed2d5c2221ae6f34f28a11962624bb7094/release/back01-minimal/RUNTIME_CANDIDATE_CHROMIUM_151.0.7922.108.json file_type=.json rule=generic-api-key lines=14-14 nature=UNTRIAGED status=OPEN action=CLASSIFY_WITH_CONTEXT
[182] tree=31 commit=c61118ed2d5c2221ae6f34f28a11962624bb7094 path=/tmp/forgelocal-v5-gitleaks-trees.sF8B99/c61118ed2d5c2221ae6f34f28a11962624bb7094/release/back01-minimal/RUNTIME_RELEASE_LOCK.json file_type=.json rule=generic-api-key lines=16-16 nature=UNTRIAGED status=OPEN action=CLASSIFY_WITH_CONTEXT
[183] tree=31 commit=c61118ed2d5c2221ae6f34f28a11962624bb7094 path=/tmp/forgelocal-v5-gitleaks-trees.sF8B99/c61118ed2d5c2221ae6f34f28a11962624bb7094/validation_back01_integration/candidates/chromium-common_151.0.7922.108-1xtradeb1.2404.1_amd64/REQUESTED_RUNTIME.env file_type=.env rule=generic-api-key lines=7-7 nature=UNTRIAGED status=OPEN action=CLASSIFY_WITH_CONTEXT
[184] tree=31 commit=c61118ed2d5c2221ae6f34f28a11962624bb7094 path=/tmp/forgelocal-v5-gitleaks-trees.sF8B99/c61118ed2d5c2221ae6f34f28a11962624bb7094/validation_back01_integration/candidates/chromium_151.0.7922.108-1xtradeb1.2404.1_amd64/REQUESTED_RUNTIME.env file_type=.env rule=generic-api-key lines=7-7 nature=UNTRIAGED status=OPEN action=CLASSIFY_WITH_CONTEXT
[185] tree=31 commit=c61118ed2d5c2221ae6f34f28a11962624bb7094 path=/tmp/forgelocal-v5-gitleaks-trees.sF8B99/c61118ed2d5c2221ae6f34f28a11962624bb7094/validation_back01_integration/final/chromium_runtime_candidate_108_provenance.out file_type=.out rule=generic-api-key lines=8-9 nature=UNTRIAGED status=OPEN action=CLASSIFY_WITH_CONTEXT
[186] tree=31 commit=c61118ed2d5c2221ae6f34f28a11962624bb7094 path=/tmp/forgelocal-v5-gitleaks-trees.sF8B99/c61118ed2d5c2221ae6f34f28a11962624bb7094/validation_back01_integration/final/runtime_release_capture_qa/REQUESTED_RUNTIME.env file_type=.env rule=generic-api-key lines=7-7 nature=UNTRIAGED status=OPEN action=CLASSIFY_WITH_CONTEXT
[187] tree=32 commit=59882a9bcac8755c0fb8a294be32a6b1d1ff4598 path=/tmp/forgelocal-v5-gitleaks-trees.sF8B99/59882a9bcac8755c0fb8a294be32a6b1d1ff4598/release/back01-minimal/RUNTIME_CANDIDATE_CHROMIUM_151.0.7922.108.json file_type=.json rule=generic-api-key lines=14-14 nature=UNTRIAGED status=OPEN action=CLASSIFY_WITH_CONTEXT
[188] tree=32 commit=59882a9bcac8755c0fb8a294be32a6b1d1ff4598 path=/tmp/forgelocal-v5-gitleaks-trees.sF8B99/59882a9bcac8755c0fb8a294be32a6b1d1ff4598/release/back01-minimal/RUNTIME_RELEASE_LOCK.json file_type=.json rule=generic-api-key lines=16-16 nature=UNTRIAGED status=OPEN action=CLASSIFY_WITH_CONTEXT
[189] tree=32 commit=59882a9bcac8755c0fb8a294be32a6b1d1ff4598 path=/tmp/forgelocal-v5-gitleaks-trees.sF8B99/59882a9bcac8755c0fb8a294be32a6b1d1ff4598/validation_back01_integration/candidates/chromium-common_151.0.7922.108-1xtradeb1.2404.1_amd64/REQUESTED_RUNTIME.env file_type=.env rule=generic-api-key lines=7-7 nature=UNTRIAGED status=OPEN action=CLASSIFY_WITH_CONTEXT
[190] tree=32 commit=59882a9bcac8755c0fb8a294be32a6b1d1ff4598 path=/tmp/forgelocal-v5-gitleaks-trees.sF8B99/59882a9bcac8755c0fb8a294be32a6b1d1ff4598/validation_back01_integration/candidates/chromium_151.0.7922.108-1xtradeb1.2404.1_amd64/REQUESTED_RUNTIME.env file_type=.env rule=generic-api-key lines=7-7 nature=UNTRIAGED status=OPEN action=CLASSIFY_WITH_CONTEXT
[191] tree=32 commit=59882a9bcac8755c0fb8a294be32a6b1d1ff4598 path=/tmp/forgelocal-v5-gitleaks-trees.sF8B99/59882a9bcac8755c0fb8a294be32a6b1d1ff4598/validation_back01_integration/final/chromium_runtime_candidate_108_provenance.out file_type=.out rule=generic-api-key lines=8-9 nature=UNTRIAGED status=OPEN action=CLASSIFY_WITH_CONTEXT
[192] tree=32 commit=59882a9bcac8755c0fb8a294be32a6b1d1ff4598 path=/tmp/forgelocal-v5-gitleaks-trees.sF8B99/59882a9bcac8755c0fb8a294be32a6b1d1ff4598/validation_back01_integration/final/runtime_release_capture_qa/REQUESTED_RUNTIME.env file_type=.env rule=generic-api-key lines=7-7 nature=UNTRIAGED status=OPEN action=CLASSIFY_WITH_CONTEXT
[193] tree=33 commit=71a41567b98eb65d7cb250043082473d92530395 path=/tmp/forgelocal-v5-gitleaks-trees.sF8B99/71a41567b98eb65d7cb250043082473d92530395/release/back01-minimal/RUNTIME_CANDIDATE_CHROMIUM_151.0.7922.108.json file_type=.json rule=generic-api-key lines=14-14 nature=UNTRIAGED status=OPEN action=CLASSIFY_WITH_CONTEXT
[194] tree=33 commit=71a41567b98eb65d7cb250043082473d92530395 path=/tmp/forgelocal-v5-gitleaks-trees.sF8B99/71a41567b98eb65d7cb250043082473d92530395/release/back01-minimal/RUNTIME_RELEASE_LOCK.json file_type=.json rule=generic-api-key lines=16-16 nature=UNTRIAGED status=OPEN action=CLASSIFY_WITH_CONTEXT
[195] tree=33 commit=71a41567b98eb65d7cb250043082473d92530395 path=/tmp/forgelocal-v5-gitleaks-trees.sF8B99/71a41567b98eb65d7cb250043082473d92530395/validation_back01_integration/candidates/chromium-common_151.0.7922.108-1xtradeb1.2404.1_amd64/REQUESTED_RUNTIME.env file_type=.env rule=generic-api-key lines=7-7 nature=UNTRIAGED status=OPEN action=CLASSIFY_WITH_CONTEXT
[196] tree=33 commit=71a41567b98eb65d7cb250043082473d92530395 path=/tmp/forgelocal-v5-gitleaks-trees.sF8B99/71a41567b98eb65d7cb250043082473d92530395/validation_back01_integration/candidates/chromium_151.0.7922.108-1xtradeb1.2404.1_amd64/REQUESTED_RUNTIME.env file_type=.env rule=generic-api-key lines=7-7 nature=UNTRIAGED status=OPEN action=CLASSIFY_WITH_CONTEXT
[197] tree=33 commit=71a41567b98eb65d7cb250043082473d92530395 path=/tmp/forgelocal-v5-gitleaks-trees.sF8B99/71a41567b98eb65d7cb250043082473d92530395/validation_back01_integration/final/chromium_runtime_candidate_108_provenance.out file_type=.out rule=generic-api-key lines=8-9 nature=UNTRIAGED status=OPEN action=CLASSIFY_WITH_CONTEXT
[198] tree=33 commit=71a41567b98eb65d7cb250043082473d92530395 path=/tmp/forgelocal-v5-gitleaks-trees.sF8B99/71a41567b98eb65d7cb250043082473d92530395/validation_back01_integration/final/runtime_release_capture_qa/REQUESTED_RUNTIME.env file_type=.env rule=generic-api-key lines=7-7 nature=UNTRIAGED status=OPEN action=CLASSIFY_WITH_CONTEXT
[199] tree=34 commit=aa501b179e2917f306828e86aa83bf6cedc41ac7 path=/tmp/forgelocal-v5-gitleaks-trees.sF8B99/aa501b179e2917f306828e86aa83bf6cedc41ac7/release/back01-minimal/RUNTIME_CANDIDATE_CHROMIUM_151.0.7922.108.json file_type=.json rule=generic-api-key lines=14-14 nature=UNTRIAGED status=OPEN action=CLASSIFY_WITH_CONTEXT
[200] tree=34 commit=aa501b179e2917f306828e86aa83bf6cedc41ac7 path=/tmp/forgelocal-v5-gitleaks-trees.sF8B99/aa501b179e2917f306828e86aa83bf6cedc41ac7/release/back01-minimal/RUNTIME_RELEASE_LOCK.json file_type=.json rule=generic-api-key lines=16-16 nature=UNTRIAGED status=OPEN action=CLASSIFY_WITH_CONTEXT
[201] tree=34 commit=aa501b179e2917f306828e86aa83bf6cedc41ac7 path=/tmp/forgelocal-v5-gitleaks-trees.sF8B99/aa501b179e2917f306828e86aa83bf6cedc41ac7/validation_back01_integration/candidates/chromium-common_151.0.7922.108-1xtradeb1.2404.1_amd64/REQUESTED_RUNTIME.env file_type=.env rule=generic-api-key lines=7-7 nature=UNTRIAGED status=OPEN action=CLASSIFY_WITH_CONTEXT
[202] tree=34 commit=aa501b179e2917f306828e86aa83bf6cedc41ac7 path=/tmp/forgelocal-v5-gitleaks-trees.sF8B99/aa501b179e2917f306828e86aa83bf6cedc41ac7/validation_back01_integration/candidates/chromium_151.0.7922.108-1xtradeb1.2404.1_amd64/REQUESTED_RUNTIME.env file_type=.env rule=generic-api-key lines=7-7 nature=UNTRIAGED status=OPEN action=CLASSIFY_WITH_CONTEXT
[203] tree=34 commit=aa501b179e2917f306828e86aa83bf6cedc41ac7 path=/tmp/forgelocal-v5-gitleaks-trees.sF8B99/aa501b179e2917f306828e86aa83bf6cedc41ac7/validation_back01_integration/final/chromium_runtime_candidate_108_provenance.out file_type=.out rule=generic-api-key lines=8-9 nature=UNTRIAGED status=OPEN action=CLASSIFY_WITH_CONTEXT
[204] tree=34 commit=aa501b179e2917f306828e86aa83bf6cedc41ac7 path=/tmp/forgelocal-v5-gitleaks-trees.sF8B99/aa501b179e2917f306828e86aa83bf6cedc41ac7/validation_back01_integration/final/runtime_release_capture_qa/REQUESTED_RUNTIME.env file_type=.env rule=generic-api-key lines=7-7 nature=UNTRIAGED status=OPEN action=CLASSIFY_WITH_CONTEXT
[205] tree=35 commit=59a732b516fcf265aac7b5ca875c2cd6a0683cdd path=/tmp/forgelocal-v5-gitleaks-trees.sF8B99/59a732b516fcf265aac7b5ca875c2cd6a0683cdd/release/back01-minimal/RUNTIME_CANDIDATE_CHROMIUM_151.0.7922.108.json file_type=.json rule=generic-api-key lines=14-14 nature=UNTRIAGED status=OPEN action=CLASSIFY_WITH_CONTEXT
[206] tree=35 commit=59a732b516fcf265aac7b5ca875c2cd6a0683cdd path=/tmp/forgelocal-v5-gitleaks-trees.sF8B99/59a732b516fcf265aac7b5ca875c2cd6a0683cdd/release/back01-minimal/RUNTIME_RELEASE_LOCK.json file_type=.json rule=generic-api-key lines=16-16 nature=UNTRIAGED status=OPEN action=CLASSIFY_WITH_CONTEXT
[207] tree=35 commit=59a732b516fcf265aac7b5ca875c2cd6a0683cdd path=/tmp/forgelocal-v5-gitleaks-trees.sF8B99/59a732b516fcf265aac7b5ca875c2cd6a0683cdd/validation_back01_integration/candidates/chromium-common_151.0.7922.108-1xtradeb1.2404.1_amd64/REQUESTED_RUNTIME.env file_type=.env rule=generic-api-key lines=7-7 nature=UNTRIAGED status=OPEN action=CLASSIFY_WITH_CONTEXT
[208] tree=35 commit=59a732b516fcf265aac7b5ca875c2cd6a0683cdd path=/tmp/forgelocal-v5-gitleaks-trees.sF8B99/59a732b516fcf265aac7b5ca875c2cd6a0683cdd/validation_back01_integration/candidates/chromium_151.0.7922.108-1xtradeb1.2404.1_amd64/REQUESTED_RUNTIME.env file_type=.env rule=generic-api-key lines=7-7 nature=UNTRIAGED status=OPEN action=CLASSIFY_WITH_CONTEXT
[209] tree=35 commit=59a732b516fcf265aac7b5ca875c2cd6a0683cdd path=/tmp/forgelocal-v5-gitleaks-trees.sF8B99/59a732b516fcf265aac7b5ca875c2cd6a0683cdd/validation_back01_integration/final/chromium_runtime_candidate_108_provenance.out file_type=.out rule=generic-api-key lines=8-9 nature=UNTRIAGED status=OPEN action=CLASSIFY_WITH_CONTEXT
[210] tree=35 commit=59a732b516fcf265aac7b5ca875c2cd6a0683cdd path=/tmp/forgelocal-v5-gitleaks-trees.sF8B99/59a732b516fcf265aac7b5ca875c2cd6a0683cdd/validation_back01_integration/final/runtime_release_capture_qa/REQUESTED_RUNTIME.env file_type=.env rule=generic-api-key lines=7-7 nature=UNTRIAGED status=OPEN action=CLASSIFY_WITH_CONTEXT
[211] tree=36 commit=6ae02e4ceed239b9310fbf3fccb1b5170117251e path=/tmp/forgelocal-v5-gitleaks-trees.sF8B99/6ae02e4ceed239b9310fbf3fccb1b5170117251e/release/back01-minimal/RUNTIME_CANDIDATE_CHROMIUM_151.0.7922.108.json file_type=.json rule=generic-api-key lines=14-14 nature=UNTRIAGED status=OPEN action=CLASSIFY_WITH_CONTEXT
[212] tree=36 commit=6ae02e4ceed239b9310fbf3fccb1b5170117251e path=/tmp/forgelocal-v5-gitleaks-trees.sF8B99/6ae02e4ceed239b9310fbf3fccb1b5170117251e/release/back01-minimal/RUNTIME_RELEASE_LOCK.json file_type=.json rule=generic-api-key lines=16-16 nature=UNTRIAGED status=OPEN action=CLASSIFY_WITH_CONTEXT
[213] tree=36 commit=6ae02e4ceed239b9310fbf3fccb1b5170117251e path=/tmp/forgelocal-v5-gitleaks-trees.sF8B99/6ae02e4ceed239b9310fbf3fccb1b5170117251e/validation_back01_integration/candidates/chromium-common_151.0.7922.108-1xtradeb1.2404.1_amd64/REQUESTED_RUNTIME.env file_type=.env rule=generic-api-key lines=7-7 nature=UNTRIAGED status=OPEN action=CLASSIFY_WITH_CONTEXT
[214] tree=36 commit=6ae02e4ceed239b9310fbf3fccb1b5170117251e path=/tmp/forgelocal-v5-gitleaks-trees.sF8B99/6ae02e4ceed239b9310fbf3fccb1b5170117251e/validation_back01_integration/candidates/chromium_151.0.7922.108-1xtradeb1.2404.1_amd64/REQUESTED_RUNTIME.env file_type=.env rule=generic-api-key lines=7-7 nature=UNTRIAGED status=OPEN action=CLASSIFY_WITH_CONTEXT
[215] tree=36 commit=6ae02e4ceed239b9310fbf3fccb1b5170117251e path=/tmp/forgelocal-v5-gitleaks-trees.sF8B99/6ae02e4ceed239b9310fbf3fccb1b5170117251e/validation_back01_integration/final/chromium_runtime_candidate_108_provenance.out file_type=.out rule=generic-api-key lines=8-9 nature=UNTRIAGED status=OPEN action=CLASSIFY_WITH_CONTEXT
[216] tree=36 commit=6ae02e4ceed239b9310fbf3fccb1b5170117251e path=/tmp/forgelocal-v5-gitleaks-trees.sF8B99/6ae02e4ceed239b9310fbf3fccb1b5170117251e/validation_back01_integration/final/runtime_release_capture_qa/REQUESTED_RUNTIME.env file_type=.env rule=generic-api-key lines=7-7 nature=UNTRIAGED status=OPEN action=CLASSIFY_WITH_CONTEXT
[217] tree=37 commit=cf280858b345e2fd566d391590f23d8cfa6bbe6d path=/tmp/forgelocal-v5-gitleaks-trees.sF8B99/cf280858b345e2fd566d391590f23d8cfa6bbe6d/release/back01-minimal/RUNTIME_CANDIDATE_CHROMIUM_151.0.7922.108.json file_type=.json rule=generic-api-key lines=14-14 nature=UNTRIAGED status=OPEN action=CLASSIFY_WITH_CONTEXT
[218] tree=37 commit=cf280858b345e2fd566d391590f23d8cfa6bbe6d path=/tmp/forgelocal-v5-gitleaks-trees.sF8B99/cf280858b345e2fd566d391590f23d8cfa6bbe6d/release/back01-minimal/RUNTIME_RELEASE_LOCK.json file_type=.json rule=generic-api-key lines=16-16 nature=UNTRIAGED status=OPEN action=CLASSIFY_WITH_CONTEXT
[219] tree=37 commit=cf280858b345e2fd566d391590f23d8cfa6bbe6d path=/tmp/forgelocal-v5-gitleaks-trees.sF8B99/cf280858b345e2fd566d391590f23d8cfa6bbe6d/validation_back01_integration/candidates/chromium-common_151.0.7922.108-1xtradeb1.2404.1_amd64/REQUESTED_RUNTIME.env file_type=.env rule=generic-api-key lines=7-7 nature=UNTRIAGED status=OPEN action=CLASSIFY_WITH_CONTEXT
[220] tree=37 commit=cf280858b345e2fd566d391590f23d8cfa6bbe6d path=/tmp/forgelocal-v5-gitleaks-trees.sF8B99/cf280858b345e2fd566d391590f23d8cfa6bbe6d/validation_back01_integration/candidates/chromium_151.0.7922.108-1xtradeb1.2404.1_amd64/REQUESTED_RUNTIME.env file_type=.env rule=generic-api-key lines=7-7 nature=UNTRIAGED status=OPEN action=CLASSIFY_WITH_CONTEXT
[221] tree=37 commit=cf280858b345e2fd566d391590f23d8cfa6bbe6d path=/tmp/forgelocal-v5-gitleaks-trees.sF8B99/cf280858b345e2fd566d391590f23d8cfa6bbe6d/validation_back01_integration/final/chromium_runtime_candidate_108_provenance.out file_type=.out rule=generic-api-key lines=8-9 nature=UNTRIAGED status=OPEN action=CLASSIFY_WITH_CONTEXT
[222] tree=37 commit=cf280858b345e2fd566d391590f23d8cfa6bbe6d path=/tmp/forgelocal-v5-gitleaks-trees.sF8B99/cf280858b345e2fd566d391590f23d8cfa6bbe6d/validation_back01_integration/final/runtime_release_capture_qa/REQUESTED_RUNTIME.env file_type=.env rule=generic-api-key lines=7-7 nature=UNTRIAGED status=OPEN action=CLASSIFY_WITH_CONTEXT
[223] tree=38 commit=b9bbb0366e2a773da22fb10476a922f0471edd79 path=/tmp/forgelocal-v5-gitleaks-trees.sF8B99/b9bbb0366e2a773da22fb10476a922f0471edd79/release/back01-minimal/RUNTIME_CANDIDATE_CHROMIUM_151.0.7922.108.json file_type=.json rule=generic-api-key lines=14-14 nature=UNTRIAGED status=OPEN action=CLASSIFY_WITH_CONTEXT
[224] tree=38 commit=b9bbb0366e2a773da22fb10476a922f0471edd79 path=/tmp/forgelocal-v5-gitleaks-trees.sF8B99/b9bbb0366e2a773da22fb10476a922f0471edd79/release/back01-minimal/RUNTIME_RELEASE_LOCK.json file_type=.json rule=generic-api-key lines=16-16 nature=UNTRIAGED status=OPEN action=CLASSIFY_WITH_CONTEXT
[225] tree=38 commit=b9bbb0366e2a773da22fb10476a922f0471edd79 path=/tmp/forgelocal-v5-gitleaks-trees.sF8B99/b9bbb0366e2a773da22fb10476a922f0471edd79/validation_back01_integration/candidates/chromium-common_151.0.7922.108-1xtradeb1.2404.1_amd64/REQUESTED_RUNTIME.env file_type=.env rule=generic-api-key lines=7-7 nature=UNTRIAGED status=OPEN action=CLASSIFY_WITH_CONTEXT
[226] tree=38 commit=b9bbb0366e2a773da22fb10476a922f0471edd79 path=/tmp/forgelocal-v5-gitleaks-trees.sF8B99/b9bbb0366e2a773da22fb10476a922f0471edd79/validation_back01_integration/candidates/chromium_151.0.7922.108-1xtradeb1.2404.1_amd64/REQUESTED_RUNTIME.env file_type=.env rule=generic-api-key lines=7-7 nature=UNTRIAGED status=OPEN action=CLASSIFY_WITH_CONTEXT
[227] tree=38 commit=b9bbb0366e2a773da22fb10476a922f0471edd79 path=/tmp/forgelocal-v5-gitleaks-trees.sF8B99/b9bbb0366e2a773da22fb10476a922f0471edd79/validation_back01_integration/final/chromium_runtime_candidate_108_provenance.out file_type=.out rule=generic-api-key lines=8-9 nature=UNTRIAGED status=OPEN action=CLASSIFY_WITH_CONTEXT
[228] tree=38 commit=b9bbb0366e2a773da22fb10476a922f0471edd79 path=/tmp/forgelocal-v5-gitleaks-trees.sF8B99/b9bbb0366e2a773da22fb10476a922f0471edd79/validation_back01_integration/final/runtime_release_capture_qa/REQUESTED_RUNTIME.env file_type=.env rule=generic-api-key lines=7-7 nature=UNTRIAGED status=OPEN action=CLASSIFY_WITH_CONTEXT
[229] tree=39 commit=cd6a95c66c029adf2140784491b06b8d9bf64fce path=/tmp/forgelocal-v5-gitleaks-trees.sF8B99/cd6a95c66c029adf2140784491b06b8d9bf64fce/release/back01-minimal/RUNTIME_CANDIDATE_CHROMIUM_151.0.7922.108.json file_type=.json rule=generic-api-key lines=14-14 nature=UNTRIAGED status=OPEN action=CLASSIFY_WITH_CONTEXT
[230] tree=39 commit=cd6a95c66c029adf2140784491b06b8d9bf64fce path=/tmp/forgelocal-v5-gitleaks-trees.sF8B99/cd6a95c66c029adf2140784491b06b8d9bf64fce/release/back01-minimal/RUNTIME_RELEASE_LOCK.json file_type=.json rule=generic-api-key lines=16-16 nature=UNTRIAGED status=OPEN action=CLASSIFY_WITH_CONTEXT
[231] tree=39 commit=cd6a95c66c029adf2140784491b06b8d9bf64fce path=/tmp/forgelocal-v5-gitleaks-trees.sF8B99/cd6a95c66c029adf2140784491b06b8d9bf64fce/validation_back01_integration/candidates/chromium-common_151.0.7922.108-1xtradeb1.2404.1_amd64/REQUESTED_RUNTIME.env file_type=.env rule=generic-api-key lines=7-7 nature=UNTRIAGED status=OPEN action=CLASSIFY_WITH_CONTEXT
[232] tree=39 commit=cd6a95c66c029adf2140784491b06b8d9bf64fce path=/tmp/forgelocal-v5-gitleaks-trees.sF8B99/cd6a95c66c029adf2140784491b06b8d9bf64fce/validation_back01_integration/candidates/chromium_151.0.7922.108-1xtradeb1.2404.1_amd64/REQUESTED_RUNTIME.env file_type=.env rule=generic-api-key lines=7-7 nature=UNTRIAGED status=OPEN action=CLASSIFY_WITH_CONTEXT
[233] tree=39 commit=cd6a95c66c029adf2140784491b06b8d9bf64fce path=/tmp/forgelocal-v5-gitleaks-trees.sF8B99/cd6a95c66c029adf2140784491b06b8d9bf64fce/validation_back01_integration/final/chromium_runtime_candidate_108_provenance.out file_type=.out rule=generic-api-key lines=8-9 nature=UNTRIAGED status=OPEN action=CLASSIFY_WITH_CONTEXT
[234] tree=39 commit=cd6a95c66c029adf2140784491b06b8d9bf64fce path=/tmp/forgelocal-v5-gitleaks-trees.sF8B99/cd6a95c66c029adf2140784491b06b8d9bf64fce/validation_back01_integration/final/runtime_release_capture_qa/REQUESTED_RUNTIME.env file_type=.env rule=generic-api-key lines=7-7 nature=UNTRIAGED status=OPEN action=CLASSIFY_WITH_CONTEXT
[235] tree=40 commit=631605ba136ff864d23e9674ca6adb4a8df0b740 path=/tmp/forgelocal-v5-gitleaks-trees.sF8B99/631605ba136ff864d23e9674ca6adb4a8df0b740/release/back01-minimal/RUNTIME_CANDIDATE_CHROMIUM_151.0.7922.108.json file_type=.json rule=generic-api-key lines=14-14 nature=UNTRIAGED status=OPEN action=CLASSIFY_WITH_CONTEXT
[236] tree=40 commit=631605ba136ff864d23e9674ca6adb4a8df0b740 path=/tmp/forgelocal-v5-gitleaks-trees.sF8B99/631605ba136ff864d23e9674ca6adb4a8df0b740/release/back01-minimal/RUNTIME_RELEASE_LOCK.json file_type=.json rule=generic-api-key lines=16-16 nature=UNTRIAGED status=OPEN action=CLASSIFY_WITH_CONTEXT
[237] tree=40 commit=631605ba136ff864d23e9674ca6adb4a8df0b740 path=/tmp/forgelocal-v5-gitleaks-trees.sF8B99/631605ba136ff864d23e9674ca6adb4a8df0b740/validation_back01_integration/candidates/chromium-common_151.0.7922.108-1xtradeb1.2404.1_amd64/REQUESTED_RUNTIME.env file_type=.env rule=generic-api-key lines=7-7 nature=UNTRIAGED status=OPEN action=CLASSIFY_WITH_CONTEXT
[238] tree=40 commit=631605ba136ff864d23e9674ca6adb4a8df0b740 path=/tmp/forgelocal-v5-gitleaks-trees.sF8B99/631605ba136ff864d23e9674ca6adb4a8df0b740/validation_back01_integration/candidates/chromium_151.0.7922.108-1xtradeb1.2404.1_amd64/REQUESTED_RUNTIME.env file_type=.env rule=generic-api-key lines=7-7 nature=UNTRIAGED status=OPEN action=CLASSIFY_WITH_CONTEXT
[239] tree=40 commit=631605ba136ff864d23e9674ca6adb4a8df0b740 path=/tmp/forgelocal-v5-gitleaks-trees.sF8B99/631605ba136ff864d23e9674ca6adb4a8df0b740/validation_back01_integration/final/chromium_runtime_candidate_108_provenance.out file_type=.out rule=generic-api-key lines=8-9 nature=UNTRIAGED status=OPEN action=CLASSIFY_WITH_CONTEXT
[240] tree=40 commit=631605ba136ff864d23e9674ca6adb4a8df0b740 path=/tmp/forgelocal-v5-gitleaks-trees.sF8B99/631605ba136ff864d23e9674ca6adb4a8df0b740/validation_back01_integration/final/runtime_release_capture_qa/REQUESTED_RUNTIME.env file_type=.env rule=generic-api-key lines=7-7 nature=UNTRIAGED status=OPEN action=CLASSIFY_WITH_CONTEXT
[241] tree=41 commit=a6382aa95c412d91c1bca2de34a87ca7908ed71f path=/tmp/forgelocal-v5-gitleaks-trees.sF8B99/a6382aa95c412d91c1bca2de34a87ca7908ed71f/release/back01-minimal/RUNTIME_CANDIDATE_CHROMIUM_151.0.7922.108.json file_type=.json rule=generic-api-key lines=14-14 nature=UNTRIAGED status=OPEN action=CLASSIFY_WITH_CONTEXT
[242] tree=41 commit=a6382aa95c412d91c1bca2de34a87ca7908ed71f path=/tmp/forgelocal-v5-gitleaks-trees.sF8B99/a6382aa95c412d91c1bca2de34a87ca7908ed71f/release/back01-minimal/RUNTIME_RELEASE_LOCK.json file_type=.json rule=generic-api-key lines=16-16 nature=UNTRIAGED status=OPEN action=CLASSIFY_WITH_CONTEXT
[243] tree=41 commit=a6382aa95c412d91c1bca2de34a87ca7908ed71f path=/tmp/forgelocal-v5-gitleaks-trees.sF8B99/a6382aa95c412d91c1bca2de34a87ca7908ed71f/validation_back01_integration/candidates/chromium-common_151.0.7922.108-1xtradeb1.2404.1_amd64/REQUESTED_RUNTIME.env file_type=.env rule=generic-api-key lines=7-7 nature=UNTRIAGED status=OPEN action=CLASSIFY_WITH_CONTEXT
[244] tree=41 commit=a6382aa95c412d91c1bca2de34a87ca7908ed71f path=/tmp/forgelocal-v5-gitleaks-trees.sF8B99/a6382aa95c412d91c1bca2de34a87ca7908ed71f/validation_back01_integration/candidates/chromium_151.0.7922.108-1xtradeb1.2404.1_amd64/REQUESTED_RUNTIME.env file_type=.env rule=generic-api-key lines=7-7 nature=UNTRIAGED status=OPEN action=CLASSIFY_WITH_CONTEXT
[245] tree=41 commit=a6382aa95c412d91c1bca2de34a87ca7908ed71f path=/tmp/forgelocal-v5-gitleaks-trees.sF8B99/a6382aa95c412d91c1bca2de34a87ca7908ed71f/validation_back01_integration/final/chromium_runtime_candidate_108_provenance.out file_type=.out rule=generic-api-key lines=8-9 nature=UNTRIAGED status=OPEN action=CLASSIFY_WITH_CONTEXT
[246] tree=41 commit=a6382aa95c412d91c1bca2de34a87ca7908ed71f path=/tmp/forgelocal-v5-gitleaks-trees.sF8B99/a6382aa95c412d91c1bca2de34a87ca7908ed71f/validation_back01_integration/final/runtime_release_capture_qa/REQUESTED_RUNTIME.env file_type=.env rule=generic-api-key lines=7-7 nature=UNTRIAGED status=OPEN action=CLASSIFY_WITH_CONTEXT
[247] tree=42 commit=310119f91d5a4a89fcbf06ffe8e9ae84ea7c2a73 path=/tmp/forgelocal-v5-gitleaks-trees.sF8B99/310119f91d5a4a89fcbf06ffe8e9ae84ea7c2a73/release/back01-minimal/RUNTIME_CANDIDATE_CHROMIUM_151.0.7922.108.json file_type=.json rule=generic-api-key lines=14-14 nature=UNTRIAGED status=OPEN action=CLASSIFY_WITH_CONTEXT
[248] tree=42 commit=310119f91d5a4a89fcbf06ffe8e9ae84ea7c2a73 path=/tmp/forgelocal-v5-gitleaks-trees.sF8B99/310119f91d5a4a89fcbf06ffe8e9ae84ea7c2a73/release/back01-minimal/RUNTIME_RELEASE_LOCK.json file_type=.json rule=generic-api-key lines=16-16 nature=UNTRIAGED status=OPEN action=CLASSIFY_WITH_CONTEXT
[249] tree=42 commit=310119f91d5a4a89fcbf06ffe8e9ae84ea7c2a73 path=/tmp/forgelocal-v5-gitleaks-trees.sF8B99/310119f91d5a4a89fcbf06ffe8e9ae84ea7c2a73/validation_back01_integration/candidates/chromium-common_151.0.7922.108-1xtradeb1.2404.1_amd64/REQUESTED_RUNTIME.env file_type=.env rule=generic-api-key lines=7-7 nature=UNTRIAGED status=OPEN action=CLASSIFY_WITH_CONTEXT
[250] tree=42 commit=310119f91d5a4a89fcbf06ffe8e9ae84ea7c2a73 path=/tmp/forgelocal-v5-gitleaks-trees.sF8B99/310119f91d5a4a89fcbf06ffe8e9ae84ea7c2a73/validation_back01_integration/candidates/chromium_151.0.7922.108-1xtradeb1.2404.1_amd64/REQUESTED_RUNTIME.env file_type=.env rule=generic-api-key lines=7-7 nature=UNTRIAGED status=OPEN action=CLASSIFY_WITH_CONTEXT
[251] tree=42 commit=310119f91d5a4a89fcbf06ffe8e9ae84ea7c2a73 path=/tmp/forgelocal-v5-gitleaks-trees.sF8B99/310119f91d5a4a89fcbf06ffe8e9ae84ea7c2a73/validation_back01_integration/final/chromium_runtime_candidate_108_provenance.out file_type=.out rule=generic-api-key lines=8-9 nature=UNTRIAGED status=OPEN action=CLASSIFY_WITH_CONTEXT
[252] tree=42 commit=310119f91d5a4a89fcbf06ffe8e9ae84ea7c2a73 path=/tmp/forgelocal-v5-gitleaks-trees.sF8B99/310119f91d5a4a89fcbf06ffe8e9ae84ea7c2a73/validation_back01_integration/final/runtime_release_capture_qa/REQUESTED_RUNTIME.env file_type=.env rule=generic-api-key lines=7-7 nature=UNTRIAGED status=OPEN action=CLASSIFY_WITH_CONTEXT
[253] tree=43 commit=067ae29177a47dd39d98d2d5cba4d5ed7d80e260 path=/tmp/forgelocal-v5-gitleaks-trees.sF8B99/067ae29177a47dd39d98d2d5cba4d5ed7d80e260/release/back01-minimal/RUNTIME_CANDIDATE_CHROMIUM_151.0.7922.108.json file_type=.json rule=generic-api-key lines=14-14 nature=UNTRIAGED status=OPEN action=CLASSIFY_WITH_CONTEXT
[254] tree=43 commit=067ae29177a47dd39d98d2d5cba4d5ed7d80e260 path=/tmp/forgelocal-v5-gitleaks-trees.sF8B99/067ae29177a47dd39d98d2d5cba4d5ed7d80e260/release/back01-minimal/RUNTIME_RELEASE_LOCK.json file_type=.json rule=generic-api-key lines=16-16 nature=UNTRIAGED status=OPEN action=CLASSIFY_WITH_CONTEXT
[255] tree=43 commit=067ae29177a47dd39d98d2d5cba4d5ed7d80e260 path=/tmp/forgelocal-v5-gitleaks-trees.sF8B99/067ae29177a47dd39d98d2d5cba4d5ed7d80e260/validation_back01_integration/candidates/chromium-common_151.0.7922.108-1xtradeb1.2404.1_amd64/REQUESTED_RUNTIME.env file_type=.env rule=generic-api-key lines=7-7 nature=UNTRIAGED status=OPEN action=CLASSIFY_WITH_CONTEXT
[256] tree=43 commit=067ae29177a47dd39d98d2d5cba4d5ed7d80e260 path=/tmp/forgelocal-v5-gitleaks-trees.sF8B99/067ae29177a47dd39d98d2d5cba4d5ed7d80e260/validation_back01_integration/candidates/chromium_151.0.7922.108-1xtradeb1.2404.1_amd64/REQUESTED_RUNTIME.env file_type=.env rule=generic-api-key lines=7-7 nature=UNTRIAGED status=OPEN action=CLASSIFY_WITH_CONTEXT
[257] tree=43 commit=067ae29177a47dd39d98d2d5cba4d5ed7d80e260 path=/tmp/forgelocal-v5-gitleaks-trees.sF8B99/067ae29177a47dd39d98d2d5cba4d5ed7d80e260/validation_back01_integration/final/chromium_runtime_candidate_108_provenance.out file_type=.out rule=generic-api-key lines=8-9 nature=UNTRIAGED status=OPEN action=CLASSIFY_WITH_CONTEXT
[258] tree=43 commit=067ae29177a47dd39d98d2d5cba4d5ed7d80e260 path=/tmp/forgelocal-v5-gitleaks-trees.sF8B99/067ae29177a47dd39d98d2d5cba4d5ed7d80e260/validation_back01_integration/final/runtime_release_capture_qa/REQUESTED_RUNTIME.env file_type=.env rule=generic-api-key lines=7-7 nature=UNTRIAGED status=OPEN action=CLASSIFY_WITH_CONTEXT
[259] tree=44 commit=25afca8ee005d22f8d98c3f44ed7de70d661f2cd path=/tmp/forgelocal-v5-gitleaks-trees.sF8B99/25afca8ee005d22f8d98c3f44ed7de70d661f2cd/release/back01-minimal/RUNTIME_CANDIDATE_CHROMIUM_151.0.7922.108.json file_type=.json rule=generic-api-key lines=14-14 nature=UNTRIAGED status=OPEN action=CLASSIFY_WITH_CONTEXT
[260] tree=44 commit=25afca8ee005d22f8d98c3f44ed7de70d661f2cd path=/tmp/forgelocal-v5-gitleaks-trees.sF8B99/25afca8ee005d22f8d98c3f44ed7de70d661f2cd/release/back01-minimal/RUNTIME_RELEASE_LOCK.json file_type=.json rule=generic-api-key lines=16-16 nature=UNTRIAGED status=OPEN action=CLASSIFY_WITH_CONTEXT
[261] tree=44 commit=25afca8ee005d22f8d98c3f44ed7de70d661f2cd path=/tmp/forgelocal-v5-gitleaks-trees.sF8B99/25afca8ee005d22f8d98c3f44ed7de70d661f2cd/validation_back01_integration/candidates/chromium-common_151.0.7922.108-1xtradeb1.2404.1_amd64/REQUESTED_RUNTIME.env file_type=.env rule=generic-api-key lines=7-7 nature=UNTRIAGED status=OPEN action=CLASSIFY_WITH_CONTEXT
[262] tree=44 commit=25afca8ee005d22f8d98c3f44ed7de70d661f2cd path=/tmp/forgelocal-v5-gitleaks-trees.sF8B99/25afca8ee005d22f8d98c3f44ed7de70d661f2cd/validation_back01_integration/candidates/chromium_151.0.7922.108-1xtradeb1.2404.1_amd64/REQUESTED_RUNTIME.env file_type=.env rule=generic-api-key lines=7-7 nature=UNTRIAGED status=OPEN action=CLASSIFY_WITH_CONTEXT
[263] tree=44 commit=25afca8ee005d22f8d98c3f44ed7de70d661f2cd path=/tmp/forgelocal-v5-gitleaks-trees.sF8B99/25afca8ee005d22f8d98c3f44ed7de70d661f2cd/validation_back01_integration/final/chromium_runtime_candidate_108_provenance.out file_type=.out rule=generic-api-key lines=8-9 nature=UNTRIAGED status=OPEN action=CLASSIFY_WITH_CONTEXT
[264] tree=44 commit=25afca8ee005d22f8d98c3f44ed7de70d661f2cd path=/tmp/forgelocal-v5-gitleaks-trees.sF8B99/25afca8ee005d22f8d98c3f44ed7de70d661f2cd/validation_back01_integration/final/runtime_release_capture_qa/REQUESTED_RUNTIME.env file_type=.env rule=generic-api-key lines=7-7 nature=UNTRIAGED status=OPEN action=CLASSIFY_WITH_CONTEXT
[265] tree=45 commit=7efa7efe0e1d28bc2ad8f4333cb2119b98fa13ea path=/tmp/forgelocal-v5-gitleaks-trees.sF8B99/7efa7efe0e1d28bc2ad8f4333cb2119b98fa13ea/release/back01-minimal/RUNTIME_CANDIDATE_CHROMIUM_151.0.7922.108.json file_type=.json rule=generic-api-key lines=14-14 nature=UNTRIAGED status=OPEN action=CLASSIFY_WITH_CONTEXT
[266] tree=45 commit=7efa7efe0e1d28bc2ad8f4333cb2119b98fa13ea path=/tmp/forgelocal-v5-gitleaks-trees.sF8B99/7efa7efe0e1d28bc2ad8f4333cb2119b98fa13ea/release/back01-minimal/RUNTIME_RELEASE_LOCK.json file_type=.json rule=generic-api-key lines=16-16 nature=UNTRIAGED status=OPEN action=CLASSIFY_WITH_CONTEXT
[267] tree=45 commit=7efa7efe0e1d28bc2ad8f4333cb2119b98fa13ea path=/tmp/forgelocal-v5-gitleaks-trees.sF8B99/7efa7efe0e1d28bc2ad8f4333cb2119b98fa13ea/validation_back01_integration/candidates/chromium-common_151.0.7922.108-1xtradeb1.2404.1_amd64/REQUESTED_RUNTIME.env file_type=.env rule=generic-api-key lines=7-7 nature=UNTRIAGED status=OPEN action=CLASSIFY_WITH_CONTEXT
[268] tree=45 commit=7efa7efe0e1d28bc2ad8f4333cb2119b98fa13ea path=/tmp/forgelocal-v5-gitleaks-trees.sF8B99/7efa7efe0e1d28bc2ad8f4333cb2119b98fa13ea/validation_back01_integration/candidates/chromium_151.0.7922.108-1xtradeb1.2404.1_amd64/REQUESTED_RUNTIME.env file_type=.env rule=generic-api-key lines=7-7 nature=UNTRIAGED status=OPEN action=CLASSIFY_WITH_CONTEXT
[269] tree=45 commit=7efa7efe0e1d28bc2ad8f4333cb2119b98fa13ea path=/tmp/forgelocal-v5-gitleaks-trees.sF8B99/7efa7efe0e1d28bc2ad8f4333cb2119b98fa13ea/validation_back01_integration/final/chromium_runtime_candidate_108_provenance.out file_type=.out rule=generic-api-key lines=8-9 nature=UNTRIAGED status=OPEN action=CLASSIFY_WITH_CONTEXT
[270] tree=45 commit=7efa7efe0e1d28bc2ad8f4333cb2119b98fa13ea path=/tmp/forgelocal-v5-gitleaks-trees.sF8B99/7efa7efe0e1d28bc2ad8f4333cb2119b98fa13ea/validation_back01_integration/final/runtime_release_capture_qa/REQUESTED_RUNTIME.env file_type=.env rule=generic-api-key lines=7-7 nature=UNTRIAGED status=OPEN action=CLASSIFY_WITH_CONTEXT
[271] tree=46 commit=b7f067700c6d5b1afb504526b5a09e9c65f10eb8 path=/tmp/forgelocal-v5-gitleaks-trees.sF8B99/b7f067700c6d5b1afb504526b5a09e9c65f10eb8/release/back01-minimal/RUNTIME_CANDIDATE_CHROMIUM_151.0.7922.108.json file_type=.json rule=generic-api-key lines=14-14 nature=UNTRIAGED status=OPEN action=CLASSIFY_WITH_CONTEXT
[272] tree=46 commit=b7f067700c6d5b1afb504526b5a09e9c65f10eb8 path=/tmp/forgelocal-v5-gitleaks-trees.sF8B99/b7f067700c6d5b1afb504526b5a09e9c65f10eb8/release/back01-minimal/RUNTIME_RELEASE_LOCK.json file_type=.json rule=generic-api-key lines=16-16 nature=UNTRIAGED status=OPEN action=CLASSIFY_WITH_CONTEXT
[273] tree=46 commit=b7f067700c6d5b1afb504526b5a09e9c65f10eb8 path=/tmp/forgelocal-v5-gitleaks-trees.sF8B99/b7f067700c6d5b1afb504526b5a09e9c65f10eb8/validation_back01_integration/candidates/chromium-common_151.0.7922.108-1xtradeb1.2404.1_amd64/REQUESTED_RUNTIME.env file_type=.env rule=generic-api-key lines=7-7 nature=UNTRIAGED status=OPEN action=CLASSIFY_WITH_CONTEXT
[274] tree=46 commit=b7f067700c6d5b1afb504526b5a09e9c65f10eb8 path=/tmp/forgelocal-v5-gitleaks-trees.sF8B99/b7f067700c6d5b1afb504526b5a09e9c65f10eb8/validation_back01_integration/candidates/chromium_151.0.7922.108-1xtradeb1.2404.1_amd64/REQUESTED_RUNTIME.env file_type=.env rule=generic-api-key lines=7-7 nature=UNTRIAGED status=OPEN action=CLASSIFY_WITH_CONTEXT
[275] tree=46 commit=b7f067700c6d5b1afb504526b5a09e9c65f10eb8 path=/tmp/forgelocal-v5-gitleaks-trees.sF8B99/b7f067700c6d5b1afb504526b5a09e9c65f10eb8/validation_back01_integration/final/chromium_runtime_candidate_108_provenance.out file_type=.out rule=generic-api-key lines=8-9 nature=UNTRIAGED status=OPEN action=CLASSIFY_WITH_CONTEXT
[276] tree=46 commit=b7f067700c6d5b1afb504526b5a09e9c65f10eb8 path=/tmp/forgelocal-v5-gitleaks-trees.sF8B99/b7f067700c6d5b1afb504526b5a09e9c65f10eb8/validation_back01_integration/final/runtime_release_capture_qa/REQUESTED_RUNTIME.env file_type=.env rule=generic-api-key lines=7-7 nature=UNTRIAGED status=OPEN action=CLASSIFY_WITH_CONTEXT
[277] tree=47 commit=f74f340a3c568780ed720a16523413d596ca2a2f path=/tmp/forgelocal-v5-gitleaks-trees.sF8B99/f74f340a3c568780ed720a16523413d596ca2a2f/release/back01-minimal/RUNTIME_CANDIDATE_CHROMIUM_151.0.7922.108.json file_type=.json rule=generic-api-key lines=14-14 nature=UNTRIAGED status=OPEN action=CLASSIFY_WITH_CONTEXT
[278] tree=47 commit=f74f340a3c568780ed720a16523413d596ca2a2f path=/tmp/forgelocal-v5-gitleaks-trees.sF8B99/f74f340a3c568780ed720a16523413d596ca2a2f/release/back01-minimal/RUNTIME_RELEASE_LOCK.json file_type=.json rule=generic-api-key lines=16-16 nature=UNTRIAGED status=OPEN action=CLASSIFY_WITH_CONTEXT
[279] tree=47 commit=f74f340a3c568780ed720a16523413d596ca2a2f path=/tmp/forgelocal-v5-gitleaks-trees.sF8B99/f74f340a3c568780ed720a16523413d596ca2a2f/validation_back01_integration/candidates/chromium-common_151.0.7922.108-1xtradeb1.2404.1_amd64/REQUESTED_RUNTIME.env file_type=.env rule=generic-api-key lines=7-7 nature=UNTRIAGED status=OPEN action=CLASSIFY_WITH_CONTEXT
[280] tree=47 commit=f74f340a3c568780ed720a16523413d596ca2a2f path=/tmp/forgelocal-v5-gitleaks-trees.sF8B99/f74f340a3c568780ed720a16523413d596ca2a2f/validation_back01_integration/candidates/chromium_151.0.7922.108-1xtradeb1.2404.1_amd64/REQUESTED_RUNTIME.env file_type=.env rule=generic-api-key lines=7-7 nature=UNTRIAGED status=OPEN action=CLASSIFY_WITH_CONTEXT
[281] tree=47 commit=f74f340a3c568780ed720a16523413d596ca2a2f path=/tmp/forgelocal-v5-gitleaks-trees.sF8B99/f74f340a3c568780ed720a16523413d596ca2a2f/validation_back01_integration/final/chromium_runtime_candidate_108_provenance.out file_type=.out rule=generic-api-key lines=8-9 nature=UNTRIAGED status=OPEN action=CLASSIFY_WITH_CONTEXT
[282] tree=47 commit=f74f340a3c568780ed720a16523413d596ca2a2f path=/tmp/forgelocal-v5-gitleaks-trees.sF8B99/f74f340a3c568780ed720a16523413d596ca2a2f/validation_back01_integration/final/runtime_release_capture_qa/REQUESTED_RUNTIME.env file_type=.env rule=generic-api-key lines=7-7 nature=UNTRIAGED status=OPEN action=CLASSIFY_WITH_CONTEXT
[283] tree=48 commit=e6e63574c816ec12ac7115b896cf6075d43bde39 path=/tmp/forgelocal-v5-gitleaks-trees.sF8B99/e6e63574c816ec12ac7115b896cf6075d43bde39/release/back01-minimal/RUNTIME_CANDIDATE_CHROMIUM_151.0.7922.108.json file_type=.json rule=generic-api-key lines=14-14 nature=UNTRIAGED status=OPEN action=CLASSIFY_WITH_CONTEXT
[284] tree=48 commit=e6e63574c816ec12ac7115b896cf6075d43bde39 path=/tmp/forgelocal-v5-gitleaks-trees.sF8B99/e6e63574c816ec12ac7115b896cf6075d43bde39/release/back01-minimal/RUNTIME_RELEASE_LOCK.json file_type=.json rule=generic-api-key lines=16-16 nature=UNTRIAGED status=OPEN action=CLASSIFY_WITH_CONTEXT
[285] tree=48 commit=e6e63574c816ec12ac7115b896cf6075d43bde39 path=/tmp/forgelocal-v5-gitleaks-trees.sF8B99/e6e63574c816ec12ac7115b896cf6075d43bde39/validation_back01_integration/candidates/chromium-common_151.0.7922.108-1xtradeb1.2404.1_amd64/REQUESTED_RUNTIME.env file_type=.env rule=generic-api-key lines=7-7 nature=UNTRIAGED status=OPEN action=CLASSIFY_WITH_CONTEXT
[286] tree=48 commit=e6e63574c816ec12ac7115b896cf6075d43bde39 path=/tmp/forgelocal-v5-gitleaks-trees.sF8B99/e6e63574c816ec12ac7115b896cf6075d43bde39/validation_back01_integration/candidates/chromium_151.0.7922.108-1xtradeb1.2404.1_amd64/REQUESTED_RUNTIME.env file_type=.env rule=generic-api-key lines=7-7 nature=UNTRIAGED status=OPEN action=CLASSIFY_WITH_CONTEXT
[287] tree=48 commit=e6e63574c816ec12ac7115b896cf6075d43bde39 path=/tmp/forgelocal-v5-gitleaks-trees.sF8B99/e6e63574c816ec12ac7115b896cf6075d43bde39/validation_back01_integration/final/chromium_runtime_candidate_108_provenance.out file_type=.out rule=generic-api-key lines=8-9 nature=UNTRIAGED status=OPEN action=CLASSIFY_WITH_CONTEXT
[288] tree=48 commit=e6e63574c816ec12ac7115b896cf6075d43bde39 path=/tmp/forgelocal-v5-gitleaks-trees.sF8B99/e6e63574c816ec12ac7115b896cf6075d43bde39/validation_back01_integration/final/runtime_release_capture_qa/REQUESTED_RUNTIME.env file_type=.env rule=generic-api-key lines=7-7 nature=UNTRIAGED status=OPEN action=CLASSIFY_WITH_CONTEXT
[289] tree=49 commit=696dd8a16a31978b5ec1ef32289c0897ca7e9cd6 path=/tmp/forgelocal-v5-gitleaks-trees.sF8B99/696dd8a16a31978b5ec1ef32289c0897ca7e9cd6/release/back01-minimal/RUNTIME_CANDIDATE_CHROMIUM_151.0.7922.108.json file_type=.json rule=generic-api-key lines=14-14 nature=UNTRIAGED status=OPEN action=CLASSIFY_WITH_CONTEXT
[290] tree=49 commit=696dd8a16a31978b5ec1ef32289c0897ca7e9cd6 path=/tmp/forgelocal-v5-gitleaks-trees.sF8B99/696dd8a16a31978b5ec1ef32289c0897ca7e9cd6/release/back01-minimal/RUNTIME_RELEASE_LOCK.json file_type=.json rule=generic-api-key lines=16-16 nature=UNTRIAGED status=OPEN action=CLASSIFY_WITH_CONTEXT
[291] tree=49 commit=696dd8a16a31978b5ec1ef32289c0897ca7e9cd6 path=/tmp/forgelocal-v5-gitleaks-trees.sF8B99/696dd8a16a31978b5ec1ef32289c0897ca7e9cd6/validation_back01_integration/candidates/chromium-common_151.0.7922.108-1xtradeb1.2404.1_amd64/REQUESTED_RUNTIME.env file_type=.env rule=generic-api-key lines=7-7 nature=UNTRIAGED status=OPEN action=CLASSIFY_WITH_CONTEXT
[292] tree=49 commit=696dd8a16a31978b5ec1ef32289c0897ca7e9cd6 path=/tmp/forgelocal-v5-gitleaks-trees.sF8B99/696dd8a16a31978b5ec1ef32289c0897ca7e9cd6/validation_back01_integration/candidates/chromium_151.0.7922.108-1xtradeb1.2404.1_amd64/REQUESTED_RUNTIME.env file_type=.env rule=generic-api-key lines=7-7 nature=UNTRIAGED status=OPEN action=CLASSIFY_WITH_CONTEXT
[293] tree=49 commit=696dd8a16a31978b5ec1ef32289c0897ca7e9cd6 path=/tmp/forgelocal-v5-gitleaks-trees.sF8B99/696dd8a16a31978b5ec1ef32289c0897ca7e9cd6/validation_back01_integration/final/chromium_runtime_candidate_108_provenance.out file_type=.out rule=generic-api-key lines=8-9 nature=UNTRIAGED status=OPEN action=CLASSIFY_WITH_CONTEXT
[294] tree=49 commit=696dd8a16a31978b5ec1ef32289c0897ca7e9cd6 path=/tmp/forgelocal-v5-gitleaks-trees.sF8B99/696dd8a16a31978b5ec1ef32289c0897ca7e9cd6/validation_back01_integration/final/runtime_release_capture_qa/REQUESTED_RUNTIME.env file_type=.env rule=generic-api-key lines=7-7 nature=UNTRIAGED status=OPEN action=CLASSIFY_WITH_CONTEXT
[295] tree=50 commit=7514885bd2382757d61b1616ece754e46221d33e path=/tmp/forgelocal-v5-gitleaks-trees.sF8B99/7514885bd2382757d61b1616ece754e46221d33e/release/back01-minimal/RUNTIME_CANDIDATE_CHROMIUM_151.0.7922.108.json file_type=.json rule=generic-api-key lines=14-14 nature=UNTRIAGED status=OPEN action=CLASSIFY_WITH_CONTEXT
[296] tree=50 commit=7514885bd2382757d61b1616ece754e46221d33e path=/tmp/forgelocal-v5-gitleaks-trees.sF8B99/7514885bd2382757d61b1616ece754e46221d33e/release/back01-minimal/RUNTIME_RELEASE_LOCK.json file_type=.json rule=generic-api-key lines=16-16 nature=UNTRIAGED status=OPEN action=CLASSIFY_WITH_CONTEXT
[297] tree=50 commit=7514885bd2382757d61b1616ece754e46221d33e path=/tmp/forgelocal-v5-gitleaks-trees.sF8B99/7514885bd2382757d61b1616ece754e46221d33e/validation_back01_integration/candidates/chromium-common_151.0.7922.108-1xtradeb1.2404.1_amd64/REQUESTED_RUNTIME.env file_type=.env rule=generic-api-key lines=7-7 nature=UNTRIAGED status=OPEN action=CLASSIFY_WITH_CONTEXT
[298] tree=50 commit=7514885bd2382757d61b1616ece754e46221d33e path=/tmp/forgelocal-v5-gitleaks-trees.sF8B99/7514885bd2382757d61b1616ece754e46221d33e/validation_back01_integration/candidates/chromium_151.0.7922.108-1xtradeb1.2404.1_amd64/REQUESTED_RUNTIME.env file_type=.env rule=generic-api-key lines=7-7 nature=UNTRIAGED status=OPEN action=CLASSIFY_WITH_CONTEXT
[299] tree=50 commit=7514885bd2382757d61b1616ece754e46221d33e path=/tmp/forgelocal-v5-gitleaks-trees.sF8B99/7514885bd2382757d61b1616ece754e46221d33e/validation_back01_integration/final/chromium_runtime_candidate_108_provenance.out file_type=.out rule=generic-api-key lines=8-9 nature=UNTRIAGED status=OPEN action=CLASSIFY_WITH_CONTEXT
[300] tree=50 commit=7514885bd2382757d61b1616ece754e46221d33e path=/tmp/forgelocal-v5-gitleaks-trees.sF8B99/7514885bd2382757d61b1616ece754e46221d33e/validation_back01_integration/final/runtime_release_capture_qa/REQUESTED_RUNTIME.env file_type=.env rule=generic-api-key lines=7-7 nature=UNTRIAGED status=OPEN action=CLASSIFY_WITH_CONTEXT
[301] tree=51 commit=db0dd08e19b61d2894cd566eaa4d869f70eb402e path=/tmp/forgelocal-v5-gitleaks-trees.sF8B99/db0dd08e19b61d2894cd566eaa4d869f70eb402e/release/back01-minimal/RUNTIME_CANDIDATE_CHROMIUM_151.0.7922.108.json file_type=.json rule=generic-api-key lines=14-14 nature=UNTRIAGED status=OPEN action=CLASSIFY_WITH_CONTEXT
[302] tree=51 commit=db0dd08e19b61d2894cd566eaa4d869f70eb402e path=/tmp/forgelocal-v5-gitleaks-trees.sF8B99/db0dd08e19b61d2894cd566eaa4d869f70eb402e/release/back01-minimal/RUNTIME_RELEASE_LOCK.json file_type=.json rule=generic-api-key lines=16-16 nature=UNTRIAGED status=OPEN action=CLASSIFY_WITH_CONTEXT
[303] tree=51 commit=db0dd08e19b61d2894cd566eaa4d869f70eb402e path=/tmp/forgelocal-v5-gitleaks-trees.sF8B99/db0dd08e19b61d2894cd566eaa4d869f70eb402e/validation_back01_integration/candidates/chromium-common_151.0.7922.108-1xtradeb1.2404.1_amd64/REQUESTED_RUNTIME.env file_type=.env rule=generic-api-key lines=7-7 nature=UNTRIAGED status=OPEN action=CLASSIFY_WITH_CONTEXT
[304] tree=51 commit=db0dd08e19b61d2894cd566eaa4d869f70eb402e path=/tmp/forgelocal-v5-gitleaks-trees.sF8B99/db0dd08e19b61d2894cd566eaa4d869f70eb402e/validation_back01_integration/candidates/chromium_151.0.7922.108-1xtradeb1.2404.1_amd64/REQUESTED_RUNTIME.env file_type=.env rule=generic-api-key lines=7-7 nature=UNTRIAGED status=OPEN action=CLASSIFY_WITH_CONTEXT
[305] tree=51 commit=db0dd08e19b61d2894cd566eaa4d869f70eb402e path=/tmp/forgelocal-v5-gitleaks-trees.sF8B99/db0dd08e19b61d2894cd566eaa4d869f70eb402e/validation_back01_integration/final/chromium_runtime_candidate_108_provenance.out file_type=.out rule=generic-api-key lines=8-9 nature=UNTRIAGED status=OPEN action=CLASSIFY_WITH_CONTEXT
[306] tree=51 commit=db0dd08e19b61d2894cd566eaa4d869f70eb402e path=/tmp/forgelocal-v5-gitleaks-trees.sF8B99/db0dd08e19b61d2894cd566eaa4d869f70eb402e/validation_back01_integration/final/runtime_release_capture_qa/REQUESTED_RUNTIME.env file_type=.env rule=generic-api-key lines=7-7 nature=UNTRIAGED status=OPEN action=CLASSIFY_WITH_CONTEXT
[307] tree=52 commit=57d21b00e7582243b55d07445c5708be324f4986 path=/tmp/forgelocal-v5-gitleaks-trees.sF8B99/57d21b00e7582243b55d07445c5708be324f4986/release/back01-minimal/RUNTIME_CANDIDATE_CHROMIUM_151.0.7922.108.json file_type=.json rule=generic-api-key lines=14-14 nature=UNTRIAGED status=OPEN action=CLASSIFY_WITH_CONTEXT
[308] tree=52 commit=57d21b00e7582243b55d07445c5708be324f4986 path=/tmp/forgelocal-v5-gitleaks-trees.sF8B99/57d21b00e7582243b55d07445c5708be324f4986/release/back01-minimal/RUNTIME_RELEASE_LOCK.json file_type=.json rule=generic-api-key lines=16-16 nature=UNTRIAGED status=OPEN action=CLASSIFY_WITH_CONTEXT
[309] tree=52 commit=57d21b00e7582243b55d07445c5708be324f4986 path=/tmp/forgelocal-v5-gitleaks-trees.sF8B99/57d21b00e7582243b55d07445c5708be324f4986/validation_back01_integration/candidates/chromium-common_151.0.7922.108-1xtradeb1.2404.1_amd64/REQUESTED_RUNTIME.env file_type=.env rule=generic-api-key lines=7-7 nature=UNTRIAGED status=OPEN action=CLASSIFY_WITH_CONTEXT
[310] tree=52 commit=57d21b00e7582243b55d07445c5708be324f4986 path=/tmp/forgelocal-v5-gitleaks-trees.sF8B99/57d21b00e7582243b55d07445c5708be324f4986/validation_back01_integration/candidates/chromium_151.0.7922.108-1xtradeb1.2404.1_amd64/REQUESTED_RUNTIME.env file_type=.env rule=generic-api-key lines=7-7 nature=UNTRIAGED status=OPEN action=CLASSIFY_WITH_CONTEXT
[311] tree=52 commit=57d21b00e7582243b55d07445c5708be324f4986 path=/tmp/forgelocal-v5-gitleaks-trees.sF8B99/57d21b00e7582243b55d07445c5708be324f4986/validation_back01_integration/final/chromium_runtime_candidate_108_provenance.out file_type=.out rule=generic-api-key lines=8-9 nature=UNTRIAGED status=OPEN action=CLASSIFY_WITH_CONTEXT
[312] tree=52 commit=57d21b00e7582243b55d07445c5708be324f4986 path=/tmp/forgelocal-v5-gitleaks-trees.sF8B99/57d21b00e7582243b55d07445c5708be324f4986/validation_back01_integration/final/runtime_release_capture_qa/REQUESTED_RUNTIME.env file_type=.env rule=generic-api-key lines=7-7 nature=UNTRIAGED status=OPEN action=CLASSIFY_WITH_CONTEXT
[313] tree=53 commit=51745c916431dc352ad03974a72cf48395ee422f path=/tmp/forgelocal-v5-gitleaks-trees.sF8B99/51745c916431dc352ad03974a72cf48395ee422f/release/back01-minimal/RUNTIME_CANDIDATE_CHROMIUM_151.0.7922.108.json file_type=.json rule=generic-api-key lines=14-14 nature=UNTRIAGED status=OPEN action=CLASSIFY_WITH_CONTEXT
[314] tree=53 commit=51745c916431dc352ad03974a72cf48395ee422f path=/tmp/forgelocal-v5-gitleaks-trees.sF8B99/51745c916431dc352ad03974a72cf48395ee422f/release/back01-minimal/RUNTIME_RELEASE_LOCK.json file_type=.json rule=generic-api-key lines=16-16 nature=UNTRIAGED status=OPEN action=CLASSIFY_WITH_CONTEXT
[315] tree=53 commit=51745c916431dc352ad03974a72cf48395ee422f path=/tmp/forgelocal-v5-gitleaks-trees.sF8B99/51745c916431dc352ad03974a72cf48395ee422f/validation_back01_integration/candidates/chromium-common_151.0.7922.108-1xtradeb1.2404.1_amd64/REQUESTED_RUNTIME.env file_type=.env rule=generic-api-key lines=7-7 nature=UNTRIAGED status=OPEN action=CLASSIFY_WITH_CONTEXT
[316] tree=53 commit=51745c916431dc352ad03974a72cf48395ee422f path=/tmp/forgelocal-v5-gitleaks-trees.sF8B99/51745c916431dc352ad03974a72cf48395ee422f/validation_back01_integration/candidates/chromium_151.0.7922.108-1xtradeb1.2404.1_amd64/REQUESTED_RUNTIME.env file_type=.env rule=generic-api-key lines=7-7 nature=UNTRIAGED status=OPEN action=CLASSIFY_WITH_CONTEXT
[317] tree=53 commit=51745c916431dc352ad03974a72cf48395ee422f path=/tmp/forgelocal-v5-gitleaks-trees.sF8B99/51745c916431dc352ad03974a72cf48395ee422f/validation_back01_integration/final/chromium_runtime_candidate_108_provenance.out file_type=.out rule=generic-api-key lines=8-9 nature=UNTRIAGED status=OPEN action=CLASSIFY_WITH_CONTEXT
[318] tree=53 commit=51745c916431dc352ad03974a72cf48395ee422f path=/tmp/forgelocal-v5-gitleaks-trees.sF8B99/51745c916431dc352ad03974a72cf48395ee422f/validation_back01_integration/final/runtime_release_capture_qa/REQUESTED_RUNTIME.env file_type=.env rule=generic-api-key lines=7-7 nature=UNTRIAGED status=OPEN action=CLASSIFY_WITH_CONTEXT
[319] tree=54 commit=dfb020d3f4d0d83d7bfef68d5646aabcf4320ba2 path=/tmp/forgelocal-v5-gitleaks-trees.sF8B99/dfb020d3f4d0d83d7bfef68d5646aabcf4320ba2/release/back01-minimal/RUNTIME_CANDIDATE_CHROMIUM_151.0.7922.108.json file_type=.json rule=generic-api-key lines=14-14 nature=UNTRIAGED status=OPEN action=CLASSIFY_WITH_CONTEXT
[320] tree=54 commit=dfb020d3f4d0d83d7bfef68d5646aabcf4320ba2 path=/tmp/forgelocal-v5-gitleaks-trees.sF8B99/dfb020d3f4d0d83d7bfef68d5646aabcf4320ba2/release/back01-minimal/RUNTIME_RELEASE_LOCK.json file_type=.json rule=generic-api-key lines=16-16 nature=UNTRIAGED status=OPEN action=CLASSIFY_WITH_CONTEXT
[321] tree=54 commit=dfb020d3f4d0d83d7bfef68d5646aabcf4320ba2 path=/tmp/forgelocal-v5-gitleaks-trees.sF8B99/dfb020d3f4d0d83d7bfef68d5646aabcf4320ba2/validation_back01_integration/candidates/chromium-common_151.0.7922.108-1xtradeb1.2404.1_amd64/REQUESTED_RUNTIME.env file_type=.env rule=generic-api-key lines=7-7 nature=UNTRIAGED status=OPEN action=CLASSIFY_WITH_CONTEXT
[322] tree=54 commit=dfb020d3f4d0d83d7bfef68d5646aabcf4320ba2 path=/tmp/forgelocal-v5-gitleaks-trees.sF8B99/dfb020d3f4d0d83d7bfef68d5646aabcf4320ba2/validation_back01_integration/candidates/chromium_151.0.7922.108-1xtradeb1.2404.1_amd64/REQUESTED_RUNTIME.env file_type=.env rule=generic-api-key lines=7-7 nature=UNTRIAGED status=OPEN action=CLASSIFY_WITH_CONTEXT
[323] tree=54 commit=dfb020d3f4d0d83d7bfef68d5646aabcf4320ba2 path=/tmp/forgelocal-v5-gitleaks-trees.sF8B99/dfb020d3f4d0d83d7bfef68d5646aabcf4320ba2/validation_back01_integration/final/chromium_runtime_candidate_108_provenance.out file_type=.out rule=generic-api-key lines=8-9 nature=UNTRIAGED status=OPEN action=CLASSIFY_WITH_CONTEXT
[324] tree=54 commit=dfb020d3f4d0d83d7bfef68d5646aabcf4320ba2 path=/tmp/forgelocal-v5-gitleaks-trees.sF8B99/dfb020d3f4d0d83d7bfef68d5646aabcf4320ba2/validation_back01_integration/final/runtime_release_capture_qa/REQUESTED_RUNTIME.env file_type=.env rule=generic-api-key lines=7-7 nature=UNTRIAGED status=OPEN action=CLASSIFY_WITH_CONTEXT
[325] tree=55 commit=861880e56f13866346cf974110a01c8a890b86e2 path=/tmp/forgelocal-v5-gitleaks-trees.sF8B99/861880e56f13866346cf974110a01c8a890b86e2/release/back01-minimal/RUNTIME_CANDIDATE_CHROMIUM_151.0.7922.108.json file_type=.json rule=generic-api-key lines=14-14 nature=UNTRIAGED status=OPEN action=CLASSIFY_WITH_CONTEXT
[326] tree=55 commit=861880e56f13866346cf974110a01c8a890b86e2 path=/tmp/forgelocal-v5-gitleaks-trees.sF8B99/861880e56f13866346cf974110a01c8a890b86e2/release/back01-minimal/RUNTIME_RELEASE_LOCK.json file_type=.json rule=generic-api-key lines=16-16 nature=UNTRIAGED status=OPEN action=CLASSIFY_WITH_CONTEXT
[327] tree=55 commit=861880e56f13866346cf974110a01c8a890b86e2 path=/tmp/forgelocal-v5-gitleaks-trees.sF8B99/861880e56f13866346cf974110a01c8a890b86e2/validation_back01_integration/candidates/chromium-common_151.0.7922.108-1xtradeb1.2404.1_amd64/REQUESTED_RUNTIME.env file_type=.env rule=generic-api-key lines=7-7 nature=UNTRIAGED status=OPEN action=CLASSIFY_WITH_CONTEXT
[328] tree=55 commit=861880e56f13866346cf974110a01c8a890b86e2 path=/tmp/forgelocal-v5-gitleaks-trees.sF8B99/861880e56f13866346cf974110a01c8a890b86e2/validation_back01_integration/candidates/chromium_151.0.7922.108-1xtradeb1.2404.1_amd64/REQUESTED_RUNTIME.env file_type=.env rule=generic-api-key lines=7-7 nature=UNTRIAGED status=OPEN action=CLASSIFY_WITH_CONTEXT
[329] tree=55 commit=861880e56f13866346cf974110a01c8a890b86e2 path=/tmp/forgelocal-v5-gitleaks-trees.sF8B99/861880e56f13866346cf974110a01c8a890b86e2/validation_back01_integration/final/chromium_runtime_candidate_108_provenance.out file_type=.out rule=generic-api-key lines=8-9 nature=UNTRIAGED status=OPEN action=CLASSIFY_WITH_CONTEXT
[330] tree=55 commit=861880e56f13866346cf974110a01c8a890b86e2 path=/tmp/forgelocal-v5-gitleaks-trees.sF8B99/861880e56f13866346cf974110a01c8a890b86e2/validation_back01_integration/final/runtime_release_capture_qa/REQUESTED_RUNTIME.env file_type=.env rule=generic-api-key lines=7-7 nature=UNTRIAGED status=OPEN action=CLASSIFY_WITH_CONTEXT
[331] tree=56 commit=5e174dba6dddc35865f5bd943383d988ea12170c path=/tmp/forgelocal-v5-gitleaks-trees.sF8B99/5e174dba6dddc35865f5bd943383d988ea12170c/release/back01-minimal/RUNTIME_CANDIDATE_CHROMIUM_151.0.7922.108.json file_type=.json rule=generic-api-key lines=14-14 nature=UNTRIAGED status=OPEN action=CLASSIFY_WITH_CONTEXT
[332] tree=56 commit=5e174dba6dddc35865f5bd943383d988ea12170c path=/tmp/forgelocal-v5-gitleaks-trees.sF8B99/5e174dba6dddc35865f5bd943383d988ea12170c/release/back01-minimal/RUNTIME_RELEASE_LOCK.json file_type=.json rule=generic-api-key lines=16-16 nature=UNTRIAGED status=OPEN action=CLASSIFY_WITH_CONTEXT
[333] tree=56 commit=5e174dba6dddc35865f5bd943383d988ea12170c path=/tmp/forgelocal-v5-gitleaks-trees.sF8B99/5e174dba6dddc35865f5bd943383d988ea12170c/validation_back01_integration/candidates/chromium-common_151.0.7922.108-1xtradeb1.2404.1_amd64/REQUESTED_RUNTIME.env file_type=.env rule=generic-api-key lines=7-7 nature=UNTRIAGED status=OPEN action=CLASSIFY_WITH_CONTEXT
[334] tree=56 commit=5e174dba6dddc35865f5bd943383d988ea12170c path=/tmp/forgelocal-v5-gitleaks-trees.sF8B99/5e174dba6dddc35865f5bd943383d988ea12170c/validation_back01_integration/candidates/chromium_151.0.7922.108-1xtradeb1.2404.1_amd64/REQUESTED_RUNTIME.env file_type=.env rule=generic-api-key lines=7-7 nature=UNTRIAGED status=OPEN action=CLASSIFY_WITH_CONTEXT
[335] tree=56 commit=5e174dba6dddc35865f5bd943383d988ea12170c path=/tmp/forgelocal-v5-gitleaks-trees.sF8B99/5e174dba6dddc35865f5bd943383d988ea12170c/validation_back01_integration/final/chromium_runtime_candidate_108_provenance.out file_type=.out rule=generic-api-key lines=8-9 nature=UNTRIAGED status=OPEN action=CLASSIFY_WITH_CONTEXT
[336] tree=56 commit=5e174dba6dddc35865f5bd943383d988ea12170c path=/tmp/forgelocal-v5-gitleaks-trees.sF8B99/5e174dba6dddc35865f5bd943383d988ea12170c/validation_back01_integration/final/runtime_release_capture_qa/REQUESTED_RUNTIME.env file_type=.env rule=generic-api-key lines=7-7 nature=UNTRIAGED status=OPEN action=CLASSIFY_WITH_CONTEXT
[337] tree=57 commit=b4a04e4b9b489c22f3a86986c6faa1cbb9bf77c5 path=/tmp/forgelocal-v5-gitleaks-trees.sF8B99/b4a04e4b9b489c22f3a86986c6faa1cbb9bf77c5/release/back01-minimal/RUNTIME_CANDIDATE_CHROMIUM_151.0.7922.108.json file_type=.json rule=generic-api-key lines=14-14 nature=UNTRIAGED status=OPEN action=CLASSIFY_WITH_CONTEXT
[338] tree=57 commit=b4a04e4b9b489c22f3a86986c6faa1cbb9bf77c5 path=/tmp/forgelocal-v5-gitleaks-trees.sF8B99/b4a04e4b9b489c22f3a86986c6faa1cbb9bf77c5/release/back01-minimal/RUNTIME_RELEASE_LOCK.json file_type=.json rule=generic-api-key lines=16-16 nature=UNTRIAGED status=OPEN action=CLASSIFY_WITH_CONTEXT
[339] tree=57 commit=b4a04e4b9b489c22f3a86986c6faa1cbb9bf77c5 path=/tmp/forgelocal-v5-gitleaks-trees.sF8B99/b4a04e4b9b489c22f3a86986c6faa1cbb9bf77c5/validation_back01_integration/candidates/chromium-common_151.0.7922.108-1xtradeb1.2404.1_amd64/REQUESTED_RUNTIME.env file_type=.env rule=generic-api-key lines=7-7 nature=UNTRIAGED status=OPEN action=CLASSIFY_WITH_CONTEXT
[340] tree=57 commit=b4a04e4b9b489c22f3a86986c6faa1cbb9bf77c5 path=/tmp/forgelocal-v5-gitleaks-trees.sF8B99/b4a04e4b9b489c22f3a86986c6faa1cbb9bf77c5/validation_back01_integration/candidates/chromium_151.0.7922.108-1xtradeb1.2404.1_amd64/REQUESTED_RUNTIME.env file_type=.env rule=generic-api-key lines=7-7 nature=UNTRIAGED status=OPEN action=CLASSIFY_WITH_CONTEXT
[341] tree=57 commit=b4a04e4b9b489c22f3a86986c6faa1cbb9bf77c5 path=/tmp/forgelocal-v5-gitleaks-trees.sF8B99/b4a04e4b9b489c22f3a86986c6faa1cbb9bf77c5/validation_back01_integration/final/chromium_runtime_candidate_108_provenance.out file_type=.out rule=generic-api-key lines=8-9 nature=UNTRIAGED status=OPEN action=CLASSIFY_WITH_CONTEXT
[342] tree=57 commit=b4a04e4b9b489c22f3a86986c6faa1cbb9bf77c5 path=/tmp/forgelocal-v5-gitleaks-trees.sF8B99/b4a04e4b9b489c22f3a86986c6faa1cbb9bf77c5/validation_back01_integration/final/runtime_release_capture_qa/REQUESTED_RUNTIME.env file_type=.env rule=generic-api-key lines=7-7 nature=UNTRIAGED status=OPEN action=CLASSIFY_WITH_CONTEXT
[343] tree=58 commit=b34fa5c02ff20144abfb5d240db1c67ad1f038f9 path=/tmp/forgelocal-v5-gitleaks-trees.sF8B99/b34fa5c02ff20144abfb5d240db1c67ad1f038f9/release/back01-minimal/RUNTIME_CANDIDATE_CHROMIUM_151.0.7922.108.json file_type=.json rule=generic-api-key lines=14-14 nature=UNTRIAGED status=OPEN action=CLASSIFY_WITH_CONTEXT
[344] tree=58 commit=b34fa5c02ff20144abfb5d240db1c67ad1f038f9 path=/tmp/forgelocal-v5-gitleaks-trees.sF8B99/b34fa5c02ff20144abfb5d240db1c67ad1f038f9/release/back01-minimal/RUNTIME_RELEASE_LOCK.json file_type=.json rule=generic-api-key lines=16-16 nature=UNTRIAGED status=OPEN action=CLASSIFY_WITH_CONTEXT
[345] tree=58 commit=b34fa5c02ff20144abfb5d240db1c67ad1f038f9 path=/tmp/forgelocal-v5-gitleaks-trees.sF8B99/b34fa5c02ff20144abfb5d240db1c67ad1f038f9/validation_back01_integration/candidates/chromium-common_151.0.7922.108-1xtradeb1.2404.1_amd64/REQUESTED_RUNTIME.env file_type=.env rule=generic-api-key lines=7-7 nature=UNTRIAGED status=OPEN action=CLASSIFY_WITH_CONTEXT
[346] tree=58 commit=b34fa5c02ff20144abfb5d240db1c67ad1f038f9 path=/tmp/forgelocal-v5-gitleaks-trees.sF8B99/b34fa5c02ff20144abfb5d240db1c67ad1f038f9/validation_back01_integration/candidates/chromium_151.0.7922.108-1xtradeb1.2404.1_amd64/REQUESTED_RUNTIME.env file_type=.env rule=generic-api-key lines=7-7 nature=UNTRIAGED status=OPEN action=CLASSIFY_WITH_CONTEXT
[347] tree=58 commit=b34fa5c02ff20144abfb5d240db1c67ad1f038f9 path=/tmp/forgelocal-v5-gitleaks-trees.sF8B99/b34fa5c02ff20144abfb5d240db1c67ad1f038f9/validation_back01_integration/final/chromium_runtime_candidate_108_provenance.out file_type=.out rule=generic-api-key lines=8-9 nature=UNTRIAGED status=OPEN action=CLASSIFY_WITH_CONTEXT
[348] tree=58 commit=b34fa5c02ff20144abfb5d240db1c67ad1f038f9 path=/tmp/forgelocal-v5-gitleaks-trees.sF8B99/b34fa5c02ff20144abfb5d240db1c67ad1f038f9/validation_back01_integration/final/runtime_release_capture_qa/REQUESTED_RUNTIME.env file_type=.env rule=generic-api-key lines=7-7 nature=UNTRIAGED status=OPEN action=CLASSIFY_WITH_CONTEXT
