## R1 baseline discovery started UTC=2026-08-25T15:07:00Z
remote=https://github.com/davidwilsonbest89-afk/forgelocal-public-sanitized.git
requested_branch=feature/t28-local-extensions-controlled
requested_baseline_tag=t00-t42-v6-local-qualified-2026-08-25
requested_baseline_commit=999374d99b7996504ba91e421850a2fe84afb78d
requested_history_tag=t00-t27-complete-20260820
requested_history_commit=69411e65c880d168832a65fc8475cc97d562a9ad

## UTC=2026-08-25T15:07:00Z CWD=/home/ubuntu COMMAND=git remote -v
fatal: not a git repository (or any of the parent directories): .git
exit=128

## UTC=2026-08-25T15:07:00Z CWD=/home/ubuntu COMMAND=git rev-parse --show-toplevel
fatal: not a git repository (or any of the parent directories): .git
exit=128

## UTC=2026-08-25T15:07:00Z CWD=/home/ubuntu COMMAND=git branch --show-current
fatal: not a git repository (or any of the parent directories): .git
exit=128

## UTC=2026-08-25T15:07:00Z CWD=/home/ubuntu COMMAND=git rev-parse HEAD
fatal: not a git repository (or any of the parent directories): .git
exit=128

## UTC=2026-08-25T15:07:00Z CWD=/home/ubuntu COMMAND=git status --short
fatal: not a git repository (or any of the parent directories): .git
exit=128

## UTC=2026-08-25T15:07:00Z CWD=/home/ubuntu COMMAND=git ls-remote --tags origin t00-t42-v6-local-qualified-2026-08-25 t00-t27-complete-20260820
fatal: 'origin' does not appear to be a git repository
fatal: Could not read from remote repository.

Please make sure you have the correct access rights
and the repository exists.
exit=128

## UTC=2026-08-25T15:07:00Z CWD=/home/ubuntu COMMAND=git fetch --no-tags origin refs/tags/t00-t42-v6-local-qualified-2026-08-25:refs/tags/t00-t42-v6-local-qualified-2026-08-25 refs/tags/t00-t27-complete-20260820:refs/tags/t00-t27-complete-20260820
fatal: not a git repository (or any of the parent directories): .git
exit=128

## UTC=2026-08-25T15:07:00Z CWD=/home/ubuntu COMMAND=git rev-parse t00-t42-v6-local-qualified-2026-08-25
fatal: not a git repository (or any of the parent directories): .git
exit=128

## UTC=2026-08-25T15:07:00Z CWD=/home/ubuntu COMMAND=git rev-parse t00-t27-complete-20260820
fatal: not a git repository (or any of the parent directories): .git
exit=128

## UTC=2026-08-25T15:07:00Z CWD=/home/ubuntu COMMAND=git cat-file -t 999374d99b7996504ba91e421850a2fe84afb78d
fatal: not a git repository (or any of the parent directories): .git
exit=128

## UTC=2026-08-25T15:07:00Z CWD=/home/ubuntu COMMAND=git cat-file -t 69411e65c880d168832a65fc8475cc97d562a9ad
fatal: not a git repository (or any of the parent directories): .git
exit=128

## UTC=2026-08-25T15:07:00Z CWD=/home/ubuntu COMMAND=git merge-base --is-ancestor 69411e65c880d168832a65fc8475cc97d562a9ad 999374d99b7996504ba91e421850a2fe84afb78d
fatal: not a git repository (or any of the parent directories): .git
exit=128

## UTC=2026-08-25T15:07:00Z CWD=/home/ubuntu COMMAND=git merge-base --is-ancestor 999374d99b7996504ba91e421850a2fe84afb78d HEAD
fatal: not a git repository (or any of the parent directories): .git
exit=128

## UTC=2026-08-25T15:07:00Z CWD=/home/ubuntu COMMAND=git log --oneline --decorate -n 12 HEAD
fatal: not a git repository (or any of the parent directories): .git
exit=128

## UTC=2026-08-25T15:07:00Z CWD=/home/ubuntu COMMAND=git log --oneline --decorate 69411e65c880d168832a65fc8475cc97d562a9ad..999374d99b7996504ba91e421850a2fe84afb78d
fatal: not a git repository (or any of the parent directories): .git
exit=128

## UTC=2026-08-25T15:07:00Z CWD=/home/ubuntu COMMAND=git fsck --full
fatal: not a git repository (or any of the parent directories): .git
exit=128

## UTC=2026-08-25T15:07:00Z CWD=/home/ubuntu COMMAND=df -h /home/ubuntu
Filesystem      Size  Used Avail Use% Mounted on
/dev/root        48G   43G  4.6G  91% /
exit=0

## UTC=2026-08-25T15:07:00Z CWD=/home/ubuntu COMMAND=du -sh /tmp/t28_r1_public/clone
260K	/tmp/t28_r1_public/clone
exit=0

## UTC=2026-08-25T15:07:00Z CWD=/home/ubuntu SHELL=for c in git git-lfs go gofmt gitleaks gosec govulncheck osv-scanner syft; do printf '%s=' "$c"; command -v "$c" || true; done
git=/usr/bin/git
git-lfs=/usr/bin/git-lfs
go=gofmt=gitleaks=/home/ubuntu/bin/gitleaks
gosec=/home/ubuntu/bin/gosec
govulncheck=/home/ubuntu/bin/govulncheck
osv-scanner=syft=/home/ubuntu/bin/syft
exit=0

## UTC=2026-08-25T15:07:00Z CWD=/home/ubuntu COMMAND=git lfs version
git-lfs/3.4.1 (GitHub; linux amd64; go 1.22.2)
exit=0

## UTC=2026-08-25T15:07:00Z CWD=/home/ubuntu COMMAND=git status --short
fatal: not a git repository (or any of the parent directories): .git
exit=128

## CORRECTED R1 baseline discovery UTC=2026-08-25T15:07:27Z
CWD correction: all Git commands below execute from the fresh public clone.
remote=https://github.com/davidwilsonbest89-afk/forgelocal-public-sanitized.git
branch=feature/t28-local-extensions-controlled
baseline_tag=t00-t42-v6-local-qualified-2026-08-25
baseline_commit=999374d99b7996504ba91e421850a2fe84afb78d
history_tag=t00-t27-complete-20260820
history_commit=69411e65c880d168832a65fc8475cc97d562a9ad

## CORRECTED UTC=2026-08-25T15:07:27Z CWD=/tmp/t28_r1_public/clone COMMAND=git remote -v
origin	https://github.com/davidwilsonbest89-afk/forgelocal-public-sanitized.git (fetch) [blob:none]
origin	https://github.com/davidwilsonbest89-afk/forgelocal-public-sanitized.git (push)
exit=0

## CORRECTED UTC=2026-08-25T15:07:27Z CWD=/tmp/t28_r1_public/clone COMMAND=git rev-parse --show-toplevel
/tmp/t28_r1_public/clone
exit=0

## CORRECTED UTC=2026-08-25T15:07:27Z CWD=/tmp/t28_r1_public/clone COMMAND=git branch --show-current
feature/t28-local-extensions-controlled
exit=0

## CORRECTED UTC=2026-08-25T15:07:27Z CWD=/tmp/t28_r1_public/clone COMMAND=git rev-parse HEAD
8b96981e9ffae245307d2b5cb279d6013c6dc11e
exit=0

## CORRECTED UTC=2026-08-25T15:07:27Z CWD=/tmp/t28_r1_public/clone COMMAND=git status --short
[32mD[m  .codebase-memory/artifact.json
[32mD[m  .codebase-memory/graph.db.zst
[32mD[m  .gitattributes
[32mD[m  .github/CODEOWNERS
[32mD[m  .github/ISSUE_TEMPLATE/bug_report.yml
[32mD[m  .github/ISSUE_TEMPLATE/feature_request.yml
[32mD[m  .github/ISSUE_TEMPLATE/platform_compatibility.yml
[32mD[m  .github/PULL_REQUEST_TEMPLATE.md
[32mD[m  .github/production-release-policy.json
[32mD[m  .github/workflows/ci.yml
[32mD[m  .github/workflows/release-separation.yml
[32mD[m  .github/workflows/release.yml
[32mD[m  .gitignore
[32mD[m  .gitleaks.toml
[32mD[m  .kiro/settings/lsp.json
[32mD[m  API.md
[32mD[m  API.zh-TW.md
[32mD[m  CHANGELOG.md
[32mD[m  CODE_OF_CONDUCT.md
[32mD[m  CONTRIBUTING.md
[32mD[m  Dockerfile
[32mD[m  LICENSE
[32mD[m  Makefile
[32mD[m  README.md
[32mD[m  README.zh-TW.md
[32mD[m  REIMPLEMENTATION_T12_T16_REPORT.md
[32mD[m  SECURITY.md
[32mD[m  SELF_VALIDATION_BUNDLE_DELTA_VERIFY.log
[32mD[m  SELF_VALIDATION_CLEANUP_VERIFICATION.log
[32mD[m  SELF_VALIDATION_FINDINGS_CLASSIFICATION.md
[32mD[m  SELF_VALIDATION_MANIFEST.md
[32mD[m  SELF_VALIDATION_SUMMARY.md
[32mD[m  SELF_VALIDATION_SYNTHETIC_E2E_RAW.log
[32mD[m  SELF_VALIDATION_V6_REPORT.md
[32mD[m  SHA256SUMS
[32mD[m  SUPPORT.md
[32mD[m  T28_FINAL_DECISION.md
[32mD[m  TOOLCHAIN.lock
[32mD[m  V6_AXE_RESULTS_AFTER.json
[32mD[m  V6_AXE_RESULTS_BEFORE.json
[32mD[m  V6_AXE_SUMMARY.py
[32mD[m  V6_BASELINE_DISCOVERY_RAW.log
[32mD[m  V6_CLEANUP_VERIFICATION.log
[32mD[m  V6_CODE_DIFF.patch
[32mD[m  V6_DASHBOARD_BUILD.log
[32mD[m  V6_DASHBOARD_BUILD_AXE.log
[32mD[m  V6_DASHBOARD_INSTALL.log
[32mD[m  V6_DASHBOARD_TARGETED.log
[32mD[m  V6_DASHBOARD_TSC.log
[32mD[m  V6_DASHBOARD_TSC_AXE.log
[32mD[m  V6_FINAL_COUNTS.log
[32mD[m  V6_FULL_REQUALIFICATION_RAW.log
[32mD[m  V6_GITLEAKS_CHECKOUT.json
[32mD[m  V6_GITLEAKS_CHECKOUT.log
[32mD[m  V6_GITLEAKS_EXACT_EXCEPTION_TEST.json
[32mD[m  V6_GITLEAKS_EXACT_EXCEPTION_TEST.toml
[32mD[m  V6_GITLEAKS_FINAL.log
[32mD[m  V6_GITLEAKS_FRESH.json
[32mD[m  V6_GITLEAKS_FRESH.log
[32mD[m  V6_GITLEAKS_RANGE.json
[32mD[m  V6_GITLEAKS_RANGE.log
[32mD[m  V6_GITLEAKS_TRIAGE.csv
[32mD[m  V6_GITLEAKS_TRIAGE_SUMMARY.md
[32mD[m  V6_GOLANGCI_AFTER_GO.json
[32mD[m  V6_GOLANGCI_AFTER_GO.log
[32mD[m  V6_GOLANGCI_AFTER_GO.stderr.log
[32mD[m  V6_GOLANGCI_AFTER_GO.stdout.log
[32mD[m  V6_GOLANGCI_AFTER_GO_SUMMARY.log
[32mD[m  V6_GOLANGCI_FINAL.json
[32mD[m  V6_GOLANGCI_FINAL.stderr.log
[32mD[m  V6_GOLANGCI_FINAL.stdout.log
[32mD[m  V6_GO_REMEDIATION_MAPPING.md
[32mD[m  V6_GRYPE_ARTIFACT_LOCATIONS.log
[32mD[m  V6_GRYPE_CYCLONEDX.json
[32mD[m  V6_GRYPE_CYCLONEDX_CLEAN.json
[32mD[m  V6_GRYPE_DEPENDENCY_TRIAGE_RAW.log
[32mD[m  V6_GRYPE_SPDX.json
[32mD[m  V6_GRYPE_SPDX_CLEAN.json
[32mD[m  V6_GRYPE_TRIAGE.md
[32mD[m  V6_LFS_CHECKOUT.log
[32mD[m  V6_LFS_FSCK_AFTER_PULL.log
[32mD[m  V6_LFS_FSCK_AFTER_V4_FETCH.log
[32mD[m  V6_LFS_TARGETED_FETCH_V4.log
[32mD[m  V6_LFS_TARGETED_PULL.log
[32mD[m  V6_LICENSE_INVENTORY.csv
[32mD[m  V6_LICENSE_INVENTORY.md
[32mD[m  V6_LICENSE_INVENTORY_RUN.log
[32mD[m  V6_OSV_SCANNER.json
[32mD[m  V6_OSV_SCANNER.log
[32mD[m  V6_OSV_SCANNER.stderr.log
[32mD[m  V6_OSV_SCANNER.stdout.log
[32mD[m  V6_OSV_SCANNER_FINAL.json
[32mD[m  V6_OSV_SCANNER_RUN.log
[32mD[m  V6_PLAYWRIGHT_AXE_RAW.log
[32mD[m  V6_REMAINING_FINDINGS.md
[32mD[m  V6_SBOM_CYCLONEDX.json
[32mD[m  V6_SBOM_CYCLONEDX_CLEAN.json
[32mD[m  V6_SBOM_GENERATION.log
[32mD[m  V6_SBOM_GRYPE_CLEAN_SUMMARY.log
[32mD[m  V6_SBOM_SPDX.json
[32mD[m  V6_SBOM_SPDX_CLEAN.json
[32mD[m  V6_SECURITY_DETAILS.log
[32mD[m  V6_SECURITY_SUMMARY.log
[32mD[m  V6_SEMGREP_AFTER.json
[32mD[m  V6_SEMGREP_AFTER.log
[32mD[m  V6_SEMGREP_AFTER.stderr.log
[32mD[m  V6_SEMGREP_AFTER.stdout.log
[32mD[m  V6_SEMGREP_RULES.yml
[32mD[m  V6_SEMGREP_TRIAGE.md
[32mD[m  V6_SYFT_CYCLONEDX.log
[32mD[m  V6_SYFT_CYCLONEDX_CLEAN.log
[32mD[m  V6_SYFT_SPDX.log
[32mD[m  V6_SYFT_SPDX_CLEAN.log
[32mD[m  V6_SYFT_VERSION.log
[32mD[m  V6_TARGETED_TESTS.log
[32mD[m  V6_TRIAGE_CONTEXTS_RAW.log
[32mD[m  V6_TRIVY_FS_FINAL.json
[32mD[m  V6_V5_COMPLEMENTS_ANALYSIS_INHERITED.md
[32mD[m  V6_V5_MANDATORY_ANALYSIS_INHERITED.md
[32mD[m  V6_V5_REPORT_INHERITED.md
[32mD[m  V6_VULN_SCAN_SUMMARY.log
[32mD[m  V6_XMOD_COMPATIBILITY_RAW.log
[32mD[m  V6_XMOD_DEPENDENCY_FINAL.log
[32mD[m  V6_XMOD_REMEDIATION_TESTS.log
[32mD[m  cmd/back01-core/main.go
[32mD[m  cmd/server/cli.go
[32mD[m  cmd/server/cli_runtime.go
[32mD[m  cmd/server/cli_test.go
[32mD[m  cmd/server/cr02_loopback_test.go
[32mD[m  cmd/server/main.go
[32mD[m  cmd/systemvault-doctor/main.go
[32mD[m  config.default.json
[32mD[m  continuation/T00-T27/ARCHIVE_SCOPE.md
[32mD[m  continuation/T00-T27/T00_T27_PACKAGE_CHUNKS.sha256
[32mD[m  continuation/T00-T27/T27_T00_T27_PACKAGE_MANIFEST.sha256
[32mD[m  continuation/T00-T27/archive-packages/forgelocal-continuation-t00-t23-20260819.zip.part.00
[32mD[m  continuation/T00-T27/archive-packages/forgelocal-continuation-t00-t23-20260819.zip.part.01
[32mD[m  continuation/T00-T27/archive-packages/forgelocal-t24-bulk-evidence-7f63c71.zip
[32mD[m  continuation/T00-T27/archive-packages/forgelocal-t25-synthetic-cookie-fixtures-a7ccfbc.zip
[32mD[m  continuation/T00-T27/archive-packages/forgelocal-t26-simulated-provider-930003c.zip
[32mD[m  continuation/T00-T27/archive-packages/forgelocal-t27-r1-local-continuation-full.tar.gz
[32mD[m  continuation/T00-T27/archive-packages/forgelocal-t27-r1-local-continuation-full.tar.gz.sha256
[32mD[m  continuation/T27-R1/CANONICAL_CLOSURE.md
[32mD[m  continuation/T27-R1/GITLEAKS_CONTINUATION.json
[32mD[m  continuation/T27-R1/GITLEAKS_CONTINUATION_R2.json
[32mD[m  continuation/T27-R1/README.md
[32mD[m  continuation/T27-R1/SHA256SUMS
[32mD[m  continuation/T27-R1/TOOLCHAIN.lock
[32mD[m  continuation/T27-R1/closure/CR09_PROVENANCE_VERIFY_R2_RAW.log
[32mD[m  continuation/T27-R1/closure/SHA256SUMS
[32mD[m  continuation/T27-R1/closure/T27_R1_LOCAL_PROVENANCE.md
[32mD[m  continuation/T27-R1/closure/T27_R1_SBOM_CYCLONEDX.json
[32mD[m  continuation/T27-R1/closure/T27_R1_SBOM_SPDX.json
[32mD[m  continuation/T27-R1/closure/T27_R1_TECHNICAL_LOCAL_CLOSURE.md
[32mD[m  continuation/T27-R1/evidence/CHAIN.md
[32mD[m  continuation/T27-R1/evidence/CR01/CR01_CANONICAL_PRESERVATION_R2_RAW.log
[32mD[m  continuation/T27-R1/evidence/CR01/CR01_CANONICAL_PRESERVATION_RAW.log
[32mD[m  continuation/T27-R1/evidence/CR01/CR01_GITLEAKS_EXTRACTION.json
[32mD[m  continuation/T27-R1/evidence/CR01/forgelocal-t27-r1-cr01-df50a2b.bundle
[32mD[m  continuation/T27-R1/evidence/CR01/forgelocal-t27-r1-cr01-df50a2b.bundle.sha256
[32mD[m  continuation/T27-R1/evidence/CR01/forgelocal-t27-r1-cr01-evidence-df50a2b.zip
[32mD[m  continuation/T27-R1/evidence/CR01/forgelocal-t27-r1-cr01-evidence-df50a2b.zip.sha256
[32mD[m  continuation/T27-R1/evidence/CR02/CR02_CANONICAL_PRESERVATION_FINAL_RAW.log
[32mD[m  continuation/T27-R1/evidence/CR02/CR02_CANONICAL_PRESERVATION_R2_RAW.log
[32mD[m  continuation/T27-R1/evidence/CR02/CR02_CANONICAL_PRESERVATION_RAW.log
[32mD[m  continuation/T27-R1/evidence/CR02/CR02_GITLEAKS_EXTRACTION.json
[32mD[m  continuation/T27-R1/evidence/CR02/forgelocal-t27-r1-cr02-d993289.delta.bundle
[32mD[m  continuation/T27-R1/evidence/CR02/forgelocal-t27-r1-cr02-d993289.delta.bundle.sha256
[32mD[m  continuation/T27-R1/evidence/CR02/forgelocal-t27-r1-cr02-evidence-d993289.zip
[32mD[m  continuation/T27-R1/evidence/CR02/forgelocal-t27-r1-cr02-evidence-d993289.zip.sha256
[32mD[m  continuation/T27-R1/evidence/CR03/CR03_CANONICAL_PRESERVATION_RAW.log
[32mD[m  continuation/T27-R1/evidence/CR03/CR03_GITLEAKS_EXTRACTION.json
[32mD[m  continuation/T27-R1/evidence/CR03/forgelocal-t27-r1-cr03-a912cd6.delta.bundle
[32mD[m  continuation/T27-R1/evidence/CR03/forgelocal-t27-r1-cr03-a912cd6.delta.bundle.sha256
[32mD[m  continuation/T27-R1/evidence/CR03/forgelocal-t27-r1-cr03-evidence-a912cd6.zip
[32mD[m  continuation/T27-R1/evidence/CR03/forgelocal-t27-r1-cr03-evidence-a912cd6.zip.sha256
[32mD[m  continuation/T27-R1/evidence/CR04/CR04_CANONICAL_PRESERVATION_RAW.log
[32mD[m  continuation/T27-R1/evidence/CR04/CR04_GITLEAKS_EXTRACTION.json
[32mD[m  continuation/T27-R1/evidence/CR04/forgelocal-t27-r1-cr04-967d293.delta.bundle
[32mD[m  continuation/T27-R1/evidence/CR04/forgelocal-t27-r1-cr04-967d293.delta.bundle.sha256
[32mD[m  continuation/T27-R1/evidence/CR04/forgelocal-t27-r1-cr04-evidence-967d293.zip
[32mD[m  continuation/T27-R1/evidence/CR04/forgelocal-t27-r1-cr04-evidence-967d293.zip.sha256
[32mD[m  continuation/T27-R1/evidence/CR05/CR05_CANONICAL_PRESERVATION_RAW.log
[32mD[m  continuation/T27-R1/evidence/CR05/CR05_GITLEAKS_EXTRACTION.json
[32mD[m  continuation/T27-R1/evidence/CR05/forgelocal-t27-r1-cr05-9386e5c.delta.bundle
[32mD[m  continuation/T27-R1/evidence/CR05/forgelocal-t27-r1-cr05-9386e5c.delta.bundle.sha256
[32mD[m  continuation/T27-R1/evidence/CR05/forgelocal-t27-r1-cr05-evidence-9386e5c.zip
[32mD[m  continuation/T27-R1/evidence/CR05/forgelocal-t27-r1-cr05-evidence-9386e5c.zip.sha256
[32mD[m  continuation/T27-R1/governance/BASELINE_DISCOVERY_POLICY.md
[32mD[m  continuation/T27-R1/governance/T22_CANONICAL_REGISTRY.md
[32mD[m  continuation/T27-R1/governance/T27_R1_CONTINUATION_SCOPE.md
[32mD[m  continuation/T27-R1/governance/T27_R1_CORRECTIVE_EXECUTION_CONTRACT.md
[32mD[m  continuation/T27-R1/governance/T27_R1_CR06_TO_CR09_GATES.md
[32mD[m  continuation/T27-R1/governance/todo.md
[32mD[m  data/.gitkeep
[32mD[m  data/webgl-profiles/webgl-profiles.json
[32mD[m  docker/.dockerignore
[32mD[m  docker/Dockerfile.run
[32mD[m  docker/README.md
[32mD[m  docker/README.zh-TW.md
[32mD[m  docker/docker-compose.yml
[32mD[m  docker/entrypoint.sh
[32mD[m  docs/ADDENDUM_V2_1_CAMOFLOX_READONLY_DASHBOARD.manifest.json
[32mD[m  docs/ADDENDUM_V2_1_CAMOFLOX_READONLY_DASHBOARD.md
[32mD[m  docs/ADDENDUM_V2_3_1_CI_PROVENANCE_EVIDENCE.manifest.json
[32mD[m  docs/ADDENDUM_V2_3_1_CI_PROVENANCE_EVIDENCE.md
[32mD[m  docs/ADDENDUM_V2_3_COMPONENT_PROVENANCE.manifest.json
[32mD[m  docs/ADDENDUM_V2_3_COMPONENT_PROVENANCE.md
[32mD[m  docs/ADDENDUM_V2_4_READONLY_SESSION_BOOTSTRAP.md
[32mD[m  docs/ADDENDUM_V2_5_READONLY_PRODUCT_SURFACES.md
[32mD[m  docs/API_READONLY_V1.md
[32mD[m  docs/BASELINE_DISCOVERY_POLICY.md
[32mD[m  docs/BASELINE_DISCOVERY_T27_R1_RAW.log
[32mD[m  docs/BOOTSTRAP_RO_01_EVIDENCE.md
[32mD[m  docs/BOOTSTRAP_RO_01_STRICT_EXECUTION.md
[32mD[m  docs/BRANCH_PROTECTION_REQUIREMENTS.md
[32mD[m  docs/CAHIER_DES_CHARGES_FORGELOCAL.md
[32mD[m  docs/CAHIER_DES_CHARGES_FORGELOCAL.v1.0.manifest.json
[32mD[m  docs/CAHIER_DES_CHARGES_v3_9_7.md
[32mD[m  docs/CAMO_CORE_01_REGISTER.md
[32mD[m  docs/COMPONENT_RIGHTS_REGISTER.md
[32mD[m  docs/README.md
[32mD[m  docs/SELF_VALIDATION_V4_FINDINGS.md
[32mD[m  docs/SELF_VALIDATION_V4_SUMMARY.md
[32mD[m  docs/SQLITE_SCHEMA_REFERENCE.md
[32mD[m  docs/T07-R-CHECKLIST.md
[32mD[m  docs/T07-R-INDEPENDENT-REVIEW-RESPONSE.md
[32mD[m  docs/T07-R-MESSAGE-TO-REVIEWER.md
[32mD[m  docs/T07-R-OWNER-COMPLETION-GUIDE.md
[32mD[m  docs/T07-R-REVIEW-PACKET.md
[32mD[m  docs/T07_CAMOFLOX_DEPENDENCY_INVENTORY.json
[32mD[m  docs/T07_CAMOFLOX_PROVENANCE.md
[32mD[m  docs/T07_CAMOFLOX_PROVENANCE_SBOM.spdx.json
[32mD[m  docs/T07_EVIDENCE_REQUEST_TO_RIGHTS_HOLDER.md
[32mD[m  docs/T07_EXTERNAL_SOURCES.md
[32mD[m  docs/T07_REMEDIATION_CHAIN.md
[32mD[m  docs/T07_SECURITY_TRIAGE_REQUEST.md
[32mD[m  docs/T08-FOLLOW-UP-WATCH-STATE.md
[32mD[m  docs/T08-R2-FINAL-REPORT.md
[32mD[m  docs/T08_CONCURRENCY_SPEC.md
[32mD[m  docs/T10_PROXIES_FRAMING.md
[32mD[m  docs/T11_BACKUPS_FRAMING.md
[32mD[m  docs/T20_CDC_GAP_AUDIT_AND_SCOPE_PROPOSAL.md
[32mD[m  docs/T20_NCF_SCOPE_AND_ACCEPTANCE.md
[32mD[m  docs/T22_CONSISTENCY_AND_RECOVERY_ADDENDUM.md
[32mD[m  docs/T22_PROFILE_HISTORY_CONTRACT.md
[32mD[m  docs/T23_ARCHIVE_RESTORE_CONTRACT.md
[32mD[m  docs/T23_SCOPE_AND_EVIDENCE_AUTHORIZATION.md
[32mD[m  docs/T24_BULK_OPERATIONS_CONTRACT.md
[32mD[m  docs/T24_SR_DEPENDENCY_REMEDIATION_CONTRACT.md
[32mD[m  docs/T25_COOKIE_FIXTURES_CONTRACT.md
[32mD[m  docs/T26_SIMULATED_PROXY_PROVIDER_CONTRACT.md
[32mD[m  docs/T27_R1_CONTINUATION_SCOPE.md
[32mD[m  docs/T27_R1_CORRECTIVE_EXECUTION_CONTRACT.md
[32mD[m  docs/T27_R1_CR06_TO_CR09_GATES.md
[32mD[m  docs/T28_EXTENSIONS_CONTRACT_AND_TEST_MATRIX.md
[32mD[m  docs/T28_EXTENSIONS_PRODUCT_DECISIONS.md
[32mD[m  docs/T28_EXTENSIONS_THREAT_MODEL.md
[32mD[m  docs/T28_IMPLEMENTATION_HANDOVER.md
[32mD[m  docs/T28_T42_EVIDENCE_CORRECTION.md
[32mD[m  docs/T28_T42_STATUS_REGISTER.md
[32mD[m  docs/T30_ENVIRONMENT_DIAGNOSTICS_DELTA_CONTRACT.md
[32mD[m  docs/T30_REMOTE_EVIDENCE_RECONCILIATION.md
[32mD[m  docs/T31_CANVAS_WEBGL_AUDIO_DIAGNOSTICS_CONTRACT.md
[32mD[m  docs/T32_CLIENTRECTS_DIAGNOSTICS_CONTRACT.md
[32mD[m  docs/T33_SYNTHETIC_GEOLOCATION_QA_CONTRACT.md
[32mD[m  docs/T34_HARDWARE_DIAGNOSTICS_CONTRACT.md
[32mD[m  docs/T35_FONT_BUNDLE_PROVENANCE_CONTRACT.md
[32mD[m  docs/T36_DIAGNOSTIC_DRIFT_CONTRACT.md
[32mD[m  docs/T37_PROFILE_HEALTH_CONTRACT.md
[32mD[m  docs/T38_SESSION_LIFECYCLE_CONTRACT.md
[32mD[m  docs/T39_SECRET_IMPORT_EXPORT_CONTRACT.md
[32mD[m  docs/T40_INTEGRATION_GATE_CONTRACT.md
[32mD[m  docs/T41_RELEASE_READINESS_CONTRACT.md
[32mD[m  docs/agent-integration.md
[32mD[m  docs/agent-prompt-guide.md
[32mD[m  docs/anti-detection.md
[32mD[m  docs/architecture.md
[32mD[m  docs/cli.md
[32mD[m  docs/cloud-deployment.md
[32mD[m  docs/code-review-web-search.md
[32mD[m  docs/component-rights-register.json
[32mD[m  docs/developer-integration.md
[32mD[m  docs/documentation-language-audit.md
[32mD[m  docs/dual-browser-architecture.md
[32mD[m  docs/dual-browser-architecture.zh-TW.md
[32mD[m  docs/execution.md
[32mD[m  docs/fingerprint-detection-report.md
[32mD[m  docs/humanize-research.md
[32mD[m  docs/i18n.md
[32mD[m  docs/linux-server.md
[32mD[m  docs/linux-server.zh-TW.md
[32mD[m  docs/local-quickstart.md
[32mD[m  docs/mcp-call-flow.html
[32mD[m  docs/phase2-fork-plan.md
[32mD[m  docs/plan.md
[32mD[m  docs/platform-support.md
[32mD[m  docs/platform-support.zh-TW.md
[32mD[m  docs/playwright-patches.md
[32mD[m  docs/playwright-patches.zh-TW.md
[32mD[m  docs/release.md
[32mD[m  docs/security/GOSEC_BASELINE_BACK_01.md
[32mD[m  docs/security/SYSTEM_VAULT_NATIVE_MATRIX.md
[32mD[m  docs/session-arch-design.md
[32mD[m  docs/spike-results.md
[32mD[m  docs/t07-private-provenance-attestation.template.json
[32mD[m  docs/wbs.md
[32mD[m  docs/webgl-fingerprint-strategy.md
[32mD[m  evidence/PREHUMAN_T00_T42/PREHUMAN_T00_T42_BASELINE_DISCOVERY_RAW.log
[32mD[m  evidence/PREHUMAN_T00_T42/PREHUMAN_T00_T42_BUNDLE_REHYDRATION_RAW.log
[32mD[m  evidence/PREHUMAN_T00_T42/PREHUMAN_T00_T42_BUNDLE_VERIFY_RAW.log
[32mD[m  evidence/PREHUMAN_T00_T42/PREHUMAN_T00_T42_DELIVERY_CONSERVATION_RAW.log
[32mD[m  evidence/PREHUMAN_T00_T42/PREHUMAN_T00_T42_GITLEAKS.json
[32mD[m  evidence/PREHUMAN_T00_T42/PREHUMAN_T00_T42_GLOBAL_QUALIFICATION_RAW.log
[32mD[m  evidence/PREHUMAN_T00_T42/PREHUMAN_T00_T42_GOSEC_BASELINE_HEAD_DIFF.log
[32mD[m  evidence/PREHUMAN_T00_T42/PREHUMAN_T00_T42_HISTORICAL_AUDIT_RAW.log
[32mD[m  evidence/PREHUMAN_T00_T42/PREHUMAN_T00_T42_HISTORICAL_CHAIN_AUDIT.md
[32mD[m  evidence/PREHUMAN_T00_T42/PREHUMAN_T00_T42_LFS_REHYDRATION_RAW.log
[32mD[m  evidence/PREHUMAN_T00_T42/PREHUMAN_T00_T42_REFS.log
[32mD[m  evidence/PREHUMAN_T00_T42/PREHUMAN_T00_T42_SBOM.cdx.json
[32mD[m  evidence/PREHUMAN_T00_T42/PREHUMAN_T00_T42_SUMMARY.md
[32mD[m  evidence/PREHUMAN_T00_T42/PREHUMAN_VALIDATION_RAW.log
[32mD[m  evidence/PREHUMAN_T00_T42/SANDBOX_CAPACITY_DISCOVERY_RAW.log
[32mD[m  evidence/PREHUMAN_T00_T42/SHA256SUMS
[32mD[m  evidence/PREHUMAN_T00_T42/forgelocal-t28-t42-prehuman-validation.bundle
[32mD[m  evidence/PREHUMAN_T00_T42/forgelocal-t28-t42-prehuman-validation.bundle.portable.sha256
[32mD[m  evidence/PREHUMAN_T00_T42/forgelocal-t28-t42-prehuman-validation.zip
[32mD[m  evidence/PREHUMAN_T00_T42/forgelocal-t28-t42-prehuman-validation.zip.portable.sha256
[32mD[m  evidence/PREHUMAN_T00_T42_FINAL_CHECKLIST/POSTFIX_CODE_CORRECTION_FINALIZATION.md
[32mD[m  evidence/PREHUMAN_T00_T42_FINAL_CHECKLIST/POSTFIX_GITLEAKS.json
[32mD[m  evidence/PREHUMAN_T00_T42_FINAL_CHECKLIST/POSTFIX_GOLANGCI.json
[32mD[m  evidence/PREHUMAN_T00_T42_FINAL_CHECKLIST/POSTFIX_GOLANGCI_TARGETED_REGRESSION.json
[32mD[m  evidence/PREHUMAN_T00_T42_FINAL_CHECKLIST/POSTFIX_GOSEC_BASELINE.json
[32mD[m  evidence/PREHUMAN_T00_T42_FINAL_CHECKLIST/POSTFIX_GOSEC_HEAD.json
[32mD[m  evidence/PREHUMAN_T00_T42_FINAL_CHECKLIST/POSTFIX_GOSEC_NORMALIZED_IGNORE_LINE.log
[32mD[m  evidence/PREHUMAN_T00_T42_FINAL_CHECKLIST/POSTFIX_QUALIFICATION_RAW.log
[32mD[m  evidence/PREHUMAN_T00_T42_FINAL_CHECKLIST/POSTFIX_SBOM.cdx.json
[32mD[m  evidence/PREHUMAN_T00_T42_FINAL_CHECKLIST/POSTFIX_SBOM.spdx.json
[32mD[m  evidence/PREHUMAN_T00_T42_FINAL_CHECKLIST/POSTFIX_STATICCHECK.jsonl
[32mD[m  evidence/PREHUMAN_T00_T42_FINAL_CHECKLIST/POSTFIX_TARGETED_FINDINGS_VERIFICATION.log
[32mD[m  evidence/PREHUMAN_T00_T42_FINAL_CHECKLIST/POSTFIX_TARGETED_REGRESSION_RAW.log
[32mD[m  evidence/PREHUMAN_T00_T42_FINAL_CHECKLIST/POSTFIX_WRAPPER_V3_FINAL_GITLEAKS.json
[32mD[m  evidence/PREHUMAN_T00_T42_FINAL_CHECKLIST/POSTFIX_WRAPPER_V3_FINAL_RESCAN_RAW.log
[32mD[m  evidence/PREHUMAN_T00_T42_FINAL_CHECKLIST/POSTFIX_WRAPPER_V3_RELEASE_GITLEAKS.json
[32mD[m  evidence/PREHUMAN_T00_T42_FINAL_CHECKLIST/POSTFIX_WRAPPER_V3_RELEASE_RESCAN_RAW.log
[32mD[m  evidence/PREHUMAN_T00_T42_FINAL_CHECKLIST/PREHUMAN_FINAL_ADDENDUM_PACKAGE_CHECK_RAW.log
[32mD[m  evidence/PREHUMAN_T00_T42_FINAL_CHECKLIST/PREHUMAN_FINAL_BUNDLE_REHYDRATION_RAW.log
[32mD[m  evidence/PREHUMAN_T00_T42_FINAL_CHECKLIST/PREHUMAN_FINAL_CHECKLIST_ADDENDUM.md
[32mD[m  evidence/PREHUMAN_T00_T42_FINAL_CHECKLIST/PREHUMAN_FINAL_CHECKLIST_SHA256SUMS
[32mD[m  evidence/PREHUMAN_T00_T42_FINAL_CHECKLIST/PREHUMAN_FINAL_EXIT_CHECKLIST_RAW.log
[32mD[m  evidence/PREHUMAN_T00_T42_FINAL_CHECKLIST/PREHUMAN_FINAL_FINDINGS_CLASSIFICATION.md
[32mD[m  evidence/PREHUMAN_T00_T42_FINAL_CHECKLIST/PREHUMAN_FINAL_GITLEAKS.json
[32mD[m  evidence/PREHUMAN_T00_T42_FINAL_CHECKLIST/PREHUMAN_FINAL_GITLEAKS_ADDENDUM.json
[32mD[m  evidence/PREHUMAN_T00_T42_FINAL_CHECKLIST/PREHUMAN_FINAL_GITLEAKS_ADDENDUM_RAW.log
[32mD[m  evidence/PREHUMAN_T00_T42_FINAL_CHECKLIST/PREHUMAN_FINAL_GOLANGCI_BASELINE.json
[32mD[m  evidence/PREHUMAN_T00_T42_FINAL_CHECKLIST/PREHUMAN_FINAL_GOLANGCI_HEAD.json
[32mD[m  evidence/PREHUMAN_T00_T42_FINAL_CHECKLIST/PREHUMAN_FINAL_GOLANGCI_NEW_FINDINGS_AUDIT_RAW.log
[32mD[m  evidence/PREHUMAN_T00_T42_FINAL_CHECKLIST/PREHUMAN_FINAL_GOSEC_BASELINE.json
[32mD[m  evidence/PREHUMAN_T00_T42_FINAL_CHECKLIST/PREHUMAN_FINAL_GOSEC_HEAD.json
[32mD[m  evidence/PREHUMAN_T00_T42_FINAL_CHECKLIST/PREHUMAN_FINAL_GOSEC_NORMALIZED.log
[32mD[m  evidence/PREHUMAN_T00_T42_FINAL_CHECKLIST/PREHUMAN_FINAL_LICENSE_INVENTORY.json
[32mD[m  evidence/PREHUMAN_T00_T42_FINAL_CHECKLIST/PREHUMAN_FINAL_LICENSE_INVENTORY_RAW.log
[32mD[m  evidence/PREHUMAN_T00_T42_FINAL_CHECKLIST/PREHUMAN_FINAL_LINTER_JSON_RAW.log
[32mD[m  evidence/PREHUMAN_T00_T42_FINAL_CHECKLIST/PREHUMAN_FINAL_PLAYWRIGHT_NOT_APPLICABLE.md
[32mD[m  evidence/PREHUMAN_T00_T42_FINAL_CHECKLIST/PREHUMAN_FINAL_QUALITY_DIFFERENTIAL_RAW.log
[32mD[m  evidence/PREHUMAN_T00_T42_FINAL_CHECKLIST/PREHUMAN_FINAL_QUALITY_NORMALIZED.log
[32mD[m  evidence/PREHUMAN_T00_T42_FINAL_CHECKLIST/PREHUMAN_FINAL_SBOM.cdx.json
[32mD[m  evidence/PREHUMAN_T00_T42_FINAL_CHECKLIST/PREHUMAN_FINAL_SBOM.spdx.json
[32mD[m  evidence/PREHUMAN_T00_T42_FINAL_CHECKLIST/PREHUMAN_FINAL_SECURITY_LICENSE_RAW.log
[32mD[m  evidence/PREHUMAN_T00_T42_FINAL_CHECKLIST/PREHUMAN_FINAL_STATICCHECK_BASELINE.jsonl
[32mD[m  evidence/PREHUMAN_T00_T42_FINAL_CHECKLIST/PREHUMAN_FINAL_STATICCHECK_HEAD.jsonl
[32mD[m  evidence/PREHUMAN_T00_T42_FINAL_CHECKLIST/PREHUMAN_FINAL_TRIVY_BASELINE.json
[32mD[m  evidence/PREHUMAN_T00_T42_FINAL_CHECKLIST/PREHUMAN_FINAL_TRIVY_HEAD.json
[32mD[m  evidence/PREHUMAN_T00_T42_FINAL_CHECKLIST/PREHUMAN_FINAL_TRIVY_NORMALIZED.log
[32mD[m  evidence/PREHUMAN_T00_T42_FINAL_CHECKLIST/PREHUMAN_FINAL_WRAPPER_V2_EXTRACTION_GITLEAKS.json
[32mD[m  evidence/PREHUMAN_T00_T42_FINAL_CHECKLIST/PREHUMAN_FINAL_WRAPPER_V2_EXTRACTION_RESCAN_RAW.log
[32mD[m  evidence/PREHUMAN_T00_T42_FINAL_CHECKLIST/PREHUMAN_FINAL_WRAPPER_V2_FINAL_EXTRACTION_GITLEAKS.json
[32mD[m  evidence/PREHUMAN_T00_T42_FINAL_CHECKLIST/PREHUMAN_FINAL_WRAPPER_V2_FINAL_EXTRACTION_RESCAN_RAW.log
[32mD[m  evidence/PREHUMAN_T00_T42_FINAL_CHECKLIST/PREHUMAN_FINAL_WRAPPER_V2_RELEASE_GITLEAKS.json
[32mD[m  evidence/PREHUMAN_T00_T42_FINAL_CHECKLIST/PREHUMAN_FINAL_WRAPPER_V2_RELEASE_RESCAN_RAW.log
[32mD[m  evidence/PREHUMAN_T00_T42_FINAL_CHECKLIST/PREHUMAN_T00_T42_MATRIX.md
[32mD[m  evidence/PREHUMAN_T00_T42_FINAL_CHECKLIST/SANDBOX_CAPACITY_DISCOVERY_RAW.log
[32mD[m  evidence/PREHUMAN_T00_T42_FINAL_CHECKLIST/compare_trivy.py
[32mD[m  evidence/PREHUMAN_T00_T42_FINAL_CHECKLIST/export_license_inventory.sh
[32mD[m  evidence/PREHUMAN_T00_T42_FINAL_CHECKLIST/normalize_final_gosec.py
[32mD[m  evidence/PREHUMAN_T00_T42_FINAL_CHECKLIST/normalize_final_quality.py
[32mD[m  evidence/PREHUMAN_T00_T42_FINAL_CHECKLIST/normalize_postfix_gosec.py
[32mD[m  evidence/PREHUMAN_T00_T42_FINAL_CHECKLIST/run_final_exit_checklist.sh
[32mD[m  evidence/PREHUMAN_T00_T42_FINAL_CHECKLIST/run_linter_json_diff.sh
[32mD[m  evidence/PREHUMAN_T00_T42_FINAL_CHECKLIST/run_postfix_qualification.sh
[32mD[m  evidence/PREHUMAN_T00_T42_FINAL_CHECKLIST/run_security_license_differential.sh
[32mD[m  evidence/PREHUMAN_T00_T42_FINAL_CHECKLIST/verify_postfix_targeted.py
[32mD[m  evidence/SELF_VALIDATION_V4/SELF_VALIDATION_ARTIFACTS_RAW.log
[32mD[m  evidence/SELF_VALIDATION_V4/SELF_VALIDATION_BASELINE_DISCOVERY_RAW.log
[32mD[m  evidence/SELF_VALIDATION_V4/SELF_VALIDATION_BUNDLE_DELTA_VERIFY.log
[32mD[m  evidence/SELF_VALIDATION_V4/SELF_VALIDATION_CLEANUP_VERIFICATION.log
[32mD[m  evidence/SELF_VALIDATION_V4/SELF_VALIDATION_CORE_SECURITY_RAW.log
[32mD[m  evidence/SELF_VALIDATION_V4/SELF_VALIDATION_DASHBOARD_QUALIFICATION_RAW.log
[32mD[m  evidence/SELF_VALIDATION_V4/SELF_VALIDATION_DIFF_CHECK.log
[32mD[m  evidence/SELF_VALIDATION_V4/SELF_VALIDATION_FINAL_METADATA_DIFF_CHECK.log
[32mD[m  evidence/SELF_VALIDATION_V4/SELF_VALIDATION_FINAL_NEW_DIFF_CHECK.log
[32mD[m  evidence/SELF_VALIDATION_V4/SELF_VALIDATION_FINDINGS_CLASSIFICATION.md
[32mD[m  evidence/SELF_VALIDATION_V4/SELF_VALIDATION_GITLEAKS_EXPLICIT_RANGE.json
[32mD[m  evidence/SELF_VALIDATION_V4/SELF_VALIDATION_GITLEAKS_EXPLICIT_RANGE.log
[32mD[m  evidence/SELF_VALIDATION_V4/SELF_VALIDATION_GITLEAKS_RANGE.json
[32mD[m  evidence/SELF_VALIDATION_V4/SELF_VALIDATION_GOSEC_BASELINE.json
[32mD[m  evidence/SELF_VALIDATION_V4/SELF_VALIDATION_GOSEC_BASELINE.log
[32mD[m  evidence/SELF_VALIDATION_V4/SELF_VALIDATION_GOSEC_COMPARE_SUMMARY.log
[32mD[m  evidence/SELF_VALIDATION_V4/SELF_VALIDATION_GOSEC_HEAD.json
[32mD[m  evidence/SELF_VALIDATION_V4/SELF_VALIDATION_GOSEC_HEAD.log
[32mD[m  evidence/SELF_VALIDATION_V4/SELF_VALIDATION_GOSEC_HEAD_COMPARE.json
[32mD[m  evidence/SELF_VALIDATION_V4/SELF_VALIDATION_GOSEC_HEAD_COMPARE.log
[32mD[m  evidence/SELF_VALIDATION_V4/SELF_VALIDATION_LAST_DIFF_CHECK.log
[32mD[m  evidence/SELF_VALIDATION_V4/SELF_VALIDATION_LFS_REHYDRATION.log
[32mD[m  evidence/SELF_VALIDATION_V4/SELF_VALIDATION_LICENSES.json
[32mD[m  evidence/SELF_VALIDATION_V4/SELF_VALIDATION_MANIFEST.md
[32mD[m  evidence/SELF_VALIDATION_V4/SELF_VALIDATION_PLAYWRIGHT_INSTALL.log
[32mD[m  evidence/SELF_VALIDATION_V4/SELF_VALIDATION_ROOT_SUMS_VERIFY.log
[32mD[m  evidence/SELF_VALIDATION_V4/SELF_VALIDATION_ROOT_SUMS_VERIFY_FINAL.log
[32mD[m  evidence/SELF_VALIDATION_V4/SELF_VALIDATION_ROOT_SUMS_VERIFY_FINAL2.log
[32mD[m  evidence/SELF_VALIDATION_V4/SELF_VALIDATION_ROOT_SUMS_VERIFY_UPLOAD_FINAL.log
[32mD[m  evidence/SELF_VALIDATION_V4/SELF_VALIDATION_SBOM.cdx.json
[32mD[m  evidence/SELF_VALIDATION_V4/SELF_VALIDATION_SBOM.spdx.json
[32mD[m  evidence/SELF_VALIDATION_V4/SELF_VALIDATION_SYNTHETIC_E2E_RAW.log
[32mD[m  evidence/SELF_VALIDATION_V4/SELF_VALIDATION_TRIVY.json
[32mD[m  evidence/SELF_VALIDATION_V4/SELF_VALIDATION_V4_NEW_DIFF_CHECK.log
[32mD[m  evidence/SELF_VALIDATION_V4/SHA256SUMS
[32mD[m  evidence/SELF_VALIDATION_V6/GITLEAKS_TREE_V6_1_638a39f6a97e908f1b37fdffc1eecb59a3ee77b3.json
[32mD[m  evidence/SELF_VALIDATION_V6/GITLEAKS_TREE_V6_1_638a39f6a97e908f1b37fdffc1eecb59a3ee77b3.log
[32mD[m  evidence/SELF_VALIDATION_V6/GITLEAKS_TREE_V6_2_d3bb8940a462f66cc816ba0a3eec64468f69a5fc.json
[32mD[m  evidence/SELF_VALIDATION_V6/GITLEAKS_TREE_V6_2_d3bb8940a462f66cc816ba0a3eec64468f69a5fc.log
[32mD[m  evidence/SELF_VALIDATION_V6/GITLEAKS_TREE_V6_3_e2fad936d49d35881760f1b15d72ee06802f7bd0.json
[32mD[m  evidence/SELF_VALIDATION_V6/GITLEAKS_TREE_V6_3_e2fad936d49d35881760f1b15d72ee06802f7bd0.log
[32mD[m  evidence/SELF_VALIDATION_V6/GITLEAKS_TREE_V6_4_fc080456711dd7f2266911aaec55041fdb1b424c.json
[32mD[m  evidence/SELF_VALIDATION_V6/GITLEAKS_TREE_V6_4_fc080456711dd7f2266911aaec55041fdb1b424c.log
[32mD[m  evidence/SELF_VALIDATION_V6/MANIFEST.md
[32mD[m  evidence/SELF_VALIDATION_V6/SELF_VALIDATION_V6_REPORT.md
[32mD[m  evidence/SELF_VALIDATION_V6/SHA256SUMS
[32mD[m  evidence/SELF_VALIDATION_V6/V6_AXE_RESULTS_AFTER.json
[32mD[m  evidence/SELF_VALIDATION_V6/V6_AXE_RESULTS_BEFORE.json
[32mD[m  evidence/SELF_VALIDATION_V6/V6_AXE_SUMMARY.py
[32mD[m  evidence/SELF_VALIDATION_V6/V6_BASELINE_DISCOVERY_RAW.log
[32mD[m  evidence/SELF_VALIDATION_V6/V6_BUNDLE_VERIFY.log
[32mD[m  evidence/SELF_VALIDATION_V6/V6_CLEANUP_VERIFICATION.log
[32mD[m  evidence/SELF_VALIDATION_V6/V6_CODE_DIFF.patch
[32mD[m  evidence/SELF_VALIDATION_V6/V6_DASHBOARD_BUILD.log
[32mD[m  evidence/SELF_VALIDATION_V6/V6_DASHBOARD_BUILD_AXE.log
[32mD[m  evidence/SELF_VALIDATION_V6/V6_DASHBOARD_INSTALL.log
[32mD[m  evidence/SELF_VALIDATION_V6/V6_DASHBOARD_TARGETED.log
[32mD[m  evidence/SELF_VALIDATION_V6/V6_DASHBOARD_TSC.log
[32mD[m  evidence/SELF_VALIDATION_V6/V6_DASHBOARD_TSC_AXE.log
[32mD[m  evidence/SELF_VALIDATION_V6/V6_FINAL_COUNTS.log
[32mD[m  evidence/SELF_VALIDATION_V6/V6_FULL_REQUALIFICATION_RAW.log
[32mD[m  evidence/SELF_VALIDATION_V6/V6_GITLEAKS_CHECKOUT.json
[32mD[m  evidence/SELF_VALIDATION_V6/V6_GITLEAKS_CHECKOUT.log
[32mD[m  evidence/SELF_VALIDATION_V6/V6_GITLEAKS_EXACT_EXCEPTION_TEST.json
[32mD[m  evidence/SELF_VALIDATION_V6/V6_GITLEAKS_EXACT_EXCEPTION_TEST.toml
[32mD[m  evidence/SELF_VALIDATION_V6/V6_GITLEAKS_EXTRACTED.json
[32mD[m  evidence/SELF_VALIDATION_V6/V6_GITLEAKS_FINAL.log
[32mD[m  evidence/SELF_VALIDATION_V6/V6_GITLEAKS_FRESH.json
[32mD[m  evidence/SELF_VALIDATION_V6/V6_GITLEAKS_FRESH.log
[32mD[m  evidence/SELF_VALIDATION_V6/V6_GITLEAKS_POST_V5_TREE_SCAN.log
[32mD[m  evidence/SELF_VALIDATION_V6/V6_GITLEAKS_RANGE.json
[32mD[m  evidence/SELF_VALIDATION_V6/V6_GITLEAKS_RANGE.log
[32mD[m  evidence/SELF_VALIDATION_V6/V6_GITLEAKS_TRIAGE.csv
[32mD[m  evidence/SELF_VALIDATION_V6/V6_GITLEAKS_TRIAGE_SUMMARY.md
[32mD[m  evidence/SELF_VALIDATION_V6/V6_GOLANGCI_AFTER_GO.json
[32mD[m  evidence/SELF_VALIDATION_V6/V6_GOLANGCI_AFTER_GO.log
[32mD[m  evidence/SELF_VALIDATION_V6/V6_GOLANGCI_AFTER_GO.stderr.log
[32mD[m  evidence/SELF_VALIDATION_V6/V6_GOLANGCI_AFTER_GO.stdout.log
[32mD[m  evidence/SELF_VALIDATION_V6/V6_GOLANGCI_AFTER_GO_SUMMARY.log
[32mD[m  evidence/SELF_VALIDATION_V6/V6_GOLANGCI_FINAL.json
[32mD[m  evidence/SELF_VALIDATION_V6/V6_GOLANGCI_FINAL.stderr.log
[32mD[m  evidence/SELF_VALIDATION_V6/V6_GOLANGCI_FINAL.stdout.log
[32mD[m  evidence/SELF_VALIDATION_V6/V6_GO_REMEDIATION_MAPPING.md
[32mD[m  evidence/SELF_VALIDATION_V6/V6_GRYPE_ARTIFACT_LOCATIONS.log
[32mD[m  evidence/SELF_VALIDATION_V6/V6_GRYPE_CYCLONEDX.json
[32mD[m  evidence/SELF_VALIDATION_V6/V6_GRYPE_CYCLONEDX_CLEAN.json
[32mD[m  evidence/SELF_VALIDATION_V6/V6_GRYPE_DEPENDENCY_TRIAGE_RAW.log
[32mD[m  evidence/SELF_VALIDATION_V6/V6_GRYPE_SPDX.json
[32mD[m  evidence/SELF_VALIDATION_V6/V6_GRYPE_SPDX_CLEAN.json
[32mD[m  evidence/SELF_VALIDATION_V6/V6_GRYPE_TRIAGE.md
[32mD[m  evidence/SELF_VALIDATION_V6/V6_LFS_CHECKOUT.log
[32mD[m  evidence/SELF_VALIDATION_V6/V6_LFS_FSCK_AFTER_PULL.log
[32mD[m  evidence/SELF_VALIDATION_V6/V6_LFS_FSCK_AFTER_V4_FETCH.log
[32mD[m  evidence/SELF_VALIDATION_V6/V6_LFS_TARGETED_FETCH_V4.log
[32mD[m  evidence/SELF_VALIDATION_V6/V6_LFS_TARGETED_PULL.log
[32mD[m  evidence/SELF_VALIDATION_V6/V6_LICENSE_INVENTORY.csv
[32mD[m  evidence/SELF_VALIDATION_V6/V6_LICENSE_INVENTORY.md
[32mD[m  evidence/SELF_VALIDATION_V6/V6_LICENSE_INVENTORY_RUN.log
[32mD[m  evidence/SELF_VALIDATION_V6/V6_OSV_SCANNER.json
[32mD[m  evidence/SELF_VALIDATION_V6/V6_OSV_SCANNER.log
[32mD[m  evidence/SELF_VALIDATION_V6/V6_OSV_SCANNER.stderr.log
[32mD[m  evidence/SELF_VALIDATION_V6/V6_OSV_SCANNER.stdout.log
[32mD[m  evidence/SELF_VALIDATION_V6/V6_OSV_SCANNER_FINAL.json
[32mD[m  evidence/SELF_VALIDATION_V6/V6_OSV_SCANNER_RUN.log
[32mD[m  evidence/SELF_VALIDATION_V6/V6_PLAYWRIGHT_AXE_RAW.log
[32mD[m  evidence/SELF_VALIDATION_V6/V6_REMAINING_FINDINGS.md
[32mD[m  evidence/SELF_VALIDATION_V6/V6_SBOM_CYCLONEDX.json
[32mD[m  evidence/SELF_VALIDATION_V6/V6_SBOM_CYCLONEDX_CLEAN.json
[32mD[m  evidence/SELF_VALIDATION_V6/V6_SBOM_GENERATION.log
[32mD[m  evidence/SELF_VALIDATION_V6/V6_SBOM_GRYPE_CLEAN_SUMMARY.log
[32mD[m  evidence/SELF_VALIDATION_V6/V6_SBOM_SPDX.json
[32mD[m  evidence/SELF_VALIDATION_V6/V6_SBOM_SPDX_CLEAN.json
[32mD[m  evidence/SELF_VALIDATION_V6/V6_SECURITY_DETAILS.log
[32mD[m  evidence/SELF_VALIDATION_V6/V6_SECURITY_SUMMARY.log
[32mD[m  evidence/SELF_VALIDATION_V6/V6_SEMGREP_AFTER.json
[32mD[m  evidence/SELF_VALIDATION_V6/V6_SEMGREP_AFTER.log
[32mD[m  evidence/SELF_VALIDATION_V6/V6_SEMGREP_AFTER.stderr.log
[32mD[m  evidence/SELF_VALIDATION_V6/V6_SEMGREP_AFTER.stdout.log
[32mD[m  evidence/SELF_VALIDATION_V6/V6_SEMGREP_RULES.yml
[32mD[m  evidence/SELF_VALIDATION_V6/V6_SEMGREP_TRIAGE.md
[32mD[m  evidence/SELF_VALIDATION_V6/V6_SYFT_CYCLONEDX.log
[32mD[m  evidence/SELF_VALIDATION_V6/V6_SYFT_CYCLONEDX_CLEAN.log
[32mD[m  evidence/SELF_VALIDATION_V6/V6_SYFT_SPDX.log
[32mD[m  evidence/SELF_VALIDATION_V6/V6_SYFT_SPDX_CLEAN.log
[32mD[m  evidence/SELF_VALIDATION_V6/V6_SYFT_VERSION.log
[32mD[m  evidence/SELF_VALIDATION_V6/V6_TARGETED_TESTS.log
[32mD[m  evidence/SELF_VALIDATION_V6/V6_TRIAGE_CONTEXTS_RAW.log
[32mD[m  evidence/SELF_VALIDATION_V6/V6_TRIVY_FS_FINAL.json
[32mD[m  evidence/SELF_VALIDATION_V6/V6_V5_COMPLEMENTS_ANALYSIS_INHERITED.md
[32mD[m  evidence/SELF_VALIDATION_V6/V6_V5_MANDATORY_ANALYSIS_INHERITED.md
[32mD[m  evidence/SELF_VALIDATION_V6/V6_V5_REPORT_INHERITED.md
[32mD[m  evidence/SELF_VALIDATION_V6/V6_VULN_SCAN_SUMMARY.log
[32mD[m  evidence/SELF_VALIDATION_V6/V6_WRAPPER_GITLEAKS_EXTRACTED_CONFIG.toml
[32mD[m  evidence/SELF_VALIDATION_V6/V6_XMOD_COMPATIBILITY_RAW.log
[32mD[m  evidence/SELF_VALIDATION_V6/V6_XMOD_DEPENDENCY_FINAL.log
[32mD[m  evidence/SELF_VALIDATION_V6/V6_XMOD_REMEDIATION_TESTS.log
[32mD[m  evidence/SELF_VALIDATION_V6/commit_list.txt
[32mD[m  evidence/SELF_VALIDATION_V6/forgelocal-t00-t42-self-validation-v6.delta.bundle
[32mD[m  evidence/SELF_VALIDATION_V6/forgelocal-t00-t42-self-validation-v6.delta.bundle.portable.sha256
[32mD[m  evidence/T28/BASELINE_DISCOVERY_RAW.log
[32mD[m  evidence/T28/CHANGELOG.md
[32mD[m  evidence/T28/FINAL_VALIDATION_RAW.log
[32mD[m  evidence/T28/GITLEAKS_BASELINE_EXTRACTION.json
[32mD[m  evidence/T28/GITLEAKS_DIFF_CORRECTED.json
[32mD[m  evidence/T28/GITLEAKS_DIFF_POST.json
[32mD[m  evidence/T28/GITLEAKS_DIFF_RANGE_CORRECTED.json
[32mD[m  evidence/T28/GITLEAKS_EXTRACTION.json
[32mD[m  evidence/T28/GITLEAKS_EXTRACTION_POST.json
[32mD[m  evidence/T28/GITLEAKS_FINAL_DIFF.json
[32mD[m  evidence/T28/GITLEAKS_FINAL_EXTRACTION.json
[32mD[m  evidence/T28/GITLEAKS_PROTECT_DIFF.json
[32mD[m  evidence/T28/GOSEC_BASELINE.json
[32mD[m  evidence/T28/GOSEC_FINAL_T28_EXTENSIONS.json
[32mD[m  evidence/T28/GOSEC_HEAD.json
[32mD[m  evidence/T28/GOSEC_HEAD_CORRECTED.json
[32mD[m  evidence/T28/GOSEC_T28_API.json
[32mD[m  evidence/T28/GOSEC_T28_API_PACKAGE.json
[32mD[m  evidence/T28/GOSEC_T28_API_PACKAGE_AFTER.json
[32mD[m  evidence/T28/GOSEC_T28_API_POST.json
[32mD[m  evidence/T28/GOSEC_T28_EXTENSIONS.json
[32mD[m  evidence/T28/GOSEC_T28_EXTENSIONS_CORRECTED.json
[32mD[m  evidence/T28/GOSEC_T28_EXTENSIONS_POST.json
[32mD[m  evidence/T28/GO_GLOBAL_VALIDATION_POST_IMPLEMENTATION_RAW.log
[32mD[m  evidence/T28/GO_GLOBAL_VALIDATION_RAW.log
[32mD[m  evidence/T28/PACKAGE_HASHES.txt
[32mD[m  evidence/T28/REGISTER.md
[32mD[m  evidence/T28/SBOM_FINAL.spdx.json
[32mD[m  evidence/T28/SBOM_HEAD.spdx.json
[32mD[m  evidence/T28/SCANS_RAW.log
[32mD[m  evidence/T28/SCAN_DECISION.md
[32mD[m  evidence/T28/T28_PUBLIC_VERIFY_CORRECTED_RAW.log
[32mD[m  evidence/T28/T28_PUBLIC_VERIFY_RAW.log
[32mD[m  evidence/T28/t28-local-extensions-controlled-v1.zip
[32mD[m  evidence/T28/t28-local-extensions-controlled-v1.zip.portable.sha256
[32mD[m  evidence/T28/t28-local-extensions-controlled.delta.bundle
[32mD[m  evidence/T28/t28-local-extensions-controlled.delta.bundle.portable.sha256
[32mD[m  evidence/T28/todo.md
[32mD[m  evidence/T28_T42_CORRECTION/01_git_fsck.log
[32mD[m  evidence/T28_T42_CORRECTION/02_go_test_race.log
[32mD[m  evidence/T28_T42_CORRECTION/03_go_vet.log
[32mD[m  evidence/T28_T42_CORRECTION/04_go_build.log
[32mD[m  evidence/T28_T42_CORRECTION/05_git_diff_check.log
[32mD[m  evidence/T28_T42_CORRECTION/06_gitleaks.json
[32mD[m  evidence/T28_T42_CORRECTION/06_gitleaks_cumulative.log
[32mD[m  evidence/T28_T42_CORRECTION/07_gosec_baseline.json
[32mD[m  evidence/T28_T42_CORRECTION/07_gosec_baseline.log
[32mD[m  evidence/T28_T42_CORRECTION/08_gosec_head.json
[32mD[m  evidence/T28_T42_CORRECTION/08_gosec_head.log
[32mD[m  evidence/T28_T42_CORRECTION/09_gosec_comparison_normalized.log
[32mD[m  evidence/T28_T42_CORRECTION/CORRECTION_DELTA_REFS.log
[32mD[m  evidence/T28_T42_CORRECTION/CORRECTION_EXTRACTED_RESCAN.json
[32mD[m  evidence/T28_T42_CORRECTION/CORRECTION_EXTRACTED_RESCAN_STATUS.log
[32mD[m  evidence/T28_T42_CORRECTION/CORRECTION_FRESH_CLONE_DELIVERY.md
[32mD[m  evidence/T28_T42_CORRECTION/CORRECTION_REFS.log
[32mD[m  evidence/T28_T42_CORRECTION/T28_T42_CORRECTION_MANIFEST_SHA256SUMS
[32mD[m  evidence/T28_T42_CORRECTION/forgelocal-t28-t42-correction.delta.bundle
[32mD[m  evidence/T28_T42_CORRECTION/forgelocal-t28-t42-correction.delta.bundle.portable.sha256
[32mD[m  evidence/T28_T42_CORRECTION/forgelocal-t28-t42-evidence-correction.zip
[32mD[m  evidence/T28_T42_CORRECTION/forgelocal-t28-t42-evidence-correction.zip.portable.sha256
[32mD[m  evidence/T28_T42_CORRECTION/forgelocal-t28-t42-evidence-correction.zip.sha256
[32mD[m  evidence/T28_T42_CORRECTION_V2/CORRECTION_V2_DELIVERY.md
[32mD[m  evidence/T28_T42_CORRECTION_V2/CORRECTION_V2_REFS.log
[32mD[m  evidence/T28_T42_CORRECTION_V2/T28_T42_CORRECTION_V2_MANIFEST_SHA256SUMS
[32mD[m  evidence/T28_T42_CORRECTION_V2/forgelocal-t28-t42-correction-v2.delta.bundle
[32mD[m  evidence/T28_T42_CORRECTION_V2/forgelocal-t28-t42-correction-v2.delta.bundle.portable.sha256
[32mD[m  evidence/T28_T42_CORRECTION_V2/forgelocal-t28-t42-evidence-correction-v2.zip
[32mD[m  evidence/T28_T42_CORRECTION_V2/forgelocal-t28-t42-evidence-correction-v2.zip.portable.sha256
[32mD[m  evidence/T28_T42_CORRECTION_V2/forgelocal-t28-t42-evidence-correction-v2.zip.sha256
[32mD[m  evidence/T31/BASELINE_RECONSTRUCTION_POSTHOC_RAW.log
[32mD[m  evidence/T31/T31_DELIVERY.md
[32mD[m  evidence/T31/T31_MANIFEST_SHA256SUMS
[32mD[m  evidence/T31/forgelocal-t31-canvas-webgl-audio.bundle
[32mD[m  evidence/T31/forgelocal-t31-canvas-webgl-audio.bundle.portable.sha256
[32mD[m  evidence/T31/forgelocal-t31-canvas-webgl-audio.bundle.sha256
[32mD[m  evidence/T31/forgelocal-t31-evidence.zip
[32mD[m  evidence/T31/forgelocal-t31-evidence.zip.portable.sha256
[32mD[m  evidence/T31/forgelocal-t31-evidence.zip.sha256
[32mD[m  evidence/T32/BASELINE_RECONSTRUCTION_POSTHOC_RAW.log
[32mD[m  evidence/T32/T32_DELIVERY.md
[32mD[m  evidence/T32/T32_GITLEAKS_DELTA.json
[32mD[m  evidence/T32/T32_GITLEAKS_DELTA.log
[32mD[m  evidence/T32/T32_GO_BUILD.log
[32mD[m  evidence/T32/T32_GO_TEST_RACE.log
[32mD[m  evidence/T32/T32_GO_VET.log
[32mD[m  evidence/T32/T32_MANIFEST_SHA256SUMS
[32mD[m  evidence/T32/T32_REFS.log
[32mD[m  evidence/T32/forgelocal-t32-client-rects.bundle
[32mD[m  evidence/T32/forgelocal-t32-client-rects.bundle.portable.sha256
[32mD[m  evidence/T32/forgelocal-t32-client-rects.bundle.sha256
[32mD[m  evidence/T32/forgelocal-t32-evidence.zip
[32mD[m  evidence/T32/forgelocal-t32-evidence.zip.portable.sha256
[32mD[m  evidence/T32/forgelocal-t32-evidence.zip.sha256
[32mD[m  evidence/T33/BASELINE_RECONSTRUCTION_POSTHOC_RAW.log
[32mD[m  evidence/T33/T33_DELIVERY.md
[32mD[m  evidence/T33/T33_GITLEAKS_DELTA.json
[32mD[m  evidence/T33/T33_GITLEAKS_DELTA.log
[32mD[m  evidence/T33/T33_GO_BUILD.log
[32mD[m  evidence/T33/T33_GO_TEST_RACE.log
[32mD[m  evidence/T33/T33_GO_VET.log
[32mD[m  evidence/T33/T33_MANIFEST_SHA256SUMS
[32mD[m  evidence/T33/T33_REFS.log
[32mD[m  evidence/T33/forgelocal-t33-evidence.zip
[32mD[m  evidence/T33/forgelocal-t33-evidence.zip.portable.sha256
[32mD[m  evidence/T33/forgelocal-t33-evidence.zip.sha256
[32mD[m  evidence/T33/forgelocal-t33-synthetic-geolocation.bundle
[32mD[m  evidence/T33/forgelocal-t33-synthetic-geolocation.bundle.portable.sha256
[32mD[m  evidence/T33/forgelocal-t33-synthetic-geolocation.bundle.sha256
[32mD[m  evidence/T34/BASELINE_RECONSTRUCTION_POSTHOC_RAW.log
[32mD[m  evidence/T34/T34_DELIVERY.md
[32mD[m  evidence/T34/T34_GITLEAKS_DELTA.json
[32mD[m  evidence/T34/T34_GITLEAKS_DELTA.log
[32mD[m  evidence/T34/T34_GO_BUILD.log
[32mD[m  evidence/T34/T34_GO_TEST_RACE.log
[32mD[m  evidence/T34/T34_GO_VET.log
[32mD[m  evidence/T34/T34_MANIFEST_SHA256SUMS
[32mD[m  evidence/T34/T34_REFS.log
[32mD[m  evidence/T34/forgelocal-t34-evidence.zip
[32mD[m  evidence/T34/forgelocal-t34-evidence.zip.portable.sha256
[32mD[m  evidence/T34/forgelocal-t34-evidence.zip.sha256
[32mD[m  evidence/T34/forgelocal-t34-hardware-diagnostics.bundle
[32mD[m  evidence/T34/forgelocal-t34-hardware-diagnostics.bundle.portable.sha256
[32mD[m  evidence/T34/forgelocal-t34-hardware-diagnostics.bundle.sha256
[32mD[m  evidence/T35/BASELINE_RECONSTRUCTION_POSTHOC_RAW.log
[32mD[m  evidence/T35/T35_DELIVERY.md
[32mD[m  evidence/T35/T35_GITLEAKS_DELTA.json
[32mD[m  evidence/T35/T35_GITLEAKS_DELTA.log
[32mD[m  evidence/T35/T35_GO_BUILD.log
[32mD[m  evidence/T35/T35_GO_TEST_RACE.log
[32mD[m  evidence/T35/T35_GO_VET.log
[32mD[m  evidence/T35/T35_MANIFEST_SHA256SUMS
[32mD[m  evidence/T35/T35_REFS.log
[32mD[m  evidence/T35/forgelocal-t35-evidence.zip
[32mD[m  evidence/T35/forgelocal-t35-evidence.zip.portable.sha256
[32mD[m  evidence/T35/forgelocal-t35-evidence.zip.sha256
[32mD[m  evidence/T35/forgelocal-t35-font-bundle.bundle
[32mD[m  evidence/T35/forgelocal-t35-font-bundle.bundle.portable.sha256
[32mD[m  evidence/T35/forgelocal-t35-font-bundle.bundle.sha256
[32mD[m  evidence/T36/BASELINE_RECONSTRUCTION_POSTHOC_RAW.log
[32mD[m  evidence/T36/T36_DELIVERY.md
[32mD[m  evidence/T36/T36_GITLEAKS_DELTA.json
[32mD[m  evidence/T36/T36_GITLEAKS_DELTA.log
[32mD[m  evidence/T36/T36_GO_BUILD.log
[32mD[m  evidence/T36/T36_GO_TEST_RACE.log
[32mD[m  evidence/T36/T36_GO_VET.log
[32mD[m  evidence/T36/T36_MANIFEST_SHA256SUMS
[32mD[m  evidence/T36/T36_REFS.log
[32mD[m  evidence/T36/forgelocal-t36-drift-detection.bundle
[32mD[m  evidence/T36/forgelocal-t36-drift-detection.bundle.portable.sha256
[32mD[m  evidence/T36/forgelocal-t36-drift-detection.bundle.sha256
[32mD[m  evidence/T36/forgelocal-t36-evidence.zip
[32mD[m  evidence/T36/forgelocal-t36-evidence.zip.portable.sha256
[32mD[m  evidence/T36/forgelocal-t36-evidence.zip.sha256
[32mD[m  evidence/T37/BASELINE_RECONSTRUCTION_POSTHOC_RAW.log
[32mD[m  evidence/T37/T37_DELIVERY.md
[32mD[m  evidence/T37/T37_GITLEAKS_DELTA.json
[32mD[m  evidence/T37/T37_GITLEAKS_DELTA.log
[32mD[m  evidence/T37/T37_GO_BUILD.log
[32mD[m  evidence/T37/T37_GO_TEST_RACE.log
[32mD[m  evidence/T37/T37_GO_VET.log
[32mD[m  evidence/T37/T37_MANIFEST_SHA256SUMS
[32mD[m  evidence/T37/T37_REFS.log
[32mD[m  evidence/T37/forgelocal-t37-evidence.zip
[32mD[m  evidence/T37/forgelocal-t37-evidence.zip.portable.sha256
[32mD[m  evidence/T37/forgelocal-t37-evidence.zip.sha256
[32mD[m  evidence/T37/forgelocal-t37-profile-health.bundle
[32mD[m  evidence/T37/forgelocal-t37-profile-health.bundle.portable.sha256
[32mD[m  evidence/T37/forgelocal-t37-profile-health.bundle.sha256
[32mD[m  evidence/T38/BASELINE_RECONSTRUCTION_POSTHOC_RAW.log
[32mD[m  evidence/T38/T38_DELIVERY.md
[32mD[m  evidence/T38/T38_GITLEAKS_DELTA.json
[32mD[m  evidence/T38/T38_GITLEAKS_DELTA.log
[32mD[m  evidence/T38/T38_GO_BUILD.log
[32mD[m  evidence/T38/T38_GO_TEST_RACE.log
[32mD[m  evidence/T38/T38_GO_VET.log
[32mD[m  evidence/T38/T38_MANIFEST_SHA256SUMS
[32mD[m  evidence/T38/T38_REFS.log
[32mD[m  evidence/T38/forgelocal-t38-evidence.zip
[32mD[m  evidence/T38/forgelocal-t38-evidence.zip.portable.sha256
[32mD[m  evidence/T38/forgelocal-t38-evidence.zip.sha256
[32mD[m  evidence/T38/forgelocal-t38-session-lifecycle.bundle
[32mD[m  evidence/T38/forgelocal-t38-session-lifecycle.bundle.portable.sha256
[32mD[m  evidence/T38/forgelocal-t38-session-lifecycle.bundle.sha256
[32mD[m  evidence/T39/T39_DELIVERY.md
[32mD[m  evidence/T39/T39_GITLEAKS_DELTA.json
[32mD[m  evidence/T39/T39_GITLEAKS_DELTA.log
[32mD[m  evidence/T39/T39_GO_BUILD.log
[32mD[m  evidence/T39/T39_GO_TEST_RACE.log
[32mD[m  evidence/T39/T39_GO_VET.log
[32mD[m  evidence/T39/T39_MANIFEST_SHA256SUMS
[32mD[m  evidence/T39/T39_REFS.log
[32mD[m  evidence/T39/forgelocal-t39-blocked.bundle
[32mD[m  evidence/T39/forgelocal-t39-blocked.bundle.sha256
[32mD[m  evidence/T39/forgelocal-t39-evidence.zip
[32mD[m  evidence/T39/forgelocal-t39-evidence.zip.sha256
[32mD[m  evidence/T40/T40_DELIVERY.md
[32mD[m  evidence/T40/T40_GITLEAKS_DELTA.json
[32mD[m  evidence/T40/T40_GITLEAKS_DELTA.log
[32mD[m  evidence/T40/T40_GO_BUILD.log
[32mD[m  evidence/T40/T40_GO_TEST_RACE.log
[32mD[m  evidence/T40/T40_GO_VET.log
[32mD[m  evidence/T40/T40_MANIFEST_SHA256SUMS
[32mD[m  evidence/T40/T40_REFS.log
[32mD[m  evidence/T40/forgelocal-t40-evidence.zip
[32mD[m  evidence/T40/forgelocal-t40-evidence.zip.sha256
[32mD[m  evidence/T40/forgelocal-t40-integration-gated.bundle
[32mD[m  evidence/T40/forgelocal-t40-integration-gated.bundle.sha256
[32mD[m  evidence/T41/T41_DELIVERY.md
[32mD[m  evidence/T41/T41_GITLEAKS_T41_ONLY.json
[32mD[m  evidence/T41/T41_GITLEAKS_T41_ONLY.log
[32mD[m  evidence/T41/T41_GO_BUILD.log
[32mD[m  evidence/T41/T41_GO_TEST_RACE.log
[32mD[m  evidence/T41/T41_GO_VET.log
[32mD[m  evidence/T41/T41_MANIFEST_SHA256SUMS
[32mD[m  evidence/T41/T41_REFS.log
[32mD[m  evidence/T41/forgelocal-t41-delta.bundle
[32mD[m  evidence/T41/forgelocal-t41-delta.bundle.sha256
[32mD[m  evidence/T41/forgelocal-t41-evidence-compact.zip
[32mD[m  evidence/T41/forgelocal-t41-evidence-compact.zip.sha256
[32mD[m  evidence/T42/T42_GITLEAKS_CUMULATIVE.json
[32mD[m  evidence/T42/T42_GITLEAKS_CUMULATIVE.log
[32mD[m  evidence/T42/T42_GITLEAKS_T42_ONLY.json
[32mD[m  evidence/T42/T42_GITLEAKS_T42_ONLY.log
[32mD[m  evidence/T42/T42_GO_BUILD.log
[32mD[m  evidence/T42/T42_GO_TEST_RACE.log
[32mD[m  evidence/T42/T42_GO_VET.log
[32mD[m  evidence/T42/T42_MANIFEST_SHA256SUMS
[32mD[m  evidence/T42/T42_REFS.log
[32mD[m  evidence/T42/forgelocal-t42-compact.bundle
[32mD[m  evidence/T42/forgelocal-t42-compact.bundle.portable.sha256
[32mD[m  evidence/T42/forgelocal-t42-compact.bundle.sha256
[32mD[m  evidence/T42/forgelocal-t42-evidence-compact.zip
[32mD[m  evidence/T42/forgelocal-t42-evidence-compact.zip.portable.sha256
[32mD[m  evidence/T42/forgelocal-t42-evidence-compact.zip.sha256
[32mD[m  evidence/T42_DELIVERY.md
[32mD[m  evidence/V6_FREEZE/V6_FREEZE_BASELINE_DISCOVERY_RAW.log
[32mD[m  evidence/V6_FREEZE/V6_FREEZE_DIFFCHECK_PATHS.txt
[32mD[m  evidence/V6_FREEZE/V6_FREEZE_SCOPE_CONFIRMATION.log
[32mD[m  evidence/V6_HISTORY/SELF_VALIDATION_V5/01_baseline_environment.log
[32mD[m  evidence/V6_HISTORY/SELF_VALIDATION_V5/02_clone.log
[32mD[m  evidence/V6_HISTORY/SELF_VALIDATION_V5/03_fetch_baseline.log
[32mD[m  evidence/V6_HISTORY/SELF_VALIDATION_V5/04_refs_and_ancestor.log
[32mD[m  evidence/V6_HISTORY/SELF_VALIDATION_V5/05_commit_list.log
[32mD[m  evidence/V6_HISTORY/SELF_VALIDATION_V5/06_commit_hashes.log
[32mD[m  evidence/V6_HISTORY/SELF_VALIDATION_V5/07_gitleaks_replay.log
[32mD[m  evidence/V6_HISTORY/SELF_VALIDATION_V5/AXE_INSTALL.log
[32mD[m  evidence/V6_HISTORY/SELF_VALIDATION_V5/GITLEAKS_EXPLICIT_TREE_SCAN.log
[32mD[m  evidence/V6_HISTORY/SELF_VALIDATION_V5/GITLEAKS_FRESH_CHECKOUT.json
[32mD[m  evidence/V6_HISTORY/SELF_VALIDATION_V5/GITLEAKS_FRESH_CHECKOUT.log
[32mD[m  evidence/V6_HISTORY/SELF_VALIDATION_V5/GITLEAKS_IMMUTABLE_RANGE.json
[32mD[m  evidence/V6_HISTORY/SELF_VALIDATION_V5/GITLEAKS_IMMUTABLE_RANGE.log
[32mD[m  evidence/V6_HISTORY/SELF_VALIDATION_V5/GITLEAKS_TREE_10_1ab112bce8189c54070c38e218783e6835b93a9e.json
[32mD[m  evidence/V6_HISTORY/SELF_VALIDATION_V5/GITLEAKS_TREE_10_1ab112bce8189c54070c38e218783e6835b93a9e.log
[32mD[m  evidence/V6_HISTORY/SELF_VALIDATION_V5/GITLEAKS_TREE_11_c7f66da0da6f547813d10826dfd7772ad7e0f4b6.json
[32mD[m  evidence/V6_HISTORY/SELF_VALIDATION_V5/GITLEAKS_TREE_11_c7f66da0da6f547813d10826dfd7772ad7e0f4b6.log
[32mD[m  evidence/V6_HISTORY/SELF_VALIDATION_V5/GITLEAKS_TREE_12_6519e84c13f7ae89cae7711d1ff0e568b6b3767e.json
[32mD[m  evidence/V6_HISTORY/SELF_VALIDATION_V5/GITLEAKS_TREE_12_6519e84c13f7ae89cae7711d1ff0e568b6b3767e.log
[32mD[m  evidence/V6_HISTORY/SELF_VALIDATION_V5/GITLEAKS_TREE_13_891b2d166a30a96d5ca872b473251ed1a3706ba3.json
[32mD[m  evidence/V6_HISTORY/SELF_VALIDATION_V5/GITLEAKS_TREE_13_891b2d166a30a96d5ca872b473251ed1a3706ba3.log
[32mD[m  evidence/V6_HISTORY/SELF_VALIDATION_V5/GITLEAKS_TREE_14_5085e6ac95d11649a74fb7137c6fca0b5ce7253a.json
[32mD[m  evidence/V6_HISTORY/SELF_VALIDATION_V5/GITLEAKS_TREE_14_5085e6ac95d11649a74fb7137c6fca0b5ce7253a.log
[32mD[m  evidence/V6_HISTORY/SELF_VALIDATION_V5/GITLEAKS_TREE_15_099ff7bbf384ff900ec44fc3e9aafd1fc273f0dd.json
[32mD[m  evidence/V6_HISTORY/SELF_VALIDATION_V5/GITLEAKS_TREE_15_099ff7bbf384ff900ec44fc3e9aafd1fc273f0dd.log
[32mD[m  evidence/V6_HISTORY/SELF_VALIDATION_V5/GITLEAKS_TREE_16_bfde794614effeedca281d4eb279632780901aa8.json
[32mD[m  evidence/V6_HISTORY/SELF_VALIDATION_V5/GITLEAKS_TREE_16_bfde794614effeedca281d4eb279632780901aa8.log
[32mD[m  evidence/V6_HISTORY/SELF_VALIDATION_V5/GITLEAKS_TREE_17_c0ad051c77e153b3ec4435fbc7ff98e30b96969b.json
[32mD[m  evidence/V6_HISTORY/SELF_VALIDATION_V5/GITLEAKS_TREE_17_c0ad051c77e153b3ec4435fbc7ff98e30b96969b.log
[32mD[m  evidence/V6_HISTORY/SELF_VALIDATION_V5/GITLEAKS_TREE_18_57fc8114bf360697bb075bb95d7062d5a2d49134.json
[32mD[m  evidence/V6_HISTORY/SELF_VALIDATION_V5/GITLEAKS_TREE_18_57fc8114bf360697bb075bb95d7062d5a2d49134.log
[32mD[m  evidence/V6_HISTORY/SELF_VALIDATION_V5/GITLEAKS_TREE_19_f8fcfa02935a62fa66c3e22bb6bd5a01493f2f62.json
[32mD[m  evidence/V6_HISTORY/SELF_VALIDATION_V5/GITLEAKS_TREE_19_f8fcfa02935a62fa66c3e22bb6bd5a01493f2f62.log
[32mD[m  evidence/V6_HISTORY/SELF_VALIDATION_V5/GITLEAKS_TREE_1_4f415ebdac686cf9cec4f5957c67c8beaf4b3888.json
[32mD[m  evidence/V6_HISTORY/SELF_VALIDATION_V5/GITLEAKS_TREE_1_4f415ebdac686cf9cec4f5957c67c8beaf4b3888.log
[32mD[m  evidence/V6_HISTORY/SELF_VALIDATION_V5/GITLEAKS_TREE_20_60ca2a8839ca4226157f5629012f14b7964e363d.json
[32mD[m  evidence/V6_HISTORY/SELF_VALIDATION_V5/GITLEAKS_TREE_20_60ca2a8839ca4226157f5629012f14b7964e363d.log
[32mD[m  evidence/V6_HISTORY/SELF_VALIDATION_V5/GITLEAKS_TREE_21_08061f1e55a0bba01a4a28df66dc852e8f345ade.json
[32mD[m  evidence/V6_HISTORY/SELF_VALIDATION_V5/GITLEAKS_TREE_21_08061f1e55a0bba01a4a28df66dc852e8f345ade.log
[32mD[m  evidence/V6_HISTORY/SELF_VALIDATION_V5/GITLEAKS_TREE_22_61a91ee68bb26994948fa5e0b8a2e67b987dd9e8.json
[32mD[m  evidence/V6_HISTORY/SELF_VALIDATION_V5/GITLEAKS_TREE_22_61a91ee68bb26994948fa5e0b8a2e67b987dd9e8.log
[32mD[m  evidence/V6_HISTORY/SELF_VALIDATION_V5/GITLEAKS_TREE_23_077ba90b2c522415aeefdc2d651c457b8c59683d.json
[32mD[m  evidence/V6_HISTORY/SELF_VALIDATION_V5/GITLEAKS_TREE_23_077ba90b2c522415aeefdc2d651c457b8c59683d.log
[32mD[m  evidence/V6_HISTORY/SELF_VALIDATION_V5/GITLEAKS_TREE_24_8227337b84e3986eb813cdfed2c27716c2d3501b.json
[32mD[m  evidence/V6_HISTORY/SELF_VALIDATION_V5/GITLEAKS_TREE_24_8227337b84e3986eb813cdfed2c27716c2d3501b.log
[32mD[m  evidence/V6_HISTORY/SELF_VALIDATION_V5/GITLEAKS_TREE_25_944376fd1c9d22dad44730854ce4b2d6203c743b.json
[32mD[m  evidence/V6_HISTORY/SELF_VALIDATION_V5/GITLEAKS_TREE_25_944376fd1c9d22dad44730854ce4b2d6203c743b.log
[32mD[m  evidence/V6_HISTORY/SELF_VALIDATION_V5/GITLEAKS_TREE_26_0e2b45a0b05ca7e03fd7bb514027c87d618a957f.json
[32mD[m  evidence/V6_HISTORY/SELF_VALIDATION_V5/GITLEAKS_TREE_26_0e2b45a0b05ca7e03fd7bb514027c87d618a957f.log
[32mD[m  evidence/V6_HISTORY/SELF_VALIDATION_V5/GITLEAKS_TREE_27_6489af39a4ac4f91f9f7dc1435f10b2bd10dfdc0.json
[32mD[m  evidence/V6_HISTORY/SELF_VALIDATION_V5/GITLEAKS_TREE_27_6489af39a4ac4f91f9f7dc1435f10b2bd10dfdc0.log
[32mD[m  evidence/V6_HISTORY/SELF_VALIDATION_V5/GITLEAKS_TREE_28_bb9375214bd05cf7b364ea332f6ddb5a59767fae.json
[32mD[m  evidence/V6_HISTORY/SELF_VALIDATION_V5/GITLEAKS_TREE_28_bb9375214bd05cf7b364ea332f6ddb5a59767fae.log
[32mD[m  evidence/V6_HISTORY/SELF_VALIDATION_V5/GITLEAKS_TREE_29_dd1240472dd566fe4eeedcbe4206791c41f7b0b0.json
[32mD[m  evidence/V6_HISTORY/SELF_VALIDATION_V5/GITLEAKS_TREE_29_dd1240472dd566fe4eeedcbe4206791c41f7b0b0.log
[32mD[m  evidence/V6_HISTORY/SELF_VALIDATION_V5/GITLEAKS_TREE_2_5d100a0d0a8f51f4a99bb02a995ab18e32c25889.json
[32mD[m  evidence/V6_HISTORY/SELF_VALIDATION_V5/GITLEAKS_TREE_2_5d100a0d0a8f51f4a99bb02a995ab18e32c25889.log
[32mD[m  evidence/V6_HISTORY/SELF_VALIDATION_V5/GITLEAKS_TREE_30_8dfbe18355e6fa481e8c6f773e5d4bfad6437a83.json
[32mD[m  evidence/V6_HISTORY/SELF_VALIDATION_V5/GITLEAKS_TREE_30_8dfbe18355e6fa481e8c6f773e5d4bfad6437a83.log
[32mD[m  evidence/V6_HISTORY/SELF_VALIDATION_V5/GITLEAKS_TREE_31_c61118ed2d5c2221ae6f34f28a11962624bb7094.json
[32mD[m  evidence/V6_HISTORY/SELF_VALIDATION_V5/GITLEAKS_TREE_31_c61118ed2d5c2221ae6f34f28a11962624bb7094.log
[32mD[m  evidence/V6_HISTORY/SELF_VALIDATION_V5/GITLEAKS_TREE_32_59882a9bcac8755c0fb8a294be32a6b1d1ff4598.json
[32mD[m  evidence/V6_HISTORY/SELF_VALIDATION_V5/GITLEAKS_TREE_32_59882a9bcac8755c0fb8a294be32a6b1d1ff4598.log
[32mD[m  evidence/V6_HISTORY/SELF_VALIDATION_V5/GITLEAKS_TREE_33_71a41567b98eb65d7cb250043082473d92530395.json
[32mD[m  evidence/V6_HISTORY/SELF_VALIDATION_V5/GITLEAKS_TREE_33_71a41567b98eb65d7cb250043082473d92530395.log
[32mD[m  evidence/V6_HISTORY/SELF_VALIDATION_V5/GITLEAKS_TREE_34_aa501b179e2917f306828e86aa83bf6cedc41ac7.json
[32mD[m  evidence/V6_HISTORY/SELF_VALIDATION_V5/GITLEAKS_TREE_34_aa501b179e2917f306828e86aa83bf6cedc41ac7.log
[32mD[m  evidence/V6_HISTORY/SELF_VALIDATION_V5/GITLEAKS_TREE_35_59a732b516fcf265aac7b5ca875c2cd6a0683cdd.json
[32mD[m  evidence/V6_HISTORY/SELF_VALIDATION_V5/GITLEAKS_TREE_35_59a732b516fcf265aac7b5ca875c2cd6a0683cdd.log
[32mD[m  evidence/V6_HISTORY/SELF_VALIDATION_V5/GITLEAKS_TREE_36_6ae02e4ceed239b9310fbf3fccb1b5170117251e.json
[32mD[m  evidence/V6_HISTORY/SELF_VALIDATION_V5/GITLEAKS_TREE_36_6ae02e4ceed239b9310fbf3fccb1b5170117251e.log
[32mD[m  evidence/V6_HISTORY/SELF_VALIDATION_V5/GITLEAKS_TREE_37_cf280858b345e2fd566d391590f23d8cfa6bbe6d.json
[32mD[m  evidence/V6_HISTORY/SELF_VALIDATION_V5/GITLEAKS_TREE_37_cf280858b345e2fd566d391590f23d8cfa6bbe6d.log
[32mD[m  evidence/V6_HISTORY/SELF_VALIDATION_V5/GITLEAKS_TREE_38_b9bbb0366e2a773da22fb10476a922f0471edd79.json
[32mD[m  evidence/V6_HISTORY/SELF_VALIDATION_V5/GITLEAKS_TREE_38_b9bbb0366e2a773da22fb10476a922f0471edd79.log
[32mD[m  evidence/V6_HISTORY/SELF_VALIDATION_V5/GITLEAKS_TREE_39_cd6a95c66c029adf2140784491b06b8d9bf64fce.json
[32mD[m  evidence/V6_HISTORY/SELF_VALIDATION_V5/GITLEAKS_TREE_39_cd6a95c66c029adf2140784491b06b8d9bf64fce.log
[32mD[m  evidence/V6_HISTORY/SELF_VALIDATION_V5/GITLEAKS_TREE_3_cbf3a502b3fd37c48798ec67a3a6d4edd5d4a5fb.json
[32mD[m  evidence/V6_HISTORY/SELF_VALIDATION_V5/GITLEAKS_TREE_3_cbf3a502b3fd37c48798ec67a3a6d4edd5d4a5fb.log
[32mD[m  evidence/V6_HISTORY/SELF_VALIDATION_V5/GITLEAKS_TREE_40_631605ba136ff864d23e9674ca6adb4a8df0b740.json
[32mD[m  evidence/V6_HISTORY/SELF_VALIDATION_V5/GITLEAKS_TREE_40_631605ba136ff864d23e9674ca6adb4a8df0b740.log
[32mD[m  evidence/V6_HISTORY/SELF_VALIDATION_V5/GITLEAKS_TREE_41_a6382aa95c412d91c1bca2de34a87ca7908ed71f.json
[32mD[m  evidence/V6_HISTORY/SELF_VALIDATION_V5/GITLEAKS_TREE_41_a6382aa95c412d91c1bca2de34a87ca7908ed71f.log
[32mD[m  evidence/V6_HISTORY/SELF_VALIDATION_V5/GITLEAKS_TREE_42_310119f91d5a4a89fcbf06ffe8e9ae84ea7c2a73.json
[32mD[m  evidence/V6_HISTORY/SELF_VALIDATION_V5/GITLEAKS_TREE_42_310119f91d5a4a89fcbf06ffe8e9ae84ea7c2a73.log
[32mD[m  evidence/V6_HISTORY/SELF_VALIDATION_V5/GITLEAKS_TREE_43_067ae29177a47dd39d98d2d5cba4d5ed7d80e260.json
[32mD[m  evidence/V6_HISTORY/SELF_VALIDATION_V5/GITLEAKS_TREE_43_067ae29177a47dd39d98d2d5cba4d5ed7d80e260.log
[32mD[m  evidence/V6_HISTORY/SELF_VALIDATION_V5/GITLEAKS_TREE_44_25afca8ee005d22f8d98c3f44ed7de70d661f2cd.json
[32mD[m  evidence/V6_HISTORY/SELF_VALIDATION_V5/GITLEAKS_TREE_44_25afca8ee005d22f8d98c3f44ed7de70d661f2cd.log
[32mD[m  evidence/V6_HISTORY/SELF_VALIDATION_V5/GITLEAKS_TREE_45_7efa7efe0e1d28bc2ad8f4333cb2119b98fa13ea.json
[32mD[m  evidence/V6_HISTORY/SELF_VALIDATION_V5/GITLEAKS_TREE_45_7efa7efe0e1d28bc2ad8f4333cb2119b98fa13ea.log
[32mD[m  evidence/V6_HISTORY/SELF_VALIDATION_V5/GITLEAKS_TREE_46_b7f067700c6d5b1afb504526b5a09e9c65f10eb8.json
[32mD[m  evidence/V6_HISTORY/SELF_VALIDATION_V5/GITLEAKS_TREE_46_b7f067700c6d5b1afb504526b5a09e9c65f10eb8.log
[32mD[m  evidence/V6_HISTORY/SELF_VALIDATION_V5/GITLEAKS_TREE_47_f74f340a3c568780ed720a16523413d596ca2a2f.json
[32mD[m  evidence/V6_HISTORY/SELF_VALIDATION_V5/GITLEAKS_TREE_47_f74f340a3c568780ed720a16523413d596ca2a2f.log
[32mD[m  evidence/V6_HISTORY/SELF_VALIDATION_V5/GITLEAKS_TREE_48_e6e63574c816ec12ac7115b896cf6075d43bde39.json
[32mD[m  evidence/V6_HISTORY/SELF_VALIDATION_V5/GITLEAKS_TREE_48_e6e63574c816ec12ac7115b896cf6075d43bde39.log
[32mD[m  evidence/V6_HISTORY/SELF_VALIDATION_V5/GITLEAKS_TREE_49_696dd8a16a31978b5ec1ef32289c0897ca7e9cd6.json
[32mD[m  evidence/V6_HISTORY/SELF_VALIDATION_V5/GITLEAKS_TREE_49_696dd8a16a31978b5ec1ef32289c0897ca7e9cd6.log
[32mD[m  evidence/V6_HISTORY/SELF_VALIDATION_V5/GITLEAKS_TREE_4_9d40bb4210a76e1fe0574292fc010dd2ae52eb31.json
[32mD[m  evidence/V6_HISTORY/SELF_VALIDATION_V5/GITLEAKS_TREE_4_9d40bb4210a76e1fe0574292fc010dd2ae52eb31.log
[32mD[m  evidence/V6_HISTORY/SELF_VALIDATION_V5/GITLEAKS_TREE_50_7514885bd2382757d61b1616ece754e46221d33e.json
[32mD[m  evidence/V6_HISTORY/SELF_VALIDATION_V5/GITLEAKS_TREE_50_7514885bd2382757d61b1616ece754e46221d33e.log
[32mD[m  evidence/V6_HISTORY/SELF_VALIDATION_V5/GITLEAKS_TREE_51_db0dd08e19b61d2894cd566eaa4d869f70eb402e.json
[32mD[m  evidence/V6_HISTORY/SELF_VALIDATION_V5/GITLEAKS_TREE_51_db0dd08e19b61d2894cd566eaa4d869f70eb402e.log
[32mD[m  evidence/V6_HISTORY/SELF_VALIDATION_V5/GITLEAKS_TREE_52_57d21b00e7582243b55d07445c5708be324f4986.json
[32mD[m  evidence/V6_HISTORY/SELF_VALIDATION_V5/GITLEAKS_TREE_52_57d21b00e7582243b55d07445c5708be324f4986.log
[32mD[m  evidence/V6_HISTORY/SELF_VALIDATION_V5/GITLEAKS_TREE_53_51745c916431dc352ad03974a72cf48395ee422f.json
[32mD[m  evidence/V6_HISTORY/SELF_VALIDATION_V5/GITLEAKS_TREE_53_51745c916431dc352ad03974a72cf48395ee422f.log
[32mD[m  evidence/V6_HISTORY/SELF_VALIDATION_V5/GITLEAKS_TREE_54_dfb020d3f4d0d83d7bfef68d5646aabcf4320ba2.json
[32mD[m  evidence/V6_HISTORY/SELF_VALIDATION_V5/GITLEAKS_TREE_54_dfb020d3f4d0d83d7bfef68d5646aabcf4320ba2.log
[32mD[m  evidence/V6_HISTORY/SELF_VALIDATION_V5/GITLEAKS_TREE_55_861880e56f13866346cf974110a01c8a890b86e2.json
[32mD[m  evidence/V6_HISTORY/SELF_VALIDATION_V5/GITLEAKS_TREE_55_861880e56f13866346cf974110a01c8a890b86e2.log
[32mD[m  evidence/V6_HISTORY/SELF_VALIDATION_V5/GITLEAKS_TREE_56_5e174dba6dddc35865f5bd943383d988ea12170c.json
[32mD[m  evidence/V6_HISTORY/SELF_VALIDATION_V5/GITLEAKS_TREE_56_5e174dba6dddc35865f5bd943383d988ea12170c.log
[32mD[m  evidence/V6_HISTORY/SELF_VALIDATION_V5/GITLEAKS_TREE_57_b4a04e4b9b489c22f3a86986c6faa1cbb9bf77c5.json
[32mD[m  evidence/V6_HISTORY/SELF_VALIDATION_V5/GITLEAKS_TREE_57_b4a04e4b9b489c22f3a86986c6faa1cbb9bf77c5.log
[32mD[m  evidence/V6_HISTORY/SELF_VALIDATION_V5/GITLEAKS_TREE_58_b34fa5c02ff20144abfb5d240db1c67ad1f038f9.json
[32mD[m  evidence/V6_HISTORY/SELF_VALIDATION_V5/GITLEAKS_TREE_58_b34fa5c02ff20144abfb5d240db1c67ad1f038f9.log
[32mD[m  evidence/V6_HISTORY/SELF_VALIDATION_V5/GITLEAKS_TREE_5_9dad98703a748af61cbd3573b00e2bb036739a69.json
[32mD[m  evidence/V6_HISTORY/SELF_VALIDATION_V5/GITLEAKS_TREE_5_9dad98703a748af61cbd3573b00e2bb036739a69.log
[32mD[m  evidence/V6_HISTORY/SELF_VALIDATION_V5/GITLEAKS_TREE_6_17b6daf72995e6c36d0d14cd51f36b84138bacb9.json
[32mD[m  evidence/V6_HISTORY/SELF_VALIDATION_V5/GITLEAKS_TREE_6_17b6daf72995e6c36d0d14cd51f36b84138bacb9.log
[32mD[m  evidence/V6_HISTORY/SELF_VALIDATION_V5/GITLEAKS_TREE_7_d7279e81dd724ba2278a65838bc65aaa16912007.json
[32mD[m  evidence/V6_HISTORY/SELF_VALIDATION_V5/GITLEAKS_TREE_7_d7279e81dd724ba2278a65838bc65aaa16912007.log
[32mD[m  evidence/V6_HISTORY/SELF_VALIDATION_V5/GITLEAKS_TREE_8_5d4363a1888956a35f6a0448c446ed0eb1bf981e.json
[32mD[m  evidence/V6_HISTORY/SELF_VALIDATION_V5/GITLEAKS_TREE_8_5d4363a1888956a35f6a0448c446ed0eb1bf981e.log
[32mD[m  evidence/V6_HISTORY/SELF_VALIDATION_V5/GITLEAKS_TREE_9_693632791041fde14db14ec8982b8bff1060a8d3.json
[32mD[m  evidence/V6_HISTORY/SELF_VALIDATION_V5/GITLEAKS_TREE_9_693632791041fde14db14ec8982b8bff1060a8d3.log
[32mD[m  evidence/V6_HISTORY/SELF_VALIDATION_V5/GITLEAKS_V5_WRAPPER_FRESH_RESCAN.json
[32mD[m  evidence/V6_HISTORY/SELF_VALIDATION_V5/GITLEAKS_V5_WRAPPER_FRESH_RESCAN.log
[32mD[m  evidence/V6_HISTORY/SELF_VALIDATION_V5/GOLANGCI_BASELINE.json
[32mD[m  evidence/V6_HISTORY/SELF_VALIDATION_V5/GOLANGCI_BASELINE.stderr
[32mD[m  evidence/V6_HISTORY/SELF_VALIDATION_V5/GOLANGCI_BASELINE.stdout
[32mD[m  evidence/V6_HISTORY/SELF_VALIDATION_V5/GOLANGCI_BASELINE_RUN.log
[32mD[m  evidence/V6_HISTORY/SELF_VALIDATION_V5/GOLANGCI_BASELINE_WORKTREE.log
[32mD[m  evidence/V6_HISTORY/SELF_VALIDATION_V5/GOLANGCI_FINAL.json
[32mD[m  evidence/V6_HISTORY/SELF_VALIDATION_V5/GOLANGCI_FINAL.stderr
[32mD[m  evidence/V6_HISTORY/SELF_VALIDATION_V5/GOLANGCI_FINAL.stdout
[32mD[m  evidence/V6_HISTORY/SELF_VALIDATION_V5/GO_TEST_SHUFFLE.log
[32mD[m  evidence/V6_HISTORY/SELF_VALIDATION_V5/GO_TEST_SHUFFLE_RACE.log
[32mD[m  evidence/V6_HISTORY/SELF_VALIDATION_V5/GRYPE_CYCLONEDX.json
[32mD[m  evidence/V6_HISTORY/SELF_VALIDATION_V5/GRYPE_CYCLONEDX.stderr
[32mD[m  evidence/V6_HISTORY/SELF_VALIDATION_V5/GRYPE_RAW.log
[32mD[m  evidence/V6_HISTORY/SELF_VALIDATION_V5/GRYPE_SPDX.json
[32mD[m  evidence/V6_HISTORY/SELF_VALIDATION_V5/GRYPE_SPDX.stderr
[32mD[m  evidence/V6_HISTORY/SELF_VALIDATION_V5/MANDATORY_V5_RAW.log
[32mD[m  evidence/V6_HISTORY/SELF_VALIDATION_V5/SELF_VALIDATION_AXE_RESULTS.json
[32mD[m  evidence/V6_HISTORY/SELF_VALIDATION_V5/SELF_VALIDATION_MANIFEST.md
[32mD[m  evidence/V6_HISTORY/SELF_VALIDATION_V5/SELF_VALIDATION_V5_BUNDLE_BUILD.log
[32mD[m  evidence/V6_HISTORY/SELF_VALIDATION_V5/SELF_VALIDATION_V5_BUNDLE_VERIFY.log
[32mD[m  evidence/V6_HISTORY/SELF_VALIDATION_V5/SELF_VALIDATION_V5_BUNDLE_VERIFY_FINAL.log
[32mD[m  evidence/V6_HISTORY/SELF_VALIDATION_V5/SELF_VALIDATION_V5_COMPLEMENTS_ANALYSIS.md
[32mD[m  evidence/V6_HISTORY/SELF_VALIDATION_V5/SELF_VALIDATION_V5_COMPLEMENTS_COUNTS.json
[32mD[m  evidence/V6_HISTORY/SELF_VALIDATION_V5/SELF_VALIDATION_V5_MANDATORY_ANALYSIS.md
[32mD[m  evidence/V6_HISTORY/SELF_VALIDATION_V5/SELF_VALIDATION_V5_MANDATORY_COUNTS.json
[32mD[m  evidence/V6_HISTORY/SELF_VALIDATION_V5/SELF_VALIDATION_V5_PUBLICATION_VERIFY.log
[32mD[m  evidence/V6_HISTORY/SELF_VALIDATION_V5/SELF_VALIDATION_V5_REPORT.md
[32mD[m  evidence/V6_HISTORY/SELF_VALIDATION_V5/SELF_VALIDATION_V5_WRAPPER_VERIFY.log
[32mD[m  evidence/V6_HISTORY/SELF_VALIDATION_V5/SEMGREP_FILE_INVENTORY.txt
[32mD[m  evidence/V6_HISTORY/SELF_VALIDATION_V5/SEMGREP_FINAL.json
[32mD[m  evidence/V6_HISTORY/SELF_VALIDATION_V5/SEMGREP_FINAL.log
[32mD[m  evidence/V6_HISTORY/SELF_VALIDATION_V5/SEMGREP_RULE_VALIDATION.log
[32mD[m  evidence/V6_HISTORY/SELF_VALIDATION_V5/V5_DIFF_CHECK_FINAL.log
[32mD[m  evidence/V6_HISTORY/SELF_VALIDATION_V5/V5_DIFF_CHECK_PRECOMMIT.log
[32mD[m  evidence/V6_HISTORY/SELF_VALIDATION_V5/analyze_complements_v5.py
[32mD[m  evidence/V6_HISTORY/SELF_VALIDATION_V5/analyze_mandatory_v5.py
[32mD[m  evidence/V6_HISTORY/SELF_VALIDATION_V5/explicit_commit_trees.list
[32mD[m  evidence/V6_HISTORY/SELF_VALIDATION_V5/forgelocal-t00-t42-prehuman-final-review-wrapper-v3-code-fixed.zip
[32mD[m  evidence/V6_HISTORY/SELF_VALIDATION_V5/forgelocal-t00-t42-self-validation-v4-synthetic-e2e.zip
[32mD[m  evidence/V6_HISTORY/SELF_VALIDATION_V5/forgelocal-t00-t42-self-validation-v4-synthetic-e2e.zip.portable.sha256
[32mD[m  evidence/V6_HISTORY/SELF_VALIDATION_V5/forgelocal-t00-t42-self-validation-v5.delta.bundle
[32mD[m  evidence/V6_HISTORY/SELF_VALIDATION_V5/forgelocal-t00-t42-self-validation-v5.delta.bundle.portable.sha256
[32mD[m  evidence/V6_HISTORY/SELF_VALIDATION_V5/forgelocal_self_validation_v5_baseline.sh
[32mD[m  evidence/V6_HISTORY/SELF_VALIDATION_V5/forgelocal_self_validation_v5_explicit_gitleaks.sh
[32mD[m  evidence/V6_HISTORY/SELF_VALIDATION_V5/golangci-lint-2.13.1.tar.gz.sha256
[32mD[m  evidence/V6_HISTORY/SELF_VALIDATION_V5/golangci-lint-2.13.1.version.log
[32mD[m  evidence/V6_HISTORY/SELF_VALIDATION_V5/grype.download.log
[32mD[m  evidence/V6_HISTORY/SELF_VALIDATION_V5/grype.version.log
[32mD[m  evidence/V6_HISTORY/SELF_VALIDATION_V5/grype_0.117.0.tar.gz.sha256
[32mD[m  evidence/V6_HISTORY/SELF_VALIDATION_V5/install_sast_tools_v5.sh
[32mD[m  evidence/V6_HISTORY/SELF_VALIDATION_V5/run_axe_synthetic_e2e_v5.sh
[32mD[m  evidence/V6_HISTORY/SELF_VALIDATION_V5/run_grype_v5.sh
[32mD[m  evidence/V6_HISTORY/SELF_VALIDATION_V5/run_mandatory_v5.sh
[32mD[m  evidence/V6_HISTORY/SELF_VALIDATION_V5/semgrep.version.log
[32mD[m  evidence/V6_HISTORY/SELF_VALIDATION_V5/semgrep_v5_rules.yml
[32mD[m  evidence/V6_HISTORY/SELF_VALIDATION_V5/v3_wrapper_lfs_pull.log
[32mD[m  evidence/V6_HISTORY/SELF_VALIDATION_V5/v4_wrapper_lfs_pull.log
[32mD[m  evidence/V6_HISTORY/SELF_VALIDATION_V5/verify_wrapper_v5.sh
[32mD[m  evidence/V6_HISTORY/forgelocal-t00-t42-prehuman-final-review-wrapper-v3-code-fixed.zip
[32mD[m  evidence/V6_HISTORY/forgelocal-t00-t42-self-validation-v4-synthetic-e2e.zip
[32mD[m  evidence/V6_HISTORY/forgelocal-t00-t42-self-validation-v5-enhanced.zip
[32mD[m  evidence/V6_HISTORY/forgelocal-t00-t42-self-validation-v5-enhanced.zip.portable.sha256
[32mD[m  evidence/V6_HISTORY/forgelocal-t00-t42-self-validation-v5.delta.bundle
[32mD[m  evidence/V6_HISTORY/forgelocal-t00-t42-self-validation-v5.delta.bundle.portable.sha256
[32mD[m  evidence/forgelocal-t00-t42-final-exit-checklist-code-fixed.zip
[32mD[m  evidence/forgelocal-t00-t42-final-exit-checklist-code-fixed.zip.portable.sha256
[32mD[m  evidence/forgelocal-t00-t42-final-exit-checklist.bundle
[32mD[m  evidence/forgelocal-t00-t42-final-exit-checklist.bundle.portable.sha256
[32mD[m  evidence/forgelocal-t00-t42-final-exit-checklist.zip
[32mD[m  evidence/forgelocal-t00-t42-final-exit-checklist.zip.portable.sha256
[32mD[m  evidence/forgelocal-t00-t42-prehuman-code-fixed-finalization.bundle
[32mD[m  evidence/forgelocal-t00-t42-prehuman-code-fixed-finalization.bundle.portable.sha256
[32mD[m  evidence/forgelocal-t00-t42-prehuman-final-findings-finalization.bundle
[32mD[m  evidence/forgelocal-t00-t42-prehuman-final-findings-finalization.bundle.portable.sha256
[32mD[m  evidence/forgelocal-t00-t42-prehuman-final-review-wrapper-v2.zip
[32mD[m  evidence/forgelocal-t00-t42-prehuman-final-review-wrapper-v2.zip.portable.sha256
[32mD[m  evidence/forgelocal-t00-t42-prehuman-final-review-wrapper-v3-code-fixed.zip
[32mD[m  evidence/forgelocal-t00-t42-prehuman-final-review-wrapper-v3-code-fixed.zip.portable.sha256
[32mD[m  evidence/forgelocal-t00-t42-self-validation-v4-synthetic-e2e.zip
[32mD[m  evidence/forgelocal-t00-t42-self-validation-v4-synthetic-e2e.zip.portable.sha256
[32mD[m  evidence/forgelocal-t00-t42-self-validation-v4.delta.bundle
[32mD[m  evidence/forgelocal-t00-t42-self-validation-v4.delta.bundle.portable.sha256
[32mD[m  evidence/forgelocal-t00-t42-self-validation-v6-findings-remediation.zip
[32mD[m  evidence/forgelocal-t00-t42-self-validation-v6-findings-remediation.zip.portable.sha256
[32mD[m  evidence/forgelocal-t00-t42-self-validation-v6.delta.bundle
[32mD[m  evidence/forgelocal-t00-t42-self-validation-v6.delta.bundle.portable.sha256
[32mD[m  evidence/t06-working/dashboard/t06-3-playwright.txt
[32mD[m  evidence/t06-working/security/gitleaks-staged-redacted.json
[32mD[m  evidence/t06-working/t06-1-api.json
[32mD[m  evidence/t06-working/t06-2-sqlite.json
[32mD[m  evidence/t06-working/t06-race.txt
[32mD[m  evidence/t22-consistency/BASELINE_DISCOVERY.log
[32mD[m  evidence/t22-consistency/full-qualification.log
[32mD[m  evidence/t22-consistency/gitleaks-delta-files.txt
[32mD[m  evidence/t22-consistency/gitleaks-delta.json
[32mD[m  evidence/t22-consistency/gitleaks-delta.log
[32mD[m  evidence/t22-consistency/gosec-base-head.diff
[32mD[m  evidence/t22-consistency/gosec-base-head.log
[32mD[m  evidence/t22-consistency/gosec-base-normalized.txt
[32mD[m  evidence/t22-consistency/gosec-base-rule-file.txt
[32mD[m  evidence/t22-consistency/gosec-base.json
[32mD[m  evidence/t22-consistency/gosec-head-normalized.txt
[32mD[m  evidence/t22-consistency/gosec-head-rule-file.txt
[32mD[m  evidence/t22-consistency/gosec-head.json
[32mD[m  evidence/t22-consistency/gosec-rule-file.diff
[32mD[m  evidence/t22-consistency/gosec-signatures.txt
[32mD[m  evidence/t22-pending-operation/full-qualification.log
[32mD[m  examples/humanize-test.html
[32mD[m  examples/multi-login.yaml
[32mD[m  extension/_locales/en/messages.json
[32mD[m  extension/_locales/zh_TW/messages.json
[32mD[m  extension/background.js
[32mD[m  extension/lib/fingerprint-injector.js
[32mD[m  extension/manifest.json
[32mD[m  extension/sidebar/app.js
[32mD[m  extension/sidebar/index.html
[32mD[m  extension/sidebar/style.css
[32mD[m  forge-dashboard/.gitignore
[32mD[m  forge-dashboard/.gitkeep
[32mD[m  forge-dashboard/.prettierignore
[32mD[m  forge-dashboard/.prettierrc
[32mD[m  forge-dashboard/T18_GAP_AUDIT.md
[32mD[m  forge-dashboard/T19RR_REPRODUCTION.md
[32mD[m  forge-dashboard/client/index.html
[32mD[m  forge-dashboard/client/public/.gitkeep
[32mD[m  forge-dashboard/client/public/__manus__/debug-collector.js
[32mD[m  forge-dashboard/client/src/App.tsx
[32mD[m  forge-dashboard/client/src/components/AutomationPanel.tsx
[32mD[m  forge-dashboard/client/src/components/BackupVault.tsx
[32mD[m  forge-dashboard/client/src/components/EnvironmentPanel.tsx
[32mD[m  forge-dashboard/client/src/components/ErrorBoundary.tsx
[32mD[m  forge-dashboard/client/src/components/LocalCoreConnection.tsx
[32mD[m  forge-dashboard/client/src/components/ManusDialog.tsx
[32mD[m  forge-dashboard/client/src/components/Map.tsx
[32mD[m  forge-dashboard/client/src/components/ProxyRegistry.tsx
[32mD[m  forge-dashboard/client/src/components/RuntimePanel.tsx
[32mD[m  forge-dashboard/client/src/components/ui/accordion.tsx
[32mD[m  forge-dashboard/client/src/components/ui/alert-dialog.tsx
[32mD[m  forge-dashboard/client/src/components/ui/alert.tsx
[32mD[m  forge-dashboard/client/src/components/ui/aspect-ratio.tsx
[32mD[m  forge-dashboard/client/src/components/ui/avatar.tsx
[32mD[m  forge-dashboard/client/src/components/ui/badge.tsx
[32mD[m  forge-dashboard/client/src/components/ui/breadcrumb.tsx
[32mD[m  forge-dashboard/client/src/components/ui/button-group.tsx
[32mD[m  forge-dashboard/client/src/components/ui/button.tsx
[32mD[m  forge-dashboard/client/src/components/ui/calendar.tsx
[32mD[m  forge-dashboard/client/src/components/ui/card.tsx
[32mD[m  forge-dashboard/client/src/components/ui/carousel.tsx
[32mD[m  forge-dashboard/client/src/components/ui/chart.tsx
[32mD[m  forge-dashboard/client/src/components/ui/checkbox.tsx
[32mD[m  forge-dashboard/client/src/components/ui/collapsible.tsx
[32mD[m  forge-dashboard/client/src/components/ui/command.tsx
[32mD[m  forge-dashboard/client/src/components/ui/context-menu.tsx
[32mD[m  forge-dashboard/client/src/components/ui/dialog.tsx
[32mD[m  forge-dashboard/client/src/components/ui/drawer.tsx
[32mD[m  forge-dashboard/client/src/components/ui/dropdown-menu.tsx
[32mD[m  forge-dashboard/client/src/components/ui/empty.tsx
[32mD[m  forge-dashboard/client/src/components/ui/field.tsx
[32mD[m  forge-dashboard/client/src/components/ui/form.tsx
[32mD[m  forge-dashboard/client/src/components/ui/hover-card.tsx
[32mD[m  forge-dashboard/client/src/components/ui/input-group.tsx
[32mD[m  forge-dashboard/client/src/components/ui/input-otp.tsx
[32mD[m  forge-dashboard/client/src/components/ui/input.tsx
[32mD[m  forge-dashboard/client/src/components/ui/item.tsx
[32mD[m  forge-dashboard/client/src/components/ui/kbd.tsx
[32mD[m  forge-dashboard/client/src/components/ui/label.tsx
[32mD[m  forge-dashboard/client/src/components/ui/menubar.tsx
[32mD[m  forge-dashboard/client/src/components/ui/navigation-menu.tsx
[32mD[m  forge-dashboard/client/src/components/ui/pagination.tsx
[32mD[m  forge-dashboard/client/src/components/ui/popover.tsx
[32mD[m  forge-dashboard/client/src/components/ui/progress.tsx
[32mD[m  forge-dashboard/client/src/components/ui/radio-group.tsx
[32mD[m  forge-dashboard/client/src/components/ui/resizable.tsx
[32mD[m  forge-dashboard/client/src/components/ui/scroll-area.tsx
[32mD[m  forge-dashboard/client/src/components/ui/select.tsx
[32mD[m  forge-dashboard/client/src/components/ui/separator.tsx
[32mD[m  forge-dashboard/client/src/components/ui/sheet.tsx
[32mD[m  forge-dashboard/client/src/components/ui/sidebar.tsx
[32mD[m  forge-dashboard/client/src/components/ui/skeleton.tsx
[32mD[m  forge-dashboard/client/src/components/ui/slider.tsx
[32mD[m  forge-dashboard/client/src/components/ui/sonner.tsx
[32mD[m  forge-dashboard/client/src/components/ui/spinner.tsx
[32mD[m  forge-dashboard/client/src/components/ui/switch.tsx
[32mD[m  forge-dashboard/client/src/components/ui/table.tsx
[32mD[m  forge-dashboard/client/src/components/ui/tabs.tsx
[32mD[m  forge-dashboard/client/src/components/ui/textarea.tsx
[32mD[m  forge-dashboard/client/src/components/ui/toggle-group.tsx
[32mD[m  forge-dashboard/client/src/components/ui/toggle.tsx
[32mD[m  forge-dashboard/client/src/components/ui/tooltip.tsx
[32mD[m  forge-dashboard/client/src/const.ts
[32mD[m  forge-dashboard/client/src/contexts/ThemeContext.tsx
[32mD[m  forge-dashboard/client/src/hooks/useComposition.ts
[32mD[m  forge-dashboard/client/src/hooks/useMobile.tsx
[32mD[m  forge-dashboard/client/src/hooks/usePersistFn.ts
[32mD[m  forge-dashboard/client/src/index.css
[32mD[m  forge-dashboard/client/src/lib/coreReadOnly.ts
[32mD[m  forge-dashboard/client/src/lib/coreWrite.ts
[32mD[m  forge-dashboard/client/src/lib/utils.ts
[32mD[m  forge-dashboard/client/src/main.tsx
[32mD[m  forge-dashboard/client/src/pages/Home.tsx
[32mD[m  forge-dashboard/client/src/pages/NotFound.tsx
[32mD[m  forge-dashboard/components.json
[32mD[m  forge-dashboard/ideas.md
[32mD[m  forge-dashboard/package.json
[32mD[m  forge-dashboard/patches/wouter@3.7.1.patch
[32mD[m  forge-dashboard/playwright.config.console.ts
[32mD[m  forge-dashboard/playwright.config.ts
[32mD[m  forge-dashboard/pnpm-lock.yaml
[32mD[m  forge-dashboard/pnpm-workspace.yaml
[32mD[m  forge-dashboard/proofs/T19R_FINAL_REPORT.md
[32mD[m  forge-dashboard/proofs/T19R_GAP_AUDIT.md
[32mD[m  forge-dashboard/proofs/gosec_t19r_raw.json
[32mD[m  forge-dashboard/proofs/t19r-core-build-final.log.txt
[32mD[m  forge-dashboard/proofs/t19r-core-test-race-final.log.txt
[32mD[m  forge-dashboard/proofs/t19r-core-vet-final.log.txt
[32mD[m  forge-dashboard/proofs/t19r-gitleaks-delta.err
[32mD[m  forge-dashboard/proofs/t19r-gitleaks-delta.json
[32mD[m  forge-dashboard/proofs/t19r-gosec-filtered.json
[32mD[m  forge-dashboard/proofs/t19r-playwright-final.log.txt
[32mD[m  forge-dashboard/proofs/t19r-playwright-noruntime-attempt.log.txt
[32mD[m  forge-dashboard/proofs/t19r-playwright-qualified-attempt.log.txt
[32mD[m  forge-dashboard/server/index.ts
[32mD[m  forge-dashboard/shared/const.ts
[32mD[m  forge-dashboard/template.json
[32mD[m  forge-dashboard/tests/automation-t15.spec.ts
[32mD[m  forge-dashboard/tests/backups-t11.spec.ts
[32mD[m  forge-dashboard/tests/bootstrap-ro.spec.ts
[32mD[m  forge-dashboard/tests/cr03-debug-collector-sentinel.mjs
[32mD[m  forge-dashboard/tests/environment-t13.spec.ts
[32mD[m  forge-dashboard/tests/probes/t10-probe.spec.ts
[32mD[m  forge-dashboard/tests/probes/verify-form-t16.spec.ts
[32mD[m  forge-dashboard/tests/profile-writes-t09.spec.ts
[32mD[m  forge-dashboard/tests/proxies-t10.spec.ts
[32mD[m  forge-dashboard/tests/runtime-t14.spec.ts
[32mD[m  forge-dashboard/tests/t06-groups-runtimes.spec.ts
[32mD[m  forge-dashboard/tests/t10-standalone.spec.ts
[32mD[m  forge-dashboard/todo.md
[32mD[m  forge-dashboard/tsconfig.json
[32mD[m  forge-dashboard/tsconfig.node.json
[32mD[m  forge-dashboard/validate-core-readonly-bootstrap.mts
[32mD[m  forge-dashboard/vite.config.ts
[32mD[m  go.mod
[32mD[m  go.sum
[32mD[m  internal/api/artifacts.go
[32mD[m  internal/api/artifacts_test.go
[32mD[m  internal/api/audit.go
[32mD[m  internal/api/backup.go
[32mD[m  internal/api/backup_v1.go
[32mD[m  internal/api/backup_v1_test.go
[32mD[m  internal/api/cookie_fixtures.go
[32mD[m  internal/api/cookie_fixtures_test.go
[32mD[m  internal/api/correlation.go
[32mD[m  internal/api/cr02_workflow_test.go
[32mD[m  internal/api/cr05_openapi_test.go
[32mD[m  internal/api/dashboard.go
[32mD[m  internal/api/dashboard.html
[32mD[m  internal/api/environment_t30_test.go
[32mD[m  internal/api/extensions.go
[32mD[m  internal/api/extensions_t28_test.go
[32mD[m  internal/api/groups.go
[32mD[m  internal/api/groups_test.go
[32mD[m  internal/api/localsession.go
[32mD[m  internal/api/localsession_http_test.go
[32mD[m  internal/api/localsession_test.go
[32mD[m  internal/api/navigate_policy_test.go
[32mD[m  internal/api/openapi.go
[32mD[m  internal/api/originguard_test.go
[32mD[m  internal/api/profile_history.go
[32mD[m  internal/api/profile_history_test.go
[32mD[m  internal/api/profiles_bulk.go
[32mD[m  internal/api/profiles_bulk_strict_test.go
[32mD[m  internal/api/profiles_bulk_test.go
[32mD[m  internal/api/profiles_metadata_test.go
[32mD[m  internal/api/profiles_write.go
[32mD[m  internal/api/profiles_write_test.go
[32mD[m  internal/api/proxies.go
[32mD[m  internal/api/proxies_test.go
[32mD[m  internal/api/proxy_providers.go
[32mD[m  internal/api/proxy_providers_test.go
[32mD[m  internal/api/readonly.go
[32mD[m  internal/api/readonly_session.go
[32mD[m  internal/api/readonly_session_test.go
[32mD[m  internal/api/readonly_test.go
[32mD[m  internal/api/router.go
[32mD[m  internal/api/sessions.go
[32mD[m  internal/api/sessions_helpers_test.go
[32mD[m  internal/api/templates.go
[32mD[m  internal/api/templates_t21_correction_test.go
[32mD[m  internal/api/templates_test.go
[32mD[m  internal/api/workflow.go
[32mD[m  internal/backup/bootstrap.go
[32mD[m  internal/backup/migrations.go
[32mD[m  internal/backup/migrations/0001_back01.sql
[32mD[m  internal/backup/migrations/0002_product.sql
[32mD[m  internal/backup/migrations/0003_proxy_reference_indexes.sql
[32mD[m  internal/backup/migrations/0004_profile_import_operations_started.sql
[32mD[m  internal/backup/migrations/0005_t09_profile_writes.sql
[32mD[m  internal/backup/migrations_test.go
[32mD[m  internal/backup/service.go
[32mD[m  internal/backup/service_test.go
[32mD[m  internal/backup/store.go
[32mD[m  internal/backup/store_t06_test.go
[32mD[m  internal/backup/verify_test.go
[32mD[m  internal/browser/cr01_policy_test.go
[32mD[m  internal/browser/download.go
[32mD[m  internal/browser/download_test.go
[32mD[m  internal/browser/launch_chromium.go
[32mD[m  internal/browser/launch_firefox.go
[32mD[m  internal/browser/launch_helpers.go
[32mD[m  internal/browser/manager.go
[32mD[m  internal/browser/manager_test.go
[32mD[m  internal/browser/proxy_test.go
[32mD[m  internal/browser/snapshot_gate_test.go
[32mD[m  internal/browser/socks5relay.go
[32mD[m  internal/config/config.go
[32mD[m  internal/config/config_test.go
[32mD[m  internal/cookies/fixtures.go
[32mD[m  internal/cookies/fixtures_test.go
[32mD[m  internal/drift/detect.go
[32mD[m  internal/drift/detect_test.go
[32mD[m  internal/environment/environment.go
[32mD[m  internal/environment/environment_t31_test.go
[32mD[m  internal/environment/environment_t32_test.go
[32mD[m  internal/environment/environment_test.go
[32mD[m  internal/extensions/store.go
[32mD[m  internal/extensions/store_test.go
[32mD[m  internal/fingerprint/geoip.go
[32mD[m  internal/fingerprint/local.go
[32mD[m  internal/fingerprint/local_test.go
[32mD[m  internal/fingerprint/pool.go
[32mD[m  internal/fonts/inventory.go
[32mD[m  internal/fonts/inventory_test.go
[32mD[m  internal/geolocation/qa.go
[32mD[m  internal/geolocation/qa_test.go
[32mD[m  internal/groups/store.go
[32mD[m  internal/groups/store_test.go
[32mD[m  internal/hardware/diagnostic.go
[32mD[m  internal/hardware/diagnostic_test.go
[32mD[m  internal/history/errors.go
[32mD[m  internal/history/store.go
[32mD[m  internal/history/store_test.go
[32mD[m  internal/humanize/config.go
[32mD[m  internal/humanize/keyboard.go
[32mD[m  internal/humanize/math.go
[32mD[m  internal/humanize/mouse.go
[32mD[m  internal/humanize/scroll.go
[32mD[m  internal/launch/id.go
[32mD[m  internal/launch/journal.go
[32mD[m  internal/launch/journal_sqlite.go
[32mD[m  internal/launch/journal_t18_test.go
[32mD[m  internal/launch/launch.go
[32mD[m  internal/launch/launch_test.go
[32mD[m  internal/launch/manager.go
[32mD[m  internal/launch/redact.go
[32mD[m  internal/localvault/localvault.go
[32mD[m  internal/localvault/localvault_test.go
[32mD[m  internal/mcp/advanced_tools.go
[32mD[m  internal/mcp/cr02_workflow_test.go
[32mD[m  internal/mcp/cr03_sensitive_access_test.go
[32mD[m  internal/mcp/protocol.go
[32mD[m  internal/mcp/results.go
[32mD[m  internal/mcp/screenshot_artifacts.go
[32mD[m  internal/mcp/search_provider.go
[32mD[m  internal/mcp/server.go
[32mD[m  internal/mcp/server_test.go
[32mD[m  internal/mcp/stdio.go
[32mD[m  internal/mcp/tool_schema.go
[32mD[m  internal/mcp/web_search.go
[32mD[m  internal/mcp/web_session_pool.go
[32mD[m  internal/mcp/web_tools.go
[32mD[m  internal/productschema/schema_test.go
[32mD[m  internal/profile/backup_snapshot.go
[32mD[m  internal/profile/backup_snapshot_test.go
[32mD[m  internal/profile/bisect_test.go
[32mD[m  internal/profile/duponly_test.go
[32mD[m  internal/profile/errors.go
[32mD[m  internal/profile/history_pending_test.go
[32mD[m  internal/profile/lifecycle_t23_test.go
[32mD[m  internal/profile/metadata_test.go
[32mD[m  internal/profile/store.go
[32mD[m  internal/profile/store_secrets_test.go
[32mD[m  internal/profile/store_test.go
[32mD[m  internal/profile/t09_test.go
[32mD[m  internal/profilehealth/health.go
[32mD[m  internal/profilehealth/health_test.go
[32mD[m  internal/profilemigration/migrator.go
[32mD[m  internal/profilemigration/migrator_test.go
[32mD[m  internal/proxies/errors.go
[32mD[m  internal/proxies/store.go
[32mD[m  internal/proxies/store_test.go
[32mD[m  internal/proxyprovider/store.go
[32mD[m  internal/proxyprovider/store_test.go
[32mD[m  internal/runtime/qualification.go
[32mD[m  internal/runtime/qualification_test.go
[32mD[m  internal/runtime/runtime.go
[32mD[m  internal/runtime/runtime_test.go
[32mD[m  internal/secrets/keyring.go
[32mD[m  internal/sessiontrack/tracker.go
[32mD[m  internal/sessiontrack/tracker_test.go
[32mD[m  internal/spike/bind_test.go
[32mD[m  internal/spike/e2e_test.go
[32mD[m  internal/spike/fingerprint_test.go
[32mD[m  internal/spike/playwright_test.go
[32mD[m  internal/templates/errors.go
[32mD[m  internal/templates/store.go
[32mD[m  internal/templates/store_t21_correction_test.go
[32mD[m  internal/templates/store_test.go
[32mD[m  internal/workflow/engine.go
[32mD[m  internal/workflow/engine_test.go
[32mD[m  launch.test
[32mD[m  package.json
[32mD[m  profiles/.gitkeep
[32mD[m  release/back01-minimal/PILOT_LOCAL_TEMPORARY_AUTHORIZATION.json
[32mD[m  release/back01-minimal/PILOT_LOCAL_TEMPORARY_QUALIFICATION_CHECKLIST.md
[32mD[m  release/back01-minimal/PROFILE.md
[32mD[m  release/back01-minimal/PUBLIC_RELEASE_DECISION.md
[32mD[m  release/back01-minimal/PUBLIC_RELEASE_GATE_STATE.json
[32mD[m  release/back01-minimal/RELEASE_SCOPE_AND_OS_MATRIX.md
[32mD[m  release/back01-minimal/RELEASE_SIGNATURE_RUNBOOK.md
[32mD[m  release/back01-minimal/RELEASE_TRACEABILITY_INDEX.json
[32mD[m  release/back01-minimal/RUNTIME_CANDIDATE_CHROMIUM_151.0.7922.108.json
[32mD[m  release/back01-minimal/RUNTIME_CANDIDATE_QA_CHROMIUM_151.0.7922.108.md
[32mD[m  release/back01-minimal/RUNTIME_QA_APPROVAL.md
[32mD[m  release/back01-minimal/RUNTIME_RELEASE_LOCK.json
[32mD[m  release/back01-minimal/SECRET_SCAN_CLASSIFICATION_DOSSIER.template.json
[32mD[m  release/back01-minimal/SECRET_SCAN_CLASSIFICATION_RUNBOOK.md
[32mD[m  release/back01-minimal/SYSTEMVAULT_NATIVE_HOST_RUNBOOK.md
[32mD[m  release/back01-minimal/SYSTEMVAULT_RUNTIME_RELEASE_GATE.md
[32mD[m  release/back01-minimal/gitleaks-release-gate.toml
[32mD[m  scripts/browseforge-native-smoke.sh
[32mD[m  scripts/build-back01-minimal.sh
[32mD[m  scripts/capture-runtime-release-evidence.sh
[32mD[m  scripts/check-browseforge-chromium-assets.sh
[32mD[m  scripts/check-ci-provenance-workflow.mjs
[32mD[m  scripts/check-component-rights.mjs
[32mD[m  scripts/check-doc-language.js
[32mD[m  scripts/check-i18n.js
[32mD[m  scripts/check-public-release-gate.py
[32mD[m  scripts/check-release-separation.mjs
[32mD[m  scripts/check-systemvault-anti-leak.sh
[32mD[m  scripts/collect-bootstrap-ro-evidence.sh
[32mD[m  scripts/collect-t06-evidence.sh
[32mD[m  scripts/collect-t07-evidence.sh
[32mD[m  scripts/collect-t07-r-evidence.sh
[32mD[m  scripts/core-dev.sh
[32mD[m  scripts/create-component-rights-evidence.mjs
[32mD[m  scripts/dashboard-dev.sh
[32mD[m  scripts/detector-harness.js
[32mD[m  scripts/docker-go-validate.sh
[32mD[m  scripts/generate-fingerprints.js
[32mD[m  scripts/generate-t07-camoflox-dependency-inventory.mjs
[32mD[m  scripts/generate-t07-camoflox-sbom.mjs
[32mD[m  scripts/inject-webgl.py
[32mD[m  scripts/mcp-web-smoke.sh
[32mD[m  scripts/release-preflight.sh
[32mD[m  scripts/release-push.sh
[32mD[m  scripts/run-systemvault-native-gate.sh
[32mD[m  scripts/run_t19rr_harness_evidence.sh
[32mD[m  scripts/run_t30_full_race_replay.sh
[32mD[m  scripts/sign-release-manifest.sh
[32mD[m  scripts/start.sh
[32mD[m  scripts/test-bootstrap-ro-playwright.sh
[32mD[m  scripts/test-component-rights.mjs
[32mD[m  scripts/test-public-release-gate-metadata.py
[32mD[m  scripts/test-release-separation.mjs
[32mD[m  scripts/test-t07-provenance.mjs
[32mD[m  scripts/test-t07-r-validator.mjs
[32mD[m  scripts/validate-bootstrap-ro-01.sh
[32mD[m  scripts/validate-release-artifact.py
[32mD[m  scripts/validate-release-traceability.py
[32mD[m  scripts/validate-t07-r-attestation.mjs
[32mD[m  scripts/verify-release-manifest.sh
[32mD[m  scripts/webgl-collector.html
[32mD[m  start-core-e2e.sh
[32mD[m  todo.md
[32mD[m  tools/TOOLCHAIN_LOCK.json
[32mD[m  validation_ac_back01_runtime.out
[32mD[m  validation_back01_integration/candidates/chromium-common_151.0.7922.108-1xtradeb1.2404.1_amd64/APT_EXACT_VERSION.txt
[32mD[m  validation_back01_integration/candidates/chromium-common_151.0.7922.108-1xtradeb1.2404.1_amd64/APT_POLICY.txt
[32mD[m  validation_back01_integration/candidates/chromium-common_151.0.7922.108-1xtradeb1.2404.1_amd64/DEB_CONTROL.txt
[32mD[m  validation_back01_integration/candidates/chromium-common_151.0.7922.108-1xtradeb1.2404.1_amd64/DEB_INDEX_SHA256_VERIFICATION.txt
[32mD[m  validation_back01_integration/candidates/chromium-common_151.0.7922.108-1xtradeb1.2404.1_amd64/DEB_SHA256SUMS
[32mD[m  validation_back01_integration/candidates/chromium-common_151.0.7922.108-1xtradeb1.2404.1_amd64/INDEX_AND_KEYRING_SHA256SUMS
[32mD[m  validation_back01_integration/candidates/chromium-common_151.0.7922.108-1xtradeb1.2404.1_amd64/INRELEASE_SIGNATURE.txt
[32mD[m  validation_back01_integration/candidates/chromium-common_151.0.7922.108-1xtradeb1.2404.1_amd64/InRelease
[32mD[m  validation_back01_integration/candidates/chromium-common_151.0.7922.108-1xtradeb1.2404.1_amd64/PACKAGES_INDEX_SHA256SUMS
[32mD[m  validation_back01_integration/candidates/chromium-common_151.0.7922.108-1xtradeb1.2404.1_amd64/Packages
[32mD[m  validation_back01_integration/candidates/chromium-common_151.0.7922.108-1xtradeb1.2404.1_amd64/Packages.gz
[32mD[m  validation_back01_integration/candidates/chromium-common_151.0.7922.108-1xtradeb1.2404.1_amd64/RELEASE_CAPTURE_STATUS
[32mD[m  validation_back01_integration/candidates/chromium-common_151.0.7922.108-1xtradeb1.2404.1_amd64/RELEASE_EVIDENCE_SHA256SUMS
[32mD[m  validation_back01_integration/candidates/chromium-common_151.0.7922.108-1xtradeb1.2404.1_amd64/REQUESTED_RUNTIME.env
[32mD[m  validation_back01_integration/candidates/chromium-common_151.0.7922.108-1xtradeb1.2404.1_amd64/SIGNING_KEYRING.gpg
[32mD[m  validation_back01_integration/candidates/chromium-common_151.0.7922.108-1xtradeb1.2404.1_amd64/SIGNING_KEY_FINGERPRINT.txt
[32mD[m  validation_back01_integration/candidates/chromium-common_151.0.7922.108-1xtradeb1.2404.1_amd64/chromium-common_151.0.7922.108-1xtradeb1.2404.1_amd64.deb
[32mD[m  validation_back01_integration/candidates/chromium_151.0.7922.108-1xtradeb1.2404.1_amd64/APT_EXACT_VERSION.txt
[32mD[m  validation_back01_integration/candidates/chromium_151.0.7922.108-1xtradeb1.2404.1_amd64/APT_POLICY.txt
[32mD[m  validation_back01_integration/candidates/chromium_151.0.7922.108-1xtradeb1.2404.1_amd64/DEB_CONTROL.txt
[32mD[m  validation_back01_integration/candidates/chromium_151.0.7922.108-1xtradeb1.2404.1_amd64/DEB_INDEX_SHA256_VERIFICATION.txt
[32mD[m  validation_back01_integration/candidates/chromium_151.0.7922.108-1xtradeb1.2404.1_amd64/DEB_SHA256SUMS
[32mD[m  validation_back01_integration/candidates/chromium_151.0.7922.108-1xtradeb1.2404.1_amd64/INDEX_AND_KEYRING_SHA256SUMS
[32mD[m  validation_back01_integration/candidates/chromium_151.0.7922.108-1xtradeb1.2404.1_amd64/INRELEASE_SIGNATURE.txt
[32mD[m  validation_back01_integration/candidates/chromium_151.0.7922.108-1xtradeb1.2404.1_amd64/InRelease
[32mD[m  validation_back01_integration/candidates/chromium_151.0.7922.108-1xtradeb1.2404.1_amd64/PACKAGES_INDEX_SHA256SUMS
[32mD[m  validation_back01_integration/candidates/chromium_151.0.7922.108-1xtradeb1.2404.1_amd64/Packages
[32mD[m  validation_back01_integration/candidates/chromium_151.0.7922.108-1xtradeb1.2404.1_amd64/Packages.gz
[32mD[m  validation_back01_integration/candidates/chromium_151.0.7922.108-1xtradeb1.2404.1_amd64/RELEASE_CAPTURE_STATUS
[32mD[m  validation_back01_integration/candidates/chromium_151.0.7922.108-1xtradeb1.2404.1_amd64/RELEASE_EVIDENCE_SHA256SUMS
[32mD[m  validation_back01_integration/candidates/chromium_151.0.7922.108-1xtradeb1.2404.1_amd64/REQUESTED_RUNTIME.env
[32mD[m  validation_back01_integration/candidates/chromium_151.0.7922.108-1xtradeb1.2404.1_amd64/SIGNING_KEYRING.gpg
[32mD[m  validation_back01_integration/candidates/chromium_151.0.7922.108-1xtradeb1.2404.1_amd64/SIGNING_KEY_FINGERPRINT.txt
[32mD[m  validation_back01_integration/candidates/chromium_151.0.7922.108-1xtradeb1.2404.1_amd64/chromium_151.0.7922.108-1xtradeb1.2404.1_amd64.deb
[32mD[m  validation_back01_integration/final/API_TEST_SELECTION_b4f930b_2026-08-14.txt
[32mD[m  validation_back01_integration/final/CURRENT_PRODUCT_SCOPE_INVENTORY_2026-08-14.md
[32mD[m  validation_back01_integration/final/DISTROSEA_SYSTEMVAULT_FEASIBILITY.md
[32mD[m  validation_back01_integration/final/GOSEC_BASELINE_RECONCILIATION_2026-08-14.md
[32mD[m  validation_back01_integration/final/LAST_TRACEABILITY_GATE_VALIDATION.md
[32mD[m  validation_back01_integration/final/ORACLE_FREE_SYSTEMVAULT_PROTOCOL.md
[32mD[m  validation_back01_integration/final/RAPPORT_FINAL_BACK_01.md
[32mD[m  validation_back01_integration/final/SANDBOX_SYSTEMVAULT_LIMITATION_REPORT_2026-08-14.md
[32mD[m  validation_back01_integration/final/SECRET_SCAN_TRIAGE_2026-08-14.md
[32mD[m  validation_back01_integration/final/ac_back_01.out
[32mD[m  validation_back01_integration/final/ac_back_01_chromium_candidate_108.out
[32mD[m  validation_back01_integration/final/ac_back_01_with_chromium.out
[32mD[m  validation_back01_integration/final/ac_back_01_with_explicit_chromium.out
[32mD[m  validation_back01_integration/final/apt_signing_audit.out
[32mD[m  validation_back01_integration/final/base_persona_utc_us_fixed.out
[32mD[m  validation_back01_integration/final/base_persona_utc_us_reproduction.out
[32mD[m  validation_back01_integration/final/browser_package_after_persona_fix.out
[32mD[m  validation_back01_integration/final/build_runtime_candidate_108_sbom.out
[32mD[m  validation_back01_integration/final/cdc-v03-postcommit-invariants-20260814.txt
[32mD[m  validation_back01_integration/final/cdc-v03-validation-20260814.txt
[32mD[m  validation_back01_integration/final/chromium_candidate_108_install.out
[32mD[m  validation_back01_integration/final/chromium_candidate_108_install_simulation.out
[32mD[m  validation_back01_integration/final/chromium_candidate_capture_108.out
[32mD[m  validation_back01_integration/final/chromium_common_candidate_capture_108.out
[32mD[m  validation_back01_integration/final/chromium_qa_deb_probe.out
[32mD[m  validation_back01_integration/final/chromium_qa_package_availability.out
[32mD[m  validation_back01_integration/final/chromium_runtime_candidate_108_provenance.out
[32mD[m  validation_back01_integration/final/chromium_runtime_provenance.out
[32mD[m  validation_back01_integration/final/chromium_runtime_release_provenance.out
[32mD[m  validation_back01_integration/final/commit.txt
[32mD[m  validation_back01_integration/final/gate_metadata_v2_control.out
[32mD[m  validation_back01_integration/final/gitleaks.json
[32mD[m  validation_back01_integration/final/gitleaks.log
[32mD[m  validation_back01_integration/final/gitleaks_gate_metadata_v2.json
[32mD[m  validation_back01_integration/final/gitleaks_gate_metadata_v2.log
[32mD[m  validation_back01_integration/final/gitleaks_last_traceability_gates.json
[32mD[m  validation_back01_integration/final/gitleaks_last_traceability_gates.log
[32mD[m  validation_back01_integration/final/gitleaks_minimal_archive.json
[32mD[m  validation_back01_integration/final/gitleaks_minimal_archive.log
[32mD[m  validation_back01_integration/final/gitleaks_minimal_staged.json
[32mD[m  validation_back01_integration/final/gitleaks_minimal_staged.log
[32mD[m  validation_back01_integration/final/gitleaks_public_release_gate.json
[32mD[m  validation_back01_integration/final/gitleaks_public_release_gate.log
[32mD[m  validation_back01_integration/final/gitleaks_release_qualification_final.json
[32mD[m  validation_back01_integration/final/gitleaks_release_qualification_final.log
[32mD[m  validation_back01_integration/final/gitleaks_release_traceability.json
[32mD[m  validation_back01_integration/final/gitleaks_release_traceability.log
[32mD[m  validation_back01_integration/final/gitleaks_runtime_candidate_artifact.json
[32mD[m  validation_back01_integration/final/gitleaks_runtime_candidate_artifact.log
[32mD[m  validation_back01_integration/final/gitleaks_runtime_candidate_sbom.json
[32mD[m  validation_back01_integration/final/gitleaks_runtime_candidate_sbom.log
[32mD[m  validation_back01_integration/final/gitleaks_runtime_gated_archive.json
[32mD[m  validation_back01_integration/final/gitleaks_runtime_gated_archive.log
[32mD[m  validation_back01_integration/final/go_test_all.out
[32mD[m  validation_back01_integration/final/go_test_all_after_persona_fix.out
[32mD[m  validation_back01_integration/final/go_test_all_after_runtime_gate.out
[32mD[m  validation_back01_integration/final/go_test_all_runtime_candidate_108.out
[32mD[m  validation_back01_integration/final/go_version.txt
[32mD[m  validation_back01_integration/final/gosec-baseline-64bede3-v2.21.4-20260814.json
[32mD[m  validation_back01_integration/final/gosec_api.json
[32mD[m  validation_back01_integration/final/gosec_api.log
[32mD[m  validation_back01_integration/final/gosec_back01_profile.json
[32mD[m  validation_back01_integration/final/gosec_back01_profile.log
[32mD[m  validation_back01_integration/final/last_traceability_gate_control.out
[32mD[m  validation_back01_integration/final/launchpad_xtradeb_provenance.md
[32mD[m  validation_back01_integration/final/minimal_artifact_build.out
[32mD[m  validation_back01_integration/final/minimal_artifact_final_validation.out
[32mD[m  validation_back01_integration/final/minimal_artifact_runtime_gate_build.out
[32mD[m  validation_back01_integration/final/minimal_artifact_runtime_gate_validation.out
[32mD[m  validation_back01_integration/final/minimal_staged_checksums.out
[32mD[m  validation_back01_integration/final/pilot-expiry-invariants-20260814.txt
[32mD[m  validation_back01_integration/final/pilot-temporary-authorization-invariants-20260814.txt
[32mD[m  validation_back01_integration/final/pilot-temporary-authorization-postcommit-20260814.txt
[32mD[m  validation_back01_integration/final/pilot-temporary-authorization-syntax-20260814.txt
[32mD[m  validation_back01_integration/final/public_release_gate_audit.out
[32mD[m  validation_back01_integration/final/public_release_gate_metadata_v2_negative_validation.out
[32mD[m  validation_back01_integration/final/public_release_gate_metadata_v2_validation.out
[32mD[m  validation_back01_integration/final/public_release_gate_state_validation.out
[32mD[m  validation_back01_integration/final/release_manifest_signing_gate.out
[32mD[m  validation_back01_integration/final/release_signature_procedure_test.out
[32mD[m  validation_back01_integration/final/release_traceability_clean_clone_diagnostic.out
[32mD[m  validation_back01_integration/final/release_traceability_clean_clone_validation.out
[32mD[m  validation_back01_integration/final/release_traceability_control_final.out
[32mD[m  validation_back01_integration/final/release_traceability_inputs.out
[32mD[m  validation_back01_integration/final/release_traceability_validation.out
[32mD[m  validation_back01_integration/final/runtime_candidate_artifact_metadata_validation.out
[32mD[m  validation_back01_integration/final/runtime_evidence.sha256
[32mD[m  validation_back01_integration/final/runtime_release_capture_qa.log
[32mD[m  validation_back01_integration/final/runtime_release_capture_qa.status
[32mD[m  validation_back01_integration/final/runtime_release_capture_qa/APT_EXACT_VERSION.txt
[32mD[m  validation_back01_integration/final/runtime_release_capture_qa/APT_POLICY.txt
[32mD[m  validation_back01_integration/final/runtime_release_capture_qa/INDEX_AND_KEYRING_SHA256SUMS
[32mD[m  validation_back01_integration/final/runtime_release_capture_qa/INRELEASE_SIGNATURE.txt
[32mD[m  validation_back01_integration/final/runtime_release_capture_qa/InRelease
[32mD[m  validation_back01_integration/final/runtime_release_capture_qa/RELEASE_CAPTURE_STATUS
[32mD[m  validation_back01_integration/final/runtime_release_capture_qa/REQUESTED_RUNTIME.env
[32mD[m  validation_back01_integration/final/runtime_release_capture_qa/SIGNING_KEYRING.gpg
[32mD[m  validation_back01_integration/final/runtime_release_capture_qa/SIGNING_KEY_FINGERPRINT.txt
[32mD[m  validation_back01_integration/final/sandbox-back01-targeted-test-20260814.txt
[32mD[m  validation_back01_integration/final/sandbox-back01-test-list-20260814.txt
[32mD[m  validation_back01_integration/final/sandbox-cdc-and-suspension-invariants-20260814.txt
[32mD[m  validation_back01_integration/final/sandbox-cdc-postcommit-invariants-20260814.txt
[32mD[m  validation_back01_integration/final/sandbox-coverage-security-inventory-20260814.txt
[32mD[m  validation_back01_integration/final/sandbox-evidence-integrity-20260814.txt
[32mD[m  validation_back01_integration/final/sandbox-final-integrity-20260814.txt
[32mD[m  validation_back01_integration/final/sandbox-gitleaks-20260814.json
[32mD[m  validation_back01_integration/final/sandbox-gitleaks-rc-archive-20260814.json
[32mD[m  validation_back01_integration/final/sandbox-go-test-all-20260814.txt
[32mD[m  validation_back01_integration/final/sandbox-gosec-20260814.json
[32mD[m  validation_back01_integration/final/sandbox-gosec-classification-20260814.txt
[32mD[m  validation_back01_integration/final/sandbox-minimal-profile-verification-20260814.txt
[32mD[m  validation_back01_integration/final/sandbox-product-gap-inventory-20260814.txt
[32mD[m  validation_back01_integration/final/sandbox-race-verification-20260814.txt
[32mD[m  validation_back01_integration/final/sandbox-release-gates-20260814.txt
[32mD[m  validation_back01_integration/final/sandbox-reproducible-verification-20260814.txt
[32mD[m  validation_back01_integration/final/sandbox-secret-scan-suspension-invariants-20260814.txt
[32mD[m  validation_back01_integration/final/sandbox-security-scans-20260814.txt
[32mD[m  validation_back01_integration/final/sandbox-systemvault-gate-refusal-20260814.txt
[32mD[m  validation_back01_integration/final/sandbox-systemvault-preflight-20260814.txt
[32mD[m  validation_back01_integration/final/secret-classification-control-validation-20260814.txt
[32mD[m  validation_back01_integration/final/secret-classification-controls-postcommit-20260814.txt
[32mD[m  validation_back01_integration/final/secret-classification-docs-gitleaks-20260814-runbook.json
[32mD[m  validation_back01_integration/final/secret-classification-docs-gitleaks-20260814.json
[32mD[m  validation_back01_integration/final/secret-classification-dossier-invariants-20260814.txt
[32mD[m  validation_back01_integration/final/secret-classification-freeze-config-check-20260814.txt
[32mD[m  validation_back01_integration/final/secret-classification-postcommit-invariants-20260814.txt
[32mD[m  validation_back01_integration/final/secret-triage-exposure-inventory-20260814.txt
[32mD[m  validation_back01_integration/final/secret-triage-final-invariants-20260814.txt
[32mD[m  validation_back01_integration/final/secret-triage-freeze-metadata-20260814.txt
[32mD[m  validation_back01_integration/final/secret-triage-postcommit-invariants-20260814.txt
[32mD[m  validation_back01_integration/final/summary.out
[32mD[m  validation_back01_integration/final/systemvault_anti_leak_script_validation.out
[32mD[m  validation_back01_integration/final/systemvault_native_host_gate_sandbox.out
[32mD[m  validation_back01_integration/final/targeted_race.out
[32mD[m  validation_back01_integration/final_summary.out
[32mD[m  validation_back01_integration/git_status.out
[32mD[m  validation_back01_integration/gitleaks.json
[32mD[m  validation_back01_integration/gitleaks.log
[32mD[m  validation_back01_integration/gitleaks_after_multipart_fix.json
[32mD[m  validation_back01_integration/gitleaks_after_multipart_fix.log
[32mD[m  validation_back01_integration/gitleaks_final.json
[32mD[m  validation_back01_integration/gitleaks_final.log
[32mD[m  validation_back01_integration/go_test_all.out
[32mD[m  validation_back01_integration/gosec_after_import_hardening.json
[32mD[m  validation_back01_integration/gosec_after_import_hardening.log
[32mD[m  validation_back01_integration/gosec_after_io_hardening.json
[32mD[m  validation_back01_integration/gosec_after_io_hardening.log
[32mD[m  validation_back01_integration/gosec_after_multipart_fix.json
[32mD[m  validation_back01_integration/gosec_after_multipart_fix.log
[32mD[m  validation_back01_integration/gosec_final.json
[32mD[m  validation_back01_integration/gosec_final.log
[32mD[m  validation_back01_integration/gosec_modified.json
[32mD[m  validation_back01_integration/gosec_modified.log
[32mD[m  validation_back01_integration/import_hardening_summary.out
[32mD[m  validation_back01_integration/io_hardening_summary.out
[32mD[m  validation_back01_integration/summary.out
[32mD[m  validation_back01_integration/targeted_after_import_hardening.out
[32mD[m  validation_back01_integration/targeted_after_io_hardening.out
[32mD[m  validation_back01_integration/targeted_after_multipart_fix.out
[32mD[m  validation_back01_integration/targeted_final.out
[32mD[m  validation_back01_integration/targeted_packages.out
[32mD[m  validation_back01_integration/targeted_packages_race.out
[32mD[m  validation_back01_integration/targeted_race_after_multipart_fix.out
[32mD[m  validation_back01_integration/targeted_race_final.out
[32mD[m  validation_back01_minimal_build.out
[32mD[m  validation_runtime_chromium.out
[32mD[m  validation_systemvault_native.err
[32mD[m  validation_systemvault_native.json
[31m??[m evidence/
exit=0

## CORRECTED UTC=2026-08-25T15:07:27Z CWD=/tmp/t28_r1_public/clone COMMAND=git ls-remote --tags origin t00-t42-v6-local-qualified-2026-08-25 t00-t27-complete-20260820
72d54110c89583beacc556bb103f881b667d8137	refs/tags/t00-t27-complete-20260820
310c10e7541bbec7828226ce1049df56da11ce0b	refs/tags/t00-t42-v6-local-qualified-2026-08-25
exit=0

## CORRECTED UTC=2026-08-25T15:07:28Z CWD=/tmp/t28_r1_public/clone COMMAND=git fetch --no-tags origin refs/tags/t00-t42-v6-local-qualified-2026-08-25:refs/tags/t00-t42-v6-local-qualified-2026-08-25 refs/tags/t00-t27-complete-20260820:refs/tags/t00-t27-complete-20260820
From https://github.com/davidwilsonbest89-afk/forgelocal-public-sanitized
 * [new tag]         t00-t42-v6-local-qualified-2026-08-25 -> t00-t42-v6-local-qualified-2026-08-25
 * [new tag]         t00-t27-complete-20260820 -> t00-t27-complete-20260820
exit=0

## CORRECTED UTC=2026-08-25T15:07:28Z CWD=/tmp/t28_r1_public/clone COMMAND=git rev-parse t00-t42-v6-local-qualified-2026-08-25
310c10e7541bbec7828226ce1049df56da11ce0b
exit=0

## CORRECTED UTC=2026-08-25T15:07:28Z CWD=/tmp/t28_r1_public/clone COMMAND=git rev-parse t00-t27-complete-20260820
72d54110c89583beacc556bb103f881b667d8137
exit=0

## CORRECTED UTC=2026-08-25T15:07:28Z CWD=/tmp/t28_r1_public/clone COMMAND=git cat-file -t 999374d99b7996504ba91e421850a2fe84afb78d
commit
exit=0

## CORRECTED UTC=2026-08-25T15:07:28Z CWD=/tmp/t28_r1_public/clone COMMAND=git cat-file -t 69411e65c880d168832a65fc8475cc97d562a9ad
commit
exit=0

## CORRECTED UTC=2026-08-25T15:07:28Z CWD=/tmp/t28_r1_public/clone COMMAND=git merge-base --is-ancestor 69411e65c880d168832a65fc8475cc97d562a9ad 999374d99b7996504ba91e421850a2fe84afb78d
exit=0

## CORRECTED UTC=2026-08-25T15:07:28Z CWD=/tmp/t28_r1_public/clone COMMAND=git merge-base --is-ancestor 999374d99b7996504ba91e421850a2fe84afb78d HEAD
exit=1

## CORRECTED UTC=2026-08-25T15:07:28Z CWD=/tmp/t28_r1_public/clone COMMAND=git log --oneline --decorate -n 12 HEAD
[33m8b96981[m[33m ([m[1;34mgrafted[m[33m, [m[1;36mHEAD[m[33m -> [m[1;32mfeature/t28-local-extensions-controlled[m[33m, [m[1;31morigin/feature/t28-local-extensions-controlled[m[33m)[m Record T28 public package verification
exit=0

## CORRECTED UTC=2026-08-25T15:07:28Z CWD=/tmp/t28_r1_public/clone COMMAND=git log --oneline --decorate 69411e65c880d168832a65fc8475cc97d562a9ad..999374d99b7996504ba91e421850a2fe84afb78d
[33m999374d[m[33m ([m[1;33mtag: [m[1;33mt00-t42-v6-local-qualified-2026-08-25[m[33m)[m Record V6 freeze baseline discovery
[33m65aaf76[m Record V6 publication verification
[33m8e26bfb[m Package V6 findings remediation evidence
[33mfc08045[m Update x/mod to remediate Go advisories
[33me2fad93[m Remediate V6 Dashboard accessibility findings
[33md3bb894[m Remediate V6 Go lint findings
[33m638a39f[m Record V6 baseline discovery and finding triage
[33mb34fa5c[m Record final published v4 head
[33mb4a04e4[m Finalize remote reference and evidence hashes
[33m5e174db[m Add synthetic E2E self-validation v4 evidence
[33m861880e[m evidence: publish code-fixed finalization bundle
[33mdfb020d[m evidence: publish code-fixed prehuman finalization
[33m51745c9[m evidence: record code fixes and post-fix qualification
[33m57d21b0[m fix: handle startup browser launch error
[33mdb0dd08[m fix: handle final golangci error findings
[33m7514885[m evidence: publish final findings finalization bundle
[33m696dd8a[m evidence: finalize prehuman findings and wrapper v2
[33me6e6357[m evidence: preserve final wrapper rescan
[33mf74f340[m evidence: record final wrapper extraction rescan
[33mb7f0677[m evidence: add wrapper extraction rescan proof
[33m7efa7ef[m evidence: publish final exit checklist bundle
[33m25afca8[m evidence: finalize addendum package evidence
[33m067ae29[m evidence: record final bundle verification
[33m310119f[m evidence: record final addendum package checks
[33ma6382aa[m evidence: add final T00-T42 exit checklist
[33m631605b[m docs: freeze delivery conservation references
[33mcd6a95c[m evidence: add neutral delivery conservation log
[33mb9bbb03[m docs: freeze T00-T42 prehuman validation delivery
[33mcf28085[m evidence: deliver T00-T42 prehuman validation package
[33m6ae02e4[m docs: align V2 delivery head metadata
[33m59a732b[m docs: complete V2 correction portability transparency
[33maa501b1[m evidence: add final correction v2 package
[33m71a4156[m docs: identify published closure correction branch
[33m59882a9[m evidence: package T28-T42 closure correction
[33mc61118e[m evidence: publish fresh clone correction qualification
[33m8dfbe18[m evidence: publish fresh clone correction qualification
[33mdd12404[m evidence: correct T28-T42 traceability and portability
[33mbb93752[m evidence: add posthoc baseline and portable sidecars
[33m6489af3[m evidence: add compact T42 final closure
[33m0e2b45a[m docs: close T28 to T42 with strict verdicts
[33m944376f[m evidence: add compact T41 blocked verdict
[33m8227337[m docs: record T41 release readiness block
[33m077ba90[m evidence: add T40 integration gate
[33m61a91ee[m docs: record T40 integration gate
[33m08061f1[m evidence: add T39 blocked verdict
[33m60ca2a8[m docs: record T39 secret import export block
[33mf8fcfa0[m evidence: add T38 lifecycle validation bundle
[33m57fc811[m feat: add redacted session lifecycle tracking
[33mc0ad051[m evidence: add T37 validation bundle
[33mbfde794[m feat: add redacted profile health aggregation
[33m099ff7b[m evidence: add T36 validation bundle
[33m5085e6a[m feat: add explicit diagnostic drift detection
[33m891b2d1[m evidence: add T35 validation bundle
[33m6519e84[m feat: add closed font bundle provenance inventory
[33mc7f66da[m evidence: add T34 validation bundle
[33m1ab112b[m feat: add redacted hardware diagnostics projection
[33m6936327[m evidence: add T33 validation bundle
[33m5d4363a[m feat: add synthetic geolocation quality checks
[33md7279e8[m evidence: add T32 validation bundle
[33m17b6daf[m feat: add projected client rects diagnostics contract
[33m9dad987[m evidence: add T31 validation bundle
[33m9d40bb4[m feat: add projected canvas webgl audio diagnostics contract
[33mcbf3a50[m T30: document redacted environment API contract
[33m5d100a0[m T30: verify HTTP redaction and full-race replay guard
[33m4f415eb[m T30: declare projected environment diagnostic coverage
exit=0

## CORRECTED UTC=2026-08-25T15:07:28Z CWD=/tmp/t28_r1_public/clone COMMAND=git fsck --full
exit=0

## CORRECTED UTC=2026-08-25T15:07:29Z CWD=/tmp/t28_r1_public/clone COMMAND=df -h /home/ubuntu
Filesystem      Size  Used Avail Use% Mounted on
/dev/root        48G   43G  4.6G  91% /
exit=0

## CORRECTED UTC=2026-08-25T15:07:29Z CWD=/tmp/t28_r1_public/clone COMMAND=du -sh /tmp/t28_r1_public/clone
676K	/tmp/t28_r1_public/clone
exit=0

## CORRECTED UTC=2026-08-25T15:07:29Z CWD=/tmp/t28_r1_public/clone SHELL=for c in git git-lfs go gofmt gitleaks gosec govulncheck osv-scanner syft; do printf "%s=" "$c"; command -v "$c" || true; done
git=/usr/bin/git
git-lfs=/usr/bin/git-lfs
go=gofmt=gitleaks=/home/ubuntu/bin/gitleaks
gosec=/home/ubuntu/bin/gosec
govulncheck=/home/ubuntu/bin/govulncheck
osv-scanner=syft=/home/ubuntu/bin/syft
exit=0

## CORRECTED UTC=2026-08-25T15:07:29Z CWD=/tmp/t28_r1_public/clone COMMAND=git lfs version
git-lfs/3.4.1 (GitHub; linux amd64; go 1.22.2)
exit=0

## CORRECTED UTC=2026-08-25T15:07:29Z CWD=/tmp/t28_r1_public/clone COMMAND=git status --short
[32mD[m  .codebase-memory/artifact.json
[32mD[m  .codebase-memory/graph.db.zst
[32mD[m  .gitattributes
[32mD[m  .github/CODEOWNERS
[32mD[m  .github/ISSUE_TEMPLATE/bug_report.yml
[32mD[m  .github/ISSUE_TEMPLATE/feature_request.yml
[32mD[m  .github/ISSUE_TEMPLATE/platform_compatibility.yml
[32mD[m  .github/PULL_REQUEST_TEMPLATE.md
[32mD[m  .github/production-release-policy.json
[32mD[m  .github/workflows/ci.yml
[32mD[m  .github/workflows/release-separation.yml
[32mD[m  .github/workflows/release.yml
[32mD[m  .gitignore
[32mD[m  .gitleaks.toml
[32mD[m  .kiro/settings/lsp.json
[32mD[m  API.md
[32mD[m  API.zh-TW.md
[32mD[m  CHANGELOG.md
[32mD[m  CODE_OF_CONDUCT.md
[32mD[m  CONTRIBUTING.md
[32mD[m  Dockerfile
[32mD[m  LICENSE
[32mD[m  Makefile
[32mD[m  README.md
[32mD[m  README.zh-TW.md
[32mD[m  REIMPLEMENTATION_T12_T16_REPORT.md
[32mD[m  SECURITY.md
[32mD[m  SELF_VALIDATION_BUNDLE_DELTA_VERIFY.log
[32mD[m  SELF_VALIDATION_CLEANUP_VERIFICATION.log
[32mD[m  SELF_VALIDATION_FINDINGS_CLASSIFICATION.md
[32mD[m  SELF_VALIDATION_MANIFEST.md
[32mD[m  SELF_VALIDATION_SUMMARY.md
[32mD[m  SELF_VALIDATION_SYNTHETIC_E2E_RAW.log
[32mD[m  SELF_VALIDATION_V6_REPORT.md
[32mD[m  SHA256SUMS
[32mD[m  SUPPORT.md
[32mD[m  T28_FINAL_DECISION.md
[32mD[m  TOOLCHAIN.lock
[32mD[m  V6_AXE_RESULTS_AFTER.json
[32mD[m  V6_AXE_RESULTS_BEFORE.json
[32mD[m  V6_AXE_SUMMARY.py
[32mD[m  V6_BASELINE_DISCOVERY_RAW.log
[32mD[m  V6_CLEANUP_VERIFICATION.log
[32mD[m  V6_CODE_DIFF.patch
[32mD[m  V6_DASHBOARD_BUILD.log
[32mD[m  V6_DASHBOARD_BUILD_AXE.log
[32mD[m  V6_DASHBOARD_INSTALL.log
[32mD[m  V6_DASHBOARD_TARGETED.log
[32mD[m  V6_DASHBOARD_TSC.log
[32mD[m  V6_DASHBOARD_TSC_AXE.log
[32mD[m  V6_FINAL_COUNTS.log
[32mD[m  V6_FULL_REQUALIFICATION_RAW.log
[32mD[m  V6_GITLEAKS_CHECKOUT.json
[32mD[m  V6_GITLEAKS_CHECKOUT.log
[32mD[m  V6_GITLEAKS_EXACT_EXCEPTION_TEST.json
[32mD[m  V6_GITLEAKS_EXACT_EXCEPTION_TEST.toml
[32mD[m  V6_GITLEAKS_FINAL.log
[32mD[m  V6_GITLEAKS_FRESH.json
[32mD[m  V6_GITLEAKS_FRESH.log
[32mD[m  V6_GITLEAKS_RANGE.json
[32mD[m  V6_GITLEAKS_RANGE.log
[32mD[m  V6_GITLEAKS_TRIAGE.csv
[32mD[m  V6_GITLEAKS_TRIAGE_SUMMARY.md
[32mD[m  V6_GOLANGCI_AFTER_GO.json
[32mD[m  V6_GOLANGCI_AFTER_GO.log
[32mD[m  V6_GOLANGCI_AFTER_GO.stderr.log
[32mD[m  V6_GOLANGCI_AFTER_GO.stdout.log
[32mD[m  V6_GOLANGCI_AFTER_GO_SUMMARY.log
[32mD[m  V6_GOLANGCI_FINAL.json
[32mD[m  V6_GOLANGCI_FINAL.stderr.log
[32mD[m  V6_GOLANGCI_FINAL.stdout.log
[32mD[m  V6_GO_REMEDIATION_MAPPING.md
[32mD[m  V6_GRYPE_ARTIFACT_LOCATIONS.log
[32mD[m  V6_GRYPE_CYCLONEDX.json
[32mD[m  V6_GRYPE_CYCLONEDX_CLEAN.json
[32mD[m  V6_GRYPE_DEPENDENCY_TRIAGE_RAW.log
[32mD[m  V6_GRYPE_SPDX.json
[32mD[m  V6_GRYPE_SPDX_CLEAN.json
[32mD[m  V6_GRYPE_TRIAGE.md
[32mD[m  V6_LFS_CHECKOUT.log
[32mD[m  V6_LFS_FSCK_AFTER_PULL.log
[32mD[m  V6_LFS_FSCK_AFTER_V4_FETCH.log
[32mD[m  V6_LFS_TARGETED_FETCH_V4.log
[32mD[m  V6_LFS_TARGETED_PULL.log
[32mD[m  V6_LICENSE_INVENTORY.csv
[32mD[m  V6_LICENSE_INVENTORY.md
[32mD[m  V6_LICENSE_INVENTORY_RUN.log
[32mD[m  V6_OSV_SCANNER.json
[32mD[m  V6_OSV_SCANNER.log
[32mD[m  V6_OSV_SCANNER.stderr.log
[32mD[m  V6_OSV_SCANNER.stdout.log
[32mD[m  V6_OSV_SCANNER_FINAL.json
[32mD[m  V6_OSV_SCANNER_RUN.log
[32mD[m  V6_PLAYWRIGHT_AXE_RAW.log
[32mD[m  V6_REMAINING_FINDINGS.md
[32mD[m  V6_SBOM_CYCLONEDX.json
[32mD[m  V6_SBOM_CYCLONEDX_CLEAN.json
[32mD[m  V6_SBOM_GENERATION.log
[32mD[m  V6_SBOM_GRYPE_CLEAN_SUMMARY.log
[32mD[m  V6_SBOM_SPDX.json
[32mD[m  V6_SBOM_SPDX_CLEAN.json
[32mD[m  V6_SECURITY_DETAILS.log
[32mD[m  V6_SECURITY_SUMMARY.log
[32mD[m  V6_SEMGREP_AFTER.json
[32mD[m  V6_SEMGREP_AFTER.log
[32mD[m  V6_SEMGREP_AFTER.stderr.log
[32mD[m  V6_SEMGREP_AFTER.stdout.log
[32mD[m  V6_SEMGREP_RULES.yml
[32mD[m  V6_SEMGREP_TRIAGE.md
[32mD[m  V6_SYFT_CYCLONEDX.log
[32mD[m  V6_SYFT_CYCLONEDX_CLEAN.log
[32mD[m  V6_SYFT_SPDX.log
[32mD[m  V6_SYFT_SPDX_CLEAN.log
[32mD[m  V6_SYFT_VERSION.log
[32mD[m  V6_TARGETED_TESTS.log
[32mD[m  V6_TRIAGE_CONTEXTS_RAW.log
[32mD[m  V6_TRIVY_FS_FINAL.json
[32mD[m  V6_V5_COMPLEMENTS_ANALYSIS_INHERITED.md
[32mD[m  V6_V5_MANDATORY_ANALYSIS_INHERITED.md
[32mD[m  V6_V5_REPORT_INHERITED.md
[32mD[m  V6_VULN_SCAN_SUMMARY.log
[32mD[m  V6_XMOD_COMPATIBILITY_RAW.log
[32mD[m  V6_XMOD_DEPENDENCY_FINAL.log
[32mD[m  V6_XMOD_REMEDIATION_TESTS.log
[32mD[m  cmd/back01-core/main.go
[32mD[m  cmd/server/cli.go
[32mD[m  cmd/server/cli_runtime.go
[32mD[m  cmd/server/cli_test.go
[32mD[m  cmd/server/cr02_loopback_test.go
[32mD[m  cmd/server/main.go
[32mD[m  cmd/systemvault-doctor/main.go
[32mD[m  config.default.json
[32mD[m  continuation/T00-T27/ARCHIVE_SCOPE.md
[32mD[m  continuation/T00-T27/T00_T27_PACKAGE_CHUNKS.sha256
[32mD[m  continuation/T00-T27/T27_T00_T27_PACKAGE_MANIFEST.sha256
[32mD[m  continuation/T00-T27/archive-packages/forgelocal-continuation-t00-t23-20260819.zip.part.00
[32mD[m  continuation/T00-T27/archive-packages/forgelocal-continuation-t00-t23-20260819.zip.part.01
[32mD[m  continuation/T00-T27/archive-packages/forgelocal-t24-bulk-evidence-7f63c71.zip
[32mD[m  continuation/T00-T27/archive-packages/forgelocal-t25-synthetic-cookie-fixtures-a7ccfbc.zip
[32mD[m  continuation/T00-T27/archive-packages/forgelocal-t26-simulated-provider-930003c.zip
[32mD[m  continuation/T00-T27/archive-packages/forgelocal-t27-r1-local-continuation-full.tar.gz
[32mD[m  continuation/T00-T27/archive-packages/forgelocal-t27-r1-local-continuation-full.tar.gz.sha256
[32mD[m  continuation/T27-R1/CANONICAL_CLOSURE.md
[32mD[m  continuation/T27-R1/GITLEAKS_CONTINUATION.json
[32mD[m  continuation/T27-R1/GITLEAKS_CONTINUATION_R2.json
[32mD[m  continuation/T27-R1/README.md
[32mD[m  continuation/T27-R1/SHA256SUMS
[32mD[m  continuation/T27-R1/TOOLCHAIN.lock
[32mD[m  continuation/T27-R1/closure/CR09_PROVENANCE_VERIFY_R2_RAW.log
[32mD[m  continuation/T27-R1/closure/SHA256SUMS
[32mD[m  continuation/T27-R1/closure/T27_R1_LOCAL_PROVENANCE.md
[32mD[m  continuation/T27-R1/closure/T27_R1_SBOM_CYCLONEDX.json
[32mD[m  continuation/T27-R1/closure/T27_R1_SBOM_SPDX.json
[32mD[m  continuation/T27-R1/closure/T27_R1_TECHNICAL_LOCAL_CLOSURE.md
[32mD[m  continuation/T27-R1/evidence/CHAIN.md
[32mD[m  continuation/T27-R1/evidence/CR01/CR01_CANONICAL_PRESERVATION_R2_RAW.log
[32mD[m  continuation/T27-R1/evidence/CR01/CR01_CANONICAL_PRESERVATION_RAW.log
[32mD[m  continuation/T27-R1/evidence/CR01/CR01_GITLEAKS_EXTRACTION.json
[32mD[m  continuation/T27-R1/evidence/CR01/forgelocal-t27-r1-cr01-df50a2b.bundle
[32mD[m  continuation/T27-R1/evidence/CR01/forgelocal-t27-r1-cr01-df50a2b.bundle.sha256
[32mD[m  continuation/T27-R1/evidence/CR01/forgelocal-t27-r1-cr01-evidence-df50a2b.zip
[32mD[m  continuation/T27-R1/evidence/CR01/forgelocal-t27-r1-cr01-evidence-df50a2b.zip.sha256
[32mD[m  continuation/T27-R1/evidence/CR02/CR02_CANONICAL_PRESERVATION_FINAL_RAW.log
[32mD[m  continuation/T27-R1/evidence/CR02/CR02_CANONICAL_PRESERVATION_R2_RAW.log
[32mD[m  continuation/T27-R1/evidence/CR02/CR02_CANONICAL_PRESERVATION_RAW.log
[32mD[m  continuation/T27-R1/evidence/CR02/CR02_GITLEAKS_EXTRACTION.json
[32mD[m  continuation/T27-R1/evidence/CR02/forgelocal-t27-r1-cr02-d993289.delta.bundle
[32mD[m  continuation/T27-R1/evidence/CR02/forgelocal-t27-r1-cr02-d993289.delta.bundle.sha256
[32mD[m  continuation/T27-R1/evidence/CR02/forgelocal-t27-r1-cr02-evidence-d993289.zip
[32mD[m  continuation/T27-R1/evidence/CR02/forgelocal-t27-r1-cr02-evidence-d993289.zip.sha256
[32mD[m  continuation/T27-R1/evidence/CR03/CR03_CANONICAL_PRESERVATION_RAW.log
[32mD[m  continuation/T27-R1/evidence/CR03/CR03_GITLEAKS_EXTRACTION.json
[32mD[m  continuation/T27-R1/evidence/CR03/forgelocal-t27-r1-cr03-a912cd6.delta.bundle
[32mD[m  continuation/T27-R1/evidence/CR03/forgelocal-t27-r1-cr03-a912cd6.delta.bundle.sha256
[32mD[m  continuation/T27-R1/evidence/CR03/forgelocal-t27-r1-cr03-evidence-a912cd6.zip
[32mD[m  continuation/T27-R1/evidence/CR03/forgelocal-t27-r1-cr03-evidence-a912cd6.zip.sha256
[32mD[m  continuation/T27-R1/evidence/CR04/CR04_CANONICAL_PRESERVATION_RAW.log
[32mD[m  continuation/T27-R1/evidence/CR04/CR04_GITLEAKS_EXTRACTION.json
[32mD[m  continuation/T27-R1/evidence/CR04/forgelocal-t27-r1-cr04-967d293.delta.bundle
[32mD[m  continuation/T27-R1/evidence/CR04/forgelocal-t27-r1-cr04-967d293.delta.bundle.sha256
[32mD[m  continuation/T27-R1/evidence/CR04/forgelocal-t27-r1-cr04-evidence-967d293.zip
[32mD[m  continuation/T27-R1/evidence/CR04/forgelocal-t27-r1-cr04-evidence-967d293.zip.sha256
[32mD[m  continuation/T27-R1/evidence/CR05/CR05_CANONICAL_PRESERVATION_RAW.log
[32mD[m  continuation/T27-R1/evidence/CR05/CR05_GITLEAKS_EXTRACTION.json
[32mD[m  continuation/T27-R1/evidence/CR05/forgelocal-t27-r1-cr05-9386e5c.delta.bundle
[32mD[m  continuation/T27-R1/evidence/CR05/forgelocal-t27-r1-cr05-9386e5c.delta.bundle.sha256
[32mD[m  continuation/T27-R1/evidence/CR05/forgelocal-t27-r1-cr05-evidence-9386e5c.zip
[32mD[m  continuation/T27-R1/evidence/CR05/forgelocal-t27-r1-cr05-evidence-9386e5c.zip.sha256
[32mD[m  continuation/T27-R1/governance/BASELINE_DISCOVERY_POLICY.md
[32mD[m  continuation/T27-R1/governance/T22_CANONICAL_REGISTRY.md
[32mD[m  continuation/T27-R1/governance/T27_R1_CONTINUATION_SCOPE.md
[32mD[m  continuation/T27-R1/governance/T27_R1_CORRECTIVE_EXECUTION_CONTRACT.md
[32mD[m  continuation/T27-R1/governance/T27_R1_CR06_TO_CR09_GATES.md
[32mD[m  continuation/T27-R1/governance/todo.md
[32mD[m  data/.gitkeep
[32mD[m  data/webgl-profiles/webgl-profiles.json
[32mD[m  docker/.dockerignore
[32mD[m  docker/Dockerfile.run
[32mD[m  docker/README.md
[32mD[m  docker/README.zh-TW.md
[32mD[m  docker/docker-compose.yml
[32mD[m  docker/entrypoint.sh
[32mD[m  docs/ADDENDUM_V2_1_CAMOFLOX_READONLY_DASHBOARD.manifest.json
[32mD[m  docs/ADDENDUM_V2_1_CAMOFLOX_READONLY_DASHBOARD.md
[32mD[m  docs/ADDENDUM_V2_3_1_CI_PROVENANCE_EVIDENCE.manifest.json
[32mD[m  docs/ADDENDUM_V2_3_1_CI_PROVENANCE_EVIDENCE.md
[32mD[m  docs/ADDENDUM_V2_3_COMPONENT_PROVENANCE.manifest.json
[32mD[m  docs/ADDENDUM_V2_3_COMPONENT_PROVENANCE.md
[32mD[m  docs/ADDENDUM_V2_4_READONLY_SESSION_BOOTSTRAP.md
[32mD[m  docs/ADDENDUM_V2_5_READONLY_PRODUCT_SURFACES.md
[32mD[m  docs/API_READONLY_V1.md
[32mD[m  docs/BASELINE_DISCOVERY_POLICY.md
[32mD[m  docs/BASELINE_DISCOVERY_T27_R1_RAW.log
[32mD[m  docs/BOOTSTRAP_RO_01_EVIDENCE.md
[32mD[m  docs/BOOTSTRAP_RO_01_STRICT_EXECUTION.md
[32mD[m  docs/BRANCH_PROTECTION_REQUIREMENTS.md
[32mD[m  docs/CAHIER_DES_CHARGES_FORGELOCAL.md
[32mD[m  docs/CAHIER_DES_CHARGES_FORGELOCAL.v1.0.manifest.json
[32mD[m  docs/CAHIER_DES_CHARGES_v3_9_7.md
[32mD[m  docs/CAMO_CORE_01_REGISTER.md
[32mD[m  docs/COMPONENT_RIGHTS_REGISTER.md
[32mD[m  docs/README.md
[32mD[m  docs/SELF_VALIDATION_V4_FINDINGS.md
[32mD[m  docs/SELF_VALIDATION_V4_SUMMARY.md
[32mD[m  docs/SQLITE_SCHEMA_REFERENCE.md
[32mD[m  docs/T07-R-CHECKLIST.md
[32mD[m  docs/T07-R-INDEPENDENT-REVIEW-RESPONSE.md
[32mD[m  docs/T07-R-MESSAGE-TO-REVIEWER.md
[32mD[m  docs/T07-R-OWNER-COMPLETION-GUIDE.md
[32mD[m  docs/T07-R-REVIEW-PACKET.md
[32mD[m  docs/T07_CAMOFLOX_DEPENDENCY_INVENTORY.json
[32mD[m  docs/T07_CAMOFLOX_PROVENANCE.md
[32mD[m  docs/T07_CAMOFLOX_PROVENANCE_SBOM.spdx.json
[32mD[m  docs/T07_EVIDENCE_REQUEST_TO_RIGHTS_HOLDER.md
[32mD[m  docs/T07_EXTERNAL_SOURCES.md
[32mD[m  docs/T07_REMEDIATION_CHAIN.md
[32mD[m  docs/T07_SECURITY_TRIAGE_REQUEST.md
[32mD[m  docs/T08-FOLLOW-UP-WATCH-STATE.md
[32mD[m  docs/T08-R2-FINAL-REPORT.md
[32mD[m  docs/T08_CONCURRENCY_SPEC.md
[32mD[m  docs/T10_PROXIES_FRAMING.md
[32mD[m  docs/T11_BACKUPS_FRAMING.md
[32mD[m  docs/T20_CDC_GAP_AUDIT_AND_SCOPE_PROPOSAL.md
[32mD[m  docs/T20_NCF_SCOPE_AND_ACCEPTANCE.md
[32mD[m  docs/T22_CONSISTENCY_AND_RECOVERY_ADDENDUM.md
[32mD[m  docs/T22_PROFILE_HISTORY_CONTRACT.md
[32mD[m  docs/T23_ARCHIVE_RESTORE_CONTRACT.md
[32mD[m  docs/T23_SCOPE_AND_EVIDENCE_AUTHORIZATION.md
[32mD[m  docs/T24_BULK_OPERATIONS_CONTRACT.md
[32mD[m  docs/T24_SR_DEPENDENCY_REMEDIATION_CONTRACT.md
[32mD[m  docs/T25_COOKIE_FIXTURES_CONTRACT.md
[32mD[m  docs/T26_SIMULATED_PROXY_PROVIDER_CONTRACT.md
[32mD[m  docs/T27_R1_CONTINUATION_SCOPE.md
[32mD[m  docs/T27_R1_CORRECTIVE_EXECUTION_CONTRACT.md
[32mD[m  docs/T27_R1_CR06_TO_CR09_GATES.md
[32mD[m  docs/T28_EXTENSIONS_CONTRACT_AND_TEST_MATRIX.md
[32mD[m  docs/T28_EXTENSIONS_PRODUCT_DECISIONS.md
[32mD[m  docs/T28_EXTENSIONS_THREAT_MODEL.md
[32mD[m  docs/T28_IMPLEMENTATION_HANDOVER.md
[32mD[m  docs/T28_T42_EVIDENCE_CORRECTION.md
[32mD[m  docs/T28_T42_STATUS_REGISTER.md
[32mD[m  docs/T30_ENVIRONMENT_DIAGNOSTICS_DELTA_CONTRACT.md
[32mD[m  docs/T30_REMOTE_EVIDENCE_RECONCILIATION.md
[32mD[m  docs/T31_CANVAS_WEBGL_AUDIO_DIAGNOSTICS_CONTRACT.md
[32mD[m  docs/T32_CLIENTRECTS_DIAGNOSTICS_CONTRACT.md
[32mD[m  docs/T33_SYNTHETIC_GEOLOCATION_QA_CONTRACT.md
[32mD[m  docs/T34_HARDWARE_DIAGNOSTICS_CONTRACT.md
[32mD[m  docs/T35_FONT_BUNDLE_PROVENANCE_CONTRACT.md
[32mD[m  docs/T36_DIAGNOSTIC_DRIFT_CONTRACT.md
[32mD[m  docs/T37_PROFILE_HEALTH_CONTRACT.md
[32mD[m  docs/T38_SESSION_LIFECYCLE_CONTRACT.md
[32mD[m  docs/T39_SECRET_IMPORT_EXPORT_CONTRACT.md
[32mD[m  docs/T40_INTEGRATION_GATE_CONTRACT.md
[32mD[m  docs/T41_RELEASE_READINESS_CONTRACT.md
[32mD[m  docs/agent-integration.md
[32mD[m  docs/agent-prompt-guide.md
[32mD[m  docs/anti-detection.md
[32mD[m  docs/architecture.md
[32mD[m  docs/cli.md
[32mD[m  docs/cloud-deployment.md
[32mD[m  docs/code-review-web-search.md
[32mD[m  docs/component-rights-register.json
[32mD[m  docs/developer-integration.md
[32mD[m  docs/documentation-language-audit.md
[32mD[m  docs/dual-browser-architecture.md
[32mD[m  docs/dual-browser-architecture.zh-TW.md
[32mD[m  docs/execution.md
[32mD[m  docs/fingerprint-detection-report.md
[32mD[m  docs/humanize-research.md
[32mD[m  docs/i18n.md
[32mD[m  docs/linux-server.md
[32mD[m  docs/linux-server.zh-TW.md
[32mD[m  docs/local-quickstart.md
[32mD[m  docs/mcp-call-flow.html
[32mD[m  docs/phase2-fork-plan.md
[32mD[m  docs/plan.md
[32mD[m  docs/platform-support.md
[32mD[m  docs/platform-support.zh-TW.md
[32mD[m  docs/playwright-patches.md
[32mD[m  docs/playwright-patches.zh-TW.md
[32mD[m  docs/release.md
[32mD[m  docs/security/GOSEC_BASELINE_BACK_01.md
[32mD[m  docs/security/SYSTEM_VAULT_NATIVE_MATRIX.md
[32mD[m  docs/session-arch-design.md
[32mD[m  docs/spike-results.md
[32mD[m  docs/t07-private-provenance-attestation.template.json
[32mD[m  docs/wbs.md
[32mD[m  docs/webgl-fingerprint-strategy.md
[32mD[m  evidence/PREHUMAN_T00_T42/PREHUMAN_T00_T42_BASELINE_DISCOVERY_RAW.log
[32mD[m  evidence/PREHUMAN_T00_T42/PREHUMAN_T00_T42_BUNDLE_REHYDRATION_RAW.log
[32mD[m  evidence/PREHUMAN_T00_T42/PREHUMAN_T00_T42_BUNDLE_VERIFY_RAW.log
[32mD[m  evidence/PREHUMAN_T00_T42/PREHUMAN_T00_T42_DELIVERY_CONSERVATION_RAW.log
[32mD[m  evidence/PREHUMAN_T00_T42/PREHUMAN_T00_T42_GITLEAKS.json
[32mD[m  evidence/PREHUMAN_T00_T42/PREHUMAN_T00_T42_GLOBAL_QUALIFICATION_RAW.log
[32mD[m  evidence/PREHUMAN_T00_T42/PREHUMAN_T00_T42_GOSEC_BASELINE_HEAD_DIFF.log
[32mD[m  evidence/PREHUMAN_T00_T42/PREHUMAN_T00_T42_HISTORICAL_AUDIT_RAW.log
[32mD[m  evidence/PREHUMAN_T00_T42/PREHUMAN_T00_T42_HISTORICAL_CHAIN_AUDIT.md
[32mD[m  evidence/PREHUMAN_T00_T42/PREHUMAN_T00_T42_LFS_REHYDRATION_RAW.log
[32mD[m  evidence/PREHUMAN_T00_T42/PREHUMAN_T00_T42_REFS.log
[32mD[m  evidence/PREHUMAN_T00_T42/PREHUMAN_T00_T42_SBOM.cdx.json
[32mD[m  evidence/PREHUMAN_T00_T42/PREHUMAN_T00_T42_SUMMARY.md
[32mD[m  evidence/PREHUMAN_T00_T42/PREHUMAN_VALIDATION_RAW.log
[32mD[m  evidence/PREHUMAN_T00_T42/SANDBOX_CAPACITY_DISCOVERY_RAW.log
[32mD[m  evidence/PREHUMAN_T00_T42/SHA256SUMS
[32mD[m  evidence/PREHUMAN_T00_T42/forgelocal-t28-t42-prehuman-validation.bundle
[32mD[m  evidence/PREHUMAN_T00_T42/forgelocal-t28-t42-prehuman-validation.bundle.portable.sha256
[32mD[m  evidence/PREHUMAN_T00_T42/forgelocal-t28-t42-prehuman-validation.zip
[32mD[m  evidence/PREHUMAN_T00_T42/forgelocal-t28-t42-prehuman-validation.zip.portable.sha256
[32mD[m  evidence/PREHUMAN_T00_T42_FINAL_CHECKLIST/POSTFIX_CODE_CORRECTION_FINALIZATION.md
[32mD[m  evidence/PREHUMAN_T00_T42_FINAL_CHECKLIST/POSTFIX_GITLEAKS.json
[32mD[m  evidence/PREHUMAN_T00_T42_FINAL_CHECKLIST/POSTFIX_GOLANGCI.json
[32mD[m  evidence/PREHUMAN_T00_T42_FINAL_CHECKLIST/POSTFIX_GOLANGCI_TARGETED_REGRESSION.json
[32mD[m  evidence/PREHUMAN_T00_T42_FINAL_CHECKLIST/POSTFIX_GOSEC_BASELINE.json
[32mD[m  evidence/PREHUMAN_T00_T42_FINAL_CHECKLIST/POSTFIX_GOSEC_HEAD.json
[32mD[m  evidence/PREHUMAN_T00_T42_FINAL_CHECKLIST/POSTFIX_GOSEC_NORMALIZED_IGNORE_LINE.log
[32mD[m  evidence/PREHUMAN_T00_T42_FINAL_CHECKLIST/POSTFIX_QUALIFICATION_RAW.log
[32mD[m  evidence/PREHUMAN_T00_T42_FINAL_CHECKLIST/POSTFIX_SBOM.cdx.json
[32mD[m  evidence/PREHUMAN_T00_T42_FINAL_CHECKLIST/POSTFIX_SBOM.spdx.json
[32mD[m  evidence/PREHUMAN_T00_T42_FINAL_CHECKLIST/POSTFIX_STATICCHECK.jsonl
[32mD[m  evidence/PREHUMAN_T00_T42_FINAL_CHECKLIST/POSTFIX_TARGETED_FINDINGS_VERIFICATION.log
[32mD[m  evidence/PREHUMAN_T00_T42_FINAL_CHECKLIST/POSTFIX_TARGETED_REGRESSION_RAW.log
[32mD[m  evidence/PREHUMAN_T00_T42_FINAL_CHECKLIST/POSTFIX_WRAPPER_V3_FINAL_GITLEAKS.json
[32mD[m  evidence/PREHUMAN_T00_T42_FINAL_CHECKLIST/POSTFIX_WRAPPER_V3_FINAL_RESCAN_RAW.log
[32mD[m  evidence/PREHUMAN_T00_T42_FINAL_CHECKLIST/POSTFIX_WRAPPER_V3_RELEASE_GITLEAKS.json
[32mD[m  evidence/PREHUMAN_T00_T42_FINAL_CHECKLIST/POSTFIX_WRAPPER_V3_RELEASE_RESCAN_RAW.log
[32mD[m  evidence/PREHUMAN_T00_T42_FINAL_CHECKLIST/PREHUMAN_FINAL_ADDENDUM_PACKAGE_CHECK_RAW.log
[32mD[m  evidence/PREHUMAN_T00_T42_FINAL_CHECKLIST/PREHUMAN_FINAL_BUNDLE_REHYDRATION_RAW.log
[32mD[m  evidence/PREHUMAN_T00_T42_FINAL_CHECKLIST/PREHUMAN_FINAL_CHECKLIST_ADDENDUM.md
[32mD[m  evidence/PREHUMAN_T00_T42_FINAL_CHECKLIST/PREHUMAN_FINAL_CHECKLIST_SHA256SUMS
[32mD[m  evidence/PREHUMAN_T00_T42_FINAL_CHECKLIST/PREHUMAN_FINAL_EXIT_CHECKLIST_RAW.log
[32mD[m  evidence/PREHUMAN_T00_T42_FINAL_CHECKLIST/PREHUMAN_FINAL_FINDINGS_CLASSIFICATION.md
[32mD[m  evidence/PREHUMAN_T00_T42_FINAL_CHECKLIST/PREHUMAN_FINAL_GITLEAKS.json
[32mD[m  evidence/PREHUMAN_T00_T42_FINAL_CHECKLIST/PREHUMAN_FINAL_GITLEAKS_ADDENDUM.json
[32mD[m  evidence/PREHUMAN_T00_T42_FINAL_CHECKLIST/PREHUMAN_FINAL_GITLEAKS_ADDENDUM_RAW.log
[32mD[m  evidence/PREHUMAN_T00_T42_FINAL_CHECKLIST/PREHUMAN_FINAL_GOLANGCI_BASELINE.json
[32mD[m  evidence/PREHUMAN_T00_T42_FINAL_CHECKLIST/PREHUMAN_FINAL_GOLANGCI_HEAD.json
[32mD[m  evidence/PREHUMAN_T00_T42_FINAL_CHECKLIST/PREHUMAN_FINAL_GOLANGCI_NEW_FINDINGS_AUDIT_RAW.log
[32mD[m  evidence/PREHUMAN_T00_T42_FINAL_CHECKLIST/PREHUMAN_FINAL_GOSEC_BASELINE.json
[32mD[m  evidence/PREHUMAN_T00_T42_FINAL_CHECKLIST/PREHUMAN_FINAL_GOSEC_HEAD.json
[32mD[m  evidence/PREHUMAN_T00_T42_FINAL_CHECKLIST/PREHUMAN_FINAL_GOSEC_NORMALIZED.log
[32mD[m  evidence/PREHUMAN_T00_T42_FINAL_CHECKLIST/PREHUMAN_FINAL_LICENSE_INVENTORY.json
[32mD[m  evidence/PREHUMAN_T00_T42_FINAL_CHECKLIST/PREHUMAN_FINAL_LICENSE_INVENTORY_RAW.log
[32mD[m  evidence/PREHUMAN_T00_T42_FINAL_CHECKLIST/PREHUMAN_FINAL_LINTER_JSON_RAW.log
[32mD[m  evidence/PREHUMAN_T00_T42_FINAL_CHECKLIST/PREHUMAN_FINAL_PLAYWRIGHT_NOT_APPLICABLE.md
[32mD[m  evidence/PREHUMAN_T00_T42_FINAL_CHECKLIST/PREHUMAN_FINAL_QUALITY_DIFFERENTIAL_RAW.log
[32mD[m  evidence/PREHUMAN_T00_T42_FINAL_CHECKLIST/PREHUMAN_FINAL_QUALITY_NORMALIZED.log
[32mD[m  evidence/PREHUMAN_T00_T42_FINAL_CHECKLIST/PREHUMAN_FINAL_SBOM.cdx.json
[32mD[m  evidence/PREHUMAN_T00_T42_FINAL_CHECKLIST/PREHUMAN_FINAL_SBOM.spdx.json
[32mD[m  evidence/PREHUMAN_T00_T42_FINAL_CHECKLIST/PREHUMAN_FINAL_SECURITY_LICENSE_RAW.log
[32mD[m  evidence/PREHUMAN_T00_T42_FINAL_CHECKLIST/PREHUMAN_FINAL_STATICCHECK_BASELINE.jsonl
[32mD[m  evidence/PREHUMAN_T00_T42_FINAL_CHECKLIST/PREHUMAN_FINAL_STATICCHECK_HEAD.jsonl
[32mD[m  evidence/PREHUMAN_T00_T42_FINAL_CHECKLIST/PREHUMAN_FINAL_TRIVY_BASELINE.json
[32mD[m  evidence/PREHUMAN_T00_T42_FINAL_CHECKLIST/PREHUMAN_FINAL_TRIVY_HEAD.json
[32mD[m  evidence/PREHUMAN_T00_T42_FINAL_CHECKLIST/PREHUMAN_FINAL_TRIVY_NORMALIZED.log
[32mD[m  evidence/PREHUMAN_T00_T42_FINAL_CHECKLIST/PREHUMAN_FINAL_WRAPPER_V2_EXTRACTION_GITLEAKS.json
[32mD[m  evidence/PREHUMAN_T00_T42_FINAL_CHECKLIST/PREHUMAN_FINAL_WRAPPER_V2_EXTRACTION_RESCAN_RAW.log
[32mD[m  evidence/PREHUMAN_T00_T42_FINAL_CHECKLIST/PREHUMAN_FINAL_WRAPPER_V2_FINAL_EXTRACTION_GITLEAKS.json
[32mD[m  evidence/PREHUMAN_T00_T42_FINAL_CHECKLIST/PREHUMAN_FINAL_WRAPPER_V2_FINAL_EXTRACTION_RESCAN_RAW.log
[32mD[m  evidence/PREHUMAN_T00_T42_FINAL_CHECKLIST/PREHUMAN_FINAL_WRAPPER_V2_RELEASE_GITLEAKS.json
[32mD[m  evidence/PREHUMAN_T00_T42_FINAL_CHECKLIST/PREHUMAN_FINAL_WRAPPER_V2_RELEASE_RESCAN_RAW.log
[32mD[m  evidence/PREHUMAN_T00_T42_FINAL_CHECKLIST/PREHUMAN_T00_T42_MATRIX.md
[32mD[m  evidence/PREHUMAN_T00_T42_FINAL_CHECKLIST/SANDBOX_CAPACITY_DISCOVERY_RAW.log
[32mD[m  evidence/PREHUMAN_T00_T42_FINAL_CHECKLIST/compare_trivy.py
[32mD[m  evidence/PREHUMAN_T00_T42_FINAL_CHECKLIST/export_license_inventory.sh
[32mD[m  evidence/PREHUMAN_T00_T42_FINAL_CHECKLIST/normalize_final_gosec.py
[32mD[m  evidence/PREHUMAN_T00_T42_FINAL_CHECKLIST/normalize_final_quality.py
[32mD[m  evidence/PREHUMAN_T00_T42_FINAL_CHECKLIST/normalize_postfix_gosec.py
[32mD[m  evidence/PREHUMAN_T00_T42_FINAL_CHECKLIST/run_final_exit_checklist.sh
[32mD[m  evidence/PREHUMAN_T00_T42_FINAL_CHECKLIST/run_linter_json_diff.sh
[32mD[m  evidence/PREHUMAN_T00_T42_FINAL_CHECKLIST/run_postfix_qualification.sh
[32mD[m  evidence/PREHUMAN_T00_T42_FINAL_CHECKLIST/run_security_license_differential.sh
[32mD[m  evidence/PREHUMAN_T00_T42_FINAL_CHECKLIST/verify_postfix_targeted.py
[32mD[m  evidence/SELF_VALIDATION_V4/SELF_VALIDATION_ARTIFACTS_RAW.log
[32mD[m  evidence/SELF_VALIDATION_V4/SELF_VALIDATION_BASELINE_DISCOVERY_RAW.log
[32mD[m  evidence/SELF_VALIDATION_V4/SELF_VALIDATION_BUNDLE_DELTA_VERIFY.log
[32mD[m  evidence/SELF_VALIDATION_V4/SELF_VALIDATION_CLEANUP_VERIFICATION.log
[32mD[m  evidence/SELF_VALIDATION_V4/SELF_VALIDATION_CORE_SECURITY_RAW.log
[32mD[m  evidence/SELF_VALIDATION_V4/SELF_VALIDATION_DASHBOARD_QUALIFICATION_RAW.log
[32mD[m  evidence/SELF_VALIDATION_V4/SELF_VALIDATION_DIFF_CHECK.log
[32mD[m  evidence/SELF_VALIDATION_V4/SELF_VALIDATION_FINAL_METADATA_DIFF_CHECK.log
[32mD[m  evidence/SELF_VALIDATION_V4/SELF_VALIDATION_FINAL_NEW_DIFF_CHECK.log
[32mD[m  evidence/SELF_VALIDATION_V4/SELF_VALIDATION_FINDINGS_CLASSIFICATION.md
[32mD[m  evidence/SELF_VALIDATION_V4/SELF_VALIDATION_GITLEAKS_EXPLICIT_RANGE.json
[32mD[m  evidence/SELF_VALIDATION_V4/SELF_VALIDATION_GITLEAKS_EXPLICIT_RANGE.log
[32mD[m  evidence/SELF_VALIDATION_V4/SELF_VALIDATION_GITLEAKS_RANGE.json
[32mD[m  evidence/SELF_VALIDATION_V4/SELF_VALIDATION_GOSEC_BASELINE.json
[32mD[m  evidence/SELF_VALIDATION_V4/SELF_VALIDATION_GOSEC_BASELINE.log
[32mD[m  evidence/SELF_VALIDATION_V4/SELF_VALIDATION_GOSEC_COMPARE_SUMMARY.log
[32mD[m  evidence/SELF_VALIDATION_V4/SELF_VALIDATION_GOSEC_HEAD.json
[32mD[m  evidence/SELF_VALIDATION_V4/SELF_VALIDATION_GOSEC_HEAD.log
[32mD[m  evidence/SELF_VALIDATION_V4/SELF_VALIDATION_GOSEC_HEAD_COMPARE.json
[32mD[m  evidence/SELF_VALIDATION_V4/SELF_VALIDATION_GOSEC_HEAD_COMPARE.log
[32mD[m  evidence/SELF_VALIDATION_V4/SELF_VALIDATION_LAST_DIFF_CHECK.log
[32mD[m  evidence/SELF_VALIDATION_V4/SELF_VALIDATION_LFS_REHYDRATION.log
[32mD[m  evidence/SELF_VALIDATION_V4/SELF_VALIDATION_LICENSES.json
[32mD[m  evidence/SELF_VALIDATION_V4/SELF_VALIDATION_MANIFEST.md
[32mD[m  evidence/SELF_VALIDATION_V4/SELF_VALIDATION_PLAYWRIGHT_INSTALL.log
[32mD[m  evidence/SELF_VALIDATION_V4/SELF_VALIDATION_ROOT_SUMS_VERIFY.log
[32mD[m  evidence/SELF_VALIDATION_V4/SELF_VALIDATION_ROOT_SUMS_VERIFY_FINAL.log
[32mD[m  evidence/SELF_VALIDATION_V4/SELF_VALIDATION_ROOT_SUMS_VERIFY_FINAL2.log
[32mD[m  evidence/SELF_VALIDATION_V4/SELF_VALIDATION_ROOT_SUMS_VERIFY_UPLOAD_FINAL.log
[32mD[m  evidence/SELF_VALIDATION_V4/SELF_VALIDATION_SBOM.cdx.json
[32mD[m  evidence/SELF_VALIDATION_V4/SELF_VALIDATION_SBOM.spdx.json
[32mD[m  evidence/SELF_VALIDATION_V4/SELF_VALIDATION_SYNTHETIC_E2E_RAW.log
[32mD[m  evidence/SELF_VALIDATION_V4/SELF_VALIDATION_TRIVY.json
[32mD[m  evidence/SELF_VALIDATION_V4/SELF_VALIDATION_V4_NEW_DIFF_CHECK.log
[32mD[m  evidence/SELF_VALIDATION_V4/SHA256SUMS
[32mD[m  evidence/SELF_VALIDATION_V6/GITLEAKS_TREE_V6_1_638a39f6a97e908f1b37fdffc1eecb59a3ee77b3.json
[32mD[m  evidence/SELF_VALIDATION_V6/GITLEAKS_TREE_V6_1_638a39f6a97e908f1b37fdffc1eecb59a3ee77b3.log
[32mD[m  evidence/SELF_VALIDATION_V6/GITLEAKS_TREE_V6_2_d3bb8940a462f66cc816ba0a3eec64468f69a5fc.json
[32mD[m  evidence/SELF_VALIDATION_V6/GITLEAKS_TREE_V6_2_d3bb8940a462f66cc816ba0a3eec64468f69a5fc.log
[32mD[m  evidence/SELF_VALIDATION_V6/GITLEAKS_TREE_V6_3_e2fad936d49d35881760f1b15d72ee06802f7bd0.json
[32mD[m  evidence/SELF_VALIDATION_V6/GITLEAKS_TREE_V6_3_e2fad936d49d35881760f1b15d72ee06802f7bd0.log
[32mD[m  evidence/SELF_VALIDATION_V6/GITLEAKS_TREE_V6_4_fc080456711dd7f2266911aaec55041fdb1b424c.json
[32mD[m  evidence/SELF_VALIDATION_V6/GITLEAKS_TREE_V6_4_fc080456711dd7f2266911aaec55041fdb1b424c.log
[32mD[m  evidence/SELF_VALIDATION_V6/MANIFEST.md
[32mD[m  evidence/SELF_VALIDATION_V6/SELF_VALIDATION_V6_REPORT.md
[32mD[m  evidence/SELF_VALIDATION_V6/SHA256SUMS
[32mD[m  evidence/SELF_VALIDATION_V6/V6_AXE_RESULTS_AFTER.json
[32mD[m  evidence/SELF_VALIDATION_V6/V6_AXE_RESULTS_BEFORE.json
[32mD[m  evidence/SELF_VALIDATION_V6/V6_AXE_SUMMARY.py
[32mD[m  evidence/SELF_VALIDATION_V6/V6_BASELINE_DISCOVERY_RAW.log
[32mD[m  evidence/SELF_VALIDATION_V6/V6_BUNDLE_VERIFY.log
[32mD[m  evidence/SELF_VALIDATION_V6/V6_CLEANUP_VERIFICATION.log
[32mD[m  evidence/SELF_VALIDATION_V6/V6_CODE_DIFF.patch
[32mD[m  evidence/SELF_VALIDATION_V6/V6_DASHBOARD_BUILD.log
[32mD[m  evidence/SELF_VALIDATION_V6/V6_DASHBOARD_BUILD_AXE.log
[32mD[m  evidence/SELF_VALIDATION_V6/V6_DASHBOARD_INSTALL.log
[32mD[m  evidence/SELF_VALIDATION_V6/V6_DASHBOARD_TARGETED.log
[32mD[m  evidence/SELF_VALIDATION_V6/V6_DASHBOARD_TSC.log
[32mD[m  evidence/SELF_VALIDATION_V6/V6_DASHBOARD_TSC_AXE.log
[32mD[m  evidence/SELF_VALIDATION_V6/V6_FINAL_COUNTS.log
[32mD[m  evidence/SELF_VALIDATION_V6/V6_FULL_REQUALIFICATION_RAW.log
[32mD[m  evidence/SELF_VALIDATION_V6/V6_GITLEAKS_CHECKOUT.json
[32mD[m  evidence/SELF_VALIDATION_V6/V6_GITLEAKS_CHECKOUT.log
[32mD[m  evidence/SELF_VALIDATION_V6/V6_GITLEAKS_EXACT_EXCEPTION_TEST.json
[32mD[m  evidence/SELF_VALIDATION_V6/V6_GITLEAKS_EXACT_EXCEPTION_TEST.toml
[32mD[m  evidence/SELF_VALIDATION_V6/V6_GITLEAKS_EXTRACTED.json
[32mD[m  evidence/SELF_VALIDATION_V6/V6_GITLEAKS_FINAL.log
[32mD[m  evidence/SELF_VALIDATION_V6/V6_GITLEAKS_FRESH.json
[32mD[m  evidence/SELF_VALIDATION_V6/V6_GITLEAKS_FRESH.log
[32mD[m  evidence/SELF_VALIDATION_V6/V6_GITLEAKS_POST_V5_TREE_SCAN.log
[32mD[m  evidence/SELF_VALIDATION_V6/V6_GITLEAKS_RANGE.json
[32mD[m  evidence/SELF_VALIDATION_V6/V6_GITLEAKS_RANGE.log
[32mD[m  evidence/SELF_VALIDATION_V6/V6_GITLEAKS_TRIAGE.csv
[32mD[m  evidence/SELF_VALIDATION_V6/V6_GITLEAKS_TRIAGE_SUMMARY.md
[32mD[m  evidence/SELF_VALIDATION_V6/V6_GOLANGCI_AFTER_GO.json
[32mD[m  evidence/SELF_VALIDATION_V6/V6_GOLANGCI_AFTER_GO.log
[32mD[m  evidence/SELF_VALIDATION_V6/V6_GOLANGCI_AFTER_GO.stderr.log
[32mD[m  evidence/SELF_VALIDATION_V6/V6_GOLANGCI_AFTER_GO.stdout.log
[32mD[m  evidence/SELF_VALIDATION_V6/V6_GOLANGCI_AFTER_GO_SUMMARY.log
[32mD[m  evidence/SELF_VALIDATION_V6/V6_GOLANGCI_FINAL.json
[32mD[m  evidence/SELF_VALIDATION_V6/V6_GOLANGCI_FINAL.stderr.log
[32mD[m  evidence/SELF_VALIDATION_V6/V6_GOLANGCI_FINAL.stdout.log
[32mD[m  evidence/SELF_VALIDATION_V6/V6_GO_REMEDIATION_MAPPING.md
[32mD[m  evidence/SELF_VALIDATION_V6/V6_GRYPE_ARTIFACT_LOCATIONS.log
[32mD[m  evidence/SELF_VALIDATION_V6/V6_GRYPE_CYCLONEDX.json
[32mD[m  evidence/SELF_VALIDATION_V6/V6_GRYPE_CYCLONEDX_CLEAN.json
[32mD[m  evidence/SELF_VALIDATION_V6/V6_GRYPE_DEPENDENCY_TRIAGE_RAW.log
[32mD[m  evidence/SELF_VALIDATION_V6/V6_GRYPE_SPDX.json
[32mD[m  evidence/SELF_VALIDATION_V6/V6_GRYPE_SPDX_CLEAN.json
[32mD[m  evidence/SELF_VALIDATION_V6/V6_GRYPE_TRIAGE.md
[32mD[m  evidence/SELF_VALIDATION_V6/V6_LFS_CHECKOUT.log
[32mD[m  evidence/SELF_VALIDATION_V6/V6_LFS_FSCK_AFTER_PULL.log
[32mD[m  evidence/SELF_VALIDATION_V6/V6_LFS_FSCK_AFTER_V4_FETCH.log
[32mD[m  evidence/SELF_VALIDATION_V6/V6_LFS_TARGETED_FETCH_V4.log
[32mD[m  evidence/SELF_VALIDATION_V6/V6_LFS_TARGETED_PULL.log
[32mD[m  evidence/SELF_VALIDATION_V6/V6_LICENSE_INVENTORY.csv
[32mD[m  evidence/SELF_VALIDATION_V6/V6_LICENSE_INVENTORY.md
[32mD[m  evidence/SELF_VALIDATION_V6/V6_LICENSE_INVENTORY_RUN.log
[32mD[m  evidence/SELF_VALIDATION_V6/V6_OSV_SCANNER.json
[32mD[m  evidence/SELF_VALIDATION_V6/V6_OSV_SCANNER.log
[32mD[m  evidence/SELF_VALIDATION_V6/V6_OSV_SCANNER.stderr.log
[32mD[m  evidence/SELF_VALIDATION_V6/V6_OSV_SCANNER.stdout.log
[32mD[m  evidence/SELF_VALIDATION_V6/V6_OSV_SCANNER_FINAL.json
[32mD[m  evidence/SELF_VALIDATION_V6/V6_OSV_SCANNER_RUN.log
[32mD[m  evidence/SELF_VALIDATION_V6/V6_PLAYWRIGHT_AXE_RAW.log
[32mD[m  evidence/SELF_VALIDATION_V6/V6_REMAINING_FINDINGS.md
[32mD[m  evidence/SELF_VALIDATION_V6/V6_SBOM_CYCLONEDX.json
[32mD[m  evidence/SELF_VALIDATION_V6/V6_SBOM_CYCLONEDX_CLEAN.json
[32mD[m  evidence/SELF_VALIDATION_V6/V6_SBOM_GENERATION.log
[32mD[m  evidence/SELF_VALIDATION_V6/V6_SBOM_GRYPE_CLEAN_SUMMARY.log
[32mD[m  evidence/SELF_VALIDATION_V6/V6_SBOM_SPDX.json
[32mD[m  evidence/SELF_VALIDATION_V6/V6_SBOM_SPDX_CLEAN.json
[32mD[m  evidence/SELF_VALIDATION_V6/V6_SECURITY_DETAILS.log
[32mD[m  evidence/SELF_VALIDATION_V6/V6_SECURITY_SUMMARY.log
[32mD[m  evidence/SELF_VALIDATION_V6/V6_SEMGREP_AFTER.json
[32mD[m  evidence/SELF_VALIDATION_V6/V6_SEMGREP_AFTER.log
[32mD[m  evidence/SELF_VALIDATION_V6/V6_SEMGREP_AFTER.stderr.log
[32mD[m  evidence/SELF_VALIDATION_V6/V6_SEMGREP_AFTER.stdout.log
[32mD[m  evidence/SELF_VALIDATION_V6/V6_SEMGREP_RULES.yml
[32mD[m  evidence/SELF_VALIDATION_V6/V6_SEMGREP_TRIAGE.md
[32mD[m  evidence/SELF_VALIDATION_V6/V6_SYFT_CYCLONEDX.log
[32mD[m  evidence/SELF_VALIDATION_V6/V6_SYFT_CYCLONEDX_CLEAN.log
[32mD[m  evidence/SELF_VALIDATION_V6/V6_SYFT_SPDX.log
[32mD[m  evidence/SELF_VALIDATION_V6/V6_SYFT_SPDX_CLEAN.log
[32mD[m  evidence/SELF_VALIDATION_V6/V6_SYFT_VERSION.log
[32mD[m  evidence/SELF_VALIDATION_V6/V6_TARGETED_TESTS.log
[32mD[m  evidence/SELF_VALIDATION_V6/V6_TRIAGE_CONTEXTS_RAW.log
[32mD[m  evidence/SELF_VALIDATION_V6/V6_TRIVY_FS_FINAL.json
[32mD[m  evidence/SELF_VALIDATION_V6/V6_V5_COMPLEMENTS_ANALYSIS_INHERITED.md
[32mD[m  evidence/SELF_VALIDATION_V6/V6_V5_MANDATORY_ANALYSIS_INHERITED.md
[32mD[m  evidence/SELF_VALIDATION_V6/V6_V5_REPORT_INHERITED.md
[32mD[m  evidence/SELF_VALIDATION_V6/V6_VULN_SCAN_SUMMARY.log
[32mD[m  evidence/SELF_VALIDATION_V6/V6_WRAPPER_GITLEAKS_EXTRACTED_CONFIG.toml
[32mD[m  evidence/SELF_VALIDATION_V6/V6_XMOD_COMPATIBILITY_RAW.log
[32mD[m  evidence/SELF_VALIDATION_V6/V6_XMOD_DEPENDENCY_FINAL.log
[32mD[m  evidence/SELF_VALIDATION_V6/V6_XMOD_REMEDIATION_TESTS.log
[32mD[m  evidence/SELF_VALIDATION_V6/commit_list.txt
[32mD[m  evidence/SELF_VALIDATION_V6/forgelocal-t00-t42-self-validation-v6.delta.bundle
[32mD[m  evidence/SELF_VALIDATION_V6/forgelocal-t00-t42-self-validation-v6.delta.bundle.portable.sha256
[32mD[m  evidence/T28/BASELINE_DISCOVERY_RAW.log
[32mD[m  evidence/T28/CHANGELOG.md
[32mD[m  evidence/T28/FINAL_VALIDATION_RAW.log
[32mD[m  evidence/T28/GITLEAKS_BASELINE_EXTRACTION.json
[32mD[m  evidence/T28/GITLEAKS_DIFF_CORRECTED.json
[32mD[m  evidence/T28/GITLEAKS_DIFF_POST.json
[32mD[m  evidence/T28/GITLEAKS_DIFF_RANGE_CORRECTED.json
[32mD[m  evidence/T28/GITLEAKS_EXTRACTION.json
[32mD[m  evidence/T28/GITLEAKS_EXTRACTION_POST.json
[32mD[m  evidence/T28/GITLEAKS_FINAL_DIFF.json
[32mD[m  evidence/T28/GITLEAKS_FINAL_EXTRACTION.json
[32mD[m  evidence/T28/GITLEAKS_PROTECT_DIFF.json
[32mD[m  evidence/T28/GOSEC_BASELINE.json
[32mD[m  evidence/T28/GOSEC_FINAL_T28_EXTENSIONS.json
[32mD[m  evidence/T28/GOSEC_HEAD.json
[32mD[m  evidence/T28/GOSEC_HEAD_CORRECTED.json
[32mD[m  evidence/T28/GOSEC_T28_API.json
[32mD[m  evidence/T28/GOSEC_T28_API_PACKAGE.json
[32mD[m  evidence/T28/GOSEC_T28_API_PACKAGE_AFTER.json
[32mD[m  evidence/T28/GOSEC_T28_API_POST.json
[32mD[m  evidence/T28/GOSEC_T28_EXTENSIONS.json
[32mD[m  evidence/T28/GOSEC_T28_EXTENSIONS_CORRECTED.json
[32mD[m  evidence/T28/GOSEC_T28_EXTENSIONS_POST.json
[32mD[m  evidence/T28/GO_GLOBAL_VALIDATION_POST_IMPLEMENTATION_RAW.log
[32mD[m  evidence/T28/GO_GLOBAL_VALIDATION_RAW.log
[32mD[m  evidence/T28/PACKAGE_HASHES.txt
[32mD[m  evidence/T28/REGISTER.md
[32mD[m  evidence/T28/SBOM_FINAL.spdx.json
[32mD[m  evidence/T28/SBOM_HEAD.spdx.json
[32mD[m  evidence/T28/SCANS_RAW.log
[32mD[m  evidence/T28/SCAN_DECISION.md
[32mD[m  evidence/T28/T28_PUBLIC_VERIFY_CORRECTED_RAW.log
[32mD[m  evidence/T28/T28_PUBLIC_VERIFY_RAW.log
[32mD[m  evidence/T28/t28-local-extensions-controlled-v1.zip
[32mD[m  evidence/T28/t28-local-extensions-controlled-v1.zip.portable.sha256
[32mD[m  evidence/T28/t28-local-extensions-controlled.delta.bundle
[32mD[m  evidence/T28/t28-local-extensions-controlled.delta.bundle.portable.sha256
[32mD[m  evidence/T28/todo.md
[32mD[m  evidence/T28_T42_CORRECTION/01_git_fsck.log
[32mD[m  evidence/T28_T42_CORRECTION/02_go_test_race.log
[32mD[m  evidence/T28_T42_CORRECTION/03_go_vet.log
[32mD[m  evidence/T28_T42_CORRECTION/04_go_build.log
[32mD[m  evidence/T28_T42_CORRECTION/05_git_diff_check.log
[32mD[m  evidence/T28_T42_CORRECTION/06_gitleaks.json
[32mD[m  evidence/T28_T42_CORRECTION/06_gitleaks_cumulative.log
[32mD[m  evidence/T28_T42_CORRECTION/07_gosec_baseline.json
[32mD[m  evidence/T28_T42_CORRECTION/07_gosec_baseline.log
[32mD[m  evidence/T28_T42_CORRECTION/08_gosec_head.json
[32mD[m  evidence/T28_T42_CORRECTION/08_gosec_head.log
[32mD[m  evidence/T28_T42_CORRECTION/09_gosec_comparison_normalized.log
[32mD[m  evidence/T28_T42_CORRECTION/CORRECTION_DELTA_REFS.log
[32mD[m  evidence/T28_T42_CORRECTION/CORRECTION_EXTRACTED_RESCAN.json
[32mD[m  evidence/T28_T42_CORRECTION/CORRECTION_EXTRACTED_RESCAN_STATUS.log
[32mD[m  evidence/T28_T42_CORRECTION/CORRECTION_FRESH_CLONE_DELIVERY.md
[32mD[m  evidence/T28_T42_CORRECTION/CORRECTION_REFS.log
[32mD[m  evidence/T28_T42_CORRECTION/T28_T42_CORRECTION_MANIFEST_SHA256SUMS
[32mD[m  evidence/T28_T42_CORRECTION/forgelocal-t28-t42-correction.delta.bundle
[32mD[m  evidence/T28_T42_CORRECTION/forgelocal-t28-t42-correction.delta.bundle.portable.sha256
[32mD[m  evidence/T28_T42_CORRECTION/forgelocal-t28-t42-evidence-correction.zip
[32mD[m  evidence/T28_T42_CORRECTION/forgelocal-t28-t42-evidence-correction.zip.portable.sha256
[32mD[m  evidence/T28_T42_CORRECTION/forgelocal-t28-t42-evidence-correction.zip.sha256
[32mD[m  evidence/T28_T42_CORRECTION_V2/CORRECTION_V2_DELIVERY.md
[32mD[m  evidence/T28_T42_CORRECTION_V2/CORRECTION_V2_REFS.log
[32mD[m  evidence/T28_T42_CORRECTION_V2/T28_T42_CORRECTION_V2_MANIFEST_SHA256SUMS
[32mD[m  evidence/T28_T42_CORRECTION_V2/forgelocal-t28-t42-correction-v2.delta.bundle
[32mD[m  evidence/T28_T42_CORRECTION_V2/forgelocal-t28-t42-correction-v2.delta.bundle.portable.sha256
[32mD[m  evidence/T28_T42_CORRECTION_V2/forgelocal-t28-t42-evidence-correction-v2.zip
[32mD[m  evidence/T28_T42_CORRECTION_V2/forgelocal-t28-t42-evidence-correction-v2.zip.portable.sha256
[32mD[m  evidence/T28_T42_CORRECTION_V2/forgelocal-t28-t42-evidence-correction-v2.zip.sha256
[32mD[m  evidence/T31/BASELINE_RECONSTRUCTION_POSTHOC_RAW.log
[32mD[m  evidence/T31/T31_DELIVERY.md
[32mD[m  evidence/T31/T31_MANIFEST_SHA256SUMS
[32mD[m  evidence/T31/forgelocal-t31-canvas-webgl-audio.bundle
[32mD[m  evidence/T31/forgelocal-t31-canvas-webgl-audio.bundle.portable.sha256
[32mD[m  evidence/T31/forgelocal-t31-canvas-webgl-audio.bundle.sha256
[32mD[m  evidence/T31/forgelocal-t31-evidence.zip
[32mD[m  evidence/T31/forgelocal-t31-evidence.zip.portable.sha256
[32mD[m  evidence/T31/forgelocal-t31-evidence.zip.sha256
[32mD[m  evidence/T32/BASELINE_RECONSTRUCTION_POSTHOC_RAW.log
[32mD[m  evidence/T32/T32_DELIVERY.md
[32mD[m  evidence/T32/T32_GITLEAKS_DELTA.json
[32mD[m  evidence/T32/T32_GITLEAKS_DELTA.log
[32mD[m  evidence/T32/T32_GO_BUILD.log
[32mD[m  evidence/T32/T32_GO_TEST_RACE.log
[32mD[m  evidence/T32/T32_GO_VET.log
[32mD[m  evidence/T32/T32_MANIFEST_SHA256SUMS
[32mD[m  evidence/T32/T32_REFS.log
[32mD[m  evidence/T32/forgelocal-t32-client-rects.bundle
[32mD[m  evidence/T32/forgelocal-t32-client-rects.bundle.portable.sha256
[32mD[m  evidence/T32/forgelocal-t32-client-rects.bundle.sha256
[32mD[m  evidence/T32/forgelocal-t32-evidence.zip
[32mD[m  evidence/T32/forgelocal-t32-evidence.zip.portable.sha256
[32mD[m  evidence/T32/forgelocal-t32-evidence.zip.sha256
[32mD[m  evidence/T33/BASELINE_RECONSTRUCTION_POSTHOC_RAW.log
[32mD[m  evidence/T33/T33_DELIVERY.md
[32mD[m  evidence/T33/T33_GITLEAKS_DELTA.json
[32mD[m  evidence/T33/T33_GITLEAKS_DELTA.log
[32mD[m  evidence/T33/T33_GO_BUILD.log
[32mD[m  evidence/T33/T33_GO_TEST_RACE.log
[32mD[m  evidence/T33/T33_GO_VET.log
[32mD[m  evidence/T33/T33_MANIFEST_SHA256SUMS
[32mD[m  evidence/T33/T33_REFS.log
[32mD[m  evidence/T33/forgelocal-t33-evidence.zip
[32mD[m  evidence/T33/forgelocal-t33-evidence.zip.portable.sha256
[32mD[m  evidence/T33/forgelocal-t33-evidence.zip.sha256
[32mD[m  evidence/T33/forgelocal-t33-synthetic-geolocation.bundle
[32mD[m  evidence/T33/forgelocal-t33-synthetic-geolocation.bundle.portable.sha256
[32mD[m  evidence/T33/forgelocal-t33-synthetic-geolocation.bundle.sha256
[32mD[m  evidence/T34/BASELINE_RECONSTRUCTION_POSTHOC_RAW.log
[32mD[m  evidence/T34/T34_DELIVERY.md
[32mD[m  evidence/T34/T34_GITLEAKS_DELTA.json
[32mD[m  evidence/T34/T34_GITLEAKS_DELTA.log
[32mD[m  evidence/T34/T34_GO_BUILD.log
[32mD[m  evidence/T34/T34_GO_TEST_RACE.log
[32mD[m  evidence/T34/T34_GO_VET.log
[32mD[m  evidence/T34/T34_MANIFEST_SHA256SUMS
[32mD[m  evidence/T34/T34_REFS.log
[32mD[m  evidence/T34/forgelocal-t34-evidence.zip
[32mD[m  evidence/T34/forgelocal-t34-evidence.zip.portable.sha256
[32mD[m  evidence/T34/forgelocal-t34-evidence.zip.sha256
[32mD[m  evidence/T34/forgelocal-t34-hardware-diagnostics.bundle
[32mD[m  evidence/T34/forgelocal-t34-hardware-diagnostics.bundle.portable.sha256
[32mD[m  evidence/T34/forgelocal-t34-hardware-diagnostics.bundle.sha256
[32mD[m  evidence/T35/BASELINE_RECONSTRUCTION_POSTHOC_RAW.log
[32mD[m  evidence/T35/T35_DELIVERY.md
[32mD[m  evidence/T35/T35_GITLEAKS_DELTA.json
[32mD[m  evidence/T35/T35_GITLEAKS_DELTA.log
[32mD[m  evidence/T35/T35_GO_BUILD.log
[32mD[m  evidence/T35/T35_GO_TEST_RACE.log
[32mD[m  evidence/T35/T35_GO_VET.log
[32mD[m  evidence/T35/T35_MANIFEST_SHA256SUMS
[32mD[m  evidence/T35/T35_REFS.log
[32mD[m  evidence/T35/forgelocal-t35-evidence.zip
[32mD[m  evidence/T35/forgelocal-t35-evidence.zip.portable.sha256
[32mD[m  evidence/T35/forgelocal-t35-evidence.zip.sha256
[32mD[m  evidence/T35/forgelocal-t35-font-bundle.bundle
[32mD[m  evidence/T35/forgelocal-t35-font-bundle.bundle.portable.sha256
[32mD[m  evidence/T35/forgelocal-t35-font-bundle.bundle.sha256
[32mD[m  evidence/T36/BASELINE_RECONSTRUCTION_POSTHOC_RAW.log
[32mD[m  evidence/T36/T36_DELIVERY.md
[32mD[m  evidence/T36/T36_GITLEAKS_DELTA.json
[32mD[m  evidence/T36/T36_GITLEAKS_DELTA.log
[32mD[m  evidence/T36/T36_GO_BUILD.log
[32mD[m  evidence/T36/T36_GO_TEST_RACE.log
[32mD[m  evidence/T36/T36_GO_VET.log
[32mD[m  evidence/T36/T36_MANIFEST_SHA256SUMS
[32mD[m  evidence/T36/T36_REFS.log
[32mD[m  evidence/T36/forgelocal-t36-drift-detection.bundle
[32mD[m  evidence/T36/forgelocal-t36-drift-detection.bundle.portable.sha256
[32mD[m  evidence/T36/forgelocal-t36-drift-detection.bundle.sha256
[32mD[m  evidence/T36/forgelocal-t36-evidence.zip
[32mD[m  evidence/T36/forgelocal-t36-evidence.zip.portable.sha256
[32mD[m  evidence/T36/forgelocal-t36-evidence.zip.sha256
[32mD[m  evidence/T37/BASELINE_RECONSTRUCTION_POSTHOC_RAW.log
[32mD[m  evidence/T37/T37_DELIVERY.md
[32mD[m  evidence/T37/T37_GITLEAKS_DELTA.json
[32mD[m  evidence/T37/T37_GITLEAKS_DELTA.log
[32mD[m  evidence/T37/T37_GO_BUILD.log
[32mD[m  evidence/T37/T37_GO_TEST_RACE.log
[32mD[m  evidence/T37/T37_GO_VET.log
[32mD[m  evidence/T37/T37_MANIFEST_SHA256SUMS
[32mD[m  evidence/T37/T37_REFS.log
[32mD[m  evidence/T37/forgelocal-t37-evidence.zip
[32mD[m  evidence/T37/forgelocal-t37-evidence.zip.portable.sha256
[32mD[m  evidence/T37/forgelocal-t37-evidence.zip.sha256
[32mD[m  evidence/T37/forgelocal-t37-profile-health.bundle
[32mD[m  evidence/T37/forgelocal-t37-profile-health.bundle.portable.sha256
[32mD[m  evidence/T37/forgelocal-t37-profile-health.bundle.sha256
[32mD[m  evidence/T38/BASELINE_RECONSTRUCTION_POSTHOC_RAW.log
[32mD[m  evidence/T38/T38_DELIVERY.md
[32mD[m  evidence/T38/T38_GITLEAKS_DELTA.json
[32mD[m  evidence/T38/T38_GITLEAKS_DELTA.log
[32mD[m  evidence/T38/T38_GO_BUILD.log
[32mD[m  evidence/T38/T38_GO_TEST_RACE.log
[32mD[m  evidence/T38/T38_GO_VET.log
[32mD[m  evidence/T38/T38_MANIFEST_SHA256SUMS
[32mD[m  evidence/T38/T38_REFS.log
[32mD[m  evidence/T38/forgelocal-t38-evidence.zip
[32mD[m  evidence/T38/forgelocal-t38-evidence.zip.portable.sha256
[32mD[m  evidence/T38/forgelocal-t38-evidence.zip.sha256
[32mD[m  evidence/T38/forgelocal-t38-session-lifecycle.bundle
[32mD[m  evidence/T38/forgelocal-t38-session-lifecycle.bundle.portable.sha256
[32mD[m  evidence/T38/forgelocal-t38-session-lifecycle.bundle.sha256
[32mD[m  evidence/T39/T39_DELIVERY.md
[32mD[m  evidence/T39/T39_GITLEAKS_DELTA.json
[32mD[m  evidence/T39/T39_GITLEAKS_DELTA.log
[32mD[m  evidence/T39/T39_GO_BUILD.log
[32mD[m  evidence/T39/T39_GO_TEST_RACE.log
[32mD[m  evidence/T39/T39_GO_VET.log
[32mD[m  evidence/T39/T39_MANIFEST_SHA256SUMS
[32mD[m  evidence/T39/T39_REFS.log
[32mD[m  evidence/T39/forgelocal-t39-blocked.bundle
[32mD[m  evidence/T39/forgelocal-t39-blocked.bundle.sha256
[32mD[m  evidence/T39/forgelocal-t39-evidence.zip
[32mD[m  evidence/T39/forgelocal-t39-evidence.zip.sha256
[32mD[m  evidence/T40/T40_DELIVERY.md
[32mD[m  evidence/T40/T40_GITLEAKS_DELTA.json
[32mD[m  evidence/T40/T40_GITLEAKS_DELTA.log
[32mD[m  evidence/T40/T40_GO_BUILD.log
[32mD[m  evidence/T40/T40_GO_TEST_RACE.log
[32mD[m  evidence/T40/T40_GO_VET.log
[32mD[m  evidence/T40/T40_MANIFEST_SHA256SUMS
[32mD[m  evidence/T40/T40_REFS.log
[32mD[m  evidence/T40/forgelocal-t40-evidence.zip
[32mD[m  evidence/T40/forgelocal-t40-evidence.zip.sha256
[32mD[m  evidence/T40/forgelocal-t40-integration-gated.bundle
[32mD[m  evidence/T40/forgelocal-t40-integration-gated.bundle.sha256
[32mD[m  evidence/T41/T41_DELIVERY.md
[32mD[m  evidence/T41/T41_GITLEAKS_T41_ONLY.json
[32mD[m  evidence/T41/T41_GITLEAKS_T41_ONLY.log
[32mD[m  evidence/T41/T41_GO_BUILD.log
[32mD[m  evidence/T41/T41_GO_TEST_RACE.log
[32mD[m  evidence/T41/T41_GO_VET.log
[32mD[m  evidence/T41/T41_MANIFEST_SHA256SUMS
[32mD[m  evidence/T41/T41_REFS.log
[32mD[m  evidence/T41/forgelocal-t41-delta.bundle
[32mD[m  evidence/T41/forgelocal-t41-delta.bundle.sha256
[32mD[m  evidence/T41/forgelocal-t41-evidence-compact.zip
[32mD[m  evidence/T41/forgelocal-t41-evidence-compact.zip.sha256
[32mD[m  evidence/T42/T42_GITLEAKS_CUMULATIVE.json
[32mD[m  evidence/T42/T42_GITLEAKS_CUMULATIVE.log
[32mD[m  evidence/T42/T42_GITLEAKS_T42_ONLY.json
[32mD[m  evidence/T42/T42_GITLEAKS_T42_ONLY.log
[32mD[m  evidence/T42/T42_GO_BUILD.log
[32mD[m  evidence/T42/T42_GO_TEST_RACE.log
[32mD[m  evidence/T42/T42_GO_VET.log
[32mD[m  evidence/T42/T42_MANIFEST_SHA256SUMS
[32mD[m  evidence/T42/T42_REFS.log
[32mD[m  evidence/T42/forgelocal-t42-compact.bundle
[32mD[m  evidence/T42/forgelocal-t42-compact.bundle.portable.sha256
[32mD[m  evidence/T42/forgelocal-t42-compact.bundle.sha256
[32mD[m  evidence/T42/forgelocal-t42-evidence-compact.zip
[32mD[m  evidence/T42/forgelocal-t42-evidence-compact.zip.portable.sha256
[32mD[m  evidence/T42/forgelocal-t42-evidence-compact.zip.sha256
[32mD[m  evidence/T42_DELIVERY.md
[32mD[m  evidence/V6_FREEZE/V6_FREEZE_BASELINE_DISCOVERY_RAW.log
[32mD[m  evidence/V6_FREEZE/V6_FREEZE_DIFFCHECK_PATHS.txt
[32mD[m  evidence/V6_FREEZE/V6_FREEZE_SCOPE_CONFIRMATION.log
[32mD[m  evidence/V6_HISTORY/SELF_VALIDATION_V5/01_baseline_environment.log
[32mD[m  evidence/V6_HISTORY/SELF_VALIDATION_V5/02_clone.log
[32mD[m  evidence/V6_HISTORY/SELF_VALIDATION_V5/03_fetch_baseline.log
[32mD[m  evidence/V6_HISTORY/SELF_VALIDATION_V5/04_refs_and_ancestor.log
[32mD[m  evidence/V6_HISTORY/SELF_VALIDATION_V5/05_commit_list.log
[32mD[m  evidence/V6_HISTORY/SELF_VALIDATION_V5/06_commit_hashes.log
[32mD[m  evidence/V6_HISTORY/SELF_VALIDATION_V5/07_gitleaks_replay.log
[32mD[m  evidence/V6_HISTORY/SELF_VALIDATION_V5/AXE_INSTALL.log
[32mD[m  evidence/V6_HISTORY/SELF_VALIDATION_V5/GITLEAKS_EXPLICIT_TREE_SCAN.log
[32mD[m  evidence/V6_HISTORY/SELF_VALIDATION_V5/GITLEAKS_FRESH_CHECKOUT.json
[32mD[m  evidence/V6_HISTORY/SELF_VALIDATION_V5/GITLEAKS_FRESH_CHECKOUT.log
[32mD[m  evidence/V6_HISTORY/SELF_VALIDATION_V5/GITLEAKS_IMMUTABLE_RANGE.json
[32mD[m  evidence/V6_HISTORY/SELF_VALIDATION_V5/GITLEAKS_IMMUTABLE_RANGE.log
[32mD[m  evidence/V6_HISTORY/SELF_VALIDATION_V5/GITLEAKS_TREE_10_1ab112bce8189c54070c38e218783e6835b93a9e.json
[32mD[m  evidence/V6_HISTORY/SELF_VALIDATION_V5/GITLEAKS_TREE_10_1ab112bce8189c54070c38e218783e6835b93a9e.log
[32mD[m  evidence/V6_HISTORY/SELF_VALIDATION_V5/GITLEAKS_TREE_11_c7f66da0da6f547813d10826dfd7772ad7e0f4b6.json
[32mD[m  evidence/V6_HISTORY/SELF_VALIDATION_V5/GITLEAKS_TREE_11_c7f66da0da6f547813d10826dfd7772ad7e0f4b6.log
[32mD[m  evidence/V6_HISTORY/SELF_VALIDATION_V5/GITLEAKS_TREE_12_6519e84c13f7ae89cae7711d1ff0e568b6b3767e.json
[32mD[m  evidence/V6_HISTORY/SELF_VALIDATION_V5/GITLEAKS_TREE_12_6519e84c13f7ae89cae7711d1ff0e568b6b3767e.log
[32mD[m  evidence/V6_HISTORY/SELF_VALIDATION_V5/GITLEAKS_TREE_13_891b2d166a30a96d5ca872b473251ed1a3706ba3.json
[32mD[m  evidence/V6_HISTORY/SELF_VALIDATION_V5/GITLEAKS_TREE_13_891b2d166a30a96d5ca872b473251ed1a3706ba3.log
[32mD[m  evidence/V6_HISTORY/SELF_VALIDATION_V5/GITLEAKS_TREE_14_5085e6ac95d11649a74fb7137c6fca0b5ce7253a.json
[32mD[m  evidence/V6_HISTORY/SELF_VALIDATION_V5/GITLEAKS_TREE_14_5085e6ac95d11649a74fb7137c6fca0b5ce7253a.log
[32mD[m  evidence/V6_HISTORY/SELF_VALIDATION_V5/GITLEAKS_TREE_15_099ff7bbf384ff900ec44fc3e9aafd1fc273f0dd.json
[32mD[m  evidence/V6_HISTORY/SELF_VALIDATION_V5/GITLEAKS_TREE_15_099ff7bbf384ff900ec44fc3e9aafd1fc273f0dd.log
[32mD[m  evidence/V6_HISTORY/SELF_VALIDATION_V5/GITLEAKS_TREE_16_bfde794614effeedca281d4eb279632780901aa8.json
[32mD[m  evidence/V6_HISTORY/SELF_VALIDATION_V5/GITLEAKS_TREE_16_bfde794614effeedca281d4eb279632780901aa8.log
[32mD[m  evidence/V6_HISTORY/SELF_VALIDATION_V5/GITLEAKS_TREE_17_c0ad051c77e153b3ec4435fbc7ff98e30b96969b.json
[32mD[m  evidence/V6_HISTORY/SELF_VALIDATION_V5/GITLEAKS_TREE_17_c0ad051c77e153b3ec4435fbc7ff98e30b96969b.log
[32mD[m  evidence/V6_HISTORY/SELF_VALIDATION_V5/GITLEAKS_TREE_18_57fc8114bf360697bb075bb95d7062d5a2d49134.json
[32mD[m  evidence/V6_HISTORY/SELF_VALIDATION_V5/GITLEAKS_TREE_18_57fc8114bf360697bb075bb95d7062d5a2d49134.log
[32mD[m  evidence/V6_HISTORY/SELF_VALIDATION_V5/GITLEAKS_TREE_19_f8fcfa02935a62fa66c3e22bb6bd5a01493f2f62.json
[32mD[m  evidence/V6_HISTORY/SELF_VALIDATION_V5/GITLEAKS_TREE_19_f8fcfa02935a62fa66c3e22bb6bd5a01493f2f62.log
[32mD[m  evidence/V6_HISTORY/SELF_VALIDATION_V5/GITLEAKS_TREE_1_4f415ebdac686cf9cec4f5957c67c8beaf4b3888.json
[32mD[m  evidence/V6_HISTORY/SELF_VALIDATION_V5/GITLEAKS_TREE_1_4f415ebdac686cf9cec4f5957c67c8beaf4b3888.log
[32mD[m  evidence/V6_HISTORY/SELF_VALIDATION_V5/GITLEAKS_TREE_20_60ca2a8839ca4226157f5629012f14b7964e363d.json
[32mD[m  evidence/V6_HISTORY/SELF_VALIDATION_V5/GITLEAKS_TREE_20_60ca2a8839ca4226157f5629012f14b7964e363d.log
[32mD[m  evidence/V6_HISTORY/SELF_VALIDATION_V5/GITLEAKS_TREE_21_08061f1e55a0bba01a4a28df66dc852e8f345ade.json
[32mD[m  evidence/V6_HISTORY/SELF_VALIDATION_V5/GITLEAKS_TREE_21_08061f1e55a0bba01a4a28df66dc852e8f345ade.log
[32mD[m  evidence/V6_HISTORY/SELF_VALIDATION_V5/GITLEAKS_TREE_22_61a91ee68bb26994948fa5e0b8a2e67b987dd9e8.json
[32mD[m  evidence/V6_HISTORY/SELF_VALIDATION_V5/GITLEAKS_TREE_22_61a91ee68bb26994948fa5e0b8a2e67b987dd9e8.log
[32mD[m  evidence/V6_HISTORY/SELF_VALIDATION_V5/GITLEAKS_TREE_23_077ba90b2c522415aeefdc2d651c457b8c59683d.json
[32mD[m  evidence/V6_HISTORY/SELF_VALIDATION_V5/GITLEAKS_TREE_23_077ba90b2c522415aeefdc2d651c457b8c59683d.log
[32mD[m  evidence/V6_HISTORY/SELF_VALIDATION_V5/GITLEAKS_TREE_24_8227337b84e3986eb813cdfed2c27716c2d3501b.json
[32mD[m  evidence/V6_HISTORY/SELF_VALIDATION_V5/GITLEAKS_TREE_24_8227337b84e3986eb813cdfed2c27716c2d3501b.log
[32mD[m  evidence/V6_HISTORY/SELF_VALIDATION_V5/GITLEAKS_TREE_25_944376fd1c9d22dad44730854ce4b2d6203c743b.json
[32mD[m  evidence/V6_HISTORY/SELF_VALIDATION_V5/GITLEAKS_TREE_25_944376fd1c9d22dad44730854ce4b2d6203c743b.log
[32mD[m  evidence/V6_HISTORY/SELF_VALIDATION_V5/GITLEAKS_TREE_26_0e2b45a0b05ca7e03fd7bb514027c87d618a957f.json
[32mD[m  evidence/V6_HISTORY/SELF_VALIDATION_V5/GITLEAKS_TREE_26_0e2b45a0b05ca7e03fd7bb514027c87d618a957f.log
[32mD[m  evidence/V6_HISTORY/SELF_VALIDATION_V5/GITLEAKS_TREE_27_6489af39a4ac4f91f9f7dc1435f10b2bd10dfdc0.json
[32mD[m  evidence/V6_HISTORY/SELF_VALIDATION_V5/GITLEAKS_TREE_27_6489af39a4ac4f91f9f7dc1435f10b2bd10dfdc0.log
[32mD[m  evidence/V6_HISTORY/SELF_VALIDATION_V5/GITLEAKS_TREE_28_bb9375214bd05cf7b364ea332f6ddb5a59767fae.json
[32mD[m  evidence/V6_HISTORY/SELF_VALIDATION_V5/GITLEAKS_TREE_28_bb9375214bd05cf7b364ea332f6ddb5a59767fae.log
[32mD[m  evidence/V6_HISTORY/SELF_VALIDATION_V5/GITLEAKS_TREE_29_dd1240472dd566fe4eeedcbe4206791c41f7b0b0.json
[32mD[m  evidence/V6_HISTORY/SELF_VALIDATION_V5/GITLEAKS_TREE_29_dd1240472dd566fe4eeedcbe4206791c41f7b0b0.log
[32mD[m  evidence/V6_HISTORY/SELF_VALIDATION_V5/GITLEAKS_TREE_2_5d100a0d0a8f51f4a99bb02a995ab18e32c25889.json
[32mD[m  evidence/V6_HISTORY/SELF_VALIDATION_V5/GITLEAKS_TREE_2_5d100a0d0a8f51f4a99bb02a995ab18e32c25889.log
[32mD[m  evidence/V6_HISTORY/SELF_VALIDATION_V5/GITLEAKS_TREE_30_8dfbe18355e6fa481e8c6f773e5d4bfad6437a83.json
[32mD[m  evidence/V6_HISTORY/SELF_VALIDATION_V5/GITLEAKS_TREE_30_8dfbe18355e6fa481e8c6f773e5d4bfad6437a83.log
[32mD[m  evidence/V6_HISTORY/SELF_VALIDATION_V5/GITLEAKS_TREE_31_c61118ed2d5c2221ae6f34f28a11962624bb7094.json
[32mD[m  evidence/V6_HISTORY/SELF_VALIDATION_V5/GITLEAKS_TREE_31_c61118ed2d5c2221ae6f34f28a11962624bb7094.log
[32mD[m  evidence/V6_HISTORY/SELF_VALIDATION_V5/GITLEAKS_TREE_32_59882a9bcac8755c0fb8a294be32a6b1d1ff4598.json
[32mD[m  evidence/V6_HISTORY/SELF_VALIDATION_V5/GITLEAKS_TREE_32_59882a9bcac8755c0fb8a294be32a6b1d1ff4598.log
[32mD[m  evidence/V6_HISTORY/SELF_VALIDATION_V5/GITLEAKS_TREE_33_71a41567b98eb65d7cb250043082473d92530395.json
[32mD[m  evidence/V6_HISTORY/SELF_VALIDATION_V5/GITLEAKS_TREE_33_71a41567b98eb65d7cb250043082473d92530395.log
[32mD[m  evidence/V6_HISTORY/SELF_VALIDATION_V5/GITLEAKS_TREE_34_aa501b179e2917f306828e86aa83bf6cedc41ac7.json
[32mD[m  evidence/V6_HISTORY/SELF_VALIDATION_V5/GITLEAKS_TREE_34_aa501b179e2917f306828e86aa83bf6cedc41ac7.log
[32mD[m  evidence/V6_HISTORY/SELF_VALIDATION_V5/GITLEAKS_TREE_35_59a732b516fcf265aac7b5ca875c2cd6a0683cdd.json
[32mD[m  evidence/V6_HISTORY/SELF_VALIDATION_V5/GITLEAKS_TREE_35_59a732b516fcf265aac7b5ca875c2cd6a0683cdd.log
[32mD[m  evidence/V6_HISTORY/SELF_VALIDATION_V5/GITLEAKS_TREE_36_6ae02e4ceed239b9310fbf3fccb1b5170117251e.json
[32mD[m  evidence/V6_HISTORY/SELF_VALIDATION_V5/GITLEAKS_TREE_36_6ae02e4ceed239b9310fbf3fccb1b5170117251e.log
[32mD[m  evidence/V6_HISTORY/SELF_VALIDATION_V5/GITLEAKS_TREE_37_cf280858b345e2fd566d391590f23d8cfa6bbe6d.json
[32mD[m  evidence/V6_HISTORY/SELF_VALIDATION_V5/GITLEAKS_TREE_37_cf280858b345e2fd566d391590f23d8cfa6bbe6d.log
[32mD[m  evidence/V6_HISTORY/SELF_VALIDATION_V5/GITLEAKS_TREE_38_b9bbb0366e2a773da22fb10476a922f0471edd79.json
[32mD[m  evidence/V6_HISTORY/SELF_VALIDATION_V5/GITLEAKS_TREE_38_b9bbb0366e2a773da22fb10476a922f0471edd79.log
[32mD[m  evidence/V6_HISTORY/SELF_VALIDATION_V5/GITLEAKS_TREE_39_cd6a95c66c029adf2140784491b06b8d9bf64fce.json
[32mD[m  evidence/V6_HISTORY/SELF_VALIDATION_V5/GITLEAKS_TREE_39_cd6a95c66c029adf2140784491b06b8d9bf64fce.log
[32mD[m  evidence/V6_HISTORY/SELF_VALIDATION_V5/GITLEAKS_TREE_3_cbf3a502b3fd37c48798ec67a3a6d4edd5d4a5fb.json
[32mD[m  evidence/V6_HISTORY/SELF_VALIDATION_V5/GITLEAKS_TREE_3_cbf3a502b3fd37c48798ec67a3a6d4edd5d4a5fb.log
[32mD[m  evidence/V6_HISTORY/SELF_VALIDATION_V5/GITLEAKS_TREE_40_631605ba136ff864d23e9674ca6adb4a8df0b740.json
[32mD[m  evidence/V6_HISTORY/SELF_VALIDATION_V5/GITLEAKS_TREE_40_631605ba136ff864d23e9674ca6adb4a8df0b740.log
[32mD[m  evidence/V6_HISTORY/SELF_VALIDATION_V5/GITLEAKS_TREE_41_a6382aa95c412d91c1bca2de34a87ca7908ed71f.json
[32mD[m  evidence/V6_HISTORY/SELF_VALIDATION_V5/GITLEAKS_TREE_41_a6382aa95c412d91c1bca2de34a87ca7908ed71f.log
[32mD[m  evidence/V6_HISTORY/SELF_VALIDATION_V5/GITLEAKS_TREE_42_310119f91d5a4a89fcbf06ffe8e9ae84ea7c2a73.json
[32mD[m  evidence/V6_HISTORY/SELF_VALIDATION_V5/GITLEAKS_TREE_42_310119f91d5a4a89fcbf06ffe8e9ae84ea7c2a73.log
[32mD[m  evidence/V6_HISTORY/SELF_VALIDATION_V5/GITLEAKS_TREE_43_067ae29177a47dd39d98d2d5cba4d5ed7d80e260.json
[32mD[m  evidence/V6_HISTORY/SELF_VALIDATION_V5/GITLEAKS_TREE_43_067ae29177a47dd39d98d2d5cba4d5ed7d80e260.log
[32mD[m  evidence/V6_HISTORY/SELF_VALIDATION_V5/GITLEAKS_TREE_44_25afca8ee005d22f8d98c3f44ed7de70d661f2cd.json
[32mD[m  evidence/V6_HISTORY/SELF_VALIDATION_V5/GITLEAKS_TREE_44_25afca8ee005d22f8d98c3f44ed7de70d661f2cd.log
[32mD[m  evidence/V6_HISTORY/SELF_VALIDATION_V5/GITLEAKS_TREE_45_7efa7efe0e1d28bc2ad8f4333cb2119b98fa13ea.json
[32mD[m  evidence/V6_HISTORY/SELF_VALIDATION_V5/GITLEAKS_TREE_45_7efa7efe0e1d28bc2ad8f4333cb2119b98fa13ea.log
[32mD[m  evidence/V6_HISTORY/SELF_VALIDATION_V5/GITLEAKS_TREE_46_b7f067700c6d5b1afb504526b5a09e9c65f10eb8.json
[32mD[m  evidence/V6_HISTORY/SELF_VALIDATION_V5/GITLEAKS_TREE_46_b7f067700c6d5b1afb504526b5a09e9c65f10eb8.log
[32mD[m  evidence/V6_HISTORY/SELF_VALIDATION_V5/GITLEAKS_TREE_47_f74f340a3c568780ed720a16523413d596ca2a2f.json
[32mD[m  evidence/V6_HISTORY/SELF_VALIDATION_V5/GITLEAKS_TREE_47_f74f340a3c568780ed720a16523413d596ca2a2f.log
[32mD[m  evidence/V6_HISTORY/SELF_VALIDATION_V5/GITLEAKS_TREE_48_e6e63574c816ec12ac7115b896cf6075d43bde39.json
[32mD[m  evidence/V6_HISTORY/SELF_VALIDATION_V5/GITLEAKS_TREE_48_e6e63574c816ec12ac7115b896cf6075d43bde39.log
[32mD[m  evidence/V6_HISTORY/SELF_VALIDATION_V5/GITLEAKS_TREE_49_696dd8a16a31978b5ec1ef32289c0897ca7e9cd6.json
[32mD[m  evidence/V6_HISTORY/SELF_VALIDATION_V5/GITLEAKS_TREE_49_696dd8a16a31978b5ec1ef32289c0897ca7e9cd6.log
[32mD[m  evidence/V6_HISTORY/SELF_VALIDATION_V5/GITLEAKS_TREE_4_9d40bb4210a76e1fe0574292fc010dd2ae52eb31.json
[32mD[m  evidence/V6_HISTORY/SELF_VALIDATION_V5/GITLEAKS_TREE_4_9d40bb4210a76e1fe0574292fc010dd2ae52eb31.log
[32mD[m  evidence/V6_HISTORY/SELF_VALIDATION_V5/GITLEAKS_TREE_50_7514885bd2382757d61b1616ece754e46221d33e.json
[32mD[m  evidence/V6_HISTORY/SELF_VALIDATION_V5/GITLEAKS_TREE_50_7514885bd2382757d61b1616ece754e46221d33e.log
[32mD[m  evidence/V6_HISTORY/SELF_VALIDATION_V5/GITLEAKS_TREE_51_db0dd08e19b61d2894cd566eaa4d869f70eb402e.json
[32mD[m  evidence/V6_HISTORY/SELF_VALIDATION_V5/GITLEAKS_TREE_51_db0dd08e19b61d2894cd566eaa4d869f70eb402e.log
[32mD[m  evidence/V6_HISTORY/SELF_VALIDATION_V5/GITLEAKS_TREE_52_57d21b00e7582243b55d07445c5708be324f4986.json
[32mD[m  evidence/V6_HISTORY/SELF_VALIDATION_V5/GITLEAKS_TREE_52_57d21b00e7582243b55d07445c5708be324f4986.log
[32mD[m  evidence/V6_HISTORY/SELF_VALIDATION_V5/GITLEAKS_TREE_53_51745c916431dc352ad03974a72cf48395ee422f.json
[32mD[m  evidence/V6_HISTORY/SELF_VALIDATION_V5/GITLEAKS_TREE_53_51745c916431dc352ad03974a72cf48395ee422f.log
[32mD[m  evidence/V6_HISTORY/SELF_VALIDATION_V5/GITLEAKS_TREE_54_dfb020d3f4d0d83d7bfef68d5646aabcf4320ba2.json
[32mD[m  evidence/V6_HISTORY/SELF_VALIDATION_V5/GITLEAKS_TREE_54_dfb020d3f4d0d83d7bfef68d5646aabcf4320ba2.log
[32mD[m  evidence/V6_HISTORY/SELF_VALIDATION_V5/GITLEAKS_TREE_55_861880e56f13866346cf974110a01c8a890b86e2.json
[32mD[m  evidence/V6_HISTORY/SELF_VALIDATION_V5/GITLEAKS_TREE_55_861880e56f13866346cf974110a01c8a890b86e2.log
[32mD[m  evidence/V6_HISTORY/SELF_VALIDATION_V5/GITLEAKS_TREE_56_5e174dba6dddc35865f5bd943383d988ea12170c.json
[32mD[m  evidence/V6_HISTORY/SELF_VALIDATION_V5/GITLEAKS_TREE_56_5e174dba6dddc35865f5bd943383d988ea12170c.log
[32mD[m  evidence/V6_HISTORY/SELF_VALIDATION_V5/GITLEAKS_TREE_57_b4a04e4b9b489c22f3a86986c6faa1cbb9bf77c5.json
[32mD[m  evidence/V6_HISTORY/SELF_VALIDATION_V5/GITLEAKS_TREE_57_b4a04e4b9b489c22f3a86986c6faa1cbb9bf77c5.log
[32mD[m  evidence/V6_HISTORY/SELF_VALIDATION_V5/GITLEAKS_TREE_58_b34fa5c02ff20144abfb5d240db1c67ad1f038f9.json
[32mD[m  evidence/V6_HISTORY/SELF_VALIDATION_V5/GITLEAKS_TREE_58_b34fa5c02ff20144abfb5d240db1c67ad1f038f9.log
[32mD[m  evidence/V6_HISTORY/SELF_VALIDATION_V5/GITLEAKS_TREE_5_9dad98703a748af61cbd3573b00e2bb036739a69.json
[32mD[m  evidence/V6_HISTORY/SELF_VALIDATION_V5/GITLEAKS_TREE_5_9dad98703a748af61cbd3573b00e2bb036739a69.log
[32mD[m  evidence/V6_HISTORY/SELF_VALIDATION_V5/GITLEAKS_TREE_6_17b6daf72995e6c36d0d14cd51f36b84138bacb9.json
[32mD[m  evidence/V6_HISTORY/SELF_VALIDATION_V5/GITLEAKS_TREE_6_17b6daf72995e6c36d0d14cd51f36b84138bacb9.log
[32mD[m  evidence/V6_HISTORY/SELF_VALIDATION_V5/GITLEAKS_TREE_7_d7279e81dd724ba2278a65838bc65aaa16912007.json
[32mD[m  evidence/V6_HISTORY/SELF_VALIDATION_V5/GITLEAKS_TREE_7_d7279e81dd724ba2278a65838bc65aaa16912007.log
[32mD[m  evidence/V6_HISTORY/SELF_VALIDATION_V5/GITLEAKS_TREE_8_5d4363a1888956a35f6a0448c446ed0eb1bf981e.json
[32mD[m  evidence/V6_HISTORY/SELF_VALIDATION_V5/GITLEAKS_TREE_8_5d4363a1888956a35f6a0448c446ed0eb1bf981e.log
[32mD[m  evidence/V6_HISTORY/SELF_VALIDATION_V5/GITLEAKS_TREE_9_693632791041fde14db14ec8982b8bff1060a8d3.json
[32mD[m  evidence/V6_HISTORY/SELF_VALIDATION_V5/GITLEAKS_TREE_9_693632791041fde14db14ec8982b8bff1060a8d3.log
[32mD[m  evidence/V6_HISTORY/SELF_VALIDATION_V5/GITLEAKS_V5_WRAPPER_FRESH_RESCAN.json
[32mD[m  evidence/V6_HISTORY/SELF_VALIDATION_V5/GITLEAKS_V5_WRAPPER_FRESH_RESCAN.log
[32mD[m  evidence/V6_HISTORY/SELF_VALIDATION_V5/GOLANGCI_BASELINE.json
[32mD[m  evidence/V6_HISTORY/SELF_VALIDATION_V5/GOLANGCI_BASELINE.stderr
[32mD[m  evidence/V6_HISTORY/SELF_VALIDATION_V5/GOLANGCI_BASELINE.stdout
[32mD[m  evidence/V6_HISTORY/SELF_VALIDATION_V5/GOLANGCI_BASELINE_RUN.log
[32mD[m  evidence/V6_HISTORY/SELF_VALIDATION_V5/GOLANGCI_BASELINE_WORKTREE.log
[32mD[m  evidence/V6_HISTORY/SELF_VALIDATION_V5/GOLANGCI_FINAL.json
[32mD[m  evidence/V6_HISTORY/SELF_VALIDATION_V5/GOLANGCI_FINAL.stderr
[32mD[m  evidence/V6_HISTORY/SELF_VALIDATION_V5/GOLANGCI_FINAL.stdout
[32mD[m  evidence/V6_HISTORY/SELF_VALIDATION_V5/GO_TEST_SHUFFLE.log
[32mD[m  evidence/V6_HISTORY/SELF_VALIDATION_V5/GO_TEST_SHUFFLE_RACE.log
[32mD[m  evidence/V6_HISTORY/SELF_VALIDATION_V5/GRYPE_CYCLONEDX.json
[32mD[m  evidence/V6_HISTORY/SELF_VALIDATION_V5/GRYPE_CYCLONEDX.stderr
[32mD[m  evidence/V6_HISTORY/SELF_VALIDATION_V5/GRYPE_RAW.log
[32mD[m  evidence/V6_HISTORY/SELF_VALIDATION_V5/GRYPE_SPDX.json
[32mD[m  evidence/V6_HISTORY/SELF_VALIDATION_V5/GRYPE_SPDX.stderr
[32mD[m  evidence/V6_HISTORY/SELF_VALIDATION_V5/MANDATORY_V5_RAW.log
[32mD[m  evidence/V6_HISTORY/SELF_VALIDATION_V5/SELF_VALIDATION_AXE_RESULTS.json
[32mD[m  evidence/V6_HISTORY/SELF_VALIDATION_V5/SELF_VALIDATION_MANIFEST.md
[32mD[m  evidence/V6_HISTORY/SELF_VALIDATION_V5/SELF_VALIDATION_V5_BUNDLE_BUILD.log
[32mD[m  evidence/V6_HISTORY/SELF_VALIDATION_V5/SELF_VALIDATION_V5_BUNDLE_VERIFY.log
[32mD[m  evidence/V6_HISTORY/SELF_VALIDATION_V5/SELF_VALIDATION_V5_BUNDLE_VERIFY_FINAL.log
[32mD[m  evidence/V6_HISTORY/SELF_VALIDATION_V5/SELF_VALIDATION_V5_COMPLEMENTS_ANALYSIS.md
[32mD[m  evidence/V6_HISTORY/SELF_VALIDATION_V5/SELF_VALIDATION_V5_COMPLEMENTS_COUNTS.json
[32mD[m  evidence/V6_HISTORY/SELF_VALIDATION_V5/SELF_VALIDATION_V5_MANDATORY_ANALYSIS.md
[32mD[m  evidence/V6_HISTORY/SELF_VALIDATION_V5/SELF_VALIDATION_V5_MANDATORY_COUNTS.json
[32mD[m  evidence/V6_HISTORY/SELF_VALIDATION_V5/SELF_VALIDATION_V5_PUBLICATION_VERIFY.log
[32mD[m  evidence/V6_HISTORY/SELF_VALIDATION_V5/SELF_VALIDATION_V5_REPORT.md
[32mD[m  evidence/V6_HISTORY/SELF_VALIDATION_V5/SELF_VALIDATION_V5_WRAPPER_VERIFY.log
[32mD[m  evidence/V6_HISTORY/SELF_VALIDATION_V5/SEMGREP_FILE_INVENTORY.txt
[32mD[m  evidence/V6_HISTORY/SELF_VALIDATION_V5/SEMGREP_FINAL.json
[32mD[m  evidence/V6_HISTORY/SELF_VALIDATION_V5/SEMGREP_FINAL.log
[32mD[m  evidence/V6_HISTORY/SELF_VALIDATION_V5/SEMGREP_RULE_VALIDATION.log
[32mD[m  evidence/V6_HISTORY/SELF_VALIDATION_V5/V5_DIFF_CHECK_FINAL.log
[32mD[m  evidence/V6_HISTORY/SELF_VALIDATION_V5/V5_DIFF_CHECK_PRECOMMIT.log
[32mD[m  evidence/V6_HISTORY/SELF_VALIDATION_V5/analyze_complements_v5.py
[32mD[m  evidence/V6_HISTORY/SELF_VALIDATION_V5/analyze_mandatory_v5.py
[32mD[m  evidence/V6_HISTORY/SELF_VALIDATION_V5/explicit_commit_trees.list
[32mD[m  evidence/V6_HISTORY/SELF_VALIDATION_V5/forgelocal-t00-t42-prehuman-final-review-wrapper-v3-code-fixed.zip
[32mD[m  evidence/V6_HISTORY/SELF_VALIDATION_V5/forgelocal-t00-t42-self-validation-v4-synthetic-e2e.zip
[32mD[m  evidence/V6_HISTORY/SELF_VALIDATION_V5/forgelocal-t00-t42-self-validation-v4-synthetic-e2e.zip.portable.sha256
[32mD[m  evidence/V6_HISTORY/SELF_VALIDATION_V5/forgelocal-t00-t42-self-validation-v5.delta.bundle
[32mD[m  evidence/V6_HISTORY/SELF_VALIDATION_V5/forgelocal-t00-t42-self-validation-v5.delta.bundle.portable.sha256
[32mD[m  evidence/V6_HISTORY/SELF_VALIDATION_V5/forgelocal_self_validation_v5_baseline.sh
[32mD[m  evidence/V6_HISTORY/SELF_VALIDATION_V5/forgelocal_self_validation_v5_explicit_gitleaks.sh
[32mD[m  evidence/V6_HISTORY/SELF_VALIDATION_V5/golangci-lint-2.13.1.tar.gz.sha256
[32mD[m  evidence/V6_HISTORY/SELF_VALIDATION_V5/golangci-lint-2.13.1.version.log
[32mD[m  evidence/V6_HISTORY/SELF_VALIDATION_V5/grype.download.log
[32mD[m  evidence/V6_HISTORY/SELF_VALIDATION_V5/grype.version.log
[32mD[m  evidence/V6_HISTORY/SELF_VALIDATION_V5/grype_0.117.0.tar.gz.sha256
[32mD[m  evidence/V6_HISTORY/SELF_VALIDATION_V5/install_sast_tools_v5.sh
[32mD[m  evidence/V6_HISTORY/SELF_VALIDATION_V5/run_axe_synthetic_e2e_v5.sh
[32mD[m  evidence/V6_HISTORY/SELF_VALIDATION_V5/run_grype_v5.sh
[32mD[m  evidence/V6_HISTORY/SELF_VALIDATION_V5/run_mandatory_v5.sh
[32mD[m  evidence/V6_HISTORY/SELF_VALIDATION_V5/semgrep.version.log
[32mD[m  evidence/V6_HISTORY/SELF_VALIDATION_V5/semgrep_v5_rules.yml
[32mD[m  evidence/V6_HISTORY/SELF_VALIDATION_V5/v3_wrapper_lfs_pull.log
[32mD[m  evidence/V6_HISTORY/SELF_VALIDATION_V5/v4_wrapper_lfs_pull.log
[32mD[m  evidence/V6_HISTORY/SELF_VALIDATION_V5/verify_wrapper_v5.sh
[32mD[m  evidence/V6_HISTORY/forgelocal-t00-t42-prehuman-final-review-wrapper-v3-code-fixed.zip
[32mD[m  evidence/V6_HISTORY/forgelocal-t00-t42-self-validation-v4-synthetic-e2e.zip
[32mD[m  evidence/V6_HISTORY/forgelocal-t00-t42-self-validation-v5-enhanced.zip
[32mD[m  evidence/V6_HISTORY/forgelocal-t00-t42-self-validation-v5-enhanced.zip.portable.sha256
[32mD[m  evidence/V6_HISTORY/forgelocal-t00-t42-self-validation-v5.delta.bundle
[32mD[m  evidence/V6_HISTORY/forgelocal-t00-t42-self-validation-v5.delta.bundle.portable.sha256
[32mD[m  evidence/forgelocal-t00-t42-final-exit-checklist-code-fixed.zip
[32mD[m  evidence/forgelocal-t00-t42-final-exit-checklist-code-fixed.zip.portable.sha256
[32mD[m  evidence/forgelocal-t00-t42-final-exit-checklist.bundle
[32mD[m  evidence/forgelocal-t00-t42-final-exit-checklist.bundle.portable.sha256
[32mD[m  evidence/forgelocal-t00-t42-final-exit-checklist.zip
[32mD[m  evidence/forgelocal-t00-t42-final-exit-checklist.zip.portable.sha256
[32mD[m  evidence/forgelocal-t00-t42-prehuman-code-fixed-finalization.bundle
[32mD[m  evidence/forgelocal-t00-t42-prehuman-code-fixed-finalization.bundle.portable.sha256
[32mD[m  evidence/forgelocal-t00-t42-prehuman-final-findings-finalization.bundle
[32mD[m  evidence/forgelocal-t00-t42-prehuman-final-findings-finalization.bundle.portable.sha256
[32mD[m  evidence/forgelocal-t00-t42-prehuman-final-review-wrapper-v2.zip
[32mD[m  evidence/forgelocal-t00-t42-prehuman-final-review-wrapper-v2.zip.portable.sha256
[32mD[m  evidence/forgelocal-t00-t42-prehuman-final-review-wrapper-v3-code-fixed.zip
[32mD[m  evidence/forgelocal-t00-t42-prehuman-final-review-wrapper-v3-code-fixed.zip.portable.sha256
[32mD[m  evidence/forgelocal-t00-t42-self-validation-v4-synthetic-e2e.zip
[32mD[m  evidence/forgelocal-t00-t42-self-validation-v4-synthetic-e2e.zip.portable.sha256
[32mD[m  evidence/forgelocal-t00-t42-self-validation-v4.delta.bundle
[32mD[m  evidence/forgelocal-t00-t42-self-validation-v4.delta.bundle.portable.sha256
[32mD[m  evidence/forgelocal-t00-t42-self-validation-v6-findings-remediation.zip
[32mD[m  evidence/forgelocal-t00-t42-self-validation-v6-findings-remediation.zip.portable.sha256
[32mD[m  evidence/forgelocal-t00-t42-self-validation-v6.delta.bundle
[32mD[m  evidence/forgelocal-t00-t42-self-validation-v6.delta.bundle.portable.sha256
[32mD[m  evidence/t06-working/dashboard/t06-3-playwright.txt
[32mD[m  evidence/t06-working/security/gitleaks-staged-redacted.json
[32mD[m  evidence/t06-working/t06-1-api.json
[32mD[m  evidence/t06-working/t06-2-sqlite.json
[32mD[m  evidence/t06-working/t06-race.txt
[32mD[m  evidence/t22-consistency/BASELINE_DISCOVERY.log
[32mD[m  evidence/t22-consistency/full-qualification.log
[32mD[m  evidence/t22-consistency/gitleaks-delta-files.txt
[32mD[m  evidence/t22-consistency/gitleaks-delta.json
[32mD[m  evidence/t22-consistency/gitleaks-delta.log
[32mD[m  evidence/t22-consistency/gosec-base-head.diff
[32mD[m  evidence/t22-consistency/gosec-base-head.log
[32mD[m  evidence/t22-consistency/gosec-base-normalized.txt
[32mD[m  evidence/t22-consistency/gosec-base-rule-file.txt
[32mD[m  evidence/t22-consistency/gosec-base.json
[32mD[m  evidence/t22-consistency/gosec-head-normalized.txt
[32mD[m  evidence/t22-consistency/gosec-head-rule-file.txt
[32mD[m  evidence/t22-consistency/gosec-head.json
[32mD[m  evidence/t22-consistency/gosec-rule-file.diff
[32mD[m  evidence/t22-consistency/gosec-signatures.txt
[32mD[m  evidence/t22-pending-operation/full-qualification.log
[32mD[m  examples/humanize-test.html
[32mD[m  examples/multi-login.yaml
[32mD[m  extension/_locales/en/messages.json
[32mD[m  extension/_locales/zh_TW/messages.json
[32mD[m  extension/background.js
[32mD[m  extension/lib/fingerprint-injector.js
[32mD[m  extension/manifest.json
[32mD[m  extension/sidebar/app.js
[32mD[m  extension/sidebar/index.html
[32mD[m  extension/sidebar/style.css
[32mD[m  forge-dashboard/.gitignore
[32mD[m  forge-dashboard/.gitkeep
[32mD[m  forge-dashboard/.prettierignore
[32mD[m  forge-dashboard/.prettierrc
[32mD[m  forge-dashboard/T18_GAP_AUDIT.md
[32mD[m  forge-dashboard/T19RR_REPRODUCTION.md
[32mD[m  forge-dashboard/client/index.html
[32mD[m  forge-dashboard/client/public/.gitkeep
[32mD[m  forge-dashboard/client/public/__manus__/debug-collector.js
[32mD[m  forge-dashboard/client/src/App.tsx
[32mD[m  forge-dashboard/client/src/components/AutomationPanel.tsx
[32mD[m  forge-dashboard/client/src/components/BackupVault.tsx
[32mD[m  forge-dashboard/client/src/components/EnvironmentPanel.tsx
[32mD[m  forge-dashboard/client/src/components/ErrorBoundary.tsx
[32mD[m  forge-dashboard/client/src/components/LocalCoreConnection.tsx
[32mD[m  forge-dashboard/client/src/components/ManusDialog.tsx
[32mD[m  forge-dashboard/client/src/components/Map.tsx
[32mD[m  forge-dashboard/client/src/components/ProxyRegistry.tsx
[32mD[m  forge-dashboard/client/src/components/RuntimePanel.tsx
[32mD[m  forge-dashboard/client/src/components/ui/accordion.tsx
[32mD[m  forge-dashboard/client/src/components/ui/alert-dialog.tsx
[32mD[m  forge-dashboard/client/src/components/ui/alert.tsx
[32mD[m  forge-dashboard/client/src/components/ui/aspect-ratio.tsx
[32mD[m  forge-dashboard/client/src/components/ui/avatar.tsx
[32mD[m  forge-dashboard/client/src/components/ui/badge.tsx
[32mD[m  forge-dashboard/client/src/components/ui/breadcrumb.tsx
[32mD[m  forge-dashboard/client/src/components/ui/button-group.tsx
[32mD[m  forge-dashboard/client/src/components/ui/button.tsx
[32mD[m  forge-dashboard/client/src/components/ui/calendar.tsx
[32mD[m  forge-dashboard/client/src/components/ui/card.tsx
[32mD[m  forge-dashboard/client/src/components/ui/carousel.tsx
[32mD[m  forge-dashboard/client/src/components/ui/chart.tsx
[32mD[m  forge-dashboard/client/src/components/ui/checkbox.tsx
[32mD[m  forge-dashboard/client/src/components/ui/collapsible.tsx
[32mD[m  forge-dashboard/client/src/components/ui/command.tsx
[32mD[m  forge-dashboard/client/src/components/ui/context-menu.tsx
[32mD[m  forge-dashboard/client/src/components/ui/dialog.tsx
[32mD[m  forge-dashboard/client/src/components/ui/drawer.tsx
[32mD[m  forge-dashboard/client/src/components/ui/dropdown-menu.tsx
[32mD[m  forge-dashboard/client/src/components/ui/empty.tsx
[32mD[m  forge-dashboard/client/src/components/ui/field.tsx
[32mD[m  forge-dashboard/client/src/components/ui/form.tsx
[32mD[m  forge-dashboard/client/src/components/ui/hover-card.tsx
[32mD[m  forge-dashboard/client/src/components/ui/input-group.tsx
[32mD[m  forge-dashboard/client/src/components/ui/input-otp.tsx
[32mD[m  forge-dashboard/client/src/components/ui/input.tsx
[32mD[m  forge-dashboard/client/src/components/ui/item.tsx
[32mD[m  forge-dashboard/client/src/components/ui/kbd.tsx
[32mD[m  forge-dashboard/client/src/components/ui/label.tsx
[32mD[m  forge-dashboard/client/src/components/ui/menubar.tsx
[32mD[m  forge-dashboard/client/src/components/ui/navigation-menu.tsx
[32mD[m  forge-dashboard/client/src/components/ui/pagination.tsx
[32mD[m  forge-dashboard/client/src/components/ui/popover.tsx
[32mD[m  forge-dashboard/client/src/components/ui/progress.tsx
[32mD[m  forge-dashboard/client/src/components/ui/radio-group.tsx
[32mD[m  forge-dashboard/client/src/components/ui/resizable.tsx
[32mD[m  forge-dashboard/client/src/components/ui/scroll-area.tsx
[32mD[m  forge-dashboard/client/src/components/ui/select.tsx
[32mD[m  forge-dashboard/client/src/components/ui/separator.tsx
[32mD[m  forge-dashboard/client/src/components/ui/sheet.tsx
[32mD[m  forge-dashboard/client/src/components/ui/sidebar.tsx
[32mD[m  forge-dashboard/client/src/components/ui/skeleton.tsx
[32mD[m  forge-dashboard/client/src/components/ui/slider.tsx
[32mD[m  forge-dashboard/client/src/components/ui/sonner.tsx
[32mD[m  forge-dashboard/client/src/components/ui/spinner.tsx
[32mD[m  forge-dashboard/client/src/components/ui/switch.tsx
[32mD[m  forge-dashboard/client/src/components/ui/table.tsx
[32mD[m  forge-dashboard/client/src/components/ui/tabs.tsx
[32mD[m  forge-dashboard/client/src/components/ui/textarea.tsx
[32mD[m  forge-dashboard/client/src/components/ui/toggle-group.tsx
[32mD[m  forge-dashboard/client/src/components/ui/toggle.tsx
[32mD[m  forge-dashboard/client/src/components/ui/tooltip.tsx
[32mD[m  forge-dashboard/client/src/const.ts
[32mD[m  forge-dashboard/client/src/contexts/ThemeContext.tsx
[32mD[m  forge-dashboard/client/src/hooks/useComposition.ts
[32mD[m  forge-dashboard/client/src/hooks/useMobile.tsx
[32mD[m  forge-dashboard/client/src/hooks/usePersistFn.ts
[32mD[m  forge-dashboard/client/src/index.css
[32mD[m  forge-dashboard/client/src/lib/coreReadOnly.ts
[32mD[m  forge-dashboard/client/src/lib/coreWrite.ts
[32mD[m  forge-dashboard/client/src/lib/utils.ts
[32mD[m  forge-dashboard/client/src/main.tsx
[32mD[m  forge-dashboard/client/src/pages/Home.tsx
[32mD[m  forge-dashboard/client/src/pages/NotFound.tsx
[32mD[m  forge-dashboard/components.json
[32mD[m  forge-dashboard/ideas.md
[32mD[m  forge-dashboard/package.json
[32mD[m  forge-dashboard/patches/wouter@3.7.1.patch
[32mD[m  forge-dashboard/playwright.config.console.ts
[32mD[m  forge-dashboard/playwright.config.ts
[32mD[m  forge-dashboard/pnpm-lock.yaml
[32mD[m  forge-dashboard/pnpm-workspace.yaml
[32mD[m  forge-dashboard/proofs/T19R_FINAL_REPORT.md
[32mD[m  forge-dashboard/proofs/T19R_GAP_AUDIT.md
[32mD[m  forge-dashboard/proofs/gosec_t19r_raw.json
[32mD[m  forge-dashboard/proofs/t19r-core-build-final.log.txt
[32mD[m  forge-dashboard/proofs/t19r-core-test-race-final.log.txt
[32mD[m  forge-dashboard/proofs/t19r-core-vet-final.log.txt
[32mD[m  forge-dashboard/proofs/t19r-gitleaks-delta.err
[32mD[m  forge-dashboard/proofs/t19r-gitleaks-delta.json
[32mD[m  forge-dashboard/proofs/t19r-gosec-filtered.json
[32mD[m  forge-dashboard/proofs/t19r-playwright-final.log.txt
[32mD[m  forge-dashboard/proofs/t19r-playwright-noruntime-attempt.log.txt
[32mD[m  forge-dashboard/proofs/t19r-playwright-qualified-attempt.log.txt
[32mD[m  forge-dashboard/server/index.ts
[32mD[m  forge-dashboard/shared/const.ts
[32mD[m  forge-dashboard/template.json
[32mD[m  forge-dashboard/tests/automation-t15.spec.ts
[32mD[m  forge-dashboard/tests/backups-t11.spec.ts
[32mD[m  forge-dashboard/tests/bootstrap-ro.spec.ts
[32mD[m  forge-dashboard/tests/cr03-debug-collector-sentinel.mjs
[32mD[m  forge-dashboard/tests/environment-t13.spec.ts
[32mD[m  forge-dashboard/tests/probes/t10-probe.spec.ts
[32mD[m  forge-dashboard/tests/probes/verify-form-t16.spec.ts
[32mD[m  forge-dashboard/tests/profile-writes-t09.spec.ts
[32mD[m  forge-dashboard/tests/proxies-t10.spec.ts
[32mD[m  forge-dashboard/tests/runtime-t14.spec.ts
[32mD[m  forge-dashboard/tests/t06-groups-runtimes.spec.ts
[32mD[m  forge-dashboard/tests/t10-standalone.spec.ts
[32mD[m  forge-dashboard/todo.md
[32mD[m  forge-dashboard/tsconfig.json
[32mD[m  forge-dashboard/tsconfig.node.json
[32mD[m  forge-dashboard/validate-core-readonly-bootstrap.mts
[32mD[m  forge-dashboard/vite.config.ts
[32mD[m  go.mod
[32mD[m  go.sum
[32mD[m  internal/api/artifacts.go
[32mD[m  internal/api/artifacts_test.go
[32mD[m  internal/api/audit.go
[32mD[m  internal/api/backup.go
[32mD[m  internal/api/backup_v1.go
[32mD[m  internal/api/backup_v1_test.go
[32mD[m  internal/api/cookie_fixtures.go
[32mD[m  internal/api/cookie_fixtures_test.go
[32mD[m  internal/api/correlation.go
[32mD[m  internal/api/cr02_workflow_test.go
[32mD[m  internal/api/cr05_openapi_test.go
[32mD[m  internal/api/dashboard.go
[32mD[m  internal/api/dashboard.html
[32mD[m  internal/api/environment_t30_test.go
[32mD[m  internal/api/extensions.go
[32mD[m  internal/api/extensions_t28_test.go
[32mD[m  internal/api/groups.go
[32mD[m  internal/api/groups_test.go
[32mD[m  internal/api/localsession.go
[32mD[m  internal/api/localsession_http_test.go
[32mD[m  internal/api/localsession_test.go
[32mD[m  internal/api/navigate_policy_test.go
[32mD[m  internal/api/openapi.go
[32mD[m  internal/api/originguard_test.go
[32mD[m  internal/api/profile_history.go
[32mD[m  internal/api/profile_history_test.go
[32mD[m  internal/api/profiles_bulk.go
[32mD[m  internal/api/profiles_bulk_strict_test.go
[32mD[m  internal/api/profiles_bulk_test.go
[32mD[m  internal/api/profiles_metadata_test.go
[32mD[m  internal/api/profiles_write.go
[32mD[m  internal/api/profiles_write_test.go
[32mD[m  internal/api/proxies.go
[32mD[m  internal/api/proxies_test.go
[32mD[m  internal/api/proxy_providers.go
[32mD[m  internal/api/proxy_providers_test.go
[32mD[m  internal/api/readonly.go
[32mD[m  internal/api/readonly_session.go
[32mD[m  internal/api/readonly_session_test.go
[32mD[m  internal/api/readonly_test.go
[32mD[m  internal/api/router.go
[32mD[m  internal/api/sessions.go
[32mD[m  internal/api/sessions_helpers_test.go
[32mD[m  internal/api/templates.go
[32mD[m  internal/api/templates_t21_correction_test.go
[32mD[m  internal/api/templates_test.go
[32mD[m  internal/api/workflow.go
[32mD[m  internal/backup/bootstrap.go
[32mD[m  internal/backup/migrations.go
[32mD[m  internal/backup/migrations/0001_back01.sql
[32mD[m  internal/backup/migrations/0002_product.sql
[32mD[m  internal/backup/migrations/0003_proxy_reference_indexes.sql
[32mD[m  internal/backup/migrations/0004_profile_import_operations_started.sql
[32mD[m  internal/backup/migrations/0005_t09_profile_writes.sql
[32mD[m  internal/backup/migrations_test.go
[32mD[m  internal/backup/service.go
[32mD[m  internal/backup/service_test.go
[32mD[m  internal/backup/store.go
[32mD[m  internal/backup/store_t06_test.go
[32mD[m  internal/backup/verify_test.go
[32mD[m  internal/browser/cr01_policy_test.go
[32mD[m  internal/browser/download.go
[32mD[m  internal/browser/download_test.go
[32mD[m  internal/browser/launch_chromium.go
[32mD[m  internal/browser/launch_firefox.go
[32mD[m  internal/browser/launch_helpers.go
[32mD[m  internal/browser/manager.go
[32mD[m  internal/browser/manager_test.go
[32mD[m  internal/browser/proxy_test.go
[32mD[m  internal/browser/snapshot_gate_test.go
[32mD[m  internal/browser/socks5relay.go
[32mD[m  internal/config/config.go
[32mD[m  internal/config/config_test.go
[32mD[m  internal/cookies/fixtures.go
[32mD[m  internal/cookies/fixtures_test.go
[32mD[m  internal/drift/detect.go
[32mD[m  internal/drift/detect_test.go
[32mD[m  internal/environment/environment.go
[32mD[m  internal/environment/environment_t31_test.go
[32mD[m  internal/environment/environment_t32_test.go
[32mD[m  internal/environment/environment_test.go
[32mD[m  internal/extensions/store.go
[32mD[m  internal/extensions/store_test.go
[32mD[m  internal/fingerprint/geoip.go
[32mD[m  internal/fingerprint/local.go
[32mD[m  internal/fingerprint/local_test.go
[32mD[m  internal/fingerprint/pool.go
[32mD[m  internal/fonts/inventory.go
[32mD[m  internal/fonts/inventory_test.go
[32mD[m  internal/geolocation/qa.go
[32mD[m  internal/geolocation/qa_test.go
[32mD[m  internal/groups/store.go
[32mD[m  internal/groups/store_test.go
[32mD[m  internal/hardware/diagnostic.go
[32mD[m  internal/hardware/diagnostic_test.go
[32mD[m  internal/history/errors.go
[32mD[m  internal/history/store.go
[32mD[m  internal/history/store_test.go
[32mD[m  internal/humanize/config.go
[32mD[m  internal/humanize/keyboard.go
[32mD[m  internal/humanize/math.go
[32mD[m  internal/humanize/mouse.go
[32mD[m  internal/humanize/scroll.go
[32mD[m  internal/launch/id.go
[32mD[m  internal/launch/journal.go
[32mD[m  internal/launch/journal_sqlite.go
[32mD[m  internal/launch/journal_t18_test.go
[32mD[m  internal/launch/launch.go
[32mD[m  internal/launch/launch_test.go
[32mD[m  internal/launch/manager.go
[32mD[m  internal/launch/redact.go
[32mD[m  internal/localvault/localvault.go
[32mD[m  internal/localvault/localvault_test.go
[32mD[m  internal/mcp/advanced_tools.go
[32mD[m  internal/mcp/cr02_workflow_test.go
[32mD[m  internal/mcp/cr03_sensitive_access_test.go
[32mD[m  internal/mcp/protocol.go
[32mD[m  internal/mcp/results.go
[32mD[m  internal/mcp/screenshot_artifacts.go
[32mD[m  internal/mcp/search_provider.go
[32mD[m  internal/mcp/server.go
[32mD[m  internal/mcp/server_test.go
[32mD[m  internal/mcp/stdio.go
[32mD[m  internal/mcp/tool_schema.go
[32mD[m  internal/mcp/web_search.go
[32mD[m  internal/mcp/web_session_pool.go
[32mD[m  internal/mcp/web_tools.go
[32mD[m  internal/productschema/schema_test.go
[32mD[m  internal/profile/backup_snapshot.go
[32mD[m  internal/profile/backup_snapshot_test.go
[32mD[m  internal/profile/bisect_test.go
[32mD[m  internal/profile/duponly_test.go
[32mD[m  internal/profile/errors.go
[32mD[m  internal/profile/history_pending_test.go
[32mD[m  internal/profile/lifecycle_t23_test.go
[32mD[m  internal/profile/metadata_test.go
[32mD[m  internal/profile/store.go
[32mD[m  internal/profile/store_secrets_test.go
[32mD[m  internal/profile/store_test.go
[32mD[m  internal/profile/t09_test.go
[32mD[m  internal/profilehealth/health.go
[32mD[m  internal/profilehealth/health_test.go
[32mD[m  internal/profilemigration/migrator.go
[32mD[m  internal/profilemigration/migrator_test.go
[32mD[m  internal/proxies/errors.go
[32mD[m  internal/proxies/store.go
[32mD[m  internal/proxies/store_test.go
[32mD[m  internal/proxyprovider/store.go
[32mD[m  internal/proxyprovider/store_test.go
[32mD[m  internal/runtime/qualification.go
[32mD[m  internal/runtime/qualification_test.go
[32mD[m  internal/runtime/runtime.go
[32mD[m  internal/runtime/runtime_test.go
[32mD[m  internal/secrets/keyring.go
[32mD[m  internal/sessiontrack/tracker.go
[32mD[m  internal/sessiontrack/tracker_test.go
[32mD[m  internal/spike/bind_test.go
[32mD[m  internal/spike/e2e_test.go
[32mD[m  internal/spike/fingerprint_test.go
[32mD[m  internal/spike/playwright_test.go
[32mD[m  internal/templates/errors.go
[32mD[m  internal/templates/store.go
[32mD[m  internal/templates/store_t21_correction_test.go
[32mD[m  internal/templates/store_test.go
[32mD[m  internal/workflow/engine.go
[32mD[m  internal/workflow/engine_test.go
[32mD[m  launch.test
[32mD[m  package.json
[32mD[m  profiles/.gitkeep
[32mD[m  release/back01-minimal/PILOT_LOCAL_TEMPORARY_AUTHORIZATION.json
[32mD[m  release/back01-minimal/PILOT_LOCAL_TEMPORARY_QUALIFICATION_CHECKLIST.md
[32mD[m  release/back01-minimal/PROFILE.md
[32mD[m  release/back01-minimal/PUBLIC_RELEASE_DECISION.md
[32mD[m  release/back01-minimal/PUBLIC_RELEASE_GATE_STATE.json
[32mD[m  release/back01-minimal/RELEASE_SCOPE_AND_OS_MATRIX.md
[32mD[m  release/back01-minimal/RELEASE_SIGNATURE_RUNBOOK.md
[32mD[m  release/back01-minimal/RELEASE_TRACEABILITY_INDEX.json
[32mD[m  release/back01-minimal/RUNTIME_CANDIDATE_CHROMIUM_151.0.7922.108.json
[32mD[m  release/back01-minimal/RUNTIME_CANDIDATE_QA_CHROMIUM_151.0.7922.108.md
[32mD[m  release/back01-minimal/RUNTIME_QA_APPROVAL.md
[32mD[m  release/back01-minimal/RUNTIME_RELEASE_LOCK.json
[32mD[m  release/back01-minimal/SECRET_SCAN_CLASSIFICATION_DOSSIER.template.json
[32mD[m  release/back01-minimal/SECRET_SCAN_CLASSIFICATION_RUNBOOK.md
[32mD[m  release/back01-minimal/SYSTEMVAULT_NATIVE_HOST_RUNBOOK.md
[32mD[m  release/back01-minimal/SYSTEMVAULT_RUNTIME_RELEASE_GATE.md
[32mD[m  release/back01-minimal/gitleaks-release-gate.toml
[32mD[m  scripts/browseforge-native-smoke.sh
[32mD[m  scripts/build-back01-minimal.sh
[32mD[m  scripts/capture-runtime-release-evidence.sh
[32mD[m  scripts/check-browseforge-chromium-assets.sh
[32mD[m  scripts/check-ci-provenance-workflow.mjs
[32mD[m  scripts/check-component-rights.mjs
[32mD[m  scripts/check-doc-language.js
[32mD[m  scripts/check-i18n.js
[32mD[m  scripts/check-public-release-gate.py
[32mD[m  scripts/check-release-separation.mjs
[32mD[m  scripts/check-systemvault-anti-leak.sh
[32mD[m  scripts/collect-bootstrap-ro-evidence.sh
[32mD[m  scripts/collect-t06-evidence.sh
[32mD[m  scripts/collect-t07-evidence.sh
[32mD[m  scripts/collect-t07-r-evidence.sh
[32mD[m  scripts/core-dev.sh
[32mD[m  scripts/create-component-rights-evidence.mjs
[32mD[m  scripts/dashboard-dev.sh
[32mD[m  scripts/detector-harness.js
[32mD[m  scripts/docker-go-validate.sh
[32mD[m  scripts/generate-fingerprints.js
[32mD[m  scripts/generate-t07-camoflox-dependency-inventory.mjs
[32mD[m  scripts/generate-t07-camoflox-sbom.mjs
[32mD[m  scripts/inject-webgl.py
[32mD[m  scripts/mcp-web-smoke.sh
[32mD[m  scripts/release-preflight.sh
[32mD[m  scripts/release-push.sh
[32mD[m  scripts/run-systemvault-native-gate.sh
[32mD[m  scripts/run_t19rr_harness_evidence.sh
[32mD[m  scripts/run_t30_full_race_replay.sh
[32mD[m  scripts/sign-release-manifest.sh
[32mD[m  scripts/start.sh
[32mD[m  scripts/test-bootstrap-ro-playwright.sh
[32mD[m  scripts/test-component-rights.mjs
[32mD[m  scripts/test-public-release-gate-metadata.py
[32mD[m  scripts/test-release-separation.mjs
[32mD[m  scripts/test-t07-provenance.mjs
[32mD[m  scripts/test-t07-r-validator.mjs
[32mD[m  scripts/validate-bootstrap-ro-01.sh
[32mD[m  scripts/validate-release-artifact.py
[32mD[m  scripts/validate-release-traceability.py
[32mD[m  scripts/validate-t07-r-attestation.mjs
[32mD[m  scripts/verify-release-manifest.sh
[32mD[m  scripts/webgl-collector.html
[32mD[m  start-core-e2e.sh
[32mD[m  todo.md
[32mD[m  tools/TOOLCHAIN_LOCK.json
[32mD[m  validation_ac_back01_runtime.out
[32mD[m  validation_back01_integration/candidates/chromium-common_151.0.7922.108-1xtradeb1.2404.1_amd64/APT_EXACT_VERSION.txt
[32mD[m  validation_back01_integration/candidates/chromium-common_151.0.7922.108-1xtradeb1.2404.1_amd64/APT_POLICY.txt
[32mD[m  validation_back01_integration/candidates/chromium-common_151.0.7922.108-1xtradeb1.2404.1_amd64/DEB_CONTROL.txt
[32mD[m  validation_back01_integration/candidates/chromium-common_151.0.7922.108-1xtradeb1.2404.1_amd64/DEB_INDEX_SHA256_VERIFICATION.txt
[32mD[m  validation_back01_integration/candidates/chromium-common_151.0.7922.108-1xtradeb1.2404.1_amd64/DEB_SHA256SUMS
[32mD[m  validation_back01_integration/candidates/chromium-common_151.0.7922.108-1xtradeb1.2404.1_amd64/INDEX_AND_KEYRING_SHA256SUMS
[32mD[m  validation_back01_integration/candidates/chromium-common_151.0.7922.108-1xtradeb1.2404.1_amd64/INRELEASE_SIGNATURE.txt
[32mD[m  validation_back01_integration/candidates/chromium-common_151.0.7922.108-1xtradeb1.2404.1_amd64/InRelease
[32mD[m  validation_back01_integration/candidates/chromium-common_151.0.7922.108-1xtradeb1.2404.1_amd64/PACKAGES_INDEX_SHA256SUMS
[32mD[m  validation_back01_integration/candidates/chromium-common_151.0.7922.108-1xtradeb1.2404.1_amd64/Packages
[32mD[m  validation_back01_integration/candidates/chromium-common_151.0.7922.108-1xtradeb1.2404.1_amd64/Packages.gz
[32mD[m  validation_back01_integration/candidates/chromium-common_151.0.7922.108-1xtradeb1.2404.1_amd64/RELEASE_CAPTURE_STATUS
[32mD[m  validation_back01_integration/candidates/chromium-common_151.0.7922.108-1xtradeb1.2404.1_amd64/RELEASE_EVIDENCE_SHA256SUMS
[32mD[m  validation_back01_integration/candidates/chromium-common_151.0.7922.108-1xtradeb1.2404.1_amd64/REQUESTED_RUNTIME.env
[32mD[m  validation_back01_integration/candidates/chromium-common_151.0.7922.108-1xtradeb1.2404.1_amd64/SIGNING_KEYRING.gpg
[32mD[m  validation_back01_integration/candidates/chromium-common_151.0.7922.108-1xtradeb1.2404.1_amd64/SIGNING_KEY_FINGERPRINT.txt
[32mD[m  validation_back01_integration/candidates/chromium-common_151.0.7922.108-1xtradeb1.2404.1_amd64/chromium-common_151.0.7922.108-1xtradeb1.2404.1_amd64.deb
[32mD[m  validation_back01_integration/candidates/chromium_151.0.7922.108-1xtradeb1.2404.1_amd64/APT_EXACT_VERSION.txt
[32mD[m  validation_back01_integration/candidates/chromium_151.0.7922.108-1xtradeb1.2404.1_amd64/APT_POLICY.txt
[32mD[m  validation_back01_integration/candidates/chromium_151.0.7922.108-1xtradeb1.2404.1_amd64/DEB_CONTROL.txt
[32mD[m  validation_back01_integration/candidates/chromium_151.0.7922.108-1xtradeb1.2404.1_amd64/DEB_INDEX_SHA256_VERIFICATION.txt
[32mD[m  validation_back01_integration/candidates/chromium_151.0.7922.108-1xtradeb1.2404.1_amd64/DEB_SHA256SUMS
[32mD[m  validation_back01_integration/candidates/chromium_151.0.7922.108-1xtradeb1.2404.1_amd64/INDEX_AND_KEYRING_SHA256SUMS
[32mD[m  validation_back01_integration/candidates/chromium_151.0.7922.108-1xtradeb1.2404.1_amd64/INRELEASE_SIGNATURE.txt
[32mD[m  validation_back01_integration/candidates/chromium_151.0.7922.108-1xtradeb1.2404.1_amd64/InRelease
[32mD[m  validation_back01_integration/candidates/chromium_151.0.7922.108-1xtradeb1.2404.1_amd64/PACKAGES_INDEX_SHA256SUMS
[32mD[m  validation_back01_integration/candidates/chromium_151.0.7922.108-1xtradeb1.2404.1_amd64/Packages
[32mD[m  validation_back01_integration/candidates/chromium_151.0.7922.108-1xtradeb1.2404.1_amd64/Packages.gz
[32mD[m  validation_back01_integration/candidates/chromium_151.0.7922.108-1xtradeb1.2404.1_amd64/RELEASE_CAPTURE_STATUS
[32mD[m  validation_back01_integration/candidates/chromium_151.0.7922.108-1xtradeb1.2404.1_amd64/RELEASE_EVIDENCE_SHA256SUMS
[32mD[m  validation_back01_integration/candidates/chromium_151.0.7922.108-1xtradeb1.2404.1_amd64/REQUESTED_RUNTIME.env
[32mD[m  validation_back01_integration/candidates/chromium_151.0.7922.108-1xtradeb1.2404.1_amd64/SIGNING_KEYRING.gpg
[32mD[m  validation_back01_integration/candidates/chromium_151.0.7922.108-1xtradeb1.2404.1_amd64/SIGNING_KEY_FINGERPRINT.txt
[32mD[m  validation_back01_integration/candidates/chromium_151.0.7922.108-1xtradeb1.2404.1_amd64/chromium_151.0.7922.108-1xtradeb1.2404.1_amd64.deb
[32mD[m  validation_back01_integration/final/API_TEST_SELECTION_b4f930b_2026-08-14.txt
[32mD[m  validation_back01_integration/final/CURRENT_PRODUCT_SCOPE_INVENTORY_2026-08-14.md
[32mD[m  validation_back01_integration/final/DISTROSEA_SYSTEMVAULT_FEASIBILITY.md
[32mD[m  validation_back01_integration/final/GOSEC_BASELINE_RECONCILIATION_2026-08-14.md
[32mD[m  validation_back01_integration/final/LAST_TRACEABILITY_GATE_VALIDATION.md
[32mD[m  validation_back01_integration/final/ORACLE_FREE_SYSTEMVAULT_PROTOCOL.md
[32mD[m  validation_back01_integration/final/RAPPORT_FINAL_BACK_01.md
[32mD[m  validation_back01_integration/final/SANDBOX_SYSTEMVAULT_LIMITATION_REPORT_2026-08-14.md
[32mD[m  validation_back01_integration/final/SECRET_SCAN_TRIAGE_2026-08-14.md
[32mD[m  validation_back01_integration/final/ac_back_01.out
[32mD[m  validation_back01_integration/final/ac_back_01_chromium_candidate_108.out
[32mD[m  validation_back01_integration/final/ac_back_01_with_chromium.out
[32mD[m  validation_back01_integration/final/ac_back_01_with_explicit_chromium.out
[32mD[m  validation_back01_integration/final/apt_signing_audit.out
[32mD[m  validation_back01_integration/final/base_persona_utc_us_fixed.out
[32mD[m  validation_back01_integration/final/base_persona_utc_us_reproduction.out
[32mD[m  validation_back01_integration/final/browser_package_after_persona_fix.out
[32mD[m  validation_back01_integration/final/build_runtime_candidate_108_sbom.out
[32mD[m  validation_back01_integration/final/cdc-v03-postcommit-invariants-20260814.txt
[32mD[m  validation_back01_integration/final/cdc-v03-validation-20260814.txt
[32mD[m  validation_back01_integration/final/chromium_candidate_108_install.out
[32mD[m  validation_back01_integration/final/chromium_candidate_108_install_simulation.out
[32mD[m  validation_back01_integration/final/chromium_candidate_capture_108.out
[32mD[m  validation_back01_integration/final/chromium_common_candidate_capture_108.out
[32mD[m  validation_back01_integration/final/chromium_qa_deb_probe.out
[32mD[m  validation_back01_integration/final/chromium_qa_package_availability.out
[32mD[m  validation_back01_integration/final/chromium_runtime_candidate_108_provenance.out
[32mD[m  validation_back01_integration/final/chromium_runtime_provenance.out
[32mD[m  validation_back01_integration/final/chromium_runtime_release_provenance.out
[32mD[m  validation_back01_integration/final/commit.txt
[32mD[m  validation_back01_integration/final/gate_metadata_v2_control.out
[32mD[m  validation_back01_integration/final/gitleaks.json
[32mD[m  validation_back01_integration/final/gitleaks.log
[32mD[m  validation_back01_integration/final/gitleaks_gate_metadata_v2.json
[32mD[m  validation_back01_integration/final/gitleaks_gate_metadata_v2.log
[32mD[m  validation_back01_integration/final/gitleaks_last_traceability_gates.json
[32mD[m  validation_back01_integration/final/gitleaks_last_traceability_gates.log
[32mD[m  validation_back01_integration/final/gitleaks_minimal_archive.json
[32mD[m  validation_back01_integration/final/gitleaks_minimal_archive.log
[32mD[m  validation_back01_integration/final/gitleaks_minimal_staged.json
[32mD[m  validation_back01_integration/final/gitleaks_minimal_staged.log
[32mD[m  validation_back01_integration/final/gitleaks_public_release_gate.json
[32mD[m  validation_back01_integration/final/gitleaks_public_release_gate.log
[32mD[m  validation_back01_integration/final/gitleaks_release_qualification_final.json
[32mD[m  validation_back01_integration/final/gitleaks_release_qualification_final.log
[32mD[m  validation_back01_integration/final/gitleaks_release_traceability.json
[32mD[m  validation_back01_integration/final/gitleaks_release_traceability.log
[32mD[m  validation_back01_integration/final/gitleaks_runtime_candidate_artifact.json
[32mD[m  validation_back01_integration/final/gitleaks_runtime_candidate_artifact.log
[32mD[m  validation_back01_integration/final/gitleaks_runtime_candidate_sbom.json
[32mD[m  validation_back01_integration/final/gitleaks_runtime_candidate_sbom.log
[32mD[m  validation_back01_integration/final/gitleaks_runtime_gated_archive.json
[32mD[m  validation_back01_integration/final/gitleaks_runtime_gated_archive.log
[32mD[m  validation_back01_integration/final/go_test_all.out
[32mD[m  validation_back01_integration/final/go_test_all_after_persona_fix.out
[32mD[m  validation_back01_integration/final/go_test_all_after_runtime_gate.out
[32mD[m  validation_back01_integration/final/go_test_all_runtime_candidate_108.out
[32mD[m  validation_back01_integration/final/go_version.txt
[32mD[m  validation_back01_integration/final/gosec-baseline-64bede3-v2.21.4-20260814.json
[32mD[m  validation_back01_integration/final/gosec_api.json
[32mD[m  validation_back01_integration/final/gosec_api.log
[32mD[m  validation_back01_integration/final/gosec_back01_profile.json
[32mD[m  validation_back01_integration/final/gosec_back01_profile.log
[32mD[m  validation_back01_integration/final/last_traceability_gate_control.out
[32mD[m  validation_back01_integration/final/launchpad_xtradeb_provenance.md
[32mD[m  validation_back01_integration/final/minimal_artifact_build.out
[32mD[m  validation_back01_integration/final/minimal_artifact_final_validation.out
[32mD[m  validation_back01_integration/final/minimal_artifact_runtime_gate_build.out
[32mD[m  validation_back01_integration/final/minimal_artifact_runtime_gate_validation.out
[32mD[m  validation_back01_integration/final/minimal_staged_checksums.out
[32mD[m  validation_back01_integration/final/pilot-expiry-invariants-20260814.txt
[32mD[m  validation_back01_integration/final/pilot-temporary-authorization-invariants-20260814.txt
[32mD[m  validation_back01_integration/final/pilot-temporary-authorization-postcommit-20260814.txt
[32mD[m  validation_back01_integration/final/pilot-temporary-authorization-syntax-20260814.txt
[32mD[m  validation_back01_integration/final/public_release_gate_audit.out
[32mD[m  validation_back01_integration/final/public_release_gate_metadata_v2_negative_validation.out
[32mD[m  validation_back01_integration/final/public_release_gate_metadata_v2_validation.out
[32mD[m  validation_back01_integration/final/public_release_gate_state_validation.out
[32mD[m  validation_back01_integration/final/release_manifest_signing_gate.out
[32mD[m  validation_back01_integration/final/release_signature_procedure_test.out
[32mD[m  validation_back01_integration/final/release_traceability_clean_clone_diagnostic.out
[32mD[m  validation_back01_integration/final/release_traceability_clean_clone_validation.out
[32mD[m  validation_back01_integration/final/release_traceability_control_final.out
[32mD[m  validation_back01_integration/final/release_traceability_inputs.out
[32mD[m  validation_back01_integration/final/release_traceability_validation.out
[32mD[m  validation_back01_integration/final/runtime_candidate_artifact_metadata_validation.out
[32mD[m  validation_back01_integration/final/runtime_evidence.sha256
[32mD[m  validation_back01_integration/final/runtime_release_capture_qa.log
[32mD[m  validation_back01_integration/final/runtime_release_capture_qa.status
[32mD[m  validation_back01_integration/final/runtime_release_capture_qa/APT_EXACT_VERSION.txt
[32mD[m  validation_back01_integration/final/runtime_release_capture_qa/APT_POLICY.txt
[32mD[m  validation_back01_integration/final/runtime_release_capture_qa/INDEX_AND_KEYRING_SHA256SUMS
[32mD[m  validation_back01_integration/final/runtime_release_capture_qa/INRELEASE_SIGNATURE.txt
[32mD[m  validation_back01_integration/final/runtime_release_capture_qa/InRelease
[32mD[m  validation_back01_integration/final/runtime_release_capture_qa/RELEASE_CAPTURE_STATUS
[32mD[m  validation_back01_integration/final/runtime_release_capture_qa/REQUESTED_RUNTIME.env
[32mD[m  validation_back01_integration/final/runtime_release_capture_qa/SIGNING_KEYRING.gpg
[32mD[m  validation_back01_integration/final/runtime_release_capture_qa/SIGNING_KEY_FINGERPRINT.txt
[32mD[m  validation_back01_integration/final/sandbox-back01-targeted-test-20260814.txt
[32mD[m  validation_back01_integration/final/sandbox-back01-test-list-20260814.txt
[32mD[m  validation_back01_integration/final/sandbox-cdc-and-suspension-invariants-20260814.txt
[32mD[m  validation_back01_integration/final/sandbox-cdc-postcommit-invariants-20260814.txt
[32mD[m  validation_back01_integration/final/sandbox-coverage-security-inventory-20260814.txt
[32mD[m  validation_back01_integration/final/sandbox-evidence-integrity-20260814.txt
[32mD[m  validation_back01_integration/final/sandbox-final-integrity-20260814.txt
[32mD[m  validation_back01_integration/final/sandbox-gitleaks-20260814.json
[32mD[m  validation_back01_integration/final/sandbox-gitleaks-rc-archive-20260814.json
[32mD[m  validation_back01_integration/final/sandbox-go-test-all-20260814.txt
[32mD[m  validation_back01_integration/final/sandbox-gosec-20260814.json
[32mD[m  validation_back01_integration/final/sandbox-gosec-classification-20260814.txt
[32mD[m  validation_back01_integration/final/sandbox-minimal-profile-verification-20260814.txt
[32mD[m  validation_back01_integration/final/sandbox-product-gap-inventory-20260814.txt
[32mD[m  validation_back01_integration/final/sandbox-race-verification-20260814.txt
[32mD[m  validation_back01_integration/final/sandbox-release-gates-20260814.txt
[32mD[m  validation_back01_integration/final/sandbox-reproducible-verification-20260814.txt
[32mD[m  validation_back01_integration/final/sandbox-secret-scan-suspension-invariants-20260814.txt
[32mD[m  validation_back01_integration/final/sandbox-security-scans-20260814.txt
[32mD[m  validation_back01_integration/final/sandbox-systemvault-gate-refusal-20260814.txt
[32mD[m  validation_back01_integration/final/sandbox-systemvault-preflight-20260814.txt
[32mD[m  validation_back01_integration/final/secret-classification-control-validation-20260814.txt
[32mD[m  validation_back01_integration/final/secret-classification-controls-postcommit-20260814.txt
[32mD[m  validation_back01_integration/final/secret-classification-docs-gitleaks-20260814-runbook.json
[32mD[m  validation_back01_integration/final/secret-classification-docs-gitleaks-20260814.json
[32mD[m  validation_back01_integration/final/secret-classification-dossier-invariants-20260814.txt
[32mD[m  validation_back01_integration/final/secret-classification-freeze-config-check-20260814.txt
[32mD[m  validation_back01_integration/final/secret-classification-postcommit-invariants-20260814.txt
[32mD[m  validation_back01_integration/final/secret-triage-exposure-inventory-20260814.txt
[32mD[m  validation_back01_integration/final/secret-triage-final-invariants-20260814.txt
[32mD[m  validation_back01_integration/final/secret-triage-freeze-metadata-20260814.txt
[32mD[m  validation_back01_integration/final/secret-triage-postcommit-invariants-20260814.txt
[32mD[m  validation_back01_integration/final/summary.out
[32mD[m  validation_back01_integration/final/systemvault_anti_leak_script_validation.out
[32mD[m  validation_back01_integration/final/systemvault_native_host_gate_sandbox.out
[32mD[m  validation_back01_integration/final/targeted_race.out
[32mD[m  validation_back01_integration/final_summary.out
[32mD[m  validation_back01_integration/git_status.out
[32mD[m  validation_back01_integration/gitleaks.json
[32mD[m  validation_back01_integration/gitleaks.log
[32mD[m  validation_back01_integration/gitleaks_after_multipart_fix.json
[32mD[m  validation_back01_integration/gitleaks_after_multipart_fix.log
[32mD[m  validation_back01_integration/gitleaks_final.json
[32mD[m  validation_back01_integration/gitleaks_final.log
[32mD[m  validation_back01_integration/go_test_all.out
[32mD[m  validation_back01_integration/gosec_after_import_hardening.json
[32mD[m  validation_back01_integration/gosec_after_import_hardening.log
[32mD[m  validation_back01_integration/gosec_after_io_hardening.json
[32mD[m  validation_back01_integration/gosec_after_io_hardening.log
[32mD[m  validation_back01_integration/gosec_after_multipart_fix.json
[32mD[m  validation_back01_integration/gosec_after_multipart_fix.log
[32mD[m  validation_back01_integration/gosec_final.json
[32mD[m  validation_back01_integration/gosec_final.log
[32mD[m  validation_back01_integration/gosec_modified.json
[32mD[m  validation_back01_integration/gosec_modified.log
[32mD[m  validation_back01_integration/import_hardening_summary.out
[32mD[m  validation_back01_integration/io_hardening_summary.out
[32mD[m  validation_back01_integration/summary.out
[32mD[m  validation_back01_integration/targeted_after_import_hardening.out
[32mD[m  validation_back01_integration/targeted_after_io_hardening.out
[32mD[m  validation_back01_integration/targeted_after_multipart_fix.out
[32mD[m  validation_back01_integration/targeted_final.out
[32mD[m  validation_back01_integration/targeted_packages.out
[32mD[m  validation_back01_integration/targeted_packages_race.out
[32mD[m  validation_back01_integration/targeted_race_after_multipart_fix.out
[32mD[m  validation_back01_integration/targeted_race_final.out
[32mD[m  validation_back01_minimal_build.out
[32mD[m  validation_runtime_chromium.out
[32mD[m  validation_systemvault_native.err
[32mD[m  validation_systemvault_native.json
[31m??[m evidence/
exit=0

## LINEAGE CORRECTION UTC=2026-08-25T15:08:30Z CWD=/tmp/t28_r1_public/clone
## COMMAND: git fetch --unshallow origin (filtered clone, GIT_LFS_SKIP_SMUDGE=1)
From https://github.com/davidwilsonbest89-afk/forgelocal-public-sanitized
 * [new tag]         baseline-discovery-policy-2026-08-20 -> baseline-discovery-policy-2026-08-20
 * [new tag]         t24-bulk-operations-2026-08-20 -> t24-bulk-operations-2026-08-20
 * [new tag]         t24-sr-dependency-remediation-2026-08-20 -> t24-sr-dependency-remediation-2026-08-20
 * [new tag]         t25-synthetic-cookie-fixtures-2026-08-20 -> t25-synthetic-cookie-fixtures-2026-08-20
 * [new tag]         t26-simulated-proxy-provider-2026-08-20 -> t26-simulated-proxy-provider-2026-08-20
fetch_unshallow_exit=0
## COMMAND: git show parents and ancestry
hash=69411e65c880d168832a65fc8475cc97d562a9ad
parent=76551a98335a26b0e6ef312e04adeeb5bd1a6b2f
subject=Archive verified T00-T27 packages with LFS fragments
hash=999374d99b7996504ba91e421850a2fe84afb78d
parent=65aaf76a13b6fd6c81b286af3a88043686336332
subject=Record V6 freeze baseline discovery
hash=4f0f6201e1d8f8da44d82c4245bd9b7dfee44578
parent=9a15cc019a37383e8d8d8cf5fecd88f4b040e823
subject=Harden T28 extension validation and scans
hash=a8a014d361c8b364a8baf51b20f0e566231a138a
parent=df9784ca8c06eddcbcd190163a13729a4be09748
subject=Synchronize T28 package decision hashes
hash=8b96981e9ffae245307d2b5cb279d6013c6dc11e
parent=6476a21313f14511b95e4037f782947fc5e96e83
subject=Record T28 public package verification
69411e65c880d168832a65fc8475cc97d562a9ad
merge_base_hist_base_exit=0
hist_ancestor_base_exit=0
base_ancestor_head_exit=0
fsck_after_unshallow_exit=0
