started_utc=2026-08-24T18:19:15Z
cwd=/home/ubuntu/forgelocal-prehuman-fresh-20260824
head=6ae02e4ceed239b9310fbf3fccb1b5170117251e
command=bash -c printf\ \"branch=%s\\n\"\ \"\$\(git\ branch\ --show-current\)\"\;\ printf\ \"head=%s\\n\"\ \"\$\(git\ rev-parse\ HEAD\)\"\;\ printf\ \"free_kib=%s\\n\"\ \"\$\(df\ -Pk\ .\ \|\ awk\ \"NR==2\ \{print\ \\\\\$4\}\"\)\" 
--- raw_output ---
branch=
head=6ae02e4ceed239b9310fbf3fccb1b5170117251e
awk: 1: unexpected character '\'
free_kib=

exit_code=0
completed_utc=2026-08-24T18:19:15Z
check=clone_identity
---
started_utc=2026-08-24T18:19:15Z
cwd=/home/ubuntu/forgelocal-prehuman-fresh-20260824
head=6ae02e4ceed239b9310fbf3fccb1b5170117251e
command=git status --porcelain=v1 --branch 
--- raw_output ---
## HEAD (no branch)

exit_code=0
completed_utc=2026-08-24T18:19:15Z
check=worktree_clean
---
started_utc=2026-08-24T18:19:15Z
cwd=/home/ubuntu/forgelocal-prehuman-fresh-20260824
head=6ae02e4ceed239b9310fbf3fccb1b5170117251e
command=git fsck --full 
--- raw_output ---

exit_code=0
completed_utc=2026-08-24T18:19:18Z
check=git_fsck
---
started_utc=2026-08-24T18:19:18Z
cwd=/home/ubuntu/forgelocal-prehuman-fresh-20260824
head=6ae02e4ceed239b9310fbf3fccb1b5170117251e
command=bash -c git\ rev-parse\ \"t00-t27-complete-20260820\^\{commit\}\"\;\ git\ rev-parse\ \"t00-t27-complete-20260820\^\{tag\}\" 
--- raw_output ---
69411e65c880d168832a65fc8475cc97d562a9ad
72d54110c89583beacc556bb103f881b667d8137

exit_code=0
completed_utc=2026-08-24T18:19:18Z
check=baseline_identity
---
started_utc=2026-08-24T18:19:18Z
cwd=/home/ubuntu/forgelocal-prehuman-fresh-20260824
head=6ae02e4ceed239b9310fbf3fccb1b5170117251e
command=git diff --check t00-t27-complete-20260820..HEAD 
--- raw_output ---

exit_code=0
completed_utc=2026-08-24T18:19:19Z
check=baseline_diff_check
---
started_utc=2026-08-24T18:19:19Z
cwd=/home/ubuntu/forgelocal-prehuman-fresh-20260824
head=6ae02e4ceed239b9310fbf3fccb1b5170117251e
command=git lfs fsck 
--- raw_output ---
Git LFS fsck OK

exit_code=0
completed_utc=2026-08-24T18:19:23Z
check=git_lfs_fsck
---
started_utc=2026-08-24T18:19:23Z
cwd=/home/ubuntu/forgelocal-prehuman-fresh-20260824
head=6ae02e4ceed239b9310fbf3fccb1b5170117251e
command=bash -c cd\ \"\$1\"\ \&\&\ sha256sum\ -c\ \"forgelocal-t28-t42-correction.delta.bundle.portable.sha256\" bash /tmp/tmp.qJYYdyp3FB 
--- raw_output ---
forgelocal-t28-t42-correction.delta.bundle: OK

exit_code=0
completed_utc=2026-08-24T18:19:23Z
check=portable_sidecar_forgelocal-t28-t42-correction.delta.bundle
---
started_utc=2026-08-24T18:19:23Z
cwd=/home/ubuntu/forgelocal-prehuman-fresh-20260824
head=6ae02e4ceed239b9310fbf3fccb1b5170117251e
command=bash -c cd\ \"\$1\"\ \&\&\ sha256sum\ -c\ \"forgelocal-t28-t42-evidence-correction.zip.portable.sha256\" bash /tmp/tmp.e19U5rIDas 
--- raw_output ---
forgelocal-t28-t42-evidence-correction.zip: OK

exit_code=0
completed_utc=2026-08-24T18:19:23Z
check=portable_sidecar_forgelocal-t28-t42-evidence-correction.zip
---
started_utc=2026-08-24T18:19:23Z
cwd=/home/ubuntu/forgelocal-prehuman-fresh-20260824
head=6ae02e4ceed239b9310fbf3fccb1b5170117251e
command=bash -c cd\ \"\$1\"\ \&\&\ sha256sum\ -c\ \"forgelocal-t28-t42-correction-v2.delta.bundle.portable.sha256\" bash /tmp/tmp.oTTIEkvwbD 
--- raw_output ---
forgelocal-t28-t42-correction-v2.delta.bundle: OK

exit_code=0
completed_utc=2026-08-24T18:19:23Z
check=portable_sidecar_forgelocal-t28-t42-correction-v2.delta.bundle
---
started_utc=2026-08-24T18:19:23Z
cwd=/home/ubuntu/forgelocal-prehuman-fresh-20260824
head=6ae02e4ceed239b9310fbf3fccb1b5170117251e
command=bash -c cd\ \"\$1\"\ \&\&\ sha256sum\ -c\ \"forgelocal-t28-t42-evidence-correction-v2.zip.portable.sha256\" bash /tmp/tmp.o4gRyltkrj 
--- raw_output ---
forgelocal-t28-t42-evidence-correction-v2.zip: OK

exit_code=0
completed_utc=2026-08-24T18:19:23Z
check=portable_sidecar_forgelocal-t28-t42-evidence-correction-v2.zip
---
started_utc=2026-08-24T18:19:23Z
cwd=/home/ubuntu/forgelocal-prehuman-fresh-20260824
head=6ae02e4ceed239b9310fbf3fccb1b5170117251e
command=bash -c cd\ \"\$1\"\ \&\&\ sha256sum\ -c\ \"forgelocal-t31-canvas-webgl-audio.bundle.portable.sha256\" bash /tmp/tmp.yn2EcgAQLz 
--- raw_output ---
forgelocal-t31-canvas-webgl-audio.bundle: OK

exit_code=0
completed_utc=2026-08-24T18:19:23Z
check=portable_sidecar_forgelocal-t31-canvas-webgl-audio.bundle
---
started_utc=2026-08-24T18:19:23Z
cwd=/home/ubuntu/forgelocal-prehuman-fresh-20260824
head=6ae02e4ceed239b9310fbf3fccb1b5170117251e
command=bash -c cd\ \"\$1\"\ \&\&\ sha256sum\ -c\ \"forgelocal-t31-evidence.zip.portable.sha256\" bash /tmp/tmp.oVbSfpBQGN 
--- raw_output ---
forgelocal-t31-evidence.zip: OK

exit_code=0
completed_utc=2026-08-24T18:19:23Z
check=portable_sidecar_forgelocal-t31-evidence.zip
---
started_utc=2026-08-24T18:19:23Z
cwd=/home/ubuntu/forgelocal-prehuman-fresh-20260824
head=6ae02e4ceed239b9310fbf3fccb1b5170117251e
command=bash -c cd\ \"\$1\"\ \&\&\ sha256sum\ -c\ \"forgelocal-t32-client-rects.bundle.portable.sha256\" bash /tmp/tmp.bQ0acLBvna 
--- raw_output ---
forgelocal-t32-client-rects.bundle: OK

exit_code=0
completed_utc=2026-08-24T18:19:23Z
check=portable_sidecar_forgelocal-t32-client-rects.bundle
---
started_utc=2026-08-24T18:19:23Z
cwd=/home/ubuntu/forgelocal-prehuman-fresh-20260824
head=6ae02e4ceed239b9310fbf3fccb1b5170117251e
command=bash -c cd\ \"\$1\"\ \&\&\ sha256sum\ -c\ \"forgelocal-t32-evidence.zip.portable.sha256\" bash /tmp/tmp.5HAJ9SzylS 
--- raw_output ---
forgelocal-t32-evidence.zip: OK

exit_code=0
completed_utc=2026-08-24T18:19:23Z
check=portable_sidecar_forgelocal-t32-evidence.zip
---
started_utc=2026-08-24T18:19:23Z
cwd=/home/ubuntu/forgelocal-prehuman-fresh-20260824
head=6ae02e4ceed239b9310fbf3fccb1b5170117251e
command=bash -c cd\ \"\$1\"\ \&\&\ sha256sum\ -c\ \"forgelocal-t33-evidence.zip.portable.sha256\" bash /tmp/tmp.SqXcsYWeuJ 
--- raw_output ---
forgelocal-t33-evidence.zip: OK

exit_code=0
completed_utc=2026-08-24T18:19:23Z
check=portable_sidecar_forgelocal-t33-evidence.zip
---
started_utc=2026-08-24T18:19:23Z
cwd=/home/ubuntu/forgelocal-prehuman-fresh-20260824
head=6ae02e4ceed239b9310fbf3fccb1b5170117251e
command=bash -c cd\ \"\$1\"\ \&\&\ sha256sum\ -c\ \"forgelocal-t33-synthetic-geolocation.bundle.portable.sha256\" bash /tmp/tmp.xZm5F0cQ9J 
--- raw_output ---
forgelocal-t33-synthetic-geolocation.bundle: OK

exit_code=0
completed_utc=2026-08-24T18:19:23Z
check=portable_sidecar_forgelocal-t33-synthetic-geolocation.bundle
---
started_utc=2026-08-24T18:19:23Z
cwd=/home/ubuntu/forgelocal-prehuman-fresh-20260824
head=6ae02e4ceed239b9310fbf3fccb1b5170117251e
command=bash -c cd\ \"\$1\"\ \&\&\ sha256sum\ -c\ \"forgelocal-t34-evidence.zip.portable.sha256\" bash /tmp/tmp.wXDbo64O0D 
--- raw_output ---
forgelocal-t34-evidence.zip: OK

exit_code=0
completed_utc=2026-08-24T18:19:23Z
check=portable_sidecar_forgelocal-t34-evidence.zip
---
started_utc=2026-08-24T18:19:23Z
cwd=/home/ubuntu/forgelocal-prehuman-fresh-20260824
head=6ae02e4ceed239b9310fbf3fccb1b5170117251e
command=bash -c cd\ \"\$1\"\ \&\&\ sha256sum\ -c\ \"forgelocal-t34-hardware-diagnostics.bundle.portable.sha256\" bash /tmp/tmp.1IrWfBTH2p 
--- raw_output ---
forgelocal-t34-hardware-diagnostics.bundle: OK

exit_code=0
completed_utc=2026-08-24T18:19:23Z
check=portable_sidecar_forgelocal-t34-hardware-diagnostics.bundle
---
started_utc=2026-08-24T18:19:23Z
cwd=/home/ubuntu/forgelocal-prehuman-fresh-20260824
head=6ae02e4ceed239b9310fbf3fccb1b5170117251e
command=bash -c cd\ \"\$1\"\ \&\&\ sha256sum\ -c\ \"forgelocal-t35-evidence.zip.portable.sha256\" bash /tmp/tmp.IfWCjdNbmQ 
--- raw_output ---
forgelocal-t35-evidence.zip: OK

exit_code=0
completed_utc=2026-08-24T18:19:23Z
check=portable_sidecar_forgelocal-t35-evidence.zip
---
started_utc=2026-08-24T18:19:23Z
cwd=/home/ubuntu/forgelocal-prehuman-fresh-20260824
head=6ae02e4ceed239b9310fbf3fccb1b5170117251e
command=bash -c cd\ \"\$1\"\ \&\&\ sha256sum\ -c\ \"forgelocal-t35-font-bundle.bundle.portable.sha256\" bash /tmp/tmp.9YuPWLbvlc 
--- raw_output ---
forgelocal-t35-font-bundle.bundle: OK

exit_code=0
completed_utc=2026-08-24T18:19:23Z
check=portable_sidecar_forgelocal-t35-font-bundle.bundle
---
started_utc=2026-08-24T18:19:24Z
cwd=/home/ubuntu/forgelocal-prehuman-fresh-20260824
head=6ae02e4ceed239b9310fbf3fccb1b5170117251e
command=bash -c cd\ \"\$1\"\ \&\&\ sha256sum\ -c\ \"forgelocal-t36-drift-detection.bundle.portable.sha256\" bash /tmp/tmp.qCXOQQsdwn 
--- raw_output ---
forgelocal-t36-drift-detection.bundle: OK

exit_code=0
completed_utc=2026-08-24T18:19:24Z
check=portable_sidecar_forgelocal-t36-drift-detection.bundle
---
started_utc=2026-08-24T18:19:24Z
cwd=/home/ubuntu/forgelocal-prehuman-fresh-20260824
head=6ae02e4ceed239b9310fbf3fccb1b5170117251e
command=bash -c cd\ \"\$1\"\ \&\&\ sha256sum\ -c\ \"forgelocal-t36-evidence.zip.portable.sha256\" bash /tmp/tmp.XkxzU1ie35 
--- raw_output ---
forgelocal-t36-evidence.zip: OK

exit_code=0
completed_utc=2026-08-24T18:19:24Z
check=portable_sidecar_forgelocal-t36-evidence.zip
---
started_utc=2026-08-24T18:19:24Z
cwd=/home/ubuntu/forgelocal-prehuman-fresh-20260824
head=6ae02e4ceed239b9310fbf3fccb1b5170117251e
command=bash -c cd\ \"\$1\"\ \&\&\ sha256sum\ -c\ \"forgelocal-t37-evidence.zip.portable.sha256\" bash /tmp/tmp.KYWUNemAwN 
--- raw_output ---
forgelocal-t37-evidence.zip: OK

exit_code=0
completed_utc=2026-08-24T18:19:24Z
check=portable_sidecar_forgelocal-t37-evidence.zip
---
started_utc=2026-08-24T18:19:24Z
cwd=/home/ubuntu/forgelocal-prehuman-fresh-20260824
head=6ae02e4ceed239b9310fbf3fccb1b5170117251e
command=bash -c cd\ \"\$1\"\ \&\&\ sha256sum\ -c\ \"forgelocal-t37-profile-health.bundle.portable.sha256\" bash /tmp/tmp.miNB4kgvAk 
--- raw_output ---
forgelocal-t37-profile-health.bundle: OK

exit_code=0
completed_utc=2026-08-24T18:19:24Z
check=portable_sidecar_forgelocal-t37-profile-health.bundle
---
started_utc=2026-08-24T18:19:24Z
cwd=/home/ubuntu/forgelocal-prehuman-fresh-20260824
head=6ae02e4ceed239b9310fbf3fccb1b5170117251e
command=bash -c cd\ \"\$1\"\ \&\&\ sha256sum\ -c\ \"forgelocal-t38-evidence.zip.portable.sha256\" bash /tmp/tmp.PfeARlT5DT 
--- raw_output ---
forgelocal-t38-evidence.zip: OK

exit_code=0
completed_utc=2026-08-24T18:19:24Z
check=portable_sidecar_forgelocal-t38-evidence.zip
---
started_utc=2026-08-24T18:19:24Z
cwd=/home/ubuntu/forgelocal-prehuman-fresh-20260824
head=6ae02e4ceed239b9310fbf3fccb1b5170117251e
command=bash -c cd\ \"\$1\"\ \&\&\ sha256sum\ -c\ \"forgelocal-t38-session-lifecycle.bundle.portable.sha256\" bash /tmp/tmp.EPDyAmXJXv 
--- raw_output ---
forgelocal-t38-session-lifecycle.bundle: OK

exit_code=0
completed_utc=2026-08-24T18:19:24Z
check=portable_sidecar_forgelocal-t38-session-lifecycle.bundle
---
started_utc=2026-08-24T18:19:24Z
cwd=/home/ubuntu/forgelocal-prehuman-fresh-20260824
head=6ae02e4ceed239b9310fbf3fccb1b5170117251e
command=bash -c cd\ \"\$1\"\ \&\&\ sha256sum\ -c\ \"forgelocal-t42-compact.bundle.portable.sha256\" bash /tmp/tmp.aWWRuvfBjL 
--- raw_output ---
forgelocal-t42-compact.bundle: OK

exit_code=0
completed_utc=2026-08-24T18:19:24Z
check=portable_sidecar_forgelocal-t42-compact.bundle
---
started_utc=2026-08-24T18:19:24Z
cwd=/home/ubuntu/forgelocal-prehuman-fresh-20260824
head=6ae02e4ceed239b9310fbf3fccb1b5170117251e
command=bash -c cd\ \"\$1\"\ \&\&\ sha256sum\ -c\ \"forgelocal-t42-evidence-compact.zip.portable.sha256\" bash /tmp/tmp.kvmi8ZvI4I 
--- raw_output ---
forgelocal-t42-evidence-compact.zip: OK

exit_code=0
completed_utc=2026-08-24T18:19:24Z
check=portable_sidecar_forgelocal-t42-evidence-compact.zip
---
started_utc=2026-08-24T18:19:24Z
cwd=/home/ubuntu/forgelocal-prehuman-fresh-20260824
head=6ae02e4ceed239b9310fbf3fccb1b5170117251e
command=unzip -tq evidence/T28_T42_CORRECTION/forgelocal-t28-t42-evidence-correction.zip 
--- raw_output ---
No errors detected in compressed data of evidence/T28_T42_CORRECTION/forgelocal-t28-t42-evidence-correction.zip.

exit_code=0
completed_utc=2026-08-24T18:19:24Z
check=zip_integrity_forgelocal-t28-t42-evidence-correction.zip
---
started_utc=2026-08-24T18:19:24Z
cwd=/home/ubuntu/forgelocal-prehuman-fresh-20260824
head=6ae02e4ceed239b9310fbf3fccb1b5170117251e
command=bash -c rm\ -rf\ \"\$1/extracted\"\;\ mkdir\ -p\ \"\$1/extracted\"\;\ unzip\ -q\ \"\$2\"\ -d\ \"\$1/extracted\"\;\ manifest=\$\(find\ \"\$1/extracted\"\ -maxdepth\ 2\ -type\ f\ -name\ \"\*MANIFEST\*SHA256SUMS\"\ \|\ head\ -1\)\;\ test\ -n\ \"\$manifest\"\;\ \(cd\ \"\$\(dirname\ \"\$manifest\"\)\"\ \&\&\ sha256sum\ -c\ \"\$\(basename\ \"\$manifest\"\)\"\) bash /tmp/tmp.4JGxnyrHjv /home/ubuntu/forgelocal-prehuman-fresh-20260824/evidence/T28_T42_CORRECTION/forgelocal-t28-t42-evidence-correction.zip 
--- raw_output ---
01_git_fsck.log: OK
02_go_test_race.log: OK
03_go_vet.log: OK
04_go_build.log: OK
05_git_diff_check.log: OK
06_gitleaks.json: OK
06_gitleaks_cumulative.log: OK
07_gosec_baseline.json: OK
07_gosec_baseline.log: OK
08_gosec_head.json: OK
08_gosec_head.log: OK
09_gosec_comparison_normalized.log: OK
CORRECTION_DELTA_REFS.log: OK
CORRECTION_EXTRACTED_RESCAN.json: OK
CORRECTION_EXTRACTED_RESCAN_STATUS.log: OK
CORRECTION_FRESH_CLONE_DELIVERY.md: OK
CORRECTION_REFS.log: OK
forgelocal-t28-t42-correction.delta.bundle: OK
forgelocal-t28-t42-correction.delta.bundle.portable.sha256: OK
forgelocal-t28-t42-evidence-correction.zip.portable.sha256: OK

exit_code=0
completed_utc=2026-08-24T18:19:24Z
check=zip_extract_forgelocal-t28-t42-evidence-correction.zip
---
started_utc=2026-08-24T18:19:24Z
cwd=/home/ubuntu/forgelocal-prehuman-fresh-20260824
head=6ae02e4ceed239b9310fbf3fccb1b5170117251e
command=unzip -tq evidence/T28_T42_CORRECTION_V2/forgelocal-t28-t42-evidence-correction-v2.zip 
--- raw_output ---
No errors detected in compressed data of evidence/T28_T42_CORRECTION_V2/forgelocal-t28-t42-evidence-correction-v2.zip.

exit_code=0
completed_utc=2026-08-24T18:19:24Z
check=zip_integrity_forgelocal-t28-t42-evidence-correction-v2.zip
---
started_utc=2026-08-24T18:19:24Z
cwd=/home/ubuntu/forgelocal-prehuman-fresh-20260824
head=6ae02e4ceed239b9310fbf3fccb1b5170117251e
command=bash -c rm\ -rf\ \"\$1/extracted\"\;\ mkdir\ -p\ \"\$1/extracted\"\;\ unzip\ -q\ \"\$2\"\ -d\ \"\$1/extracted\"\;\ manifest=\$\(find\ \"\$1/extracted\"\ -maxdepth\ 2\ -type\ f\ -name\ \"\*MANIFEST\*SHA256SUMS\"\ \|\ head\ -1\)\;\ test\ -n\ \"\$manifest\"\;\ \(cd\ \"\$\(dirname\ \"\$manifest\"\)\"\ \&\&\ sha256sum\ -c\ \"\$\(basename\ \"\$manifest\"\)\"\) bash /tmp/tmp.bepwi6KSHy /home/ubuntu/forgelocal-prehuman-fresh-20260824/evidence/T28_T42_CORRECTION_V2/forgelocal-t28-t42-evidence-correction-v2.zip 
--- raw_output ---
CORRECTION_V2_DELIVERY.md: OK
CORRECTION_V2_REFS.log: OK
forgelocal-t28-t42-correction-v2.delta.bundle: OK
forgelocal-t28-t42-correction-v2.delta.bundle.portable.sha256: OK

exit_code=0
completed_utc=2026-08-24T18:19:24Z
check=zip_extract_forgelocal-t28-t42-evidence-correction-v2.zip
---
started_utc=2026-08-24T18:19:24Z
cwd=/home/ubuntu/forgelocal-prehuman-fresh-20260824
head=6ae02e4ceed239b9310fbf3fccb1b5170117251e
command=unzip -tq evidence/T31/forgelocal-t31-evidence.zip 
--- raw_output ---
No errors detected in compressed data of evidence/T31/forgelocal-t31-evidence.zip.

exit_code=0
completed_utc=2026-08-24T18:19:24Z
check=zip_integrity_forgelocal-t31-evidence.zip
---
started_utc=2026-08-24T18:19:24Z
cwd=/home/ubuntu/forgelocal-prehuman-fresh-20260824
head=6ae02e4ceed239b9310fbf3fccb1b5170117251e
command=bash -c rm\ -rf\ \"\$1/extracted\"\;\ mkdir\ -p\ \"\$1/extracted\"\;\ unzip\ -q\ \"\$2\"\ -d\ \"\$1/extracted\"\;\ manifest=\$\(find\ \"\$1/extracted\"\ -maxdepth\ 2\ -type\ f\ -name\ \"\*MANIFEST\*SHA256SUMS\"\ \|\ head\ -1\)\;\ test\ -n\ \"\$manifest\"\;\ \(cd\ \"\$\(dirname\ \"\$manifest\"\)\"\ \&\&\ sha256sum\ -c\ \"\$\(basename\ \"\$manifest\"\)\"\) bash /tmp/tmp.oxSN3kh57i /home/ubuntu/forgelocal-prehuman-fresh-20260824/evidence/T31/forgelocal-t31-evidence.zip 
--- raw_output ---
T31_DELIVERY.md: OK
forgelocal-t31-canvas-webgl-audio.bundle: OK
forgelocal-t31-canvas-webgl-audio.bundle.sha256: OK

exit_code=0
completed_utc=2026-08-24T18:19:24Z
check=zip_extract_forgelocal-t31-evidence.zip
---
started_utc=2026-08-24T18:19:24Z
cwd=/home/ubuntu/forgelocal-prehuman-fresh-20260824
head=6ae02e4ceed239b9310fbf3fccb1b5170117251e
command=unzip -tq evidence/T32/forgelocal-t32-evidence.zip 
--- raw_output ---
No errors detected in compressed data of evidence/T32/forgelocal-t32-evidence.zip.

exit_code=0
completed_utc=2026-08-24T18:19:24Z
check=zip_integrity_forgelocal-t32-evidence.zip
---
started_utc=2026-08-24T18:19:24Z
cwd=/home/ubuntu/forgelocal-prehuman-fresh-20260824
head=6ae02e4ceed239b9310fbf3fccb1b5170117251e
command=bash -c rm\ -rf\ \"\$1/extracted\"\;\ mkdir\ -p\ \"\$1/extracted\"\;\ unzip\ -q\ \"\$2\"\ -d\ \"\$1/extracted\"\;\ manifest=\$\(find\ \"\$1/extracted\"\ -maxdepth\ 2\ -type\ f\ -name\ \"\*MANIFEST\*SHA256SUMS\"\ \|\ head\ -1\)\;\ test\ -n\ \"\$manifest\"\;\ \(cd\ \"\$\(dirname\ \"\$manifest\"\)\"\ \&\&\ sha256sum\ -c\ \"\$\(basename\ \"\$manifest\"\)\"\) bash /tmp/tmp.pkpIlD7GAx /home/ubuntu/forgelocal-prehuman-fresh-20260824/evidence/T32/forgelocal-t32-evidence.zip 
--- raw_output ---
T32_DELIVERY.md: OK
T32_GITLEAKS_DELTA.json: OK
T32_GITLEAKS_DELTA.log: OK
T32_GO_BUILD.log: OK
T32_GO_TEST_RACE.log: OK
T32_GO_VET.log: OK
T32_REFS.log: OK
forgelocal-t32-client-rects.bundle: OK
forgelocal-t32-client-rects.bundle.sha256: OK

exit_code=0
completed_utc=2026-08-24T18:19:24Z
check=zip_extract_forgelocal-t32-evidence.zip
---
started_utc=2026-08-24T18:19:24Z
cwd=/home/ubuntu/forgelocal-prehuman-fresh-20260824
head=6ae02e4ceed239b9310fbf3fccb1b5170117251e
command=unzip -tq evidence/T33/forgelocal-t33-evidence.zip 
--- raw_output ---
No errors detected in compressed data of evidence/T33/forgelocal-t33-evidence.zip.

exit_code=0
completed_utc=2026-08-24T18:19:24Z
check=zip_integrity_forgelocal-t33-evidence.zip
---
started_utc=2026-08-24T18:19:24Z
cwd=/home/ubuntu/forgelocal-prehuman-fresh-20260824
head=6ae02e4ceed239b9310fbf3fccb1b5170117251e
command=bash -c rm\ -rf\ \"\$1/extracted\"\;\ mkdir\ -p\ \"\$1/extracted\"\;\ unzip\ -q\ \"\$2\"\ -d\ \"\$1/extracted\"\;\ manifest=\$\(find\ \"\$1/extracted\"\ -maxdepth\ 2\ -type\ f\ -name\ \"\*MANIFEST\*SHA256SUMS\"\ \|\ head\ -1\)\;\ test\ -n\ \"\$manifest\"\;\ \(cd\ \"\$\(dirname\ \"\$manifest\"\)\"\ \&\&\ sha256sum\ -c\ \"\$\(basename\ \"\$manifest\"\)\"\) bash /tmp/tmp.9IZnFfgy6f /home/ubuntu/forgelocal-prehuman-fresh-20260824/evidence/T33/forgelocal-t33-evidence.zip 
--- raw_output ---
T33_DELIVERY.md: OK
T33_GITLEAKS_DELTA.json: OK
T33_GITLEAKS_DELTA.log: OK
T33_GO_BUILD.log: OK
T33_GO_TEST_RACE.log: OK
T33_GO_VET.log: OK
T33_REFS.log: OK
forgelocal-t33-synthetic-geolocation.bundle: OK
forgelocal-t33-synthetic-geolocation.bundle.sha256: OK

exit_code=0
completed_utc=2026-08-24T18:19:24Z
check=zip_extract_forgelocal-t33-evidence.zip
---
started_utc=2026-08-24T18:19:24Z
cwd=/home/ubuntu/forgelocal-prehuman-fresh-20260824
head=6ae02e4ceed239b9310fbf3fccb1b5170117251e
command=unzip -tq evidence/T34/forgelocal-t34-evidence.zip 
--- raw_output ---
No errors detected in compressed data of evidence/T34/forgelocal-t34-evidence.zip.

exit_code=0
completed_utc=2026-08-24T18:19:24Z
check=zip_integrity_forgelocal-t34-evidence.zip
---
started_utc=2026-08-24T18:19:24Z
cwd=/home/ubuntu/forgelocal-prehuman-fresh-20260824
head=6ae02e4ceed239b9310fbf3fccb1b5170117251e
command=bash -c rm\ -rf\ \"\$1/extracted\"\;\ mkdir\ -p\ \"\$1/extracted\"\;\ unzip\ -q\ \"\$2\"\ -d\ \"\$1/extracted\"\;\ manifest=\$\(find\ \"\$1/extracted\"\ -maxdepth\ 2\ -type\ f\ -name\ \"\*MANIFEST\*SHA256SUMS\"\ \|\ head\ -1\)\;\ test\ -n\ \"\$manifest\"\;\ \(cd\ \"\$\(dirname\ \"\$manifest\"\)\"\ \&\&\ sha256sum\ -c\ \"\$\(basename\ \"\$manifest\"\)\"\) bash /tmp/tmp.dTHhgWYUQV /home/ubuntu/forgelocal-prehuman-fresh-20260824/evidence/T34/forgelocal-t34-evidence.zip 
--- raw_output ---
T34_DELIVERY.md: OK
T34_GITLEAKS_DELTA.json: OK
T34_GITLEAKS_DELTA.log: OK
T34_GO_BUILD.log: OK
T34_GO_TEST_RACE.log: OK
T34_GO_VET.log: OK
T34_REFS.log: OK
forgelocal-t34-hardware-diagnostics.bundle: OK
forgelocal-t34-hardware-diagnostics.bundle.sha256: OK

exit_code=0
completed_utc=2026-08-24T18:19:24Z
check=zip_extract_forgelocal-t34-evidence.zip
---
started_utc=2026-08-24T18:19:24Z
cwd=/home/ubuntu/forgelocal-prehuman-fresh-20260824
head=6ae02e4ceed239b9310fbf3fccb1b5170117251e
command=unzip -tq evidence/T35/forgelocal-t35-evidence.zip 
--- raw_output ---
No errors detected in compressed data of evidence/T35/forgelocal-t35-evidence.zip.

exit_code=0
completed_utc=2026-08-24T18:19:24Z
check=zip_integrity_forgelocal-t35-evidence.zip
---
started_utc=2026-08-24T18:19:24Z
cwd=/home/ubuntu/forgelocal-prehuman-fresh-20260824
head=6ae02e4ceed239b9310fbf3fccb1b5170117251e
command=bash -c rm\ -rf\ \"\$1/extracted\"\;\ mkdir\ -p\ \"\$1/extracted\"\;\ unzip\ -q\ \"\$2\"\ -d\ \"\$1/extracted\"\;\ manifest=\$\(find\ \"\$1/extracted\"\ -maxdepth\ 2\ -type\ f\ -name\ \"\*MANIFEST\*SHA256SUMS\"\ \|\ head\ -1\)\;\ test\ -n\ \"\$manifest\"\;\ \(cd\ \"\$\(dirname\ \"\$manifest\"\)\"\ \&\&\ sha256sum\ -c\ \"\$\(basename\ \"\$manifest\"\)\"\) bash /tmp/tmp.IW8TIaim27 /home/ubuntu/forgelocal-prehuman-fresh-20260824/evidence/T35/forgelocal-t35-evidence.zip 
--- raw_output ---
T35_DELIVERY.md: OK
T35_GITLEAKS_DELTA.json: OK
T35_GITLEAKS_DELTA.log: OK
T35_GO_BUILD.log: OK
T35_GO_TEST_RACE.log: OK
T35_GO_VET.log: OK
T35_REFS.log: OK
forgelocal-t35-font-bundle.bundle: OK
forgelocal-t35-font-bundle.bundle.sha256: OK

exit_code=0
completed_utc=2026-08-24T18:19:24Z
check=zip_extract_forgelocal-t35-evidence.zip
---
started_utc=2026-08-24T18:19:24Z
cwd=/home/ubuntu/forgelocal-prehuman-fresh-20260824
head=6ae02e4ceed239b9310fbf3fccb1b5170117251e
command=unzip -tq evidence/T36/forgelocal-t36-evidence.zip 
--- raw_output ---
No errors detected in compressed data of evidence/T36/forgelocal-t36-evidence.zip.

exit_code=0
completed_utc=2026-08-24T18:19:24Z
check=zip_integrity_forgelocal-t36-evidence.zip
---
started_utc=2026-08-24T18:19:24Z
cwd=/home/ubuntu/forgelocal-prehuman-fresh-20260824
head=6ae02e4ceed239b9310fbf3fccb1b5170117251e
command=bash -c rm\ -rf\ \"\$1/extracted\"\;\ mkdir\ -p\ \"\$1/extracted\"\;\ unzip\ -q\ \"\$2\"\ -d\ \"\$1/extracted\"\;\ manifest=\$\(find\ \"\$1/extracted\"\ -maxdepth\ 2\ -type\ f\ -name\ \"\*MANIFEST\*SHA256SUMS\"\ \|\ head\ -1\)\;\ test\ -n\ \"\$manifest\"\;\ \(cd\ \"\$\(dirname\ \"\$manifest\"\)\"\ \&\&\ sha256sum\ -c\ \"\$\(basename\ \"\$manifest\"\)\"\) bash /tmp/tmp.nYTiAwdG44 /home/ubuntu/forgelocal-prehuman-fresh-20260824/evidence/T36/forgelocal-t36-evidence.zip 
--- raw_output ---
T36_DELIVERY.md: OK
T36_GITLEAKS_DELTA.json: OK
T36_GITLEAKS_DELTA.log: OK
T36_GO_BUILD.log: OK
T36_GO_TEST_RACE.log: OK
T36_GO_VET.log: OK
T36_REFS.log: OK
forgelocal-t36-drift-detection.bundle: OK
forgelocal-t36-drift-detection.bundle.sha256: OK

exit_code=0
completed_utc=2026-08-24T18:19:24Z
check=zip_extract_forgelocal-t36-evidence.zip
---
started_utc=2026-08-24T18:19:24Z
cwd=/home/ubuntu/forgelocal-prehuman-fresh-20260824
head=6ae02e4ceed239b9310fbf3fccb1b5170117251e
command=unzip -tq evidence/T37/forgelocal-t37-evidence.zip 
--- raw_output ---
No errors detected in compressed data of evidence/T37/forgelocal-t37-evidence.zip.

exit_code=0
completed_utc=2026-08-24T18:19:24Z
check=zip_integrity_forgelocal-t37-evidence.zip
---
started_utc=2026-08-24T18:19:24Z
cwd=/home/ubuntu/forgelocal-prehuman-fresh-20260824
head=6ae02e4ceed239b9310fbf3fccb1b5170117251e
command=bash -c rm\ -rf\ \"\$1/extracted\"\;\ mkdir\ -p\ \"\$1/extracted\"\;\ unzip\ -q\ \"\$2\"\ -d\ \"\$1/extracted\"\;\ manifest=\$\(find\ \"\$1/extracted\"\ -maxdepth\ 2\ -type\ f\ -name\ \"\*MANIFEST\*SHA256SUMS\"\ \|\ head\ -1\)\;\ test\ -n\ \"\$manifest\"\;\ \(cd\ \"\$\(dirname\ \"\$manifest\"\)\"\ \&\&\ sha256sum\ -c\ \"\$\(basename\ \"\$manifest\"\)\"\) bash /tmp/tmp.pKwpz8xInZ /home/ubuntu/forgelocal-prehuman-fresh-20260824/evidence/T37/forgelocal-t37-evidence.zip 
--- raw_output ---
T37_DELIVERY.md: OK
T37_GITLEAKS_DELTA.json: OK
T37_GITLEAKS_DELTA.log: OK
T37_GO_BUILD.log: OK
T37_GO_TEST_RACE.log: OK
T37_GO_VET.log: OK
T37_REFS.log: OK
forgelocal-t37-profile-health.bundle: OK
forgelocal-t37-profile-health.bundle.sha256: OK

exit_code=0
completed_utc=2026-08-24T18:19:24Z
check=zip_extract_forgelocal-t37-evidence.zip
---
started_utc=2026-08-24T18:19:24Z
cwd=/home/ubuntu/forgelocal-prehuman-fresh-20260824
head=6ae02e4ceed239b9310fbf3fccb1b5170117251e
command=unzip -tq evidence/T38/forgelocal-t38-evidence.zip 
--- raw_output ---
No errors detected in compressed data of evidence/T38/forgelocal-t38-evidence.zip.

exit_code=0
completed_utc=2026-08-24T18:19:24Z
check=zip_integrity_forgelocal-t38-evidence.zip
---
started_utc=2026-08-24T18:19:24Z
cwd=/home/ubuntu/forgelocal-prehuman-fresh-20260824
head=6ae02e4ceed239b9310fbf3fccb1b5170117251e
command=bash -c rm\ -rf\ \"\$1/extracted\"\;\ mkdir\ -p\ \"\$1/extracted\"\;\ unzip\ -q\ \"\$2\"\ -d\ \"\$1/extracted\"\;\ manifest=\$\(find\ \"\$1/extracted\"\ -maxdepth\ 2\ -type\ f\ -name\ \"\*MANIFEST\*SHA256SUMS\"\ \|\ head\ -1\)\;\ test\ -n\ \"\$manifest\"\;\ \(cd\ \"\$\(dirname\ \"\$manifest\"\)\"\ \&\&\ sha256sum\ -c\ \"\$\(basename\ \"\$manifest\"\)\"\) bash /tmp/tmp.ZHq4NPRJTm /home/ubuntu/forgelocal-prehuman-fresh-20260824/evidence/T38/forgelocal-t38-evidence.zip 
--- raw_output ---
T38_DELIVERY.md: OK
T38_GITLEAKS_DELTA.json: OK
T38_GITLEAKS_DELTA.log: OK
T38_GO_BUILD.log: OK
T38_GO_TEST_RACE.log: OK
T38_GO_VET.log: OK
T38_REFS.log: OK
forgelocal-t38-session-lifecycle.bundle: OK
forgelocal-t38-session-lifecycle.bundle.sha256: OK

exit_code=0
completed_utc=2026-08-24T18:19:24Z
check=zip_extract_forgelocal-t38-evidence.zip
---
started_utc=2026-08-24T18:19:24Z
cwd=/home/ubuntu/forgelocal-prehuman-fresh-20260824
head=6ae02e4ceed239b9310fbf3fccb1b5170117251e
command=unzip -tq evidence/T39/forgelocal-t39-evidence.zip 
--- raw_output ---
No errors detected in compressed data of evidence/T39/forgelocal-t39-evidence.zip.

exit_code=0
completed_utc=2026-08-24T18:19:25Z
check=zip_integrity_forgelocal-t39-evidence.zip
---
started_utc=2026-08-24T18:19:25Z
cwd=/home/ubuntu/forgelocal-prehuman-fresh-20260824
head=6ae02e4ceed239b9310fbf3fccb1b5170117251e
command=bash -c rm\ -rf\ \"\$1/extracted\"\;\ mkdir\ -p\ \"\$1/extracted\"\;\ unzip\ -q\ \"\$2\"\ -d\ \"\$1/extracted\"\;\ manifest=\$\(find\ \"\$1/extracted\"\ -maxdepth\ 2\ -type\ f\ -name\ \"\*MANIFEST\*SHA256SUMS\"\ \|\ head\ -1\)\;\ test\ -n\ \"\$manifest\"\;\ \(cd\ \"\$\(dirname\ \"\$manifest\"\)\"\ \&\&\ sha256sum\ -c\ \"\$\(basename\ \"\$manifest\"\)\"\) bash /tmp/tmp.iRCLyLoFcr /home/ubuntu/forgelocal-prehuman-fresh-20260824/evidence/T39/forgelocal-t39-evidence.zip 
--- raw_output ---
T39_DELIVERY.md: OK
T39_GITLEAKS_DELTA.json: OK
T39_GITLEAKS_DELTA.log: OK
T39_GO_BUILD.log: OK
T39_GO_TEST_RACE.log: OK
T39_GO_VET.log: OK
T39_REFS.log: OK
forgelocal-t39-blocked.bundle: OK
forgelocal-t39-blocked.bundle.sha256: OK

exit_code=0
completed_utc=2026-08-24T18:19:25Z
check=zip_extract_forgelocal-t39-evidence.zip
---
started_utc=2026-08-24T18:19:25Z
cwd=/home/ubuntu/forgelocal-prehuman-fresh-20260824
head=6ae02e4ceed239b9310fbf3fccb1b5170117251e
command=unzip -tq evidence/T40/forgelocal-t40-evidence.zip 
--- raw_output ---
No errors detected in compressed data of evidence/T40/forgelocal-t40-evidence.zip.

exit_code=0
completed_utc=2026-08-24T18:19:25Z
check=zip_integrity_forgelocal-t40-evidence.zip
---
started_utc=2026-08-24T18:19:25Z
cwd=/home/ubuntu/forgelocal-prehuman-fresh-20260824
head=6ae02e4ceed239b9310fbf3fccb1b5170117251e
command=bash -c rm\ -rf\ \"\$1/extracted\"\;\ mkdir\ -p\ \"\$1/extracted\"\;\ unzip\ -q\ \"\$2\"\ -d\ \"\$1/extracted\"\;\ manifest=\$\(find\ \"\$1/extracted\"\ -maxdepth\ 2\ -type\ f\ -name\ \"\*MANIFEST\*SHA256SUMS\"\ \|\ head\ -1\)\;\ test\ -n\ \"\$manifest\"\;\ \(cd\ \"\$\(dirname\ \"\$manifest\"\)\"\ \&\&\ sha256sum\ -c\ \"\$\(basename\ \"\$manifest\"\)\"\) bash /tmp/tmp.FAkcOWd312 /home/ubuntu/forgelocal-prehuman-fresh-20260824/evidence/T40/forgelocal-t40-evidence.zip 
--- raw_output ---
T40_DELIVERY.md: OK
T40_GITLEAKS_DELTA.json: OK
T40_GITLEAKS_DELTA.log: OK
T40_GO_BUILD.log: OK
T40_GO_TEST_RACE.log: OK
T40_GO_VET.log: OK
T40_REFS.log: OK
forgelocal-t40-integration-gated.bundle: OK
forgelocal-t40-integration-gated.bundle.sha256: OK

exit_code=0
completed_utc=2026-08-24T18:19:26Z
check=zip_extract_forgelocal-t40-evidence.zip
---
started_utc=2026-08-24T18:19:26Z
cwd=/home/ubuntu/forgelocal-prehuman-fresh-20260824
head=6ae02e4ceed239b9310fbf3fccb1b5170117251e
command=unzip -tq evidence/T41/forgelocal-t41-evidence-compact.zip 
--- raw_output ---
No errors detected in compressed data of evidence/T41/forgelocal-t41-evidence-compact.zip.

exit_code=0
completed_utc=2026-08-24T18:19:26Z
check=zip_integrity_forgelocal-t41-evidence-compact.zip
---
started_utc=2026-08-24T18:19:26Z
cwd=/home/ubuntu/forgelocal-prehuman-fresh-20260824
head=6ae02e4ceed239b9310fbf3fccb1b5170117251e
command=bash -c rm\ -rf\ \"\$1/extracted\"\;\ mkdir\ -p\ \"\$1/extracted\"\;\ unzip\ -q\ \"\$2\"\ -d\ \"\$1/extracted\"\;\ manifest=\$\(find\ \"\$1/extracted\"\ -maxdepth\ 2\ -type\ f\ -name\ \"\*MANIFEST\*SHA256SUMS\"\ \|\ head\ -1\)\;\ test\ -n\ \"\$manifest\"\;\ \(cd\ \"\$\(dirname\ \"\$manifest\"\)\"\ \&\&\ sha256sum\ -c\ \"\$\(basename\ \"\$manifest\"\)\"\) bash /tmp/tmp.OiUXQNgel6 /home/ubuntu/forgelocal-prehuman-fresh-20260824/evidence/T41/forgelocal-t41-evidence-compact.zip 
--- raw_output ---
T41_DELIVERY.md: OK
T41_GITLEAKS_T41_ONLY.json: OK
T41_GITLEAKS_T41_ONLY.log: OK
T41_GO_BUILD.log: OK
T41_GO_TEST_RACE.log: OK
T41_GO_VET.log: OK
T41_REFS.log: OK
forgelocal-t41-delta.bundle: OK
forgelocal-t41-delta.bundle.sha256: OK

exit_code=0
completed_utc=2026-08-24T18:19:26Z
check=zip_extract_forgelocal-t41-evidence-compact.zip
---
started_utc=2026-08-24T18:19:26Z
cwd=/home/ubuntu/forgelocal-prehuman-fresh-20260824
head=6ae02e4ceed239b9310fbf3fccb1b5170117251e
command=unzip -tq evidence/T42/forgelocal-t42-evidence-compact.zip 
--- raw_output ---
No errors detected in compressed data of evidence/T42/forgelocal-t42-evidence-compact.zip.

exit_code=0
completed_utc=2026-08-24T18:19:26Z
check=zip_integrity_forgelocal-t42-evidence-compact.zip
---
started_utc=2026-08-24T18:19:26Z
cwd=/home/ubuntu/forgelocal-prehuman-fresh-20260824
head=6ae02e4ceed239b9310fbf3fccb1b5170117251e
command=bash -c rm\ -rf\ \"\$1/extracted\"\;\ mkdir\ -p\ \"\$1/extracted\"\;\ unzip\ -q\ \"\$2\"\ -d\ \"\$1/extracted\"\;\ manifest=\$\(find\ \"\$1/extracted\"\ -maxdepth\ 2\ -type\ f\ -name\ \"\*MANIFEST\*SHA256SUMS\"\ \|\ head\ -1\)\;\ test\ -n\ \"\$manifest\"\;\ \(cd\ \"\$\(dirname\ \"\$manifest\"\)\"\ \&\&\ sha256sum\ -c\ \"\$\(basename\ \"\$manifest\"\)\"\) bash /tmp/tmp.k05YOzu9hS /home/ubuntu/forgelocal-prehuman-fresh-20260824/evidence/T42/forgelocal-t42-evidence-compact.zip 
--- raw_output ---
T42_GITLEAKS_CUMULATIVE.json: OK
T42_GITLEAKS_CUMULATIVE.log: OK
T42_GITLEAKS_T42_ONLY.json: OK
T42_GITLEAKS_T42_ONLY.log: OK
T42_GO_BUILD.log: OK
T42_GO_TEST_RACE.log: OK
T42_GO_VET.log: OK
T42_REFS.log: OK
forgelocal-t42-compact.bundle: OK
forgelocal-t42-compact.bundle.sha256: OK

exit_code=0
completed_utc=2026-08-24T18:19:26Z
check=zip_extract_forgelocal-t42-evidence-compact.zip
---
started_utc=2026-08-24T18:19:26Z
cwd=/home/ubuntu/forgelocal-prehuman-fresh-20260824
head=6ae02e4ceed239b9310fbf3fccb1b5170117251e
command=git bundle verify evidence/T28_T42_CORRECTION/forgelocal-t28-t42-correction.delta.bundle 
--- raw_output ---
evidence/T28_T42_CORRECTION/forgelocal-t28-t42-correction.delta.bundle is okay
The bundle contains this ref:
8dfbe18355e6fa481e8c6f773e5d4bfad6437a83 HEAD
The bundle requires this ref:
6489af39a4ac4f91f9f7dc1435f10b2bd10dfdc0 
The bundle uses this hash algorithm: sha1

exit_code=0
completed_utc=2026-08-24T18:19:26Z
check=bundle_verify_forgelocal-t28-t42-correction.delta.bundle
---
started_utc=2026-08-24T18:19:26Z
cwd=/home/ubuntu/forgelocal-prehuman-fresh-20260824
head=6ae02e4ceed239b9310fbf3fccb1b5170117251e
command=bash -c set\ -e\;\ head=\$\(git\ bundle\ list-heads\ \"\$1\"\ \|\ cut\ -d\ \"\ \"\ -f1\)\;\ required=\$\(git\ bundle\ verify\ \"\$1\"\ \|\ grep\ -A1\ \"\^The\ bundle\ requires\ this\ ref:\"\ \|\ tail\ -1\ \|\ tr\ -d\ \"\[:space:\]\"\)\;\ mkdir\ -p\ \"\$2/repo\"\;\ git\ -C\ \"\$2/repo\"\ init\ --quiet\;\ if\ \[\ -n\ \"\$required\"\ \]\;\ then\ git\ -C\ \"\$2/repo\"\ fetch\ --quiet\ \"\$3\"\ \"\$required:refs/heads/prerequisite\"\;\ fi\;\ git\ -C\ \"\$2/repo\"\ fetch\ --quiet\ \"\$1\"\ HEAD\;\ git\ -C\ \"\$2/repo\"\ checkout\ --quiet\ --detach\ \"\$head\"\;\ git\ -C\ \"\$2/repo\"\ fsck\ --full\;\ test\ \"\$\(git\ -C\ \"\$2/repo\"\ rev-parse\ HEAD\)\"\ =\ \"\$head\" bash /home/ubuntu/forgelocal-prehuman-fresh-20260824/evidence/T28_T42_CORRECTION/forgelocal-t28-t42-correction.delta.bundle /tmp/tmp.LjfqwNsx7D /home/ubuntu/forgelocal-prehuman-fresh-20260824 
--- raw_output ---
/home/ubuntu/forgelocal-prehuman-fresh-20260824/evidence/T28_T42_CORRECTION/forgelocal-t28-t42-correction.delta.bundle is okay

exit_code=0
completed_utc=2026-08-24T18:19:33Z
check=bundle_rehydrate_forgelocal-t28-t42-correction.delta.bundle
---
started_utc=2026-08-24T18:19:33Z
cwd=/home/ubuntu/forgelocal-prehuman-fresh-20260824
head=6ae02e4ceed239b9310fbf3fccb1b5170117251e
command=git bundle verify evidence/T28_T42_CORRECTION_V2/forgelocal-t28-t42-correction-v2.delta.bundle 
--- raw_output ---
evidence/T28_T42_CORRECTION_V2/forgelocal-t28-t42-correction-v2.delta.bundle is okay
The bundle contains this ref:
71a41567b98eb65d7cb250043082473d92530395 HEAD
The bundle requires this ref:
59882a9bcac8755c0fb8a294be32a6b1d1ff4598 
The bundle uses this hash algorithm: sha1

exit_code=0
completed_utc=2026-08-24T18:19:33Z
check=bundle_verify_forgelocal-t28-t42-correction-v2.delta.bundle
---
started_utc=2026-08-24T18:19:33Z
cwd=/home/ubuntu/forgelocal-prehuman-fresh-20260824
head=6ae02e4ceed239b9310fbf3fccb1b5170117251e
command=bash -c set\ -e\;\ head=\$\(git\ bundle\ list-heads\ \"\$1\"\ \|\ cut\ -d\ \"\ \"\ -f1\)\;\ required=\$\(git\ bundle\ verify\ \"\$1\"\ \|\ grep\ -A1\ \"\^The\ bundle\ requires\ this\ ref:\"\ \|\ tail\ -1\ \|\ tr\ -d\ \"\[:space:\]\"\)\;\ mkdir\ -p\ \"\$2/repo\"\;\ git\ -C\ \"\$2/repo\"\ init\ --quiet\;\ if\ \[\ -n\ \"\$required\"\ \]\;\ then\ git\ -C\ \"\$2/repo\"\ fetch\ --quiet\ \"\$3\"\ \"\$required:refs/heads/prerequisite\"\;\ fi\;\ git\ -C\ \"\$2/repo\"\ fetch\ --quiet\ \"\$1\"\ HEAD\;\ git\ -C\ \"\$2/repo\"\ checkout\ --quiet\ --detach\ \"\$head\"\;\ git\ -C\ \"\$2/repo\"\ fsck\ --full\;\ test\ \"\$\(git\ -C\ \"\$2/repo\"\ rev-parse\ HEAD\)\"\ =\ \"\$head\" bash /home/ubuntu/forgelocal-prehuman-fresh-20260824/evidence/T28_T42_CORRECTION_V2/forgelocal-t28-t42-correction-v2.delta.bundle /tmp/tmp.kI4FeVhmP2 /home/ubuntu/forgelocal-prehuman-fresh-20260824 
--- raw_output ---
/home/ubuntu/forgelocal-prehuman-fresh-20260824/evidence/T28_T42_CORRECTION_V2/forgelocal-t28-t42-correction-v2.delta.bundle is okay

exit_code=0
completed_utc=2026-08-24T18:19:41Z
check=bundle_rehydrate_forgelocal-t28-t42-correction-v2.delta.bundle
---
started_utc=2026-08-24T18:19:41Z
cwd=/home/ubuntu/forgelocal-prehuman-fresh-20260824
head=6ae02e4ceed239b9310fbf3fccb1b5170117251e
command=git bundle verify evidence/T31/forgelocal-t31-canvas-webgl-audio.bundle 
--- raw_output ---
evidence/T31/forgelocal-t31-canvas-webgl-audio.bundle is okay
The bundle contains this ref:
9d40bb4210a76e1fe0574292fc010dd2ae52eb31 HEAD
The bundle requires this ref:
69411e65c880d168832a65fc8475cc97d562a9ad 
The bundle uses this hash algorithm: sha1

exit_code=0
completed_utc=2026-08-24T18:19:41Z
check=bundle_verify_forgelocal-t31-canvas-webgl-audio.bundle
---
started_utc=2026-08-24T18:19:41Z
cwd=/home/ubuntu/forgelocal-prehuman-fresh-20260824
head=6ae02e4ceed239b9310fbf3fccb1b5170117251e
command=bash -c set\ -e\;\ head=\$\(git\ bundle\ list-heads\ \"\$1\"\ \|\ cut\ -d\ \"\ \"\ -f1\)\;\ required=\$\(git\ bundle\ verify\ \"\$1\"\ \|\ grep\ -A1\ \"\^The\ bundle\ requires\ this\ ref:\"\ \|\ tail\ -1\ \|\ tr\ -d\ \"\[:space:\]\"\)\;\ mkdir\ -p\ \"\$2/repo\"\;\ git\ -C\ \"\$2/repo\"\ init\ --quiet\;\ if\ \[\ -n\ \"\$required\"\ \]\;\ then\ git\ -C\ \"\$2/repo\"\ fetch\ --quiet\ \"\$3\"\ \"\$required:refs/heads/prerequisite\"\;\ fi\;\ git\ -C\ \"\$2/repo\"\ fetch\ --quiet\ \"\$1\"\ HEAD\;\ git\ -C\ \"\$2/repo\"\ checkout\ --quiet\ --detach\ \"\$head\"\;\ git\ -C\ \"\$2/repo\"\ fsck\ --full\;\ test\ \"\$\(git\ -C\ \"\$2/repo\"\ rev-parse\ HEAD\)\"\ =\ \"\$head\" bash /home/ubuntu/forgelocal-prehuman-fresh-20260824/evidence/T31/forgelocal-t31-canvas-webgl-audio.bundle /tmp/tmp.RfKRH7VxaP /home/ubuntu/forgelocal-prehuman-fresh-20260824 
--- raw_output ---
/home/ubuntu/forgelocal-prehuman-fresh-20260824/evidence/T31/forgelocal-t31-canvas-webgl-audio.bundle is okay

exit_code=0
completed_utc=2026-08-24T18:19:45Z
check=bundle_rehydrate_forgelocal-t31-canvas-webgl-audio.bundle
---
started_utc=2026-08-24T18:19:45Z
cwd=/home/ubuntu/forgelocal-prehuman-fresh-20260824
head=6ae02e4ceed239b9310fbf3fccb1b5170117251e
command=git bundle verify evidence/T32/forgelocal-t32-client-rects.bundle 
--- raw_output ---
evidence/T32/forgelocal-t32-client-rects.bundle is okay
The bundle contains this ref:
17b6daf72995e6c36d0d14cd51f36b84138bacb9 HEAD
The bundle requires this ref:
69411e65c880d168832a65fc8475cc97d562a9ad 
The bundle uses this hash algorithm: sha1

exit_code=0
completed_utc=2026-08-24T18:19:45Z
check=bundle_verify_forgelocal-t32-client-rects.bundle
---
started_utc=2026-08-24T18:19:45Z
cwd=/home/ubuntu/forgelocal-prehuman-fresh-20260824
head=6ae02e4ceed239b9310fbf3fccb1b5170117251e
command=bash -c set\ -e\;\ head=\$\(git\ bundle\ list-heads\ \"\$1\"\ \|\ cut\ -d\ \"\ \"\ -f1\)\;\ required=\$\(git\ bundle\ verify\ \"\$1\"\ \|\ grep\ -A1\ \"\^The\ bundle\ requires\ this\ ref:\"\ \|\ tail\ -1\ \|\ tr\ -d\ \"\[:space:\]\"\)\;\ mkdir\ -p\ \"\$2/repo\"\;\ git\ -C\ \"\$2/repo\"\ init\ --quiet\;\ if\ \[\ -n\ \"\$required\"\ \]\;\ then\ git\ -C\ \"\$2/repo\"\ fetch\ --quiet\ \"\$3\"\ \"\$required:refs/heads/prerequisite\"\;\ fi\;\ git\ -C\ \"\$2/repo\"\ fetch\ --quiet\ \"\$1\"\ HEAD\;\ git\ -C\ \"\$2/repo\"\ checkout\ --quiet\ --detach\ \"\$head\"\;\ git\ -C\ \"\$2/repo\"\ fsck\ --full\;\ test\ \"\$\(git\ -C\ \"\$2/repo\"\ rev-parse\ HEAD\)\"\ =\ \"\$head\" bash /home/ubuntu/forgelocal-prehuman-fresh-20260824/evidence/T32/forgelocal-t32-client-rects.bundle /tmp/tmp.HlMzzb8niB /home/ubuntu/forgelocal-prehuman-fresh-20260824 
--- raw_output ---
/home/ubuntu/forgelocal-prehuman-fresh-20260824/evidence/T32/forgelocal-t32-client-rects.bundle is okay

exit_code=0
completed_utc=2026-08-24T18:19:49Z
check=bundle_rehydrate_forgelocal-t32-client-rects.bundle
---
started_utc=2026-08-24T18:19:49Z
cwd=/home/ubuntu/forgelocal-prehuman-fresh-20260824
head=6ae02e4ceed239b9310fbf3fccb1b5170117251e
command=git bundle verify evidence/T33/forgelocal-t33-synthetic-geolocation.bundle 
--- raw_output ---
evidence/T33/forgelocal-t33-synthetic-geolocation.bundle is okay
The bundle contains this ref:
5d4363a1888956a35f6a0448c446ed0eb1bf981e HEAD
The bundle requires this ref:
69411e65c880d168832a65fc8475cc97d562a9ad 
The bundle uses this hash algorithm: sha1

exit_code=0
completed_utc=2026-08-24T18:19:49Z
check=bundle_verify_forgelocal-t33-synthetic-geolocation.bundle
---
started_utc=2026-08-24T18:19:49Z
cwd=/home/ubuntu/forgelocal-prehuman-fresh-20260824
head=6ae02e4ceed239b9310fbf3fccb1b5170117251e
command=bash -c set\ -e\;\ head=\$\(git\ bundle\ list-heads\ \"\$1\"\ \|\ cut\ -d\ \"\ \"\ -f1\)\;\ required=\$\(git\ bundle\ verify\ \"\$1\"\ \|\ grep\ -A1\ \"\^The\ bundle\ requires\ this\ ref:\"\ \|\ tail\ -1\ \|\ tr\ -d\ \"\[:space:\]\"\)\;\ mkdir\ -p\ \"\$2/repo\"\;\ git\ -C\ \"\$2/repo\"\ init\ --quiet\;\ if\ \[\ -n\ \"\$required\"\ \]\;\ then\ git\ -C\ \"\$2/repo\"\ fetch\ --quiet\ \"\$3\"\ \"\$required:refs/heads/prerequisite\"\;\ fi\;\ git\ -C\ \"\$2/repo\"\ fetch\ --quiet\ \"\$1\"\ HEAD\;\ git\ -C\ \"\$2/repo\"\ checkout\ --quiet\ --detach\ \"\$head\"\;\ git\ -C\ \"\$2/repo\"\ fsck\ --full\;\ test\ \"\$\(git\ -C\ \"\$2/repo\"\ rev-parse\ HEAD\)\"\ =\ \"\$head\" bash /home/ubuntu/forgelocal-prehuman-fresh-20260824/evidence/T33/forgelocal-t33-synthetic-geolocation.bundle /tmp/tmp.e1c9E2R4Be /home/ubuntu/forgelocal-prehuman-fresh-20260824 
--- raw_output ---
/home/ubuntu/forgelocal-prehuman-fresh-20260824/evidence/T33/forgelocal-t33-synthetic-geolocation.bundle is okay

exit_code=0
completed_utc=2026-08-24T18:19:53Z
check=bundle_rehydrate_forgelocal-t33-synthetic-geolocation.bundle
---
started_utc=2026-08-24T18:19:53Z
cwd=/home/ubuntu/forgelocal-prehuman-fresh-20260824
head=6ae02e4ceed239b9310fbf3fccb1b5170117251e
command=git bundle verify evidence/T34/forgelocal-t34-hardware-diagnostics.bundle 
--- raw_output ---
evidence/T34/forgelocal-t34-hardware-diagnostics.bundle is okay
The bundle contains this ref:
1ab112bce8189c54070c38e218783e6835b93a9e HEAD
The bundle requires this ref:
69411e65c880d168832a65fc8475cc97d562a9ad 
The bundle uses this hash algorithm: sha1

exit_code=0
completed_utc=2026-08-24T18:19:53Z
check=bundle_verify_forgelocal-t34-hardware-diagnostics.bundle
---
started_utc=2026-08-24T18:19:53Z
cwd=/home/ubuntu/forgelocal-prehuman-fresh-20260824
head=6ae02e4ceed239b9310fbf3fccb1b5170117251e
command=bash -c set\ -e\;\ head=\$\(git\ bundle\ list-heads\ \"\$1\"\ \|\ cut\ -d\ \"\ \"\ -f1\)\;\ required=\$\(git\ bundle\ verify\ \"\$1\"\ \|\ grep\ -A1\ \"\^The\ bundle\ requires\ this\ ref:\"\ \|\ tail\ -1\ \|\ tr\ -d\ \"\[:space:\]\"\)\;\ mkdir\ -p\ \"\$2/repo\"\;\ git\ -C\ \"\$2/repo\"\ init\ --quiet\;\ if\ \[\ -n\ \"\$required\"\ \]\;\ then\ git\ -C\ \"\$2/repo\"\ fetch\ --quiet\ \"\$3\"\ \"\$required:refs/heads/prerequisite\"\;\ fi\;\ git\ -C\ \"\$2/repo\"\ fetch\ --quiet\ \"\$1\"\ HEAD\;\ git\ -C\ \"\$2/repo\"\ checkout\ --quiet\ --detach\ \"\$head\"\;\ git\ -C\ \"\$2/repo\"\ fsck\ --full\;\ test\ \"\$\(git\ -C\ \"\$2/repo\"\ rev-parse\ HEAD\)\"\ =\ \"\$head\" bash /home/ubuntu/forgelocal-prehuman-fresh-20260824/evidence/T34/forgelocal-t34-hardware-diagnostics.bundle /tmp/tmp.ACDfLIT423 /home/ubuntu/forgelocal-prehuman-fresh-20260824 
--- raw_output ---
/home/ubuntu/forgelocal-prehuman-fresh-20260824/evidence/T34/forgelocal-t34-hardware-diagnostics.bundle is okay

exit_code=0
completed_utc=2026-08-24T18:19:57Z
check=bundle_rehydrate_forgelocal-t34-hardware-diagnostics.bundle
---
started_utc=2026-08-24T18:19:57Z
cwd=/home/ubuntu/forgelocal-prehuman-fresh-20260824
head=6ae02e4ceed239b9310fbf3fccb1b5170117251e
command=git bundle verify evidence/T35/forgelocal-t35-font-bundle.bundle 
--- raw_output ---
evidence/T35/forgelocal-t35-font-bundle.bundle is okay
The bundle contains this ref:
6519e84c13f7ae89cae7711d1ff0e568b6b3767e HEAD
The bundle requires this ref:
69411e65c880d168832a65fc8475cc97d562a9ad 
The bundle uses this hash algorithm: sha1

exit_code=0
completed_utc=2026-08-24T18:19:57Z
check=bundle_verify_forgelocal-t35-font-bundle.bundle
---
started_utc=2026-08-24T18:19:57Z
cwd=/home/ubuntu/forgelocal-prehuman-fresh-20260824
head=6ae02e4ceed239b9310fbf3fccb1b5170117251e
command=bash -c set\ -e\;\ head=\$\(git\ bundle\ list-heads\ \"\$1\"\ \|\ cut\ -d\ \"\ \"\ -f1\)\;\ required=\$\(git\ bundle\ verify\ \"\$1\"\ \|\ grep\ -A1\ \"\^The\ bundle\ requires\ this\ ref:\"\ \|\ tail\ -1\ \|\ tr\ -d\ \"\[:space:\]\"\)\;\ mkdir\ -p\ \"\$2/repo\"\;\ git\ -C\ \"\$2/repo\"\ init\ --quiet\;\ if\ \[\ -n\ \"\$required\"\ \]\;\ then\ git\ -C\ \"\$2/repo\"\ fetch\ --quiet\ \"\$3\"\ \"\$required:refs/heads/prerequisite\"\;\ fi\;\ git\ -C\ \"\$2/repo\"\ fetch\ --quiet\ \"\$1\"\ HEAD\;\ git\ -C\ \"\$2/repo\"\ checkout\ --quiet\ --detach\ \"\$head\"\;\ git\ -C\ \"\$2/repo\"\ fsck\ --full\;\ test\ \"\$\(git\ -C\ \"\$2/repo\"\ rev-parse\ HEAD\)\"\ =\ \"\$head\" bash /home/ubuntu/forgelocal-prehuman-fresh-20260824/evidence/T35/forgelocal-t35-font-bundle.bundle /tmp/tmp.0t7o6m9KSN /home/ubuntu/forgelocal-prehuman-fresh-20260824 
--- raw_output ---
/home/ubuntu/forgelocal-prehuman-fresh-20260824/evidence/T35/forgelocal-t35-font-bundle.bundle is okay

exit_code=0
completed_utc=2026-08-24T18:20:01Z
check=bundle_rehydrate_forgelocal-t35-font-bundle.bundle
---
started_utc=2026-08-24T18:20:01Z
cwd=/home/ubuntu/forgelocal-prehuman-fresh-20260824
head=6ae02e4ceed239b9310fbf3fccb1b5170117251e
command=git bundle verify evidence/T36/forgelocal-t36-drift-detection.bundle 
--- raw_output ---
evidence/T36/forgelocal-t36-drift-detection.bundle is okay
The bundle contains this ref:
5085e6ac95d11649a74fb7137c6fca0b5ce7253a HEAD
The bundle requires this ref:
69411e65c880d168832a65fc8475cc97d562a9ad 
The bundle uses this hash algorithm: sha1

exit_code=0
completed_utc=2026-08-24T18:20:01Z
check=bundle_verify_forgelocal-t36-drift-detection.bundle
---
started_utc=2026-08-24T18:20:01Z
cwd=/home/ubuntu/forgelocal-prehuman-fresh-20260824
head=6ae02e4ceed239b9310fbf3fccb1b5170117251e
command=bash -c set\ -e\;\ head=\$\(git\ bundle\ list-heads\ \"\$1\"\ \|\ cut\ -d\ \"\ \"\ -f1\)\;\ required=\$\(git\ bundle\ verify\ \"\$1\"\ \|\ grep\ -A1\ \"\^The\ bundle\ requires\ this\ ref:\"\ \|\ tail\ -1\ \|\ tr\ -d\ \"\[:space:\]\"\)\;\ mkdir\ -p\ \"\$2/repo\"\;\ git\ -C\ \"\$2/repo\"\ init\ --quiet\;\ if\ \[\ -n\ \"\$required\"\ \]\;\ then\ git\ -C\ \"\$2/repo\"\ fetch\ --quiet\ \"\$3\"\ \"\$required:refs/heads/prerequisite\"\;\ fi\;\ git\ -C\ \"\$2/repo\"\ fetch\ --quiet\ \"\$1\"\ HEAD\;\ git\ -C\ \"\$2/repo\"\ checkout\ --quiet\ --detach\ \"\$head\"\;\ git\ -C\ \"\$2/repo\"\ fsck\ --full\;\ test\ \"\$\(git\ -C\ \"\$2/repo\"\ rev-parse\ HEAD\)\"\ =\ \"\$head\" bash /home/ubuntu/forgelocal-prehuman-fresh-20260824/evidence/T36/forgelocal-t36-drift-detection.bundle /tmp/tmp.AwcHcnH4xR /home/ubuntu/forgelocal-prehuman-fresh-20260824 
--- raw_output ---
/home/ubuntu/forgelocal-prehuman-fresh-20260824/evidence/T36/forgelocal-t36-drift-detection.bundle is okay
[90m6:20PM[0m [32mINF[0m scan completed in 59s
[90m6:20PM[0m [31mWRN[0m leaks found: 1

exit_code=1
completed_utc=2026-08-24T18:20:03Z
check=gitleaks_cumulative
---
started_utc=2026-08-24T18:20:03Z
cwd=/home/ubuntu/forgelocal-prehuman-fresh-20260824
head=6ae02e4ceed239b9310fbf3fccb1b5170117251e
command=bash -c cd\ \"\$1\"\ \&\&\ /home/ubuntu/go/bin/gosec\ -fmt=json\ -out=\"\$2/07_gosec_baseline.json\"\ ./... bash /tmp/tmp.9D77587XA1 /home/ubuntu/forgelocal-prehuman-validation-20260824 
--- raw_output ---
[gosec] 2026/08/24 18:20:03 Including rules: default
[gosec] 2026/08/24 18:20:03 Excluding rules: default
[gosec] 2026/08/24 18:20:03 Including analyzers: default
[gosec] 2026/08/24 18:20:03 Excluding analyzers: default
[gosec] 2026/08/24 18:20:03 Import directory: /tmp/tmp.9D77587XA1/internal/config
[gosec] 2026/08/24 18:20:03 Import directory: /tmp/tmp.9D77587XA1/internal/groups
[gosec] 2026/08/24 18:20:03 Import directory: /tmp/tmp.9D77587XA1/internal/localvault
[gosec] 2026/08/24 18:20:03 Import directory: /tmp/tmp.9D77587XA1/cmd/server
[gosec] 2026/08/24 18:20:03 Import directory: /tmp/tmp.9D77587XA1/internal/fingerprint
[gosec] 2026/08/24 18:20:03 Import directory: /tmp/tmp.9D77587XA1/internal/environment
[gosec] 2026/08/24 18:20:04 Checking package: config
[gosec] 2026/08/24 18:20:04 Checking file: /tmp/tmp.9D77587XA1/internal/config/config.go
[gosec] 2026/08/24 18:20:04 Checking package: environment
[gosec] 2026/08/24 18:20:04 Checking file: /tmp/tmp.9D77587XA1/internal/environment/environment.go
[gosec] 2026/08/24 18:20:04 Import directory: /tmp/tmp.9D77587XA1/internal/history
[gosec] 2026/08/24 18:20:04 Import directory: /tmp/tmp.9D77587XA1/internal/humanize
[gosec] 2026/08/24 18:20:04 Checking package: localvault
[gosec] 2026/08/24 18:20:04 Checking file: /tmp/tmp.9D77587XA1/internal/localvault/localvault.go
[gosec] 2026/08/24 18:20:04 Checking package: fingerprint
[gosec] 2026/08/24 18:20:04 Checking file: /tmp/tmp.9D77587XA1/internal/fingerprint/geoip.go
[gosec] 2026/08/24 18:20:04 Checking file: /tmp/tmp.9D77587XA1/internal/fingerprint/local.go
[gosec] 2026/08/24 18:20:04 Checking file: /tmp/tmp.9D77587XA1/internal/fingerprint/pool.go
[gosec] 2026/08/24 18:20:04 Import directory: /tmp/tmp.9D77587XA1/internal/proxyprovider
[gosec] 2026/08/24 18:20:04 Import directory: /tmp/tmp.9D77587XA1/internal/runtime
[gosec] 2026/08/24 18:20:04 Checking package: groups
[gosec] 2026/08/24 18:20:04 Checking file: /tmp/tmp.9D77587XA1/internal/groups/store.go
[gosec] 2026/08/24 18:20:04 Import directory: /tmp/tmp.9D77587XA1/internal/backup
[gosec] 2026/08/24 18:20:04 Checking package: proxyprovider
[gosec] 2026/08/24 18:20:04 Checking file: /tmp/tmp.9D77587XA1/internal/proxyprovider/store.go
[gosec] 2026/08/24 18:20:04 Import directory: /tmp/tmp.9D77587XA1/internal/browser
[gosec] 2026/08/24 18:20:04 Checking package: humanize
[gosec] 2026/08/24 18:20:04 Checking file: /tmp/tmp.9D77587XA1/internal/humanize/config.go
[gosec] 2026/08/24 18:20:04 Checking file: /tmp/tmp.9D77587XA1/internal/humanize/keyboard.go
[gosec] 2026/08/24 18:20:04 Checking file: /tmp/tmp.9D77587XA1/internal/humanize/math.go
[gosec] 2026/08/24 18:20:04 Checking file: /tmp/tmp.9D77587XA1/internal/humanize/mouse.go
[gosec] 2026/08/24 18:20:04 Checking file: /tmp/tmp.9D77587XA1/internal/humanize/scroll.go
[gosec] 2026/08/24 18:20:04 Import directory: /tmp/tmp.9D77587XA1/internal/cookies
[gosec] 2026/08/24 18:20:04 Checking package: history
[gosec] 2026/08/24 18:20:04 Checking file: /tmp/tmp.9D77587XA1/internal/history/errors.go
[gosec] 2026/08/24 18:20:04 Checking file: /tmp/tmp.9D77587XA1/internal/history/store.go
[gosec] 2026/08/24 18:20:04 Import directory: /tmp/tmp.9D77587XA1/internal/launch
[gosec] 2026/08/24 18:20:04 Checking package: runtime
[gosec] 2026/08/24 18:20:04 Checking file: /tmp/tmp.9D77587XA1/internal/runtime/qualification.go
[gosec] 2026/08/24 18:20:04 Checking file: /tmp/tmp.9D77587XA1/internal/runtime/runtime.go
[gosec] 2026/08/24 18:20:04 Import directory: /tmp/tmp.9D77587XA1/internal/mcp
[gosec] 2026/08/24 18:20:04 Checking package: cookies
[gosec] 2026/08/24 18:20:04 Checking file: /tmp/tmp.9D77587XA1/internal/cookies/fixtures.go
[gosec] 2026/08/24 18:20:04 Import directory: /tmp/tmp.9D77587XA1/internal/secrets
[gosec] 2026/08/24 18:20:04 Checking package: backup
[gosec] 2026/08/24 18:20:04 Checking file: /tmp/tmp.9D77587XA1/internal/backup/bootstrap.go
[gosec] 2026/08/24 18:20:04 Checking file: /tmp/tmp.9D77587XA1/internal/backup/migrations.go
[gosec] 2026/08/24 18:20:04 Checking file: /tmp/tmp.9D77587XA1/internal/backup/service.go
[gosec] 2026/08/24 18:20:04 Checking file: /tmp/tmp.9D77587XA1/internal/backup/store.go
[gosec] 2026/08/24 18:20:04 Import directory: /tmp/tmp.9D77587XA1/internal/templates
[gosec] 2026/08/24 18:20:05 Checking package: launch
[gosec] 2026/08/24 18:20:05 Checking file: /tmp/tmp.9D77587XA1/internal/launch/id.go
[gosec] 2026/08/24 18:20:05 Checking file: /tmp/tmp.9D77587XA1/internal/launch/journal.go
[gosec] 2026/08/24 18:20:05 Checking file: /tmp/tmp.9D77587XA1/internal/launch/journal_sqlite.go
[gosec] 2026/08/24 18:20:05 Checking file: /tmp/tmp.9D77587XA1/internal/launch/launch.go
[gosec] 2026/08/24 18:20:05 Checking file: /tmp/tmp.9D77587XA1/internal/launch/manager.go
[gosec] 2026/08/24 18:20:05 Checking file: /tmp/tmp.9D77587XA1/internal/launch/redact.go
[gosec] 2026/08/24 18:20:05 Checking package: secrets
[gosec] 2026/08/24 18:20:05 Checking file: /tmp/tmp.9D77587XA1/internal/secrets/keyring.go
[gosec] 2026/08/24 18:20:05 Import directory: /tmp/tmp.9D77587XA1/cmd/systemvault-doctor
[gosec] 2026/08/24 18:20:05 Import directory: /tmp/tmp.9D77587XA1/internal/productschema
[gosec] 2026/08/24 18:20:05 Import directory: /tmp/tmp.9D77587XA1/internal/profile
[gosec] 2026/08/24 18:20:05 Checking package: templates
[gosec] 2026/08/24 18:20:05 Checking file: /tmp/tmp.9D77587XA1/internal/templates/errors.go
[gosec] 2026/08/24 18:20:05 Checking file: /tmp/tmp.9D77587XA1/internal/templates/store.go
[gosec] 2026/08/24 18:20:05 Import directory: /tmp/tmp.9D77587XA1/internal/profilemigration
[gosec] 2026/08/24 18:20:05 Checking package: main
[gosec] 2026/08/24 18:20:05 Checking file: /tmp/tmp.9D77587XA1/cmd/systemvault-doctor/main.go
[gosec] 2026/08/24 18:20:05 Import directory: /tmp/tmp.9D77587XA1/internal/proxies
[gosec] 2026/08/24 18:20:05 Checking package: browser
[gosec] 2026/08/24 18:20:05 Checking file: /tmp/tmp.9D77587XA1/internal/browser/download.go
[gosec] 2026/08/24 18:20:05 Checking file: /tmp/tmp.9D77587XA1/internal/browser/launch_chromium.go
[gosec] 2026/08/24 18:20:05 Checking file: /tmp/tmp.9D77587XA1/internal/browser/launch_firefox.go
[gosec] 2026/08/24 18:20:05 Checking file: /tmp/tmp.9D77587XA1/internal/browser/launch_helpers.go
[gosec] 2026/08/24 18:20:05 Checking file: /tmp/tmp.9D77587XA1/internal/browser/manager.go
[gosec] 2026/08/24 18:20:05 Checking file: /tmp/tmp.9D77587XA1/internal/browser/socks5relay.go
[gosec] 2026/08/24 18:20:05 Import directory: /tmp/tmp.9D77587XA1/internal/spike
[gosec] 2026/08/24 18:20:05 Import directory: /tmp/tmp.9D77587XA1/internal/workflow
[gosec] 2026/08/24 18:20:05 Checking package: profile
[gosec] 2026/08/24 18:20:05 Checking file: /tmp/tmp.9D77587XA1/internal/profile/backup_snapshot.go
[gosec] 2026/08/24 18:20:05 Checking file: /tmp/tmp.9D77587XA1/internal/profile/errors.go
[gosec] 2026/08/24 18:20:05 Checking file: /tmp/tmp.9D77587XA1/internal/profile/store.go
[gosec] 2026/08/24 18:20:05 Checking package: proxies
[gosec] 2026/08/24 18:20:05 Checking file: /tmp/tmp.9D77587XA1/internal/proxies/errors.go
[gosec] 2026/08/24 18:20:05 Checking file: /tmp/tmp.9D77587XA1/internal/proxies/store.go
[gosec] 2026/08/24 18:20:05 Import directory: /tmp/tmp.9D77587XA1/cmd/back01-core
[gosec] 2026/08/24 18:20:05 Import directory: /tmp/tmp.9D77587XA1/internal/api
[gosec] 2026/08/24 18:20:05 Checking package: profilemigration
[gosec] 2026/08/24 18:20:05 Checking file: /tmp/tmp.9D77587XA1/internal/profilemigration/migrator.go
[gosec] 2026/08/24 18:20:06 Checking package: workflow
[gosec] 2026/08/24 18:20:06 Checking file: /tmp/tmp.9D77587XA1/internal/workflow/engine.go

exit_code=0
completed_utc=2026-08-24T18:20:06Z
check=bundle_rehydrate_forgelocal-t36-drift-detection.bundle
---
started_utc=2026-08-24T18:20:06Z
cwd=/home/ubuntu/forgelocal-prehuman-fresh-20260824
head=6ae02e4ceed239b9310fbf3fccb1b5170117251e
command=git bundle verify evidence/T37/forgelocal-t37-profile-health.bundle 
--- raw_output ---
evidence/T37/forgelocal-t37-profile-health.bundle is okay
The bundle contains this ref:
bfde794614effeedca281d4eb279632780901aa8 HEAD
The bundle requires this ref:
69411e65c880d168832a65fc8475cc97d562a9ad 
The bundle uses this hash algorithm: sha1

exit_code=0
completed_utc=2026-08-24T18:20:06Z
check=bundle_verify_forgelocal-t37-profile-health.bundle
---
started_utc=2026-08-24T18:20:06Z
cwd=/home/ubuntu/forgelocal-prehuman-fresh-20260824
head=6ae02e4ceed239b9310fbf3fccb1b5170117251e
command=bash -c set\ -e\;\ head=\$\(git\ bundle\ list-heads\ \"\$1\"\ \|\ cut\ -d\ \"\ \"\ -f1\)\;\ required=\$\(git\ bundle\ verify\ \"\$1\"\ \|\ grep\ -A1\ \"\^The\ bundle\ requires\ this\ ref:\"\ \|\ tail\ -1\ \|\ tr\ -d\ \"\[:space:\]\"\)\;\ mkdir\ -p\ \"\$2/repo\"\;\ git\ -C\ \"\$2/repo\"\ init\ --quiet\;\ if\ \[\ -n\ \"\$required\"\ \]\;\ then\ git\ -C\ \"\$2/repo\"\ fetch\ --quiet\ \"\$3\"\ \"\$required:refs/heads/prerequisite\"\;\ fi\;\ git\ -C\ \"\$2/repo\"\ fetch\ --quiet\ \"\$1\"\ HEAD\;\ git\ -C\ \"\$2/repo\"\ checkout\ --quiet\ --detach\ \"\$head\"\;\ git\ -C\ \"\$2/repo\"\ fsck\ --full\;\ test\ \"\$\(git\ -C\ \"\$2/repo\"\ rev-parse\ HEAD\)\"\ =\ \"\$head\" bash /home/ubuntu/forgelocal-prehuman-fresh-20260824/evidence/T37/forgelocal-t37-profile-health.bundle /tmp/tmp.EXNpeEceB2 /home/ubuntu/forgelocal-prehuman-fresh-20260824 
--- raw_output ---
/home/ubuntu/forgelocal-prehuman-fresh-20260824/evidence/T37/forgelocal-t37-profile-health.bundle is okay
[gosec] 2026/08/24 18:20:06 Checking package: main
[gosec] 2026/08/24 18:20:06 Checking file: /tmp/tmp.9D77587XA1/cmd/back01-core/main.go
[gosec] 2026/08/24 18:20:06 Checking package: mcp
[gosec] 2026/08/24 18:20:06 Checking file: /tmp/tmp.9D77587XA1/internal/mcp/advanced_tools.go
[gosec] 2026/08/24 18:20:06 Checking file: /tmp/tmp.9D77587XA1/internal/mcp/protocol.go
[gosec] 2026/08/24 18:20:06 Checking file: /tmp/tmp.9D77587XA1/internal/mcp/results.go
[gosec] 2026/08/24 18:20:06 Checking file: /tmp/tmp.9D77587XA1/internal/mcp/screenshot_artifacts.go
[gosec] 2026/08/24 18:20:06 Checking file: /tmp/tmp.9D77587XA1/internal/mcp/search_provider.go
[gosec] 2026/08/24 18:20:06 Checking file: /tmp/tmp.9D77587XA1/internal/mcp/server.go
[gosec] 2026/08/24 18:20:06 Checking file: /tmp/tmp.9D77587XA1/internal/mcp/stdio.go
[gosec] 2026/08/24 18:20:06 Checking file: /tmp/tmp.9D77587XA1/internal/mcp/tool_schema.go
[gosec] 2026/08/24 18:20:06 Checking file: /tmp/tmp.9D77587XA1/internal/mcp/web_search.go
[gosec] 2026/08/24 18:20:06 Checking file: /tmp/tmp.9D77587XA1/internal/mcp/web_session_pool.go
[gosec] 2026/08/24 18:20:06 Checking file: /tmp/tmp.9D77587XA1/internal/mcp/web_tools.go
[gosec] 2026/08/24 18:20:06 Checking package: main
[gosec] 2026/08/24 18:20:06 Checking file: /tmp/tmp.9D77587XA1/cmd/server/cli.go
[gosec] 2026/08/24 18:20:06 Checking file: /tmp/tmp.9D77587XA1/cmd/server/cli_runtime.go
[gosec] 2026/08/24 18:20:06 Checking file: /tmp/tmp.9D77587XA1/cmd/server/main.go
[gosec] 2026/08/24 18:20:06 Checking package: api
[gosec] 2026/08/24 18:20:06 Checking file: /tmp/tmp.9D77587XA1/internal/api/artifacts.go
[gosec] 2026/08/24 18:20:06 Checking file: /tmp/tmp.9D77587XA1/internal/api/audit.go
[gosec] 2026/08/24 18:20:06 Checking file: /tmp/tmp.9D77587XA1/internal/api/backup.go
[gosec] 2026/08/24 18:20:06 Checking file: /tmp/tmp.9D77587XA1/internal/api/backup_v1.go
[gosec] 2026/08/24 18:20:06 Checking file: /tmp/tmp.9D77587XA1/internal/api/cookie_fixtures.go
[gosec] 2026/08/24 18:20:06 Checking file: /tmp/tmp.9D77587XA1/internal/api/correlation.go
[gosec] 2026/08/24 18:20:06 Checking file: /tmp/tmp.9D77587XA1/internal/api/dashboard.go
[gosec] 2026/08/24 18:20:06 Checking file: /tmp/tmp.9D77587XA1/internal/api/groups.go
[gosec] 2026/08/24 18:20:06 Checking file: /tmp/tmp.9D77587XA1/internal/api/localsession.go
[gosec] 2026/08/24 18:20:06 Checking file: /tmp/tmp.9D77587XA1/internal/api/openapi.go
[gosec] 2026/08/24 18:20:06 Checking file: /tmp/tmp.9D77587XA1/internal/api/profile_history.go
[gosec] 2026/08/24 18:20:06 Checking file: /tmp/tmp.9D77587XA1/internal/api/profiles_bulk.go
[gosec] 2026/08/24 18:20:06 Checking file: /tmp/tmp.9D77587XA1/internal/api/profiles_write.go
[gosec] 2026/08/24 18:20:06 Checking file: /tmp/tmp.9D77587XA1/internal/api/proxies.go
[gosec] 2026/08/24 18:20:06 Checking file: /tmp/tmp.9D77587XA1/internal/api/proxy_providers.go
[gosec] 2026/08/24 18:20:06 Checking file: /tmp/tmp.9D77587XA1/internal/api/readonly.go
[gosec] 2026/08/24 18:20:06 Checking file: /tmp/tmp.9D77587XA1/internal/api/readonly_session.go
[gosec] 2026/08/24 18:20:06 Checking file: /tmp/tmp.9D77587XA1/internal/api/router.go
[gosec] 2026/08/24 18:20:06 Checking file: /tmp/tmp.9D77587XA1/internal/api/sessions.go
[gosec] 2026/08/24 18:20:06 Checking file: /tmp/tmp.9D77587XA1/internal/api/templates.go
[gosec] 2026/08/24 18:20:06 Checking file: /tmp/tmp.9D77587XA1/internal/api/workflow.go

exit_code=1
completed_utc=2026-08-24T18:20:06Z
check=gosec_baseline
---
started_utc=2026-08-24T18:20:06Z
cwd=/home/ubuntu/forgelocal-prehuman-fresh-20260824
head=6ae02e4ceed239b9310fbf3fccb1b5170117251e
command=bash -c cd\ \"\$1\"\ \&\&\ /home/ubuntu/go/bin/gosec\ -fmt=json\ -out=\"\$2/08_gosec_head.json\"\ ./... bash /home/ubuntu/forgelocal-prehuman-fresh-20260824 /home/ubuntu/forgelocal-prehuman-validation-20260824 
--- raw_output ---
[gosec] 2026/08/24 18:20:06 Including rules: default
[gosec] 2026/08/24 18:20:06 Excluding rules: default
[gosec] 2026/08/24 18:20:06 Including analyzers: default
[gosec] 2026/08/24 18:20:06 Excluding analyzers: default
[gosec] 2026/08/24 18:20:06 Import directory: /home/ubuntu/forgelocal-prehuman-fresh-20260824/internal/mcp
[gosec] 2026/08/24 18:20:06 Import directory: /home/ubuntu/forgelocal-prehuman-fresh-20260824/internal/config
[gosec] 2026/08/24 18:20:06 Import directory: /home/ubuntu/forgelocal-prehuman-fresh-20260824/internal/environment
[gosec] 2026/08/24 18:20:06 Import directory: /home/ubuntu/forgelocal-prehuman-fresh-20260824/internal/launch
[gosec] 2026/08/24 18:20:06 Import directory: /home/ubuntu/forgelocal-prehuman-fresh-20260824/internal/productschema
[gosec] 2026/08/24 18:20:06 Import directory: /home/ubuntu/forgelocal-prehuman-fresh-20260824/internal/proxies
[gosec] 2026/08/24 18:20:06 Import directory: /home/ubuntu/forgelocal-prehuman-fresh-20260824/internal/drift
[gosec] 2026/08/24 18:20:07 Checking package: drift
[gosec] 2026/08/24 18:20:07 Checking package: environment
[gosec] 2026/08/24 18:20:07 Checking file: /home/ubuntu/forgelocal-prehuman-fresh-20260824/internal/environment/environment.go
[gosec] 2026/08/24 18:20:07 Checking file: /home/ubuntu/forgelocal-prehuman-fresh-20260824/internal/drift/detect.go
[gosec] 2026/08/24 18:20:07 Checking package: proxies
[gosec] 2026/08/24 18:20:07 Checking file: /home/ubuntu/forgelocal-prehuman-fresh-20260824/internal/proxies/errors.go
[gosec] 2026/08/24 18:20:07 Checking file: /home/ubuntu/forgelocal-prehuman-fresh-20260824/internal/proxies/store.go
[gosec] 2026/08/24 18:20:07 Checking package: launch
[gosec] 2026/08/24 18:20:07 Checking file: /home/ubuntu/forgelocal-prehuman-fresh-20260824/internal/launch/id.go
[gosec] 2026/08/24 18:20:07 Checking file: /home/ubuntu/forgelocal-prehuman-fresh-20260824/internal/launch/journal.go
[gosec] 2026/08/24 18:20:07 Checking file: /home/ubuntu/forgelocal-prehuman-fresh-20260824/internal/launch/journal_sqlite.go
[gosec] 2026/08/24 18:20:07 Import directory: /home/ubuntu/forgelocal-prehuman-fresh-20260824/internal/hardware
[gosec] 2026/08/24 18:20:07 Checking file: /home/ubuntu/forgelocal-prehuman-fresh-20260824/internal/launch/launch.go
[gosec] 2026/08/24 18:20:07 Checking package: config
[gosec] 2026/08/24 18:20:07 Checking file: /home/ubuntu/forgelocal-prehuman-fresh-20260824/internal/config/config.go
[gosec] 2026/08/24 18:20:07 Import directory: /home/ubuntu/forgelocal-prehuman-fresh-20260824/internal/localvault
[gosec] 2026/08/24 18:20:07 Import directory: /home/ubuntu/forgelocal-prehuman-fresh-20260824/internal/spike
[gosec] 2026/08/24 18:20:07 Checking file: /home/ubuntu/forgelocal-prehuman-fresh-20260824/internal/launch/manager.go
[gosec] 2026/08/24 18:20:07 Checking file: /home/ubuntu/forgelocal-prehuman-fresh-20260824/internal/launch/redact.go
[gosec] 2026/08/24 18:20:07 Import directory: /home/ubuntu/forgelocal-prehuman-fresh-20260824/internal/workflow
[gosec] 2026/08/24 18:20:07 Checking package: hardware
[gosec] 2026/08/24 18:20:07 Import directory: /home/ubuntu/forgelocal-prehuman-fresh-20260824/internal/api
[gosec] 2026/08/24 18:20:07 Checking file: /home/ubuntu/forgelocal-prehuman-fresh-20260824/internal/hardware/diagnostic.go
[gosec] 2026/08/24 18:20:07 Import directory: /home/ubuntu/forgelocal-prehuman-fresh-20260824/internal/groups
[gosec] 2026/08/24 18:20:07 Import directory: /home/ubuntu/forgelocal-prehuman-fresh-20260824/internal/secrets
[gosec] 2026/08/24 18:20:07 Checking package: mcp
[gosec] 2026/08/24 18:20:07 Checking file: /home/ubuntu/forgelocal-prehuman-fresh-20260824/internal/mcp/advanced_tools.go
[gosec] 2026/08/24 18:20:07 Checking file: /home/ubuntu/forgelocal-prehuman-fresh-20260824/internal/mcp/protocol.go
[gosec] 2026/08/24 18:20:07 Checking file: /home/ubuntu/forgelocal-prehuman-fresh-20260824/internal/mcp/results.go
[gosec] 2026/08/24 18:20:07 Checking file: /home/ubuntu/forgelocal-prehuman-fresh-20260824/internal/mcp/screenshot_artifacts.go
[gosec] 2026/08/24 18:20:07 Checking file: /home/ubuntu/forgelocal-prehuman-fresh-20260824/internal/mcp/search_provider.go
[gosec] 2026/08/24 18:20:07 Checking file: /home/ubuntu/forgelocal-prehuman-fresh-20260824/internal/mcp/server.go
[gosec] 2026/08/24 18:20:07 Checking file: /home/ubuntu/forgelocal-prehuman-fresh-20260824/internal/mcp/stdio.go
[gosec] 2026/08/24 18:20:07 Checking file: /home/ubuntu/forgelocal-prehuman-fresh-20260824/internal/mcp/tool_schema.go
[gosec] 2026/08/24 18:20:07 Checking file: /home/ubuntu/forgelocal-prehuman-fresh-20260824/internal/mcp/web_search.go
[gosec] 2026/08/24 18:20:07 Checking file: /home/ubuntu/forgelocal-prehuman-fresh-20260824/internal/mcp/web_session_pool.go
[gosec] 2026/08/24 18:20:07 Checking file: /home/ubuntu/forgelocal-prehuman-fresh-20260824/internal/mcp/web_tools.go
[gosec] 2026/08/24 18:20:07 Checking package: localvault
[gosec] 2026/08/24 18:20:07 Checking file: /home/ubuntu/forgelocal-prehuman-fresh-20260824/internal/localvault/localvault.go
[gosec] 2026/08/24 18:20:07 Import directory: /home/ubuntu/forgelocal-prehuman-fresh-20260824/internal/templates
[gosec] 2026/08/24 18:20:07 Import directory: /home/ubuntu/forgelocal-prehuman-fresh-20260824/cmd/systemvault-doctor
[gosec] 2026/08/24 18:20:07 Checking package: groups
[gosec] 2026/08/24 18:20:07 Checking file: /home/ubuntu/forgelocal-prehuman-fresh-20260824/internal/groups/store.go
[gosec] 2026/08/24 18:20:07 Checking package: secrets
[gosec] 2026/08/24 18:20:07 Checking file: /home/ubuntu/forgelocal-prehuman-fresh-20260824/internal/secrets/keyring.go
[gosec] 2026/08/24 18:20:07 Import directory: /home/ubuntu/forgelocal-prehuman-fresh-20260824/internal/browser
[gosec] 2026/08/24 18:20:07 Import directory: /home/ubuntu/forgelocal-prehuman-fresh-20260824/internal/cookies
[gosec] 2026/08/24 18:20:07 Checking package: workflow
[gosec] 2026/08/24 18:20:07 Checking file: /home/ubuntu/forgelocal-prehuman-fresh-20260824/internal/workflow/engine.go
[gosec] 2026/08/24 18:20:07 Import directory: /home/ubuntu/forgelocal-prehuman-fresh-20260824/internal/fingerprint
[gosec] 2026/08/24 18:20:07 Checking package: api
[gosec] 2026/08/24 18:20:07 Checking file: /home/ubuntu/forgelocal-prehuman-fresh-20260824/internal/api/artifacts.go
[gosec] 2026/08/24 18:20:07 Checking file: /home/ubuntu/forgelocal-prehuman-fresh-20260824/internal/api/audit.go
[gosec] 2026/08/24 18:20:07 Checking file: /home/ubuntu/forgelocal-prehuman-fresh-20260824/internal/api/backup.go
[gosec] 2026/08/24 18:20:07 Checking file: /home/ubuntu/forgelocal-prehuman-fresh-20260824/internal/api/backup_v1.go
[gosec] 2026/08/24 18:20:07 Checking file: /home/ubuntu/forgelocal-prehuman-fresh-20260824/internal/api/cookie_fixtures.go
[gosec] 2026/08/24 18:20:07 Checking file: /home/ubuntu/forgelocal-prehuman-fresh-20260824/internal/api/correlation.go
[gosec] 2026/08/24 18:20:07 Checking file: /home/ubuntu/forgelocal-prehuman-fresh-20260824/internal/api/dashboard.go
[gosec] 2026/08/24 18:20:07 Checking file: /home/ubuntu/forgelocal-prehuman-fresh-20260824/internal/api/groups.go
[gosec] 2026/08/24 18:20:07 Checking file: /home/ubuntu/forgelocal-prehuman-fresh-20260824/internal/api/localsession.go
[gosec] 2026/08/24 18:20:07 Checking file: /home/ubuntu/forgelocal-prehuman-fresh-20260824/internal/api/openapi.go
[gosec] 2026/08/24 18:20:07 Checking file: /home/ubuntu/forgelocal-prehuman-fresh-20260824/internal/api/profile_history.go
[gosec] 2026/08/24 18:20:07 Checking file: /home/ubuntu/forgelocal-prehuman-fresh-20260824/internal/api/profiles_bulk.go
[gosec] 2026/08/24 18:20:07 Checking file: /home/ubuntu/forgelocal-prehuman-fresh-20260824/internal/api/profiles_write.go
[gosec] 2026/08/24 18:20:07 Checking package: templates
[gosec] 2026/08/24 18:20:07 Checking file: /home/ubuntu/forgelocal-prehuman-fresh-20260824/internal/api/proxies.go
[gosec] 2026/08/24 18:20:07 Checking file: /home/ubuntu/forgelocal-prehuman-fresh-20260824/internal/templates/errors.go
[gosec] 2026/08/24 18:20:07 Checking file: /home/ubuntu/forgelocal-prehuman-fresh-20260824/internal/templates/store.go
[gosec] 2026/08/24 18:20:07 Checking file: /home/ubuntu/forgelocal-prehuman-fresh-20260824/internal/api/proxy_providers.go
[gosec] 2026/08/24 18:20:07 Checking file: /home/ubuntu/forgelocal-prehuman-fresh-20260824/internal/api/readonly.go
[gosec] 2026/08/24 18:20:07 Checking package: cookies
[gosec] 2026/08/24 18:20:07 Checking file: /home/ubuntu/forgelocal-prehuman-fresh-20260824/internal/cookies/fixtures.go
[gosec] 2026/08/24 18:20:07 Checking file: /home/ubuntu/forgelocal-prehuman-fresh-20260824/internal/api/readonly_session.go
[gosec] 2026/08/24 18:20:07 Checking file: /home/ubuntu/forgelocal-prehuman-fresh-20260824/internal/api/router.go
[gosec] 2026/08/24 18:20:07 Import directory: /home/ubuntu/forgelocal-prehuman-fresh-20260824/internal/profile
[gosec] 2026/08/24 18:20:07 Checking package: main
[gosec] 2026/08/24 18:20:07 Checking file: /home/ubuntu/forgelocal-prehuman-fresh-20260824/cmd/systemvault-doctor/main.go
[gosec] 2026/08/24 18:20:07 Import directory: /home/ubuntu/forgelocal-prehuman-fresh-20260824/internal/profilemigration
[gosec] 2026/08/24 18:20:07 Checking file: /home/ubuntu/forgelocal-prehuman-fresh-20260824/internal/api/sessions.go
[gosec] 2026/08/24 18:20:07 Import directory: /home/ubuntu/forgelocal-prehuman-fresh-20260824/cmd/server
[gosec] 2026/08/24 18:20:07 Checking file: /home/ubuntu/forgelocal-prehuman-fresh-20260824/internal/api/templates.go
[gosec] 2026/08/24 18:20:07 Checking file: /home/ubuntu/forgelocal-prehuman-fresh-20260824/internal/api/workflow.go
[gosec] 2026/08/24 18:20:07 Import directory: /home/ubuntu/forgelocal-prehuman-fresh-20260824/internal/proxyprovider
[gosec] 2026/08/24 18:20:07 Checking package: browser
[gosec] 2026/08/24 18:20:07 Checking file: /home/ubuntu/forgelocal-prehuman-fresh-20260824/internal/browser/download.go
[gosec] 2026/08/24 18:20:07 Checking package: fingerprint
[gosec] 2026/08/24 18:20:07 Checking file: /home/ubuntu/forgelocal-prehuman-fresh-20260824/internal/fingerprint/geoip.go
[gosec] 2026/08/24 18:20:07 Checking file: /home/ubuntu/forgelocal-prehuman-fresh-20260824/internal/browser/launch_chromium.go
[gosec] 2026/08/24 18:20:07 Checking file: /home/ubuntu/forgelocal-prehuman-fresh-20260824/internal/fingerprint/local.go
[gosec] 2026/08/24 18:20:07 Checking file: /home/ubuntu/forgelocal-prehuman-fresh-20260824/internal/fingerprint/pool.go
[gosec] 2026/08/24 18:20:07 Checking file: /home/ubuntu/forgelocal-prehuman-fresh-20260824/internal/browser/launch_firefox.go
[gosec] 2026/08/24 18:20:07 Checking file: /home/ubuntu/forgelocal-prehuman-fresh-20260824/internal/browser/launch_helpers.go
[gosec] 2026/08/24 18:20:07 Checking file: /home/ubuntu/forgelocal-prehuman-fresh-20260824/internal/browser/manager.go
[gosec] 2026/08/24 18:20:07 Import directory: /home/ubuntu/forgelocal-prehuman-fresh-20260824/internal/geolocation
[gosec] 2026/08/24 18:20:07 Checking file: /home/ubuntu/forgelocal-prehuman-fresh-20260824/internal/browser/socks5relay.go
[gosec] 2026/08/24 18:20:07 Checking package: profile
[gosec] 2026/08/24 18:20:07 Checking file: /home/ubuntu/forgelocal-prehuman-fresh-20260824/internal/profile/backup_snapshot.go
[gosec] 2026/08/24 18:20:07 Checking file: /home/ubuntu/forgelocal-prehuman-fresh-20260824/internal/profile/errors.go
[gosec] 2026/08/24 18:20:07 Checking file: /home/ubuntu/forgelocal-prehuman-fresh-20260824/internal/profile/store.go
[gosec] 2026/08/24 18:20:07 Import directory: /home/ubuntu/forgelocal-prehuman-fresh-20260824/cmd/back01-core
[gosec] 2026/08/24 18:20:07 Checking package: proxyprovider
[gosec] 2026/08/24 18:20:07 Checking file: /home/ubuntu/forgelocal-prehuman-fresh-20260824/internal/proxyprovider/store.go
[gosec] 2026/08/24 18:20:07 Import directory: /home/ubuntu/forgelocal-prehuman-fresh-20260824/internal/fonts
[gosec] 2026/08/24 18:20:07 Import directory: /home/ubuntu/forgelocal-prehuman-fresh-20260824/internal/history
[gosec] 2026/08/24 18:20:07 Checking package: profilemigration
[gosec] 2026/08/24 18:20:07 Checking file: /home/ubuntu/forgelocal-prehuman-fresh-20260824/internal/profilemigration/migrator.go
[gosec] 2026/08/24 18:20:07 Checking package: geolocation
[gosec] 2026/08/24 18:20:07 Checking file: /home/ubuntu/forgelocal-prehuman-fresh-20260824/internal/geolocation/qa.go
[gosec] 2026/08/24 18:20:07 Import directory: /home/ubuntu/forgelocal-prehuman-fresh-20260824/internal/humanize
[gosec] 2026/08/24 18:20:07 Import directory: /home/ubuntu/forgelocal-prehuman-fresh-20260824/internal/profilehealth
[gosec] 2026/08/24 18:20:07 Checking package: main
[gosec] 2026/08/24 18:20:07 Checking file: /home/ubuntu/forgelocal-prehuman-fresh-20260824/cmd/server/cli.go
[gosec] 2026/08/24 18:20:07 Checking file: /home/ubuntu/forgelocal-prehuman-fresh-20260824/cmd/server/cli_runtime.go
[gosec] 2026/08/24 18:20:07 Checking file: /home/ubuntu/forgelocal-prehuman-fresh-20260824/cmd/server/main.go
[gosec] 2026/08/24 18:20:07 Checking package: fonts
[gosec] 2026/08/24 18:20:07 Checking file: /home/ubuntu/forgelocal-prehuman-fresh-20260824/internal/fonts/inventory.go
[gosec] 2026/08/24 18:20:07 Import directory: /home/ubuntu/forgelocal-prehuman-fresh-20260824/internal/sessiontrack
[gosec] 2026/08/24 18:20:07 Checking package: profilehealth
[gosec] 2026/08/24 18:20:07 Checking file: /home/ubuntu/forgelocal-prehuman-fresh-20260824/internal/profilehealth/health.go
[gosec] 2026/08/24 18:20:07 Import directory: /home/ubuntu/forgelocal-prehuman-fresh-20260824/internal/runtime
[gosec] 2026/08/24 18:20:07 Import directory: /home/ubuntu/forgelocal-prehuman-fresh-20260824/internal/backup
[gosec] 2026/08/24 18:20:07 Checking package: main
[gosec] 2026/08/24 18:20:07 Checking file: /home/ubuntu/forgelocal-prehuman-fresh-20260824/cmd/back01-core/main.go
[gosec] 2026/08/24 18:20:07 Checking package: history
[gosec] 2026/08/24 18:20:07 Checking file: /home/ubuntu/forgelocal-prehuman-fresh-20260824/internal/history/errors.go
[gosec] 2026/08/24 18:20:07 Checking file: /home/ubuntu/forgelocal-prehuman-fresh-20260824/internal/history/store.go
[gosec] 2026/08/24 18:20:07 Checking package: sessiontrack
[gosec] 2026/08/24 18:20:07 Checking file: /home/ubuntu/forgelocal-prehuman-fresh-20260824/internal/sessiontrack/tracker.go
[gosec] 2026/08/24 18:20:07 Checking package: humanize
[gosec] 2026/08/24 18:20:07 Checking file: /home/ubuntu/forgelocal-prehuman-fresh-20260824/internal/humanize/config.go
[gosec] 2026/08/24 18:20:07 Checking file: /home/ubuntu/forgelocal-prehuman-fresh-20260824/internal/humanize/keyboard.go
[gosec] 2026/08/24 18:20:07 Checking file: /home/ubuntu/forgelocal-prehuman-fresh-20260824/internal/humanize/math.go
[gosec] 2026/08/24 18:20:07 Checking file: /home/ubuntu/forgelocal-prehuman-fresh-20260824/internal/humanize/mouse.go
[gosec] 2026/08/24 18:20:07 Checking file: /home/ubuntu/forgelocal-prehuman-fresh-20260824/internal/humanize/scroll.go
[gosec] 2026/08/24 18:20:07 Checking package: runtime
[gosec] 2026/08/24 18:20:07 Checking file: /home/ubuntu/forgelocal-prehuman-fresh-20260824/internal/runtime/qualification.go
[gosec] 2026/08/24 18:20:07 Checking file: /home/ubuntu/forgelocal-prehuman-fresh-20260824/internal/runtime/runtime.go
[gosec] 2026/08/24 18:20:08 Checking package: backup
[gosec] 2026/08/24 18:20:08 Checking file: /home/ubuntu/forgelocal-prehuman-fresh-20260824/internal/backup/bootstrap.go
[gosec] 2026/08/24 18:20:08 Checking file: /home/ubuntu/forgelocal-prehuman-fresh-20260824/internal/backup/migrations.go
[gosec] 2026/08/24 18:20:08 Checking file: /home/ubuntu/forgelocal-prehuman-fresh-20260824/internal/backup/service.go
[gosec] 2026/08/24 18:20:08 Checking file: /home/ubuntu/forgelocal-prehuman-fresh-20260824/internal/backup/store.go

exit_code=1
completed_utc=2026-08-24T18:20:08Z
check=gosec_head
---
started_utc=2026-08-24T18:20:08Z
cwd=/home/ubuntu/forgelocal-prehuman-fresh-20260824
head=6ae02e4ceed239b9310fbf3fccb1b5170117251e
command=/home/ubuntu/forgelocal-prehuman-validation-20260824/normalize_gosec_comparison.py /home/ubuntu/forgelocal-prehuman-validation-20260824 
--- raw_output ---
started_utc=2026-08-24T18:20:08Z
cwd=/home/ubuntu/forgelocal-prehuman-fresh-20260824
command=normalize Gosec baseline/head JSON paths and compare rule/file/line/details
baseline_count=194
head_count=194
new_findings=[('G104', '/home/ubuntu/forgelocal-prehuman-fresh-20260824/cmd/server/cli_runtime.go', '696', 'Errors unhandled'), ('G104', '/home/ubuntu/forgelocal-prehuman-fresh-20260824/cmd/server/cli_runtime.go', '699', 'Errors unhandled'), ('G104', '/home/ubuntu/forgelocal-prehuman-fresh-20260824/cmd/server/main.go', '439', 'Errors unhandled'), ('G104', '/home/ubuntu/forgelocal-prehuman-fresh-20260824/cmd/server/main.go', '469', 'Errors unhandled'), ('G104', '/home/ubuntu/forgelocal-prehuman-fresh-20260824/cmd/server/main.go', '567', 'Errors unhandled'), ('G104', '/home/ubuntu/forgelocal-prehuman-fresh-20260824/internal/api/dashboard.go', '13', 'Errors unhandled'), ('G104', '/home/ubuntu/forgelocal-prehuman-fresh-20260824/internal/api/router.go', '680', 'Errors unhandled'), ('G104', '/home/ubuntu/forgelocal-prehuman-fresh-20260824/internal/api/sessions.go', '238', 'Errors unhandled'), ('G104', '/home/ubuntu/forgelocal-prehuman-fresh-20260824/internal/api/sessions.go', '397', 'Errors unhandled'), ('G104', '/home/ubuntu/forgelocal-prehuman-fresh-20260824/internal/api/sessions.go', '411', 'Errors unhandled'), ('G104', '/home/ubuntu/forgelocal-prehuman-fresh-20260824/internal/api/sessions.go', '417', 'Errors unhandled'), ('G104', '/home/ubuntu/forgelocal-prehuman-fresh-20260824/internal/api/sessions.go', '422', 'Errors unhandled'), ('G104', '/home/ubuntu/forgelocal-prehuman-fresh-20260824/internal/api/sessions.go', '425', 'Errors unhandled'), ('G104', '/home/ubuntu/forgelocal-prehuman-fresh-20260824/internal/api/sessions.go', '428', 'Errors unhandled'), ('G104', '/home/ubuntu/forgelocal-prehuman-fresh-20260824/internal/api/sessions.go', '432', 'Errors unhandled'), ('G104', '/home/ubuntu/forgelocal-prehuman-fresh-20260824/internal/api/sessions.go', '433', 'Errors unhandled'), ('G104', '/home/ubuntu/forgelocal-prehuman-fresh-20260824/internal/browser/download.go', '145', 'Errors unhandled'), ('G104', '/home/ubuntu/forgelocal-prehuman-fresh-20260824/internal/browser/download.go', '324', 'Errors unhandled'), ('G104', '/home/ubuntu/forgelocal-prehuman-fresh-20260824/internal/browser/download.go', '334', 'Errors unhandled'), ('G104', '/home/ubuntu/forgelocal-prehuman-fresh-20260824/internal/browser/download.go', '341', 'Errors unhandled'), ('G104', '/home/ubuntu/forgelocal-prehuman-fresh-20260824/internal/browser/download.go', '357', 'Errors unhandled'), ('G104', '/home/ubuntu/forgelocal-prehuman-fresh-20260824/internal/browser/download.go', '371', 'Errors unhandled'), ('G104', '/home/ubuntu/forgelocal-prehuman-fresh-20260824/internal/browser/download.go', '374', 'Errors unhandled'), ('G104', '/home/ubuntu/forgelocal-prehuman-fresh-20260824/internal/browser/download.go', '381', 'Errors unhandled'), ('G104', '/home/ubuntu/forgelocal-prehuman-fresh-20260824/internal/browser/download.go', '436', 'Errors unhandled'), ('G104', '/home/ubuntu/forgelocal-prehuman-fresh-20260824/internal/browser/download.go', '450', 'Errors unhandled'), ('G104', '/home/ubuntu/forgelocal-prehuman-fresh-20260824/internal/browser/download.go', '453', 'Errors unhandled'), ('G104', '/home/ubuntu/forgelocal-prehuman-fresh-20260824/internal/browser/download.go', '460', 'Errors unhandled'), ('G104', '/home/ubuntu/forgelocal-prehuman-fresh-20260824/internal/browser/download.go', '573', 'Errors unhandled'), ('G104', '/home/ubuntu/forgelocal-prehuman-fresh-20260824/internal/browser/download.go', '576', 'Errors unhandled'), ('G104', '/home/ubuntu/forgelocal-prehuman-fresh-20260824/internal/browser/download.go', '584', 'Errors unhandled'), ('G104', '/home/ubuntu/forgelocal-prehuman-fresh-20260824/internal/browser/download.go', '588', 'Errors unhandled'), ('G104', '/home/ubuntu/forgelocal-prehuman-fresh-20260824/internal/browser/download.go', '589', 'Errors unhandled'), ('G104', '/home/ubuntu/forgelocal-prehuman-fresh-20260824/internal/browser/download.go', '625', 'Errors unhandled'), ('G104', '/home/ubuntu/forgelocal-prehuman-fresh-20260824/internal/browser/download.go', '627', 'Errors unhandled'), ('G104', '/home/ubuntu/forgelocal-prehuman-fresh-20260824/internal/browser/download.go', '634', 'Errors unhandled'), ('G104', '/home/ubuntu/forgelocal-prehuman-fresh-20260824/internal/browser/download.go', '639', 'Errors unhandled'), ('G104', '/home/ubuntu/forgelocal-prehuman-fresh-20260824/internal/browser/download.go', '640', 'Errors unhandled'), ('G104', '/home/ubuntu/forgelocal-prehuman-fresh-20260824/internal/browser/download.go', '645', 'Errors unhandled'), ('G104', '/home/ubuntu/forgelocal-prehuman-fresh-20260824/internal/browser/launch_chromium.go', '306', 'Errors unhandled'), ('G104', '/home/ubuntu/forgelocal-prehuman-fresh-20260824/internal/browser/launch_chromium.go', '327', 'Errors unhandled'), ('G104', '/home/ubuntu/forgelocal-prehuman-fresh-20260824/internal/browser/launch_firefox.go', '153', 'Errors unhandled'), ('G104', '/home/ubuntu/forgelocal-prehuman-fresh-20260824/internal/browser/manager.go', '373', 'Errors unhandled'), ('G104', '/home/ubuntu/forgelocal-prehuman-fresh-20260824/internal/browser/manager.go', '376', 'Errors unhandled'), ('G104', '/home/ubuntu/forgelocal-prehuman-fresh-20260824/internal/browser/manager.go', '391', 'Errors unhandled'), ('G104', '/home/ubuntu/forgelocal-prehuman-fresh-20260824/internal/browser/manager.go', '399', 'Errors unhandled'), ('G104', '/home/ubuntu/forgelocal-prehuman-fresh-20260824/internal/browser/socks5relay.go', '122', 'Errors unhandled'), ('G104', '/home/ubuntu/forgelocal-prehuman-fresh-20260824/internal/browser/socks5relay.go', '129', 'Errors unhandled'), ('G104', '/home/ubuntu/forgelocal-prehuman-fresh-20260824/internal/browser/socks5relay.go', '135', 'Errors unhandled'), ('G104', '/home/ubuntu/forgelocal-prehuman-fresh-20260824/internal/browser/socks5relay.go', '142', 'Errors unhandled'), ('G104', '/home/ubuntu/forgelocal-prehuman-fresh-20260824/internal/browser/socks5relay.go', '144', 'Errors unhandled'), ('G104', '/home/ubuntu/forgelocal-prehuman-fresh-20260824/internal/browser/socks5relay.go', '49', 'Errors unhandled'), ('G104', '/home/ubuntu/forgelocal-prehuman-fresh-20260824/internal/browser/socks5relay.go', '87', 'Errors unhandled'), ('G104', '/home/ubuntu/forgelocal-prehuman-fresh-20260824/internal/browser/socks5relay.go', '95', 'Errors unhandled'), ('G104', '/home/ubuntu/forgelocal-prehuman-fresh-20260824/internal/config/config.go', '168', 'Errors unhandled'), ('G104', '/home/ubuntu/forgelocal-prehuman-fresh-20260824/internal/fingerprint/pool.go', '72', 'Errors unhandled'), ('G104', '/home/ubuntu/forgelocal-prehuman-fresh-20260824/internal/humanize/keyboard.go', '33', 'Errors unhandled'), ('G104', '/home/ubuntu/forgelocal-prehuman-fresh-20260824/internal/humanize/keyboard.go', '60', 'Errors unhandled'), ('G104', '/home/ubuntu/forgelocal-prehuman-fresh-20260824/internal/humanize/keyboard.go', '73-75', 'Errors unhandled'), ('G104', '/home/ubuntu/forgelocal-prehuman-fresh-20260824/internal/mcp/protocol.go', '40', 'Errors unhandled'), ('G104', '/home/ubuntu/forgelocal-prehuman-fresh-20260824/internal/mcp/server.go', '667', 'Errors unhandled'), ('G104', '/home/ubuntu/forgelocal-prehuman-fresh-20260824/internal/mcp/server.go', '818', 'Errors unhandled'), ('G104', '/home/ubuntu/forgelocal-prehuman-fresh-20260824/internal/mcp/stdio.go', '56', 'Errors unhandled'), ('G104', '/home/ubuntu/forgelocal-prehuman-fresh-20260824/internal/workflow/engine.go', '281', 'Errors unhandled'), ('G107', '/home/ubuntu/forgelocal-prehuman-fresh-20260824/internal/browser/download.go', '510', 'Potential HTTP request made with variable url'), ('G110', '/home/ubuntu/forgelocal-prehuman-fresh-20260824/cmd/server/cli_runtime.go', '695', 'Potential DoS vulnerability via decompression bomb'), ('G110', '/home/ubuntu/forgelocal-prehuman-fresh-20260824/internal/browser/download.go', '587', 'Potential DoS vulnerability via decompression bomb'), ('G110', '/home/ubuntu/forgelocal-prehuman-fresh-20260824/internal/browser/download.go', '633', 'Potential DoS vulnerability via decompression bomb'), ('G112', '/home/ubuntu/forgelocal-prehuman-fresh-20260824/cmd/server/main.go', '424', 'Potential Slowloris Attack because ReadHeaderTimeout is not configured in the http.Server'), ('G115', '/home/ubuntu/forgelocal-prehuman-fresh-20260824/cmd/server/cli_runtime.go', '684', 'integer overflow conversion int64 -> uint32'), ('G115', '/home/ubuntu/forgelocal-prehuman-fresh-20260824/cmd/server/cli_runtime.go', '691', 'integer overflow conversion int64 -> uint32'), ('G115', '/home/ubuntu/forgelocal-prehuman-fresh-20260824/internal/browser/download.go', '628', 'integer overflow conversion int64 -> uint32'), ('G115', '/home/ubuntu/forgelocal-prehuman-fresh-20260824/internal/browser/launch_chromium.go', '1009', 'integer overflow conversion int64 -> uint64'), ('G115', '/home/ubuntu/forgelocal-prehuman-fresh-20260824/internal/launch/id.go', '50', 'integer overflow conversion uint64 -> byte'), ('G115', '/home/ubuntu/forgelocal-prehuman-fresh-20260824/internal/launch/id.go', '53', 'integer overflow conversion uint64 -> byte'), ('G115', '/home/ubuntu/forgelocal-prehuman-fresh-20260824/internal/launch/id.go', '55', 'integer overflow conversion uint64 -> byte'), ('G115', '/home/ubuntu/forgelocal-prehuman-fresh-20260824/internal/launch/id.go', '56', 'integer overflow conversion uint64 -> byte'), ('G118', '/home/ubuntu/forgelocal-prehuman-fresh-20260824/internal/launch/launch.go', '192', 'Goroutine uses context.Background/TODO while request-scoped context is available'), ('G122', '/home/ubuntu/forgelocal-prehuman-fresh-20260824/cmd/server/cli_runtime.go', '642', 'Filesystem operation in filepath.Walk/WalkDir callback uses race-prone path; consider root-scoped APIs (e.g. os.Root) to prevent symlink TOCTOU traversal'), ('G204', '/home/ubuntu/forgelocal-prehuman-fresh-20260824/cmd/server/main.go', '560', 'Subprocess launched with variable'), ('G204', '/home/ubuntu/forgelocal-prehuman-fresh-20260824/cmd/server/main.go', '562', 'Subprocess launched with variable'), ('G204', '/home/ubuntu/forgelocal-prehuman-fresh-20260824/cmd/server/main.go', '564', 'Subprocess launched with variable'), ('G204', '/home/ubuntu/forgelocal-prehuman-fresh-20260824/internal/browser/download.go', '334', 'Subprocess launched with variable'), ('G204', '/home/ubuntu/forgelocal-prehuman-fresh-20260824/internal/browser/download.go', '374', 'Subprocess launched with variable'), ('G204', '/home/ubuntu/forgelocal-prehuman-fresh-20260824/internal/browser/download.go', '453', 'Subprocess launched with variable'), ('G301', '/home/ubuntu/forgelocal-prehuman-fresh-20260824/cmd/server/cli.go', '757', 'Expect directory permissions to be 0750 or less'), ('G301', '/home/ubuntu/forgelocal-prehuman-fresh-20260824/cmd/server/cli.go', '772', 'Expect directory permissions to be 0750 or less'), ('G301', '/home/ubuntu/forgelocal-prehuman-fresh-20260824/cmd/server/cli_runtime.go', '450', 'Expect directory permissions to be 0750 or less'), ('G301', '/home/ubuntu/forgelocal-prehuman-fresh-20260824/cmd/server/cli_runtime.go', '584', 'Expect directory permissions to be 0750 or less'), ('G301', '/home/ubuntu/forgelocal-prehuman-fresh-20260824/cmd/server/cli_runtime.go', '688', 'Expect directory permissions to be 0750 or less'), ('G301', '/home/ubuntu/forgelocal-prehuman-fresh-20260824/cmd/server/cli_runtime.go', '704', 'Expect directory permissions to be 0750 or less'), ('G301', '/home/ubuntu/forgelocal-prehuman-fresh-20260824/cmd/server/cli_runtime.go', '750', 'Expect directory permissions to be 0750 or less'), ('G301', '/home/ubuntu/forgelocal-prehuman-fresh-20260824/cmd/server/main.go', '139', 'Expect directory permissions to be 0750 or less'), ('G301', '/home/ubuntu/forgelocal-prehuman-fresh-20260824/cmd/server/main.go', '142', 'Expect directory permissions to be 0750 or less'), ('G301', '/home/ubuntu/forgelocal-prehuman-fresh-20260824/cmd/server/main.go', '145', 'Expect directory permissions to be 0750 or less'), ('G301', '/home/ubuntu/forgelocal-prehuman-fresh-20260824/cmd/server/main.go', '68', 'Expect directory permissions to be 0750 or less'), ('G301', '/home/ubuntu/forgelocal-prehuman-fresh-20260824/cmd/server/main.go', '72', 'Expect directory permissions to be 0750 or less'), ('G301', '/home/ubuntu/forgelocal-prehuman-fresh-20260824/internal/api/router.go', '800', 'Expect directory permissions to be 0750 or less'), ('G301', '/home/ubuntu/forgelocal-prehuman-fresh-20260824/internal/browser/download.go', '308', 'Expect directory permissions to be 0750 or less'), ('G301', '/home/ubuntu/forgelocal-prehuman-fresh-20260824/internal/browser/download.go', '357', 'Expect directory permissions to be 0750 or less'), ('G301', '/home/ubuntu/forgelocal-prehuman-fresh-20260824/internal/browser/download.go', '436', 'Expect directory permissions to be 0750 or less'), ('G301', '/home/ubuntu/forgelocal-prehuman-fresh-20260824/internal/browser/download.go', '573', 'Expect directory permissions to be 0750 or less'), ('G301', '/home/ubuntu/forgelocal-prehuman-fresh-20260824/internal/browser/download.go', '576', 'Expect directory permissions to be 0750 or less'), ('G301', '/home/ubuntu/forgelocal-prehuman-fresh-20260824/internal/browser/download.go', '625', 'Expect directory permissions to be 0750 or less'), ('G301', '/home/ubuntu/forgelocal-prehuman-fresh-20260824/internal/browser/download.go', '627', 'Expect directory permissions to be 0750 or less'), ('G301', '/home/ubuntu/forgelocal-prehuman-fresh-20260824/internal/browser/download.go', '639', 'Expect directory permissions to be 0750 or less'), ('G301', '/home/ubuntu/forgelocal-prehuman-fresh-20260824/internal/browser/launch_chromium.go', '185', 'Expect directory permissions to be 0750 or less'), ('G301', '/home/ubuntu/forgelocal-prehuman-fresh-20260824/internal/browser/launch_chromium.go', '1898', 'Expect directory permissions to be 0750 or less'), ('G301', '/home/ubuntu/forgelocal-prehuman-fresh-20260824/internal/browser/launch_chromium.go', '190', 'Expect directory permissions to be 0750 or less'), ('G301', '/home/ubuntu/forgelocal-prehuman-fresh-20260824/internal/browser/launch_chromium.go', '63', 'Expect directory permissions to be 0750 or less'), ('G301', '/home/ubuntu/forgelocal-prehuman-fresh-20260824/internal/browser/launch_chromium.go', '943', 'Expect directory permissions to be 0750 or less'), ('G301', '/home/ubuntu/forgelocal-prehuman-fresh-20260824/internal/browser/launch_firefox.go', '66', 'Expect directory permissions to be 0750 or less'), ('G301', '/home/ubuntu/forgelocal-prehuman-fresh-20260824/internal/browser/launch_firefox.go', '80', 'Expect directory permissions to be 0750 or less'), ('G301', '/home/ubuntu/forgelocal-prehuman-fresh-20260824/internal/config/config.go', '168', 'Expect directory permissions to be 0750 or less'), ('G301', '/home/ubuntu/forgelocal-prehuman-fresh-20260824/internal/groups/store.go', '45', 'Expect directory permissions to be 0750 or less'), ('G301', '/home/ubuntu/forgelocal-prehuman-fresh-20260824/internal/mcp/advanced_tools.go', '724', 'Expect directory permissions to be 0750 or less'), ('G301', '/home/ubuntu/forgelocal-prehuman-fresh-20260824/internal/workflow/engine.go', '251', 'Expect directory permissions to be 0750 or less'), ('G302', '/home/ubuntu/forgelocal-prehuman-fresh-20260824/internal/browser/download.go', '341', 'Expect file permissions to be 0600 or less'), ('G302', '/home/ubuntu/forgelocal-prehuman-fresh-20260824/internal/browser/download.go', '381', 'Expect file permissions to be 0600 or less'), ('G302', '/home/ubuntu/forgelocal-prehuman-fresh-20260824/internal/browser/download.go', '460', 'Expect file permissions to be 0600 or less'), ('G302', '/home/ubuntu/forgelocal-prehuman-fresh-20260824/internal/config/config.go', '169', 'Expect file permissions to be 0600 or less'), ('G304', '/home/ubuntu/forgelocal-prehuman-fresh-20260824/cmd/server/cli.go', '572', 'Potential file inclusion via variable'), ('G304', '/home/ubuntu/forgelocal-prehuman-fresh-20260824/cmd/server/cli.go', '850', 'Potential file inclusion via variable'), ('G304', '/home/ubuntu/forgelocal-prehuman-fresh-20260824/cmd/server/cli_runtime.go', '587', 'Potential file inclusion via variable'), ('G304', '/home/ubuntu/forgelocal-prehuman-fresh-20260824/cmd/server/cli_runtime.go', '642', 'Potential file inclusion via variable'), ('G304', '/home/ubuntu/forgelocal-prehuman-fresh-20260824/cmd/server/cli_runtime.go', '653', 'Potential file inclusion via variable'), ('G304', '/home/ubuntu/forgelocal-prehuman-fresh-20260824/cmd/server/cli_runtime.go', '691', 'Potential file inclusion via variable'), ('G304', '/home/ubuntu/forgelocal-prehuman-fresh-20260824/cmd/server/cli_runtime.go', '753', 'Potential file inclusion via variable'), ('G304', '/home/ubuntu/forgelocal-prehuman-fresh-20260824/cmd/server/cli_runtime.go', '781', 'Potential file inclusion via variable'), ('G304', '/home/ubuntu/forgelocal-prehuman-fresh-20260824/internal/api/artifacts.go', '31', 'Potential file inclusion via variable'), ('G304', '/home/ubuntu/forgelocal-prehuman-fresh-20260824/internal/api/router.go', '804', 'Potential file inclusion via variable'), ('G304', '/home/ubuntu/forgelocal-prehuman-fresh-20260824/internal/browser/download.go', '137', 'Potential file inclusion via variable'), ('G304', '/home/ubuntu/forgelocal-prehuman-fresh-20260824/internal/browser/download.go', '519', 'Potential file inclusion via variable'), ('G304', '/home/ubuntu/forgelocal-prehuman-fresh-20260824/internal/browser/download.go', '578', 'Potential file inclusion via variable'), ('G304', '/home/ubuntu/forgelocal-prehuman-fresh-20260824/internal/browser/download.go', '598', 'Potential file inclusion via variable'), ('G304', '/home/ubuntu/forgelocal-prehuman-fresh-20260824/internal/browser/download.go', '629', 'Potential file inclusion via variable'), ('G304', '/home/ubuntu/forgelocal-prehuman-fresh-20260824/internal/browser/download.go', '644', 'Potential file inclusion via variable'), ('G304', '/home/ubuntu/forgelocal-prehuman-fresh-20260824/internal/browser/launch_chromium.go', '195', 'Potential file inclusion via variable'), ('G304', '/home/ubuntu/forgelocal-prehuman-fresh-20260824/internal/config/config.go', '169', 'Potential file inclusion via variable'), ('G304', '/home/ubuntu/forgelocal-prehuman-fresh-20260824/internal/config/config.go', '90', 'Potential file inclusion via variable'), ('G304', '/home/ubuntu/forgelocal-prehuman-fresh-20260824/internal/fingerprint/pool.go', '25', 'Potential file inclusion via variable'), ('G304', '/home/ubuntu/forgelocal-prehuman-fresh-20260824/internal/mcp/advanced_tools.go', '481', 'Potential file inclusion via variable'), ('G304', '/home/ubuntu/forgelocal-prehuman-fresh-20260824/internal/workflow/engine.go', '52', 'Potential file inclusion via variable'), ('G305', '/home/ubuntu/forgelocal-prehuman-fresh-20260824/internal/browser/download.go', '568', 'File traversal when extracting zip/tar archive'), ('G305', '/home/ubuntu/forgelocal-prehuman-fresh-20260824/internal/browser/download.go', '619', 'File traversal when extracting zip/tar archive'), ('G305', '/home/ubuntu/forgelocal-prehuman-fresh-20260824/internal/browser/download.go', '643', 'File traversal when extracting zip/tar archive'), ('G306', '/home/ubuntu/forgelocal-prehuman-fresh-20260824/cmd/server/cli.go', '620', 'Expect WriteFile permissions to be 0600 or less'), ('G306', '/home/ubuntu/forgelocal-prehuman-fresh-20260824/cmd/server/cli.go', '625', 'Expect WriteFile permissions to be 0600 or less'), ('G306', '/home/ubuntu/forgelocal-prehuman-fresh-20260824/cmd/server/cli.go', '781', 'Expect WriteFile permissions to be 0600 or less'), ('G306', '/home/ubuntu/forgelocal-prehuman-fresh-20260824/cmd/server/main.go', '335', 'Expect WriteFile permissions to be 0600 or less'), ('G306', '/home/ubuntu/forgelocal-prehuman-fresh-20260824/internal/browser/download.go', '145', 'Expect WriteFile permissions to be 0600 or less'), ('G306', '/home/ubuntu/forgelocal-prehuman-fresh-20260824/internal/browser/download.go', '645', 'Expect WriteFile permissions to be 0600 or less'), ('G306', '/home/ubuntu/forgelocal-prehuman-fresh-20260824/internal/browser/launch_chromium.go', '211', 'Expect WriteFile permissions to be 0600 or less'), ('G306', '/home/ubuntu/forgelocal-prehuman-fresh-20260824/internal/browser/launch_chromium.go', '951', 'Expect WriteFile permissions to be 0600 or less'), ('G306', '/home/ubuntu/forgelocal-prehuman-fresh-20260824/internal/mcp/advanced_tools.go', '727', 'Expect WriteFile permissions to be 0600 or less'), ('G404', '/home/ubuntu/forgelocal-prehuman-fresh-20260824/internal/fingerprint/pool.go', '64', 'Use of weak random number generator (math/rand or math/rand/v2 instead of crypto/rand)'), ('G404', '/home/ubuntu/forgelocal-prehuman-fresh-20260824/internal/humanize/keyboard.go', '56', 'Use of weak random number generator (math/rand or math/rand/v2 instead of crypto/rand)'), ('G404', '/home/ubuntu/forgelocal-prehuman-fresh-20260824/internal/humanize/keyboard.go', '84', 'Use of weak random number generator (math/rand or math/rand/v2 instead of crypto/rand)'), ('G404', '/home/ubuntu/forgelocal-prehuman-fresh-20260824/internal/humanize/math.go', '108', 'Use of weak random number generator (math/rand or math/rand/v2 instead of crypto/rand)'), ('G404', '/home/ubuntu/forgelocal-prehuman-fresh-20260824/internal/humanize/math.go', '115', 'Use of weak random number generator (math/rand or math/rand/v2 instead of crypto/rand)'), ('G404', '/home/ubuntu/forgelocal-prehuman-fresh-20260824/internal/humanize/math.go', '120', 'Use of weak random number generator (math/rand or math/rand/v2 instead of crypto/rand)'), ('G404', '/home/ubuntu/forgelocal-prehuman-fresh-20260824/internal/humanize/math.go', '128', 'Use of weak random number generator (math/rand or math/rand/v2 instead of crypto/rand)'), ('G404', '/home/ubuntu/forgelocal-prehuman-fresh-20260824/internal/humanize/math.go', '49', 'Use of weak random number generator (math/rand or math/rand/v2 instead of crypto/rand)'), ('G404', '/home/ubuntu/forgelocal-prehuman-fresh-20260824/internal/humanize/math.go', '55', 'Use of weak random number generator (math/rand or math/rand/v2 instead of crypto/rand)'), ('G404', '/home/ubuntu/forgelocal-prehuman-fresh-20260824/internal/humanize/math.go', '59', 'Use of weak random number generator (math/rand or math/rand/v2 instead of crypto/rand)'), ('G404', '/home/ubuntu/forgelocal-prehuman-fresh-20260824/internal/humanize/math.go', '76', 'Use of weak random number generator (math/rand or math/rand/v2 instead of crypto/rand)'), ('G404', '/home/ubuntu/forgelocal-prehuman-fresh-20260824/internal/humanize/math.go', '77', 'Use of weak random number generator (math/rand or math/rand/v2 instead of crypto/rand)'), ('G404', '/home/ubuntu/forgelocal-prehuman-fresh-20260824/internal/humanize/math.go', '97', 'Use of weak random number generator (math/rand or math/rand/v2 instead of crypto/rand)'), ('G404', '/home/ubuntu/forgelocal-prehuman-fresh-20260824/internal/humanize/math.go', '98', 'Use of weak random number generator (math/rand or math/rand/v2 instead of crypto/rand)'), ('G404', '/home/ubuntu/forgelocal-prehuman-fresh-20260824/internal/humanize/mouse.go', '36', 'Use of weak random number generator (math/rand or math/rand/v2 instead of crypto/rand)'), ('G404', '/home/ubuntu/forgelocal-prehuman-fresh-20260824/internal/humanize/mouse.go', '37', 'Use of weak random number generator (math/rand or math/rand/v2 instead of crypto/rand)'), ('G404', '/home/ubuntu/forgelocal-prehuman-fresh-20260824/internal/humanize/mouse.go', '89', 'Use of weak random number generator (math/rand or math/rand/v2 instead of crypto/rand)'), ('G703', '/home/ubuntu/forgelocal-prehuman-fresh-20260824/cmd/server/cli_runtime.go', '450', 'Path traversal via taint analysis'), ('G703', '/home/ubuntu/forgelocal-prehuman-fresh-20260824/cmd/server/cli_runtime.go', '574', 'Path traversal via taint analysis'), ('G703', '/home/ubuntu/forgelocal-prehuman-fresh-20260824/cmd/server/cli_runtime.go', '584', 'Path traversal via taint analysis'), ('G703', '/home/ubuntu/forgelocal-prehuman-fresh-20260824/cmd/server/cli_runtime.go', '587', 'Path traversal via taint analysis'), ('G703', '/home/ubuntu/forgelocal-prehuman-fresh-20260824/cmd/server/cli_runtime.go', '653', 'Path traversal via taint analysis'), ('G703', '/home/ubuntu/forgelocal-prehuman-fresh-20260824/cmd/server/cli_runtime.go', '684', 'Path traversal via taint analysis'), ('G703', '/home/ubuntu/forgelocal-prehuman-fresh-20260824/cmd/server/cli_runtime.go', '688', 'Path traversal via taint analysis'), ('G703', '/home/ubuntu/forgelocal-prehuman-fresh-20260824/cmd/server/cli_runtime.go', '691', 'Path traversal via taint analysis'), ('G703', '/home/ubuntu/forgelocal-prehuman-fresh-20260824/cmd/server/cli_runtime.go', '704', 'Path traversal via taint analysis'), ('G703', '/home/ubuntu/forgelocal-prehuman-fresh-20260824/cmd/server/cli_runtime.go', '707', 'Path traversal via taint analysis'), ('G703', '/home/ubuntu/forgelocal-prehuman-fresh-20260824/cmd/server/cli_runtime.go', '750', 'Path traversal via taint analysis'), ('G703', '/home/ubuntu/forgelocal-prehuman-fresh-20260824/cmd/server/cli_runtime.go', '753', 'Path traversal via taint analysis'), ('G703', '/home/ubuntu/forgelocal-prehuman-fresh-20260824/cmd/server/cli_runtime.go', '781', 'Path traversal via taint analysis'), ('G703', '/home/ubuntu/forgelocal-prehuman-fresh-20260824/internal/browser/download.go', '645', 'Path traversal via taint analysis'), ('G704', '/home/ubuntu/forgelocal-prehuman-fresh-20260824/cmd/server/cli.go', '1036', 'SSRF via taint analysis'), ('G704', '/home/ubuntu/forgelocal-prehuman-fresh-20260824/cmd/server/cli.go', '976', 'SSRF via taint analysis'), ('G704', '/home/ubuntu/forgelocal-prehuman-fresh-20260824/cmd/server/cli.go', '992', 'SSRF via taint analysis'), ('G704', '/home/ubuntu/forgelocal-prehuman-fresh-20260824/cmd/server/cli_runtime.go', '737', 'SSRF via taint analysis'), ('G704', '/home/ubuntu/forgelocal-prehuman-fresh-20260824/cmd/server/cli_runtime.go', '742', 'SSRF via taint analysis'), ('G704', '/home/ubuntu/forgelocal-prehuman-fresh-20260824/cmd/server/cli_runtime.go', '791', 'SSRF via taint analysis'), ('G704', '/home/ubuntu/forgelocal-prehuman-fresh-20260824/internal/api/sessions.go', '395', 'SSRF via taint analysis'), ('G705', '/home/ubuntu/forgelocal-prehuman-fresh-20260824/internal/api/sessions.go', '238', 'XSS via taint analysis')]
resolved_findings=[('G104', 'cmd/server/cli_runtime.go', '696', 'Errors unhandled'), ('G104', 'cmd/server/cli_runtime.go', '699', 'Errors unhandled'), ('G104', 'cmd/server/main.go', '439', 'Errors unhandled'), ('G104', 'cmd/server/main.go', '469', 'Errors unhandled'), ('G104', 'cmd/server/main.go', '567', 'Errors unhandled'), ('G104', 'internal/api/dashboard.go', '13', 'Errors unhandled'), ('G104', 'internal/api/router.go', '680', 'Errors unhandled'), ('G104', 'internal/api/sessions.go', '238', 'Errors unhandled'), ('G104', 'internal/api/sessions.go', '397', 'Errors unhandled'), ('G104', 'internal/api/sessions.go', '411', 'Errors unhandled'), ('G104', 'internal/api/sessions.go', '417', 'Errors unhandled'), ('G104', 'internal/api/sessions.go', '422', 'Errors unhandled'), ('G104', 'internal/api/sessions.go', '425', 'Errors unhandled'), ('G104', 'internal/api/sessions.go', '428', 'Errors unhandled'), ('G104', 'internal/api/sessions.go', '432', 'Errors unhandled'), ('G104', 'internal/api/sessions.go', '433', 'Errors unhandled'), ('G104', 'internal/browser/download.go', '145', 'Errors unhandled'), ('G104', 'internal/browser/download.go', '324', 'Errors unhandled'), ('G104', 'internal/browser/download.go', '334', 'Errors unhandled'), ('G104', 'internal/browser/download.go', '341', 'Errors unhandled'), ('G104', 'internal/browser/download.go', '357', 'Errors unhandled'), ('G104', 'internal/browser/download.go', '371', 'Errors unhandled'), ('G104', 'internal/browser/download.go', '374', 'Errors unhandled'), ('G104', 'internal/browser/download.go', '381', 'Errors unhandled'), ('G104', 'internal/browser/download.go', '436', 'Errors unhandled'), ('G104', 'internal/browser/download.go', '450', 'Errors unhandled'), ('G104', 'internal/browser/download.go', '453', 'Errors unhandled'), ('G104', 'internal/browser/download.go', '460', 'Errors unhandled'), ('G104', 'internal/browser/download.go', '573', 'Errors unhandled'), ('G104', 'internal/browser/download.go', '576', 'Errors unhandled'), ('G104', 'internal/browser/download.go', '584', 'Errors unhandled'), ('G104', 'internal/browser/download.go', '588', 'Errors unhandled'), ('G104', 'internal/browser/download.go', '589', 'Errors unhandled'), ('G104', 'internal/browser/download.go', '625', 'Errors unhandled'), ('G104', 'internal/browser/download.go', '627', 'Errors unhandled'), ('G104', 'internal/browser/download.go', '634', 'Errors unhandled'), ('G104', 'internal/browser/download.go', '639', 'Errors unhandled'), ('G104', 'internal/browser/download.go', '640', 'Errors unhandled'), ('G104', 'internal/browser/download.go', '645', 'Errors unhandled'), ('G104', 'internal/browser/launch_chromium.go', '306', 'Errors unhandled'), ('G104', 'internal/browser/launch_chromium.go', '327', 'Errors unhandled'), ('G104', 'internal/browser/launch_firefox.go', '153', 'Errors unhandled'), ('G104', 'internal/browser/manager.go', '373', 'Errors unhandled'), ('G104', 'internal/browser/manager.go', '376', 'Errors unhandled'), ('G104', 'internal/browser/manager.go', '391', 'Errors unhandled'), ('G104', 'internal/browser/manager.go', '399', 'Errors unhandled'), ('G104', 'internal/browser/socks5relay.go', '122', 'Errors unhandled'), ('G104', 'internal/browser/socks5relay.go', '129', 'Errors unhandled'), ('G104', 'internal/browser/socks5relay.go', '135', 'Errors unhandled'), ('G104', 'internal/browser/socks5relay.go', '142', 'Errors unhandled'), ('G104', 'internal/browser/socks5relay.go', '144', 'Errors unhandled'), ('G104', 'internal/browser/socks5relay.go', '49', 'Errors unhandled'), ('G104', 'internal/browser/socks5relay.go', '87', 'Errors unhandled'), ('G104', 'internal/browser/socks5relay.go', '95', 'Errors unhandled'), ('G104', 'internal/config/config.go', '168', 'Errors unhandled'), ('G104', 'internal/fingerprint/pool.go', '72', 'Errors unhandled'), ('G104', 'internal/humanize/keyboard.go', '33', 'Errors unhandled'), ('G104', 'internal/humanize/keyboard.go', '60', 'Errors unhandled'), ('G104', 'internal/humanize/keyboard.go', '73-75', 'Errors unhandled'), ('G104', 'internal/mcp/protocol.go', '40', 'Errors unhandled'), ('G104', 'internal/mcp/server.go', '667', 'Errors unhandled'), ('G104', 'internal/mcp/server.go', '818', 'Errors unhandled'), ('G104', 'internal/mcp/stdio.go', '56', 'Errors unhandled'), ('G104', 'internal/workflow/engine.go', '281', 'Errors unhandled'), ('G107', 'internal/browser/download.go', '510', 'Potential HTTP request made with variable url'), ('G110', 'cmd/server/cli_runtime.go', '695', 'Potential DoS vulnerability via decompression bomb'), ('G110', 'internal/browser/download.go', '587', 'Potential DoS vulnerability via decompression bomb'), ('G110', 'internal/browser/download.go', '633', 'Potential DoS vulnerability via decompression bomb'), ('G112', 'cmd/server/main.go', '424', 'Potential Slowloris Attack because ReadHeaderTimeout is not configured in the http.Server'), ('G115', 'cmd/server/cli_runtime.go', '684', 'integer overflow conversion int64 -> uint32'), ('G115', 'cmd/server/cli_runtime.go', '691', 'integer overflow conversion int64 -> uint32'), ('G115', 'internal/browser/download.go', '628', 'integer overflow conversion int64 -> uint32'), ('G115', 'internal/browser/launch_chromium.go', '1009', 'integer overflow conversion int64 -> uint64'), ('G115', 'internal/launch/id.go', '50', 'integer overflow conversion uint64 -> byte'), ('G115', 'internal/launch/id.go', '53', 'integer overflow conversion uint64 -> byte'), ('G115', 'internal/launch/id.go', '55', 'integer overflow conversion uint64 -> byte'), ('G115', 'internal/launch/id.go', '56', 'integer overflow conversion uint64 -> byte'), ('G118', 'internal/launch/launch.go', '192', 'Goroutine uses context.Background/TODO while request-scoped context is available'), ('G122', 'cmd/server/cli_runtime.go', '642', 'Filesystem operation in filepath.Walk/WalkDir callback uses race-prone path; consider root-scoped APIs (e.g. os.Root) to prevent symlink TOCTOU traversal'), ('G204', 'cmd/server/main.go', '560', 'Subprocess launched with variable'), ('G204', 'cmd/server/main.go', '562', 'Subprocess launched with variable'), ('G204', 'cmd/server/main.go', '564', 'Subprocess launched with variable'), ('G204', 'internal/browser/download.go', '334', 'Subprocess launched with variable'), ('G204', 'internal/browser/download.go', '374', 'Subprocess launched with variable'), ('G204', 'internal/browser/download.go', '453', 'Subprocess launched with variable'), ('G301', 'cmd/server/cli.go', '757', 'Expect directory permissions to be 0750 or less'), ('G301', 'cmd/server/cli.go', '772', 'Expect directory permissions to be 0750 or less'), ('G301', 'cmd/server/cli_runtime.go', '450', 'Expect directory permissions to be 0750 or less'), ('G301', 'cmd/server/cli_runtime.go', '584', 'Expect directory permissions to be 0750 or less'), ('G301', 'cmd/server/cli_runtime.go', '688', 'Expect directory permissions to be 0750 or less'), ('G301', 'cmd/server/cli_runtime.go', '704', 'Expect directory permissions to be 0750 or less'), ('G301', 'cmd/server/cli_runtime.go', '750', 'Expect directory permissions to be 0750 or less'), ('G301', 'cmd/server/main.go', '139', 'Expect directory permissions to be 0750 or less'), ('G301', 'cmd/server/main.go', '142', 'Expect directory permissions to be 0750 or less'), ('G301', 'cmd/server/main.go', '145', 'Expect directory permissions to be 0750 or less'), ('G301', 'cmd/server/main.go', '68', 'Expect directory permissions to be 0750 or less'), ('G301', 'cmd/server/main.go', '72', 'Expect directory permissions to be 0750 or less'), ('G301', 'internal/api/router.go', '800', 'Expect directory permissions to be 0750 or less'), ('G301', 'internal/browser/download.go', '308', 'Expect directory permissions to be 0750 or less'), ('G301', 'internal/browser/download.go', '357', 'Expect directory permissions to be 0750 or less'), ('G301', 'internal/browser/download.go', '436', 'Expect directory permissions to be 0750 or less'), ('G301', 'internal/browser/download.go', '573', 'Expect directory permissions to be 0750 or less'), ('G301', 'internal/browser/download.go', '576', 'Expect directory permissions to be 0750 or less'), ('G301', 'internal/browser/download.go', '625', 'Expect directory permissions to be 0750 or less'), ('G301', 'internal/browser/download.go', '627', 'Expect directory permissions to be 0750 or less'), ('G301', 'internal/browser/download.go', '639', 'Expect directory permissions to be 0750 or less'), ('G301', 'internal/browser/launch_chromium.go', '185', 'Expect directory permissions to be 0750 or less'), ('G301', 'internal/browser/launch_chromium.go', '1898', 'Expect directory permissions to be 0750 or less'), ('G301', 'internal/browser/launch_chromium.go', '190', 'Expect directory permissions to be 0750 or less'), ('G301', 'internal/browser/launch_chromium.go', '63', 'Expect directory permissions to be 0750 or less'), ('G301', 'internal/browser/launch_chromium.go', '943', 'Expect directory permissions to be 0750 or less'), ('G301', 'internal/browser/launch_firefox.go', '66', 'Expect directory permissions to be 0750 or less'), ('G301', 'internal/browser/launch_firefox.go', '80', 'Expect directory permissions to be 0750 or less'), ('G301', 'internal/config/config.go', '168', 'Expect directory permissions to be 0750 or less'), ('G301', 'internal/groups/store.go', '45', 'Expect directory permissions to be 0750 or less'), ('G301', 'internal/mcp/advanced_tools.go', '724', 'Expect directory permissions to be 0750 or less'), ('G301', 'internal/workflow/engine.go', '251', 'Expect directory permissions to be 0750 or less'), ('G302', 'internal/browser/download.go', '341', 'Expect file permissions to be 0600 or less'), ('G302', 'internal/browser/download.go', '381', 'Expect file permissions to be 0600 or less'), ('G302', 'internal/browser/download.go', '460', 'Expect file permissions to be 0600 or less'), ('G302', 'internal/config/config.go', '169', 'Expect file permissions to be 0600 or less'), ('G304', 'cmd/server/cli.go', '572', 'Potential file inclusion via variable'), ('G304', 'cmd/server/cli.go', '850', 'Potential file inclusion via variable'), ('G304', 'cmd/server/cli_runtime.go', '587', 'Potential file inclusion via variable'), ('G304', 'cmd/server/cli_runtime.go', '642', 'Potential file inclusion via variable'), ('G304', 'cmd/server/cli_runtime.go', '653', 'Potential file inclusion via variable'), ('G304', 'cmd/server/cli_runtime.go', '691', 'Potential file inclusion via variable'), ('G304', 'cmd/server/cli_runtime.go', '753', 'Potential file inclusion via variable'), ('G304', 'cmd/server/cli_runtime.go', '781', 'Potential file inclusion via variable'), ('G304', 'internal/api/artifacts.go', '31', 'Potential file inclusion via variable'), ('G304', 'internal/api/router.go', '804', 'Potential file inclusion via variable'), ('G304', 'internal/browser/download.go', '137', 'Potential file inclusion via variable'), ('G304', 'internal/browser/download.go', '519', 'Potential file inclusion via variable'), ('G304', 'internal/browser/download.go', '578', 'Potential file inclusion via variable'), ('G304', 'internal/browser/download.go', '598', 'Potential file inclusion via variable'), ('G304', 'internal/browser/download.go', '629', 'Potential file inclusion via variable'), ('G304', 'internal/browser/download.go', '644', 'Potential file inclusion via variable'), ('G304', 'internal/browser/launch_chromium.go', '195', 'Potential file inclusion via variable'), ('G304', 'internal/config/config.go', '169', 'Potential file inclusion via variable'), ('G304', 'internal/config/config.go', '90', 'Potential file inclusion via variable'), ('G304', 'internal/fingerprint/pool.go', '25', 'Potential file inclusion via variable'), ('G304', 'internal/mcp/advanced_tools.go', '481', 'Potential file inclusion via variable'), ('G304', 'internal/workflow/engine.go', '52', 'Potential file inclusion via variable'), ('G305', 'internal/browser/download.go', '568', 'File traversal when extracting zip/tar archive'), ('G305', 'internal/browser/download.go', '619', 'File traversal when extracting zip/tar archive'), ('G305', 'internal/browser/download.go', '643', 'File traversal when extracting zip/tar archive'), ('G306', 'cmd/server/cli.go', '620', 'Expect WriteFile permissions to be 0600 or less'), ('G306', 'cmd/server/cli.go', '625', 'Expect WriteFile permissions to be 0600 or less'), ('G306', 'cmd/server/cli.go', '781', 'Expect WriteFile permissions to be 0600 or less'), ('G306', 'cmd/server/main.go', '335', 'Expect WriteFile permissions to be 0600 or less'), ('G306', 'internal/browser/download.go', '145', 'Expect WriteFile permissions to be 0600 or less'), ('G306', 'internal/browser/download.go', '645', 'Expect WriteFile permissions to be 0600 or less'), ('G306', 'internal/browser/launch_chromium.go', '211', 'Expect WriteFile permissions to be 0600 or less'), ('G306', 'internal/browser/launch_chromium.go', '951', 'Expect WriteFile permissions to be 0600 or less'), ('G306', 'internal/mcp/advanced_tools.go', '727', 'Expect WriteFile permissions to be 0600 or less'), ('G404', 'internal/fingerprint/pool.go', '64', 'Use of weak random number generator (math/rand or math/rand/v2 instead of crypto/rand)'), ('G404', 'internal/humanize/keyboard.go', '56', 'Use of weak random number generator (math/rand or math/rand/v2 instead of crypto/rand)'), ('G404', 'internal/humanize/keyboard.go', '84', 'Use of weak random number generator (math/rand or math/rand/v2 instead of crypto/rand)'), ('G404', 'internal/humanize/math.go', '108', 'Use of weak random number generator (math/rand or math/rand/v2 instead of crypto/rand)'), ('G404', 'internal/humanize/math.go', '115', 'Use of weak random number generator (math/rand or math/rand/v2 instead of crypto/rand)'), ('G404', 'internal/humanize/math.go', '120', 'Use of weak random number generator (math/rand or math/rand/v2 instead of crypto/rand)'), ('G404', 'internal/humanize/math.go', '128', 'Use of weak random number generator (math/rand or math/rand/v2 instead of crypto/rand)'), ('G404', 'internal/humanize/math.go', '49', 'Use of weak random number generator (math/rand or math/rand/v2 instead of crypto/rand)'), ('G404', 'internal/humanize/math.go', '55', 'Use of weak random number generator (math/rand or math/rand/v2 instead of crypto/rand)'), ('G404', 'internal/humanize/math.go', '59', 'Use of weak random number generator (math/rand or math/rand/v2 instead of crypto/rand)'), ('G404', 'internal/humanize/math.go', '76', 'Use of weak random number generator (math/rand or math/rand/v2 instead of crypto/rand)'), ('G404', 'internal/humanize/math.go', '77', 'Use of weak random number generator (math/rand or math/rand/v2 instead of crypto/rand)'), ('G404', 'internal/humanize/math.go', '97', 'Use of weak random number generator (math/rand or math/rand/v2 instead of crypto/rand)'), ('G404', 'internal/humanize/math.go', '98', 'Use of weak random number generator (math/rand or math/rand/v2 instead of crypto/rand)'), ('G404', 'internal/humanize/mouse.go', '36', 'Use of weak random number generator (math/rand or math/rand/v2 instead of crypto/rand)'), ('G404', 'internal/humanize/mouse.go', '37', 'Use of weak random number generator (math/rand or math/rand/v2 instead of crypto/rand)'), ('G404', 'internal/humanize/mouse.go', '89', 'Use of weak random number generator (math/rand or math/rand/v2 instead of crypto/rand)'), ('G703', 'cmd/server/cli_runtime.go', '450', 'Path traversal via taint analysis'), ('G703', 'cmd/server/cli_runtime.go', '574', 'Path traversal via taint analysis'), ('G703', 'cmd/server/cli_runtime.go', '584', 'Path traversal via taint analysis'), ('G703', 'cmd/server/cli_runtime.go', '587', 'Path traversal via taint analysis'), ('G703', 'cmd/server/cli_runtime.go', '653', 'Path traversal via taint analysis'), ('G703', 'cmd/server/cli_runtime.go', '684', 'Path traversal via taint analysis'), ('G703', 'cmd/server/cli_runtime.go', '688', 'Path traversal via taint analysis'), ('G703', 'cmd/server/cli_runtime.go', '691', 'Path traversal via taint analysis'), ('G703', 'cmd/server/cli_runtime.go', '704', 'Path traversal via taint analysis'), ('G703', 'cmd/server/cli_runtime.go', '707', 'Path traversal via taint analysis'), ('G703', 'cmd/server/cli_runtime.go', '750', 'Path traversal via taint analysis'), ('G703', 'cmd/server/cli_runtime.go', '753', 'Path traversal via taint analysis'), ('G703', 'cmd/server/cli_runtime.go', '781', 'Path traversal via taint analysis'), ('G703', 'internal/browser/download.go', '645', 'Path traversal via taint analysis'), ('G704', 'cmd/server/cli.go', '1036', 'SSRF via taint analysis'), ('G704', 'cmd/server/cli.go', '976', 'SSRF via taint analysis'), ('G704', 'cmd/server/cli.go', '992', 'SSRF via taint analysis'), ('G704', 'cmd/server/cli_runtime.go', '737', 'SSRF via taint analysis'), ('G704', 'cmd/server/cli_runtime.go', '742', 'SSRF via taint analysis'), ('G704', 'cmd/server/cli_runtime.go', '791', 'SSRF via taint analysis'), ('G704', 'internal/api/sessions.go', '395', 'SSRF via taint analysis'), ('G705', 'internal/api/sessions.go', '238', 'XSS via taint analysis')]
exit_code=0
completed_utc=2026-08-24T18:20:08Z

exit_code=0
completed_utc=2026-08-24T18:20:08Z
check=gosec_normalized_comparison
---
started_utc=2026-08-24T18:20:08Z
cwd=/home/ubuntu/forgelocal-prehuman-fresh-20260824
head=6ae02e4ceed239b9310fbf3fccb1b5170117251e
command=bash -c test\ \"\$\(git\ rev-parse\ HEAD\)\"\ =\ \"6ae02e4ceed239b9310fbf3fccb1b5170117251e\"\;\ grep\ -Fq\ \"PENDING_REMOTE_EVIDENCE_RECONCILIATION\"\ docs/T28_T42_STATUS_REGISTER.md\;\ grep\ -Fq\ \"evidence/T42_DELIVERY.md\"\ docs/T28_T42_STATUS_REGISTER.md\;\ grep\ -Fq\ \"BASELINE_RECONSTRUCTION_POSTHOC_RAW.log\"\ docs/T28_T42_STATUS_REGISTER.md\;\ grep\ -Fq\ \"audit/t28-t42-evidence-correction\"\ evidence/T28_T42_CORRECTION_V2/CORRECTION_V2_DELIVERY.md 
--- raw_output ---

exit_code=0
completed_utc=2026-08-24T18:20:08Z
check=docs_status_coherence
---
started_utc=2026-08-24T18:20:08Z
cwd=/home/ubuntu/forgelocal-prehuman-fresh-20260824
head=6ae02e4ceed239b9310fbf3fccb1b5170117251e
command=bash -c grep\ -RInE\ \"PUBLIC_RELEASE_BLOCKED\|SCAN_BLOCKED_UNKNOWN\|NATIVE_SYSTEMVAULT_NOT_TESTED\|camoflox_execution_authorized=false\|t08_authorized=false\|release_authorized=false\"\ docs\ evidence/T28_T42_CORRECTION\ evidence/T28_T42_CORRECTION_V2\ \|\ head\ -80 
--- raw_output ---
docs/ADDENDUM_V2_1_CAMOFLOX_READONLY_DASHBOARD.manifest.json:23:    "public_release": "PUBLIC_RELEASE_BLOCKED",
docs/ADDENDUM_V2_1_CAMOFLOX_READONLY_DASHBOARD.manifest.json:25:    "scan": "SCAN_BLOCKED_UNKNOWN"
docs/ADDENDUM_V2_1_CAMOFLOX_READONLY_DASHBOARD.md:16:Cet addendum ne modifie ni l’archive RC BACK-01 gelée, ni le pilote suspendu, ni `SCAN_BLOCKED_UNKNOWN`, ni les cinq gates de `PUBLIC_RELEASE_BLOCKED`. Il n’autorise aucune nouvelle release BACK-01, aucun lancement Camoufox, ni aucune écriture UI métier.
docs/ADDENDUM_V2_1_CAMOFLOX_READONLY_DASHBOARD.md:109:Le candidat RC reste gelé ; le pilote reste suspendu ; `SCAN_BLOCKED_UNKNOWN`, `PUBLIC_RELEASE_BLOCKED` et les cinq gates publics demeurent inchangés. Toute future archive de release doit posséder une chaîne indépendante liant source, runtime, SBOM, manifeste, checksums, scans et preuves.
docs/ADDENDUM_V2_3_1_CI_PROVENANCE_EVIDENCE.manifest.json:37:  "release_status": "PUBLIC_RELEASE_BLOCKED"
docs/ADDENDUM_V2_3_1_CI_PROVENANCE_EVIDENCE.md:17:Un échec du registre, de ses fixtures ou de la génération de preuve arrête le job avant les tests Core. La preuve ne constitue pas une autorisation de release ; son champ `release_status` doit rester `PUBLIC_RELEASE_BLOCKED` tant que les gates publics ne sont pas levés.
docs/ADDENDUM_V2_3_1_CI_PROVENANCE_EVIDENCE.md:32:Cet ajout ne modifie aucun artefact BACK-01, ne réactive pas le pilote, n’active aucun runtime ni aucune mutation UI, et ne modifie pas `SCAN_BLOCKED_UNKNOWN`, SystemVault, les cinq gates publics ou `PUBLIC_RELEASE_BLOCKED`.
docs/ADDENDUM_V2_3_COMPONENT_PROVENANCE.manifest.json:40:    "decision": "PUBLIC_RELEASE_BLOCKED",
docs/ADDENDUM_V2_3_COMPONENT_PROVENANCE.manifest.json:42:    "scan": "SCAN_BLOCKED_UNKNOWN"
docs/ADDENDUM_V2_3_COMPONENT_PROVENANCE.md:8:**Invariants :** Core Go unique, dashboard React client, RC BACK-01 gelé, pilote suspendu, `SCAN_BLOCKED_UNKNOWN` et `PUBLIC_RELEASE_BLOCKED` inchangés.
docs/ADDENDUM_V2_3_COMPONENT_PROVENANCE.md:54:Le développement peut poursuivre les composants autorisés **après** passage des gates applicables. Le bootstrap local de session et CAMO-CORE-01 peuvent progresser en parallèle, sans activer de mutation UI ou de runtime. Le RC gelé, le pilote suspendu, `SCAN_BLOCKED_UNKNOWN`, les gates SystemVault et `PUBLIC_RELEASE_BLOCKED` restent inchangés.
docs/ADDENDUM_V2_4_READONLY_SESSION_BOOTSTRAP.md:68:Cet addendum ne qualifie pas Camoufox, ne modifie pas le RC BACK-01, ne clôture pas l’alerte `generic-api-key` et ne lève aucun des cinq gates publics. `PUBLIC_RELEASE_BLOCKED` reste obligatoire.
docs/ADDENDUM_V2_5_READONLY_PRODUCT_SURFACES.md:43:Ce document ne modifie ni le candidat RC BACK-01, ni l’archive gelée, ni l’alerte `generic-api-key`, ni SystemVault, ni les cinq gates publics. Le statut demeure `PUBLIC_RELEASE_BLOCKED`.
docs/BOOTSTRAP_RO_01_EVIDENCE.md:18:Cette décision n’autorise ni lancement de Camoufox, ni mutation UI, ni SystemVault, ni modification du RC BACK-01. Le statut de release reste **`PUBLIC_RELEASE_BLOCKED`**, avec `SCAN_BLOCKED_UNKNOWN`, pilote suspendu et cinq gates publics en attente.
docs/BOOTSTRAP_RO_01_STRICT_EXECUTION.md:67:La suite autorisée est limitée au raccordement lecture seule de **Groupes** et **Runtimes**, selon le même client mémoire seule. **Proxys**, **Backups** et **Audit** peuvent être préparés sans mutation. Toute release publique, activation de Camoufox, SystemVault ou levée de `PUBLIC_RELEASE_BLOCKED` demeure interdite.
docs/BRANCH_PROTECTION_REQUIREMENTS.md:68:Si l’offre GitHub du dépôt ne permet pas de distinguer finement l’autorisation de créer une release des autres droits d’écriture, une release manuelle par un administrateur reste un contournement organisationnel possible. Dans ce cas, ForgeLocal doit conserver le statut `PUBLIC_RELEASE_BLOCKED` pour toute release dont l’attestation `component-provenance-<commit>` est absente, et l’accès administrateur doit être limité aux mainteneurs de release nommés. Il serait inexact de qualifier la protection de « non contournable » tant que ce réglage distant et cette restriction de rôles n’ont pas été vérifiés.
docs/BRANCH_PROTECTION_REQUIREMENTS.md:91:> **Décision de conformité :** le contrôle de provenance est bloquant dans les deux workflows versionnés, mais son caractère non contournable au niveau GitHub reste **PENDING**. Il ne doit pas être déclaré satisfait ni utilisé pour lever `PUBLIC_RELEASE_BLOCKED` tant que le dépôt ForgeLocal contrôlé par ses mainteneurs n’a pas une règle distante active et vérifiée.
docs/CAHIER_DES_CHARGES_FORGELOCAL.md:30:Le candidat RC BACK-01 est figé. Son archive, son SBOM, son manifeste, son commit source et son runtime de QA ne doivent pas être modifiés pendant la qualification. Le statut public est strictement `PUBLIC_RELEASE_BLOCKED`.
docs/CAHIER_DES_CHARGES_FORGELOCAL.md:39:| Décision publique | `PUBLIC_RELEASE_BLOCKED` | Obligatoire |
docs/CAHIER_DES_CHARGES_FORGELOCAL.md:96:Les cinq gates ci-dessous sont tous requis. Une seule décision `PENDING` ou `FAILED` impose `PUBLIC_RELEASE_BLOCKED`.
docs/CAHIER_DES_CHARGES_FORGELOCAL.md:110:Les gates de développement internes `G0` à `G6` du lot produit servent uniquement à organiser les jalons techniques. Ils ne remplacent jamais les cinq gates publics machine-readable ci-dessus et ne peuvent ni les passer automatiquement, ni transformer `PUBLIC_RELEASE_BLOCKED` en approbation. Seul `PUBLIC_RELEASE_GATE_STATE.json`, avec des preuves cohérentes et une revue indépendante, décide du statut public.
docs/CAHIER_DES_CHARGES_FORGELOCAL.md:162:> **État de scan actuel : `SCAN_BLOCKED_UNKNOWN`.** Une occurrence `generic-api-key` non classifiée est présente dans une preuve incluse dans l’archive RC. Tant que le dossier mainteneur et sa revue indépendante ne concluent pas `REAL_SECRET` ou `FALSE_POSITIVE`, aucun scan ne peut être qualifié `SCAN_CLEAN`, le pilote reste suspendu et aucune qualification SystemVault ne reprend pour ce candidat.
docs/CAHIER_DES_CHARGES_FORGELOCAL.md:245:Les statuts de release restent inchangés : `PUBLIC_RELEASE_BLOCKED`, `SCAN_BLOCKED_UNKNOWN`, pilote BACK-01 suspendu, cinq gates publics en attente. Depuis le 2026-08-15, le statut Camoufox/Camoflox est `T07_PROVENANCE_APPROVED_FOR_SELECTIVE_GO_REIMPLEMENTATION` : seule une réimplémentation Go sélective d’un module hashé à la fois est autorisée, le premier module étant `lib/concurrency.js` (T08). La vision camoufox « candidat non lançable » reste pleinement applicable jusqu’à qualification indépendante séparée.
docs/CAHIER_DES_CHARGES_FORGELOCAL.v1.0.manifest.json:18:    "public_release": "PUBLIC_RELEASE_BLOCKED",
docs/CAHIER_DES_CHARGES_FORGELOCAL.v1.0.manifest.json:20:    "scan": "SCAN_BLOCKED_UNKNOWN"
docs/CAHIER_DES_CHARGES_v3_9_7.md:7:Ce document reproduit intégralement le cahier des charges fourni par le propriétaire le 15 août 2026 et est conservé tel quel dans le référentiel documentaire ForgeLocal. Les statuts de release (`PUBLIC_RELEASE_BLOCKED`, `SCAN_BLOCKED_UNKNOWN`, pilote BACK-01 suspendu, cinq gates publics) sont maintenus et aucun lot ne peut présenter une progression produit comme une autorisation de release.
docs/CAHIER_DES_CHARGES_v3_9_7.md:866:La roadmap ne modifie pas les statuts actuels : le RC BACK-01 reste gelé, `PUBLIC_RELEASE_BLOCKED` reste actif, Camoufox reste non lançable tant que sa qualification n’est pas terminée et aucun module de contournement n’est ajouté.
docs/CAHIER_DES_CHARGES_v3_9_7.md:920:| `SCAN_BLOCKED_UNKNOWN` | Bloquant | Triage indépendant de l’alerte historique de provenance du RC, distincte du triage Camoflox T07 |
docs/CAHIER_DES_CHARGES_v3_9_7.md:927:> **Statuts maintenus :** `PUBLIC_RELEASE_BLOCKED`, pilote suspendu, cinq gates publics en attente. T07 ne lève aucun de ces gates.
docs/COMPONENT_RIGHTS_REGISTER.md:20:Cette approbation ne lève aucun gate de release : `PUBLIC_RELEASE_BLOCKED` et `SCAN_BLOCKED_UNKNOWN` (BACK-01) restent actifs, le pilote BACK-01 est suspendu et cinq gates publics demeurent en attente.
docs/T07-R-REVIEW-PACKET.md:5:> Le statut de travail reste `T07_PROVENANCE_BLOCKED_PENDING_EVIDENCE`. `PUBLIC_RELEASE_BLOCKED`, `SCAN_BLOCKED_UNKNOWN`, la suspension du pilote et le gel de T08 demeurent inchangés.
docs/T08-FOLLOW-UP-WATCH-STATE.md:78:`PUBLIC_RELEASE_BLOCKED` · `SCAN_BLOCKED_UNKNOWN` · pilote suspendu · cinq gates publics
docs/T08-R2-FINAL-REPORT.md:46:aucune release — statut `PUBLIC_RELEASE_BLOCKED` inchangé, `SCAN_BLOCKED_UNKNOWN` inchangé,
docs/T08-R2-FINAL-REPORT.md:142:Statuts inchangés : `PUBLIC_RELEASE_BLOCKED`, `SCAN_BLOCKED_UNKNOWN`, pilote suspendu,
docs/T08-R2-FINAL-REPORT.md:151:inchangés : `PUBLIC_RELEASE_BLOCKED`, `SCAN_BLOCKED_UNKNOWN`, pilote suspendu, cinq gates
docs/T08_CONCURRENCY_SPEC.md:55:Aucun port d'écoute, aucun Camoufox, aucun cycle de vie navigateur, aucun proxy, backup, restauration, mutation UI, lancement/runtime ou activation candidat. Aucun artefact de cette phase ne peut être présenté comme une qualification de runtime ni une autorisation de release. `PUBLIC_RELEASE_BLOCKED`, `SCAN_BLOCKED_UNKNOWN` (BACK-01), pilote suspendu et les cinq gates publics restent en vigueur.
docs/T10_PROXIES_FRAMING.md:20:| Release | `PUBLIC_RELEASE_BLOCKED`, `SCAN_BLOCKED_UNKNOWN`, pilote suspendu, cinq gates publics en attente |
docs/T10_PROXIES_FRAMING.md:49:`PUBLIC_RELEASE_BLOCKED`, `SCAN_BLOCKED_UNKNOWN` (les findings `validation_back01_integration/` sont antérieurs à T09 et maintenus classés), pilote suspendu, cinq gates publics en attente. Aucun code T10 ne doit être produit avant l'autorisation explicite ; ce document et son commit sont des preuves préparatoires documentaires uniquement.
docs/T11_BACKUPS_FRAMING.md:44:`PUBLIC_RELEASE_BLOCKED`, `SCAN_BLOCKED_UNKNOWN` (findings `validation_back01_integration/` préexistants, règle `generic-api-key`), pilote suspendu, cinq gates publics en attente. Le démarrage de T11 nécessite une autorisation explicite du valideur.
docs/T20_CDC_GAP_AUDIT_AND_SCOPE_PROPOSAL.md:20:| SystemVault natif | `BLOCKED` | `NATIVE_SYSTEMVAULT_NOT_TESTED` | Ubuntu avec keyring déverrouillé requis ; gate de production, non lot fonctionnel local. |
docs/T20_CDC_GAP_AUDIT_AND_SCOPE_PROPOSAL.md:21:| Classification Gosec globale et protection de branche/remote | `BLOCKED` | `SCAN_BLOCKED_UNKNOWN`, kit local sans push distant | Gates de production, non fonctionnalités CDC. |
docs/T20_CDC_GAP_AUDIT_AND_SCOPE_PROPOSAL.md:41:`PUBLIC_RELEASE_BLOCKED`, `SCAN_BLOCKED_UNKNOWN`, `NATIVE_SYSTEMVAULT_NOT_TESTED`, `camoflox_execution_authorized=false`, `t08_authorized=false` et `release_authorized=false` restent inchangés. Aucun nouveau lot ne peut présenter sa progression comme une autorisation de release.
docs/T20_NCF_SCOPE_AND_ACCEPTANCE.md:32:`PUBLIC_RELEASE_BLOCKED`, `SCAN_BLOCKED_UNKNOWN`, `NATIVE_SYSTEMVAULT_NOT_TESTED`, `camoflox_execution_authorized=false`, `t08_authorized=false` et `release_authorized=false` restent inchangés. T20-NCF ne lance aucun navigateur, Camoufox, proxy réel ni coffre natif.
docs/T22_PROFILE_HISTORY_CONTRACT.md:51:T22 ne change pas les gates de release, ne lance aucun navigateur, Camoufox ou proxy réel et ne qualifie pas SystemVault natif. Les statuts `PUBLIC_RELEASE_BLOCKED`, `SCAN_BLOCKED_UNKNOWN`, `NATIVE_SYSTEMVAULT_NOT_TESTED`, `camoflox_execution_authorized=false`, `t08_authorized=false` et `release_authorized=false` restent inchangés.
docs/T23_ARCHIVE_RESTORE_CONTRACT.md:39:Le lot est strictement Core local. Les limites inchangées sont `PUBLIC_RELEASE_BLOCKED`, `SCAN_BLOCKED_UNKNOWN`, `NATIVE_SYSTEMVAULT_NOT_TESTED`, `camoflox_execution_authorized=false`, `t08_authorized=false` et `release_authorized=false`.
docs/T27_R1_CORRECTIVE_EXECUTION_CONTRACT.md:11:Camoufox est désactivé par défaut. Defaults, CLI, API, MCP, workflow, téléchargement et launcher retournent `CAMOUFOX_EXECUTION_NOT_AUTHORIZED` quand `camoflox_execution_authorized=false`. Les tests emploient une ProcessFactory sentinelle qui ne doit jamais être appelée.
docs/T27_R1_CORRECTIVE_EXECUTION_CONTRACT.md:43:`PUBLIC_RELEASE_BLOCKED`, `SCAN_BLOCKED_UNKNOWN`, `NATIVE_SYSTEMVAULT_NOT_TESTED`, `camoflox_execution_authorized=false`, `t08_authorized=false` et `release_authorized=false` restent actifs. Aucun runtime, Camoufox, proxy réel, fournisseur réel, cookie réel, secret réel, migration utilisateur ou release n’est autorisé.
docs/T27_R1_CR06_TO_CR09_GATES.md:21:`NATIVE_SYSTEMVAULT_NOT_TESTED` reste actif. Aucun environnement natif qualifié et aucun coffre utilisateur n’est accessible dans cette sandbox : **`CR08_NOT_TESTED_NATIVE_ENVIRONMENT_REQUIRED`**.
docs/T27_R1_CR06_TO_CR09_GATES.md:27:T27-R1 ne configure ni secret CI, ni publication, ni release. `PUBLIC_RELEASE_BLOCKED` et `SCAN_BLOCKED_UNKNOWN` restent actifs.
docs/T28_T42_EVIDENCE_CORRECTION.md:14:Le signal cumulatif Gitleaks `APi=REDACTED` reste conservé comme `SCAN_BLOCKED_UNKNOWN`. Les lots T28, T29, T39, T40, T41 et T42 restent `BLOCKED`. Les gates permanentes ne sont pas levées et aucun runtime réel, Camoufox, proxy, cookie, SystemVault natif, migration utilisateur ou release n’est exécuté.
docs/T28_T42_STATUS_REGISTER.md:29:Les valeurs suivantes restent inchangées : `PUBLIC_RELEASE_BLOCKED`, `SCAN_BLOCKED_UNKNOWN`, `NATIVE_SYSTEMVAULT_NOT_TESTED`, `camoflox_execution_authorized=false`, `t08_authorized=false` et `release_authorized=false`. Aucun runtime réel, Camoufox, proxy réel, cookie réel, migration utilisateur, récupération de géolocalisation réelle, SystemVault natif ou release n’a été exécuté.
docs/T30_ENVIRONMENT_DIAGNOSTICS_DELTA_CONTRACT.md:22:Les diagnostics observés Canvas/WebGL/Audio, WebRTC, géolocalisation, matériel, font rendering et performance restent des lots futurs dépendants d’un runtime qualifié et de leurs contrats propres. `NATIVE_SYSTEMVAULT_NOT_TESTED`, `PUBLIC_RELEASE_BLOCKED` et les autres gates permanents restent inchangés.
docs/T39_SECRET_IMPORT_EXPORT_CONTRACT.md:4:**Prérequis manquants :** T28 et T29 n’ont pas d’implémentation autorisée ni de décision produit ; `NATIVE_SYSTEMVAULT_NOT_TESTED` reste actif.
docs/T40_INTEGRATION_GATE_CONTRACT.md:14:| Release | `PUBLIC_RELEASE_BLOCKED` |
docs/T40_INTEGRATION_GATE_CONTRACT.md:16:Aucune modification de configuration ne lève `camoflox_execution_authorized=false`, `t08_authorized=false` ou `release_authorized=false`.
docs/T41_RELEASE_READINESS_CONTRACT.md:10:| `PUBLIC_RELEASE_BLOCKED` | actif |
docs/T41_RELEASE_READINESS_CONTRACT.md:11:| `SCAN_BLOCKED_UNKNOWN` | actif |
docs/T41_RELEASE_READINESS_CONTRACT.md:12:| `NATIVE_SYSTEMVAULT_NOT_TESTED` | actif |
docs/component-rights-register.json:204:    "PUBLIC_RELEASE_BLOCKED": true,
docs/component-rights-register.json:205:    "SCAN_BLOCKED_UNKNOWN": true,

exit_code=0
completed_utc=2026-08-24T18:20:08Z
check=gate_text_presence
---
started_utc=2026-08-24T18:20:08Z
cwd=/home/ubuntu/forgelocal-prehuman-fresh-20260824
head=6ae02e4ceed239b9310fbf3fccb1b5170117251e
command=bash -c \!\ grep\ -RInE\ \"camoflox_execution_authorized=true\|t08_authorized=true\|release_authorized=true\"\ docs\ evidence\ \>/dev/null\ \&\&\ \!\ find\ evidence\ -type\ f\ \|\ grep\ -E\ \"runtime-execution\|cookie-capture\|proxy-live\|systemvault-live\|release-artifact\"\ \>/dev/null 
--- raw_output ---

exit_code=0
completed_utc=2026-08-24T18:20:08Z
check=prohibited_artifact_absence
---
completed_utc=2026-08-24T18:20:08Z

exit_code=0
completed_utc=2026-08-24T18:20:10Z
check=bundle_rehydrate_forgelocal-t37-profile-health.bundle
---
started_utc=2026-08-24T18:20:10Z
cwd=/home/ubuntu/forgelocal-prehuman-fresh-20260824
head=6ae02e4ceed239b9310fbf3fccb1b5170117251e
command=git bundle verify evidence/T38/forgelocal-t38-session-lifecycle.bundle 
--- raw_output ---
evidence/T38/forgelocal-t38-session-lifecycle.bundle is okay
The bundle contains this ref:
57fc8114bf360697bb075bb95d7062d5a2d49134 HEAD
The bundle requires this ref:
69411e65c880d168832a65fc8475cc97d562a9ad 
The bundle uses this hash algorithm: sha1

exit_code=0
completed_utc=2026-08-24T18:20:10Z
check=bundle_verify_forgelocal-t38-session-lifecycle.bundle
---
started_utc=2026-08-24T18:20:10Z
cwd=/home/ubuntu/forgelocal-prehuman-fresh-20260824
head=6ae02e4ceed239b9310fbf3fccb1b5170117251e
command=bash -c set\ -e\;\ head=\$\(git\ bundle\ list-heads\ \"\$1\"\ \|\ cut\ -d\ \"\ \"\ -f1\)\;\ required=\$\(git\ bundle\ verify\ \"\$1\"\ \|\ grep\ -A1\ \"\^The\ bundle\ requires\ this\ ref:\"\ \|\ tail\ -1\ \|\ tr\ -d\ \"\[:space:\]\"\)\;\ mkdir\ -p\ \"\$2/repo\"\;\ git\ -C\ \"\$2/repo\"\ init\ --quiet\;\ if\ \[\ -n\ \"\$required\"\ \]\;\ then\ git\ -C\ \"\$2/repo\"\ fetch\ --quiet\ \"\$3\"\ \"\$required:refs/heads/prerequisite\"\;\ fi\;\ git\ -C\ \"\$2/repo\"\ fetch\ --quiet\ \"\$1\"\ HEAD\;\ git\ -C\ \"\$2/repo\"\ checkout\ --quiet\ --detach\ \"\$head\"\;\ git\ -C\ \"\$2/repo\"\ fsck\ --full\;\ test\ \"\$\(git\ -C\ \"\$2/repo\"\ rev-parse\ HEAD\)\"\ =\ \"\$head\" bash /home/ubuntu/forgelocal-prehuman-fresh-20260824/evidence/T38/forgelocal-t38-session-lifecycle.bundle /tmp/tmp.2Ct4JO5oc8 /home/ubuntu/forgelocal-prehuman-fresh-20260824 
--- raw_output ---
/home/ubuntu/forgelocal-prehuman-fresh-20260824/evidence/T38/forgelocal-t38-session-lifecycle.bundle is okay

exit_code=0
completed_utc=2026-08-24T18:20:14Z
check=bundle_rehydrate_forgelocal-t38-session-lifecycle.bundle
---
started_utc=2026-08-24T18:20:14Z
cwd=/home/ubuntu/forgelocal-prehuman-fresh-20260824
head=6ae02e4ceed239b9310fbf3fccb1b5170117251e
command=git bundle verify evidence/T39/forgelocal-t39-blocked.bundle 
--- raw_output ---
evidence/T39/forgelocal-t39-blocked.bundle is okay
The bundle contains this ref:
60ca2a8839ca4226157f5629012f14b7964e363d HEAD
The bundle requires this ref:
69411e65c880d168832a65fc8475cc97d562a9ad 
The bundle uses this hash algorithm: sha1

exit_code=0
completed_utc=2026-08-24T18:20:14Z
check=bundle_verify_forgelocal-t39-blocked.bundle
---
started_utc=2026-08-24T18:20:14Z
cwd=/home/ubuntu/forgelocal-prehuman-fresh-20260824
head=6ae02e4ceed239b9310fbf3fccb1b5170117251e
command=bash -c set\ -e\;\ head=\$\(git\ bundle\ list-heads\ \"\$1\"\ \|\ cut\ -d\ \"\ \"\ -f1\)\;\ required=\$\(git\ bundle\ verify\ \"\$1\"\ \|\ grep\ -A1\ \"\^The\ bundle\ requires\ this\ ref:\"\ \|\ tail\ -1\ \|\ tr\ -d\ \"\[:space:\]\"\)\;\ mkdir\ -p\ \"\$2/repo\"\;\ git\ -C\ \"\$2/repo\"\ init\ --quiet\;\ if\ \[\ -n\ \"\$required\"\ \]\;\ then\ git\ -C\ \"\$2/repo\"\ fetch\ --quiet\ \"\$3\"\ \"\$required:refs/heads/prerequisite\"\;\ fi\;\ git\ -C\ \"\$2/repo\"\ fetch\ --quiet\ \"\$1\"\ HEAD\;\ git\ -C\ \"\$2/repo\"\ checkout\ --quiet\ --detach\ \"\$head\"\;\ git\ -C\ \"\$2/repo\"\ fsck\ --full\;\ test\ \"\$\(git\ -C\ \"\$2/repo\"\ rev-parse\ HEAD\)\"\ =\ \"\$head\" bash /home/ubuntu/forgelocal-prehuman-fresh-20260824/evidence/T39/forgelocal-t39-blocked.bundle /tmp/tmp.QGviPszIKp /home/ubuntu/forgelocal-prehuman-fresh-20260824 
--- raw_output ---
/home/ubuntu/forgelocal-prehuman-fresh-20260824/evidence/T39/forgelocal-t39-blocked.bundle is okay

exit_code=0
completed_utc=2026-08-24T18:20:19Z
check=bundle_rehydrate_forgelocal-t39-blocked.bundle
---
started_utc=2026-08-24T18:20:19Z
cwd=/home/ubuntu/forgelocal-prehuman-fresh-20260824
head=6ae02e4ceed239b9310fbf3fccb1b5170117251e
command=git bundle verify evidence/T40/forgelocal-t40-integration-gated.bundle 
--- raw_output ---
evidence/T40/forgelocal-t40-integration-gated.bundle is okay
The bundle contains this ref:
61a91ee68bb26994948fa5e0b8a2e67b987dd9e8 HEAD
The bundle requires this ref:
69411e65c880d168832a65fc8475cc97d562a9ad 
The bundle uses this hash algorithm: sha1

exit_code=0
completed_utc=2026-08-24T18:20:19Z
check=bundle_verify_forgelocal-t40-integration-gated.bundle
---
started_utc=2026-08-24T18:20:19Z
cwd=/home/ubuntu/forgelocal-prehuman-fresh-20260824
head=6ae02e4ceed239b9310fbf3fccb1b5170117251e
command=bash -c set\ -e\;\ head=\$\(git\ bundle\ list-heads\ \"\$1\"\ \|\ cut\ -d\ \"\ \"\ -f1\)\;\ required=\$\(git\ bundle\ verify\ \"\$1\"\ \|\ grep\ -A1\ \"\^The\ bundle\ requires\ this\ ref:\"\ \|\ tail\ -1\ \|\ tr\ -d\ \"\[:space:\]\"\)\;\ mkdir\ -p\ \"\$2/repo\"\;\ git\ -C\ \"\$2/repo\"\ init\ --quiet\;\ if\ \[\ -n\ \"\$required\"\ \]\;\ then\ git\ -C\ \"\$2/repo\"\ fetch\ --quiet\ \"\$3\"\ \"\$required:refs/heads/prerequisite\"\;\ fi\;\ git\ -C\ \"\$2/repo\"\ fetch\ --quiet\ \"\$1\"\ HEAD\;\ git\ -C\ \"\$2/repo\"\ checkout\ --quiet\ --detach\ \"\$head\"\;\ git\ -C\ \"\$2/repo\"\ fsck\ --full\;\ test\ \"\$\(git\ -C\ \"\$2/repo\"\ rev-parse\ HEAD\)\"\ =\ \"\$head\" bash /home/ubuntu/forgelocal-prehuman-fresh-20260824/evidence/T40/forgelocal-t40-integration-gated.bundle /tmp/tmp.UJYUe2iX40 /home/ubuntu/forgelocal-prehuman-fresh-20260824 
--- raw_output ---
/home/ubuntu/forgelocal-prehuman-fresh-20260824/evidence/T40/forgelocal-t40-integration-gated.bundle is okay

exit_code=0
completed_utc=2026-08-24T18:20:25Z
check=bundle_rehydrate_forgelocal-t40-integration-gated.bundle
---
started_utc=2026-08-24T18:20:25Z
cwd=/home/ubuntu/forgelocal-prehuman-fresh-20260824
head=6ae02e4ceed239b9310fbf3fccb1b5170117251e
command=git bundle verify evidence/T41/forgelocal-t41-delta.bundle 
--- raw_output ---
evidence/T41/forgelocal-t41-delta.bundle is okay
The bundle contains this ref:
8227337b84e3986eb813cdfed2c27716c2d3501b HEAD
The bundle requires this ref:
077ba90b2c522415aeefdc2d651c457b8c59683d 
The bundle uses this hash algorithm: sha1

exit_code=0
completed_utc=2026-08-24T18:20:25Z
check=bundle_verify_forgelocal-t41-delta.bundle
---
started_utc=2026-08-24T18:20:25Z
cwd=/home/ubuntu/forgelocal-prehuman-fresh-20260824
head=6ae02e4ceed239b9310fbf3fccb1b5170117251e
command=bash -c set\ -e\;\ head=\$\(git\ bundle\ list-heads\ \"\$1\"\ \|\ cut\ -d\ \"\ \"\ -f1\)\;\ required=\$\(git\ bundle\ verify\ \"\$1\"\ \|\ grep\ -A1\ \"\^The\ bundle\ requires\ this\ ref:\"\ \|\ tail\ -1\ \|\ tr\ -d\ \"\[:space:\]\"\)\;\ mkdir\ -p\ \"\$2/repo\"\;\ git\ -C\ \"\$2/repo\"\ init\ --quiet\;\ if\ \[\ -n\ \"\$required\"\ \]\;\ then\ git\ -C\ \"\$2/repo\"\ fetch\ --quiet\ \"\$3\"\ \"\$required:refs/heads/prerequisite\"\;\ fi\;\ git\ -C\ \"\$2/repo\"\ fetch\ --quiet\ \"\$1\"\ HEAD\;\ git\ -C\ \"\$2/repo\"\ checkout\ --quiet\ --detach\ \"\$head\"\;\ git\ -C\ \"\$2/repo\"\ fsck\ --full\;\ test\ \"\$\(git\ -C\ \"\$2/repo\"\ rev-parse\ HEAD\)\"\ =\ \"\$head\" bash /home/ubuntu/forgelocal-prehuman-fresh-20260824/evidence/T41/forgelocal-t41-delta.bundle /tmp/tmp.qTTyoZ0f6j /home/ubuntu/forgelocal-prehuman-fresh-20260824 
--- raw_output ---
/home/ubuntu/forgelocal-prehuman-fresh-20260824/evidence/T41/forgelocal-t41-delta.bundle is okay

exit_code=0
completed_utc=2026-08-24T18:20:32Z
check=bundle_rehydrate_forgelocal-t41-delta.bundle
---
started_utc=2026-08-24T18:20:33Z
cwd=/home/ubuntu/forgelocal-prehuman-fresh-20260824
head=6ae02e4ceed239b9310fbf3fccb1b5170117251e
command=git bundle verify evidence/T42/forgelocal-t42-compact.bundle 
--- raw_output ---
evidence/T42/forgelocal-t42-compact.bundle is okay
The bundle contains this ref:
0e2b45a0b05ca7e03fd7bb514027c87d618a957f HEAD
The bundle requires this ref:
944376fd1c9d22dad44730854ce4b2d6203c743b 
The bundle uses this hash algorithm: sha1

exit_code=0
completed_utc=2026-08-24T18:20:33Z
check=bundle_verify_forgelocal-t42-compact.bundle
---
started_utc=2026-08-24T18:20:33Z
cwd=/home/ubuntu/forgelocal-prehuman-fresh-20260824
head=6ae02e4ceed239b9310fbf3fccb1b5170117251e
command=bash -c set\ -e\;\ head=\$\(git\ bundle\ list-heads\ \"\$1\"\ \|\ cut\ -d\ \"\ \"\ -f1\)\;\ required=\$\(git\ bundle\ verify\ \"\$1\"\ \|\ grep\ -A1\ \"\^The\ bundle\ requires\ this\ ref:\"\ \|\ tail\ -1\ \|\ tr\ -d\ \"\[:space:\]\"\)\;\ mkdir\ -p\ \"\$2/repo\"\;\ git\ -C\ \"\$2/repo\"\ init\ --quiet\;\ if\ \[\ -n\ \"\$required\"\ \]\;\ then\ git\ -C\ \"\$2/repo\"\ fetch\ --quiet\ \"\$3\"\ \"\$required:refs/heads/prerequisite\"\;\ fi\;\ git\ -C\ \"\$2/repo\"\ fetch\ --quiet\ \"\$1\"\ HEAD\;\ git\ -C\ \"\$2/repo\"\ checkout\ --quiet\ --detach\ \"\$head\"\;\ git\ -C\ \"\$2/repo\"\ fsck\ --full\;\ test\ \"\$\(git\ -C\ \"\$2/repo\"\ rev-parse\ HEAD\)\"\ =\ \"\$head\" bash /home/ubuntu/forgelocal-prehuman-fresh-20260824/evidence/T42/forgelocal-t42-compact.bundle /tmp/tmp.zKPgTqsGaa /home/ubuntu/forgelocal-prehuman-fresh-20260824 
--- raw_output ---
/home/ubuntu/forgelocal-prehuman-fresh-20260824/evidence/T42/forgelocal-t42-compact.bundle is okay

exit_code=0
completed_utc=2026-08-24T18:20:40Z
check=bundle_rehydrate_forgelocal-t42-compact.bundle
---
started_utc=2026-08-24T18:20:40Z
cwd=/home/ubuntu/forgelocal-prehuman-fresh-20260824
head=6ae02e4ceed239b9310fbf3fccb1b5170117251e
command=go test -count=1 -race ./... 
--- raw_output ---
?   	forgelocal/cmd/back01-core	[no test files]
ok  	forgelocal/cmd/server	1.047s
?   	forgelocal/cmd/systemvault-doctor	[no test files]
ok  	forgelocal/internal/api	3.541s
ok  	forgelocal/internal/backup	2.874s
ok  	forgelocal/internal/browser	9.035s
ok  	forgelocal/internal/config	1.015s
ok  	forgelocal/internal/cookies	1.014s
ok  	forgelocal/internal/drift	1.013s
ok  	forgelocal/internal/environment	1.014s
ok  	forgelocal/internal/fingerprint	1.016s
ok  	forgelocal/internal/fonts	1.013s
ok  	forgelocal/internal/geolocation	1.013s
ok  	forgelocal/internal/groups	1.030s
ok  	forgelocal/internal/hardware	1.013s
ok  	forgelocal/internal/history	1.290s
?   	forgelocal/internal/humanize	[no test files]
ok  	forgelocal/internal/launch	3.773s
ok  	forgelocal/internal/localvault	1.097s
ok  	forgelocal/internal/mcp	1.033s
ok  	forgelocal/internal/productschema	1.815s
ok  	forgelocal/internal/profile	1.116s
ok  	forgelocal/internal/profilehealth	1.013s
ok  	forgelocal/internal/profilemigration	2.784s
ok  	forgelocal/internal/proxies	1.098s
ok  	forgelocal/internal/proxyprovider	1.015s
ok  	forgelocal/internal/runtime	1.263s
?   	forgelocal/internal/secrets	[no test files]
ok  	forgelocal/internal/sessiontrack	1.013s
ok  	forgelocal/internal/spike	3.408s
ok  	forgelocal/internal/templates	1.341s
ok  	forgelocal/internal/workflow	1.018s

exit_code=0
completed_utc=2026-08-24T18:20:52Z
check=go_test_race
---
started_utc=2026-08-24T18:20:52Z
cwd=/home/ubuntu/forgelocal-prehuman-fresh-20260824
head=6ae02e4ceed239b9310fbf3fccb1b5170117251e
command=go vet ./... 
--- raw_output ---

exit_code=0
completed_utc=2026-08-24T18:20:53Z
check=go_vet
---
started_utc=2026-08-24T18:20:53Z
cwd=/home/ubuntu/forgelocal-prehuman-fresh-20260824
head=6ae02e4ceed239b9310fbf3fccb1b5170117251e
command=go build ./... 
--- raw_output ---

exit_code=0
completed_utc=2026-08-24T18:20:54Z
check=go_build
---
started_utc=2026-08-24T18:20:54Z
cwd=/home/ubuntu/forgelocal-prehuman-fresh-20260824
head=6ae02e4ceed239b9310fbf3fccb1b5170117251e
command=bash -c syft\ dir:\"\$1\"\ -o\ cyclonedx-json\ \>\ \"\$2/PREHUMAN_T00_T42_SBOM.cdx.json\" bash /home/ubuntu/forgelocal-prehuman-fresh-20260824 /home/ubuntu/forgelocal-prehuman-validation-20260824 
--- raw_output ---
[0;90m[0003][0m [0;33m WARN[0m no explicit name and version provided for directory source, deriving artifact ID from the given path (which is not ideal)

exit_code=0
completed_utc=2026-08-24T18:21:00Z
check=syft_sbom
---
started_utc=2026-08-24T18:21:00Z
cwd=/home/ubuntu/forgelocal-prehuman-fresh-20260824
head=6ae02e4ceed239b9310fbf3fccb1b5170117251e
command=bash -c set\ -o\ pipefail\;\ git\ diff\ --binary\ \"t00-t27-complete-20260820..HEAD\"\ \|\ /home/ubuntu/bin/gitleaks\ detect\ --pipe\ --no-banner\ --redact\ --report-format\ json\ --report-path\ \"\$1/06_gitleaks_cumulative.json\" bash /home/ubuntu/forgelocal-prehuman-validation-20260824 
--- raw_output ---
