started_utc=2026-08-24T21:51:33Z
cwd=/home/ubuntu/forgelocal-postfix-fresh-20260824
head=e0c9352710eb3710eaf0ea5d71614f2731a7051c
command=git status --short --branch 
--- raw_output ---
## [31mHEAD (no branch)[m
exit_code=0
completed_utc=2026-08-24T21:51:33Z
check=worktree
free_after_kib=14924340
---
started_utc=2026-08-24T21:51:33Z
cwd=/home/ubuntu/forgelocal-postfix-fresh-20260824
head=e0c9352710eb3710eaf0ea5d71614f2731a7051c
command=git rev-parse HEAD 
--- raw_output ---
e0c9352710eb3710eaf0ea5d71614f2731a7051c
exit_code=0
completed_utc=2026-08-24T21:51:33Z
check=head
free_after_kib=14924340
---
started_utc=2026-08-24T21:51:33Z
cwd=/home/ubuntu/forgelocal-postfix-fresh-20260824
head=e0c9352710eb3710eaf0ea5d71614f2731a7051c
command=git fsck --full 
--- raw_output ---
exit_code=0
completed_utc=2026-08-24T21:51:36Z
check=fsck
free_after_kib=14924340
---
started_utc=2026-08-24T21:51:36Z
cwd=/home/ubuntu/forgelocal-postfix-fresh-20260824
head=e0c9352710eb3710eaf0ea5d71614f2731a7051c
command=git lfs fsck 
--- raw_output ---
objects: openError: continuation/T00-T27/archive-packages/forgelocal-continuation-t00-t23-20260819.zip.part.00 (a7e8729c65c8dfd1ef64e713331f6036daa210ac6cf9f4f5f1a6f38d87634387) could not be checked: no such file or directory
objects: openError: continuation/T00-T27/archive-packages/forgelocal-continuation-t00-t23-20260819.zip.part.01 (20b32719150556255aebb4c9aa2413be9012197e178d5d7e841bc9b0b8f06d29) could not be checked: no such file or directory
objects: openError: continuation/T00-T27/archive-packages/forgelocal-t24-bulk-evidence-7f63c71.zip (037eb5650a8fcefb1b2ab9bf747772ab3cf2ead9c698ca85675d433da56f4526) could not be checked: no such file or directory
objects: openError: continuation/T00-T27/archive-packages/forgelocal-t25-synthetic-cookie-fixtures-a7ccfbc.zip (9c9be6107e420e7a8c83ac64d6f3b80063bcad10b08f5a7c4c395f342bbd61f3) could not be checked: no such file or directory
objects: openError: continuation/T00-T27/archive-packages/forgelocal-t26-simulated-provider-930003c.zip (bb984b9d991538862079b68d16804136e1912e689d89ac262866cc5221ac3f18) could not be checked: no such file or directory
objects: openError: continuation/T00-T27/archive-packages/forgelocal-t27-r1-local-continuation-full.tar.gz (2a13180aa44db915313c4bd9a0d2ae8472a5cea6dcbddebcc6c70e222a78fb22) could not be checked: no such file or directory
objects: openError: continuation/T27-R1/evidence/CR01/forgelocal-t27-r1-cr01-df50a2b.bundle (ab57d11f59fa0d13db7ded91e0a468413a094104ae8778761df919d103cbd271) could not be checked: no such file or directory
objects: openError: continuation/T27-R1/evidence/CR01/forgelocal-t27-r1-cr01-evidence-df50a2b.zip (b1cdcf44d081ef6e30f2f5524156765c88d1dc2a9e24a08048cad025935d741b) could not be checked: no such file or directory
objects: repair: moving corrupt objects to /home/ubuntu/forgelocal-postfix-fresh-20260824/.git/lfs/bad
exit_code=1
completed_utc=2026-08-24T21:51:36Z
check=lfs_fsck
free_after_kib=14924336
---
started_utc=2026-08-24T21:51:36Z
cwd=/home/ubuntu/forgelocal-postfix-fresh-20260824
head=e0c9352710eb3710eaf0ea5d71614f2731a7051c
command=go version 
--- raw_output ---
go version go1.25.13 linux/amd64
exit_code=0
completed_utc=2026-08-24T21:51:36Z
check=go_version
free_after_kib=14924336
---
started_utc=2026-08-24T21:51:36Z
cwd=/home/ubuntu/forgelocal-postfix-fresh-20260824
head=e0c9352710eb3710eaf0ea5d71614f2731a7051c
command=go mod verify 
--- raw_output ---
all modules verified
exit_code=0
completed_utc=2026-08-24T21:51:38Z
check=go_mod_verify
free_after_kib=14924336
---
started_utc=2026-08-24T21:51:38Z
cwd=/home/ubuntu/forgelocal-postfix-fresh-20260824
head=e0c9352710eb3710eaf0ea5d71614f2731a7051c
command=go list -m -json all 
--- raw_output ---
{
	"Path": "forgelocal",
	"Main": true,
	"Dir": "/home/ubuntu/forgelocal-postfix-fresh-20260824",
	"GoMod": "/home/ubuntu/forgelocal-postfix-fresh-20260824/go.mod",
	"GoVersion": "1.25.0"
}
{
	"Path": "github.com/coder/websocket",
	"Version": "v1.8.12",
	"Time": "2024-08-09T19:05:31Z",
	"Indirect": true
}
{
	"Path": "github.com/creack/pty",
	"Version": "v1.1.9",
	"Time": "2019-09-25T15:36:33Z",
	"Indirect": true,
	"GoMod": "/home/ubuntu/go/pkg/mod/cache/download/github.com/creack/pty/@v/v1.1.9.mod",
	"GoVersion": "1.13",
	"GoModSum": "h1:oKZEueFk5CKHvIhNR5MUki03XCEU+Q6VDXinZuGJ33E="
}
{
	"Path": "github.com/danieljoos/wincred",
	"Version": "v1.2.3",
	"Time": "2025-10-02T18:24:04Z",
	"Indirect": true,
	"GoMod": "/home/ubuntu/go/pkg/mod/cache/download/github.com/danieljoos/wincred/@v/v1.2.3.mod",
	"GoVersion": "1.18",
	"Sum": "h1:v7dZC2x32Ut3nEfRH+vhoZGvN72+dQ/snVXo/vMFLdQ=",
	"GoModSum": "h1:6qqX0WNrS4RzPZ1tnroDzq9kY3fu1KwE7MRLQK4X0bs="
}
{
	"Path": "github.com/davecgh/go-spew",
	"Version": "v1.1.1",
	"Time": "2018-02-21T23:26:28Z",
	"Indirect": true,
	"Dir": "/home/ubuntu/go/pkg/mod/github.com/davecgh/go-spew@v1.1.1",
	"GoMod": "/home/ubuntu/go/pkg/mod/cache/download/github.com/davecgh/go-spew/@v/v1.1.1.mod",
	"Sum": "h1:vj9j/u1bqnvCEfJOwUhtlOARqs3+rkHYY13jYWTU97c=",
	"GoModSum": "h1:J7Y8YcW2NihsgmVo/mv3lAwl/skON4iLHjSsI+c5H38="
}
{
	"Path": "github.com/deckarep/golang-set/v2",
	"Version": "v2.8.0",
	"Time": "2025-03-14T21:27:26Z",
	"Indirect": true,
	"Dir": "/home/ubuntu/go/pkg/mod/github.com/deckarep/golang-set/v2@v2.8.0",
	"GoMod": "/home/ubuntu/go/pkg/mod/cache/download/github.com/deckarep/golang-set/v2/@v/v2.8.0.mod",
	"GoVersion": "1.18",
	"Sum": "h1:swm0rlPCmdWn9mESxKOjWk8hXSqoxOp+ZlfuyaAdFlQ=",
	"GoModSum": "h1:VAky9rY/yGXJOLEDv3OMci+7wtDpOF4IN+y82NBOac4="
}
{
	"Path": "github.com/dustin/go-humanize",
	"Version": "v1.0.1",
	"Time": "2023-01-10T06:44:38Z",
	"Indirect": true,
	"Dir": "/home/ubuntu/go/pkg/mod/github.com/dustin/go-humanize@v1.0.1",
	"GoMod": "/home/ubuntu/go/pkg/mod/cache/download/github.com/dustin/go-humanize/@v/v1.0.1.mod",
	"GoVersion": "1.16",
	"Sum": "h1:GzkhY7T5VNhEkwH0PVJgjz+fX1rhBrR7pRT3mDkpeCY=",
	"GoModSum": "h1:Mu1zIs6XwVuF/gI1OepvI0qD18qycQx+mFykh5fBlto="
}
{
	"Path": "github.com/go-chi/chi/v5",
	"Version": "v5.3.1",
	"Time": "2026-07-05T18:51:45Z",
	"Dir": "/home/ubuntu/go/pkg/mod/github.com/go-chi/chi/v5@v5.3.1",
	"GoMod": "/home/ubuntu/go/pkg/mod/cache/download/github.com/go-chi/chi/v5/@v/v5.3.1.mod",
	"GoVersion": "1.23",
	"Sum": "h1:3j4HZLGZQ3JpMCrPJF/Jl3mYJfWLKBfNJ6quurUGCf8=",
	"GoModSum": "h1:R+tYY2hNuVUUjxoPtqUdgBqevM9s9njzkTLutVsOCto="
}
{
	"Path": "github.com/go-jose/go-jose/v3",
	"Version": "v3.0.5",
	"Time": "2026-03-31T23:52:59Z",
	"Indirect": true,
	"Dir": "/home/ubuntu/go/pkg/mod/github.com/go-jose/go-jose/v3@v3.0.5",
	"GoMod": "/home/ubuntu/go/pkg/mod/cache/download/github.com/go-jose/go-jose/v3/@v/v3.0.5.mod",
	"GoVersion": "1.12",
	"Sum": "h1:BLLJWbC4nMZOfuPVxoZIxeYsn6Nl2r1fITaJ78UQlVQ=",
	"GoModSum": "h1:5b+7YgP7ZICgJDBdfjZaIt+H/9L9T/YQrVfLAMboGkQ="
}
{
	"Path": "github.com/go-stack/stack",
	"Version": "v1.8.1",
	"Time": "2021-08-18T18:48:21Z",
	"Indirect": true,
	"Dir": "/home/ubuntu/go/pkg/mod/github.com/go-stack/stack@v1.8.1",
	"GoMod": "/home/ubuntu/go/pkg/mod/cache/download/github.com/go-stack/stack/@v/v1.8.1.mod",
	"GoVersion": "1.17",
	"Sum": "h1:ntEHSVwIt7PNXNpgPmVfMrNhLtgjlmnZha2kOpuRiDw=",
	"GoModSum": "h1:dcoOX6HbPZSZptuspn9bctJ+N/CnF5gGygcUP3XYfe4="
}
{
	"Path": "github.com/godbus/dbus/v5",
	"Version": "v5.2.2",
	"Time": "2025-12-29T17:12:48Z",
	"Indirect": true,
	"Dir": "/home/ubuntu/go/pkg/mod/github.com/godbus/dbus/v5@v5.2.2",
	"GoMod": "/home/ubuntu/go/pkg/mod/cache/download/github.com/godbus/dbus/v5/@v/v5.2.2.mod",
	"GoVersion": "1.20",
	"Sum": "h1:TUR3TgtSVDmjiXOgAAyaZbYmIeP3DPkld3jgKGV8mXQ=",
	"GoModSum": "h1:3AAv2+hPq5rdnr5txxxRwiGjPXamgoIHgz9FPBfOp3c="
}
{
	"Path": "github.com/google/go-cmp",
	"Version": "v0.5.9",
	"Time": "2022-09-02T22:41:56Z",
	"Indirect": true,
	"GoMod": "/home/ubuntu/go/pkg/mod/cache/download/github.com/google/go-cmp/@v/v0.5.9.mod",
	"GoVersion": "1.13",
	"GoModSum": "h1:17dUlkBOakJ0+DkrSSNjCkIjxS6bF9zb3elmeNGIjoY="
}
{
	"Path": "github.com/google/pprof",
	"Version": "v0.0.0-20260802141513-ef3492d7dac3",
	"Time": "2026-08-02T14:15:13Z",
	"Indirect": true,
	"Dir": "/home/ubuntu/go/pkg/mod/github.com/google/pprof@v0.0.0-20260802141513-ef3492d7dac3",
	"GoMod": "/home/ubuntu/go/pkg/mod/cache/download/github.com/google/pprof/@v/v0.0.0-20260802141513-ef3492d7dac3.mod",
	"GoVersion": "1.25.0",
	"Sum": "h1:LMLX+LgTNWpfvCBdFebv6EsYotImrt/Ppc5cXIriCSo=",
	"GoModSum": "h1:jl5iWTm0/hd5PjEYEOuwAJ57L/CibdZfrqZ5XA5GrCk="
}
{
	"Path": "github.com/google/uuid",
	"Version": "v1.6.0",
	"Time": "2024-01-23T18:54:04Z",
	"Indirect": true,
	"Dir": "/home/ubuntu/go/pkg/mod/github.com/google/uuid@v1.6.0",
	"GoMod": "/home/ubuntu/go/pkg/mod/cache/download/github.com/google/uuid/@v/v1.6.0.mod",
	"Sum": "h1:NIvaJDMOsjHA8n1jAhLSgzrAzy1Hgr+hNrb57e+94F0=",
	"GoModSum": "h1:TIyPZe4MgqvfeYDBFedMoGGpEw/LqOeaOT+nhxU+yHo="
}
{
	"Path": "github.com/h2non/filetype",
	"Version": "v1.1.3",
	"Time": "2021-11-21T11:21:08Z",
	"Indirect": true
}
{
	"Path": "github.com/hashicorp/golang-lru/v2",
	"Version": "v2.0.7",
	"Time": "2023-09-21T18:26:40Z",
	"Indirect": true,
	"Dir": "/home/ubuntu/go/pkg/mod/github.com/hashicorp/golang-lru/v2@v2.0.7",
	"GoMod": "/home/ubuntu/go/pkg/mod/cache/download/github.com/hashicorp/golang-lru/v2/@v/v2.0.7.mod",
	"GoVersion": "1.18",
	"Sum": "h1:a+bsQ5rvGLjzHuww6tVxozPZFVghXaHOwFs4luLUK2k=",
	"GoModSum": "h1:QeFd9opnmA6QUJc5vARoKUSoFhyfM2/ZepoAG6RGpeM="
}
{
	"Path": "github.com/kr/pretty",
	"Version": "v0.3.1",
	"Time": "2022-08-29T23:03:05Z",
	"Indirect": true,
	"Dir": "/home/ubuntu/go/pkg/mod/github.com/kr/pretty@v0.3.1",
	"GoMod": "/home/ubuntu/go/pkg/mod/cache/download/github.com/kr/pretty/@v/v0.3.1.mod",
	"GoVersion": "1.12",
	"Sum": "h1:flRD4NNwYAUpkphVc1HcthR4KEIFJ65n8Mw5qdRn3LE=",
	"GoModSum": "h1:hoEshYVHaxMs3cyo3Yncou5ZscifuDolrwPKZanG3xk="
}
{
	"Path": "github.com/kr/text",
	"Version": "v0.2.0",
	"Time": "2020-02-14T20:31:06Z",
	"Indirect": true,
	"Dir": "/home/ubuntu/go/pkg/mod/github.com/kr/text@v0.2.0",
	"GoMod": "/home/ubuntu/go/pkg/mod/cache/download/github.com/kr/text/@v/v0.2.0.mod",
	"Sum": "h1:5Nx0Ya0ZqY2ygV366QzturHI13Jq95ApcVaJBhpS+AY=",
	"GoModSum": "h1:eLer722TekiGuMkidMxC/pM04lWEeraHUUmBw8l2grE="
}
{
	"Path": "github.com/mattn/go-isatty",
	"Version": "v0.0.24",
	"Time": "2026-07-23T16:45:22Z",
	"Indirect": true,
	"GoMod": "/home/ubuntu/go/pkg/mod/cache/download/github.com/mattn/go-isatty/@v/v0.0.24.mod",
	"GoVersion": "1.20",
	"Sum": "h1:tGZZoVgT/KiqK1c8ocVLeDS8BSWMRd47J3Lbz7vsReI=",
	"GoModSum": "h1:nMCL3Zebbrt45jsMDgnfIwz6ydEQApk5oEI3HqDio6A="
}
{
	"Path": "github.com/mxschmitt/playwright-go",
	"Version": "v0.6100.0",
	"Time": "2026-06-26T20:02:36Z",
	"Dir": "/home/ubuntu/go/pkg/mod/github.com/mxschmitt/playwright-go@v0.6100.0",
	"GoMod": "/home/ubuntu/go/pkg/mod/cache/download/github.com/mxschmitt/playwright-go/@v/v0.6100.0.mod",
	"GoVersion": "1.22",
	"Sum": "h1:HYNnbGZsTHz8veJyDGe4fU1iPxfvXqzmwKchzuvGCsY=",
	"GoModSum": "h1:A7VtrS3j/c8ToGnSVUaOfNtQQVxi6JotUS0jeuus6r4="
}
{
	"Path": "github.com/ncruces/go-strftime",
	"Version": "v1.0.0",
	"Time": "2025-10-08T11:45:18Z",
	"Indirect": true,
	"GoMod": "/home/ubuntu/go/pkg/mod/cache/download/github.com/ncruces/go-strftime/@v/v1.0.0.mod",
	"GoVersion": "1.17",
	"Sum": "h1:HMFp8mLCTPp341M/ZnA4qaf7ZlsbTc+miZjCLOFAw7w=",
	"GoModSum": "h1:Fwc5htZGVVkseilnfgOVb9mKy6w1naJmn9CehxcKcls="
}
{
	"Path": "github.com/orisano/pixelmatch",
	"Version": "v0.0.0-20230914042517-fa304d1dc785",
	"Time": "2023-09-14T04:25:17Z",
	"Indirect": true
}
{
	"Path": "github.com/pmezard/go-difflib",
	"Version": "v1.0.0",
	"Time": "2016-01-10T10:55:54Z",
	"Indirect": true,
	"Dir": "/home/ubuntu/go/pkg/mod/github.com/pmezard/go-difflib@v1.0.0",
	"GoMod": "/home/ubuntu/go/pkg/mod/cache/download/github.com/pmezard/go-difflib/@v/v1.0.0.mod",
	"Sum": "h1:4DBwDE0NGyQoBHbLQYPwSUPoCMWR5BEzIk/f1lZbAQM=",
	"GoModSum": "h1:iKH77koFhYxTK1pcRnkKkqfTogsbg7gZNVY4sRDYZ/4="
}
{
	"Path": "github.com/remyoudompheng/bigfft",
	"Version": "v0.0.0-20230129092748-24d4a6f8daec",
	"Time": "2023-01-29T09:27:48Z",
	"Indirect": true,
	"Dir": "/home/ubuntu/go/pkg/mod/github.com/remyoudompheng/bigfft@v0.0.0-20230129092748-24d4a6f8daec",
	"GoMod": "/home/ubuntu/go/pkg/mod/cache/download/github.com/remyoudompheng/bigfft/@v/v0.0.0-20230129092748-24d4a6f8daec.mod",
	"GoVersion": "1.12",
	"Sum": "h1:W09IVJc94icq4NjY3clb7Lk8O1qJ8BdBEF8z0ibU0rE=",
	"GoModSum": "h1:qqbHyh8v60DhA7CoWK5oRCqLrMHRGoxYCSS9EjAz6Eo="
}
{
	"Path": "github.com/rogpeppe/go-internal",
	"Version": "v1.11.0",
	"Time": "2023-05-24T17:50:51Z",
	"Indirect": true,
	"Dir": "/home/ubuntu/go/pkg/mod/github.com/rogpeppe/go-internal@v1.11.0",
	"GoMod": "/home/ubuntu/go/pkg/mod/cache/download/github.com/rogpeppe/go-internal/@v/v1.11.0.mod",
	"GoVersion": "1.19",
	"Sum": "h1:cWPaGQEPrBb5/AsnsZesgZZ9yb1OQ+GOISoDNXVBh4M=",
	"GoModSum": "h1:ddIwULY96R17DhadqLgMfk9H9tvdUzkipdSkR5nkCZA="
}
{
	"Path": "github.com/stretchr/objx",
	"Version": "v0.5.2",
	"Time": "2024-02-29T09:57:51Z",
	"Indirect": true,
	"Dir": "/home/ubuntu/go/pkg/mod/github.com/stretchr/objx@v0.5.2",
	"GoMod": "/home/ubuntu/go/pkg/mod/cache/download/github.com/stretchr/objx/@v/v0.5.2.mod",
	"GoVersion": "1.20",
	"Sum": "h1:xuMeJ0Sdp5ZMRXx/aWO6RZxdr3beISkG5/G/aIRr3pY=",
	"GoModSum": "h1:FRsXN1f5AsAjCGJKqEizvkpNtU+EGNCLh3NxZ/8L+MA="
}
{
	"Path": "github.com/stretchr/testify",
	"Version": "v1.11.1",
	"Time": "2025-08-27T10:46:31Z",
	"Indirect": true,
	"Dir": "/home/ubuntu/go/pkg/mod/github.com/stretchr/testify@v1.11.1",
	"GoMod": "/home/ubuntu/go/pkg/mod/cache/download/github.com/stretchr/testify/@v/v1.11.1.mod",
	"GoVersion": "1.17",
	"Sum": "h1:7s2iGBzp5EwR7/aIZr8ao5+dra3wiQyKjjFuvgVKu7U=",
	"GoModSum": "h1:wZwfW3scLgRK+23gO65QZefKpKQRnfz6sD981Nm4B6U="
}
{
	"Path": "github.com/tidwall/gjson",
	"Version": "v1.17.0",
	"Time": "2023-09-22T17:13:56Z",
	"Indirect": true
}
{
	"Path": "github.com/tidwall/match",
	"Version": "v1.1.1",
	"Time": "2021-10-08T14:36:13Z",
	"Indirect": true
}
{
	"Path": "github.com/tidwall/pretty",
	"Version": "v1.2.1",
	"Time": "2022-10-01T20:21:24Z",
	"Indirect": true
}
{
	"Path": "github.com/yuin/goldmark",
	"Version": "v1.4.13",
	"Time": "2022-07-09T07:22:17Z",
	"Indirect": true,
	"GoMod": "/home/ubuntu/go/pkg/mod/cache/download/github.com/yuin/goldmark/@v/v1.4.13.mod",
	"GoVersion": "1.18",
	"GoModSum": "h1:6yULJ656Px+3vBD8DxQVa3kxgyrAnzto9xy5taEt/CY="
}
{
	"Path": "github.com/zalando/go-keyring",
	"Version": "v0.2.8",
	"Time": "2026-03-23T12:00:09Z",
	"Dir": "/home/ubuntu/go/pkg/mod/github.com/zalando/go-keyring@v0.2.8",
	"GoMod": "/home/ubuntu/go/pkg/mod/cache/download/github.com/zalando/go-keyring/@v/v0.2.8.mod",
	"GoVersion": "1.18",
	"Sum": "h1:6sD/Ucpl7jNq10rM2pgqTs0sZ9V3qMrqfIIy5YPccHs=",
	"GoModSum": "h1:tsMo+VpRq5NGyKfxoBVjCuMrG47yj8cmakZDO5QGii0="
}
{
	"Path": "golang.org/x/crypto",
	"Version": "v0.55.0",
	"Time": "2026-08-11T17:56:31Z",
	"Indirect": true
}
{
	"Path": "golang.org/x/mod",
	"Version": "v0.37.0",
	"Time": "2026-06-08T15:10:58Z",
	"Indirect": true,
	"Dir": "/home/ubuntu/go/pkg/mod/golang.org/x/mod@v0.37.0",
	"GoMod": "/home/ubuntu/go/pkg/mod/cache/download/golang.org/x/mod/@v/v0.37.0.mod",
	"GoVersion": "1.25.0",
	"Sum": "h1:vF1DjpVEshcIqoEaauuHebaLk1O1forxjxBaVn884JQ=",
	"GoModSum": "h1:m8S8VeM9r4dzDwjrKO0a1sZP3YjeMamRRlD+fmR2Q/0="
}
{
	"Path": "golang.org/x/net",
	"Version": "v0.58.0",
	"Time": "2026-08-12T17:41:32Z",
	"Dir": "/home/ubuntu/go/pkg/mod/golang.org/x/net@v0.58.0",
	"GoMod": "/home/ubuntu/go/pkg/mod/cache/download/golang.org/x/net/@v/v0.58.0.mod",
	"GoVersion": "1.25.0",
	"Sum": "h1:ynWG7rqYi4ccpTEuPZ2QGWHktVEM9DMCj9yzDE0Q7To=",
	"GoModSum": "h1:YwCddHnFlT7eLQqVprV19OnhLGtc5xOKgE0RyqgfWAU="
}
{
	"Path": "golang.org/x/sync",
	"Version": "v0.21.0",
	"Time": "2026-06-04T16:57:53Z",
	"Indirect": true,
	"Dir": "/home/ubuntu/go/pkg/mod/golang.org/x/sync@v0.21.0",
	"GoMod": "/home/ubuntu/go/pkg/mod/cache/download/golang.org/x/sync/@v/v0.21.0.mod",
	"GoVersion": "1.25.0",
	"Sum": "h1:HLII4xRRTtCRkxYp4HNFF0Js/Og6q2i++KXbg0gHCwM=",
	"GoModSum": "h1:9xrNwdLfx4jkKbNva9FpL6vEN7evnE43NNNJQ2LF3+0="
}
{
	"Path": "golang.org/x/sys",
	"Version": "v0.47.0",
	"Time": "2026-06-30T17:07:31Z",
	"Indirect": true,
	"Dir": "/home/ubuntu/go/pkg/mod/golang.org/x/sys@v0.47.0",
	"GoMod": "/home/ubuntu/go/pkg/mod/cache/download/golang.org/x/sys/@v/v0.47.0.mod",
	"GoVersion": "1.25.0",
	"Sum": "h1:o7XGOvZQCADBQQ4Y7VNq2dRWQR7JmOUW8Kxx4ZsNgWs=",
	"GoModSum": "h1:4GL1E5IUh+htKOUEOaiffhrAeqysfVGipDYzABqnCmw="
}
{
	"Path": "golang.org/x/term",
	"Version": "v0.45.0",
	"Time": "2026-07-08T15:40:56Z",
	"Indirect": true
}
{
	"Path": "golang.org/x/text",
	"Version": "v0.41.0",
	"Time": "2026-08-11T15:22:47Z",
	"Indirect": true
}
{
	"Path": "golang.org/x/tools",
	"Version": "v0.47.0",
	"Time": "2026-06-25T17:02:32Z",
	"Indirect": true,
	"Dir": "/home/ubuntu/go/pkg/mod/golang.org/x/tools@v0.47.0",
	"GoMod": "/home/ubuntu/go/pkg/mod/cache/download/golang.org/x/tools/@v/v0.47.0.mod",
	"GoVersion": "1.25.0",
	"Sum": "h1:7Kn5x/d1svx/PzryTsqeoZN4TZwqeH5pGWjefhLi/1Q=",
	"GoModSum": "h1:dFHnyTvFWY212G+h7ZY4Vsp/K3U4/7W9TyVaAul8uCA="
}
{
	"Path": "golang.org/x/xerrors",
	"Version": "v0.0.0-20190717185122-a985d3407aa7",
	"Time": "2019-07-17T18:51:22Z",
	"Indirect": true,
	"GoMod": "/home/ubuntu/go/pkg/mod/cache/download/golang.org/x/xerrors/@v/v0.0.0-20190717185122-a985d3407aa7.mod",
	"GoVersion": "1.11",
	"GoModSum": "h1:I/5z698sn9Ka8TeJc9MKroUUfqBBauWjQqLJ2OPfmY0="
}
{
	"Path": "gopkg.in/check.v1",
	"Version": "v1.0.0-20201130134442-10cb98267c6c",
	"Time": "2020-11-30T13:44:42Z",
	"Indirect": true,
	"Dir": "/home/ubuntu/go/pkg/mod/gopkg.in/check.v1@v1.0.0-20201130134442-10cb98267c6c",
	"GoMod": "/home/ubuntu/go/pkg/mod/cache/download/gopkg.in/check.v1/@v/v1.0.0-20201130134442-10cb98267c6c.mod",
	"GoVersion": "1.11",
	"Sum": "h1:Hei/4ADfdWqJk1ZMxUNpqntNwaWcugrBjAiHlqqRiVk=",
	"GoModSum": "h1:JHkPIbrfpd72SG/EVd6muEfDQjcINNoR0C8j2r3qZ4Q="
}
{
	"Path": "gopkg.in/yaml.v3",
	"Version": "v3.0.1",
	"Time": "2022-05-27T08:35:30Z",
	"Dir": "/home/ubuntu/go/pkg/mod/gopkg.in/yaml.v3@v3.0.1",
	"GoMod": "/home/ubuntu/go/pkg/mod/cache/download/gopkg.in/yaml.v3/@v/v3.0.1.mod",
	"Sum": "h1:fxVm/GzAzEWqLHuvctI91KS9hhNmmWOoWu0XTYJS7CA=",
	"GoModSum": "h1:K4uyk7z7BCEPqu6E+C64Yfv1cQ7kz7rIZviUmN+EgEM="
}
{
	"Path": "modernc.org/cc/v4",
	"Version": "v4.29.1",
	"Time": "2026-07-08T11:45:37Z",
	"Indirect": true,
	"Dir": "/home/ubuntu/go/pkg/mod/modernc.org/cc/v4@v4.29.1",
	"GoMod": "/home/ubuntu/go/pkg/mod/cache/download/modernc.org/cc/v4/@v/v4.29.1.mod",
	"GoVersion": "1.25",
	"Sum": "h1:MKgdCV3WykTSPqpVrnxdEDS0HEd2FHpKZDzxzU5LyeI=",
	"GoModSum": "h1:OnovgIhbbMXMu1aISnJ0wvVD1KnW+cAUJkIrAWh+kVI="
}
{
	"Path": "modernc.org/ccgo/v4",
	"Version": "v4.34.6",
	"Time": "2026-06-26T14:54:35Z",
	"Indirect": true,
	"Dir": "/home/ubuntu/go/pkg/mod/modernc.org/ccgo/v4@v4.34.6",
	"GoMod": "/home/ubuntu/go/pkg/mod/cache/download/modernc.org/ccgo/v4/@v/v4.34.6.mod",
	"GoVersion": "1.25.0",
	"Sum": "h1:sBgfIwyN0TQ9C5hwIeuqyeAKyMWnbvj2fvpF4L11uzU=",
	"GoModSum": "h1:SZ8YcN9NG7XVsQYdm6jYBvi8PQP1qi+kqB6OhjqI3Fk="
}
{
	"Path": "modernc.org/fileutil",
	"Version": "v1.4.0",
	"Time": "2026-02-18T10:24:55Z",
	"Indirect": true,
	"Dir": "/home/ubuntu/go/pkg/mod/modernc.org/fileutil@v1.4.0",
	"GoMod": "/home/ubuntu/go/pkg/mod/cache/download/modernc.org/fileutil/@v/v1.4.0.mod",
	"GoVersion": "1.24",
	"Sum": "h1:j6ZzNTftVS054gi281TyLjHPp6CPHr2KCxEXjEbD6SM=",
	"GoModSum": "h1:EqdKFDxiByqxLk8ozOxObDSfcVOv/54xDs/DUHdvCUU="
}
{
	"Path": "modernc.org/gc/v2",
	"Version": "v2.6.5",
	"Time": "2025-03-12T16:49:23Z",
	"Indirect": true,
	"Dir": "/home/ubuntu/go/pkg/mod/modernc.org/gc/v2@v2.6.5",
	"GoMod": "/home/ubuntu/go/pkg/mod/cache/download/modernc.org/gc/v2/@v/v2.6.5.mod",
	"GoVersion": "1.21",
	"Sum": "h1:nyqdV8q46KvTpZlsw66kWqwXRHdjIlJOhG6kxiV/9xI=",
	"GoModSum": "h1:YgIahr1ypgfe7chRuJi2gD7DBQiKSLMPgBQe9oIiito="
}
{
	"Path": "modernc.org/gc/v3",
	"Version": "v3.1.4",
	"Time": "2026-05-18T09:50:34Z",
	"Indirect": true,
	"Dir": "/home/ubuntu/go/pkg/mod/modernc.org/gc/v3@v3.1.4",
	"GoMod": "/home/ubuntu/go/pkg/mod/cache/download/modernc.org/gc/v3/@v/v3.1.4.mod",
	"GoVersion": "1.23.0",
	"Sum": "h1:2g65LGVSmFQrXeITAw97x7hCRvZFcyE1uDP+7Vng7JI=",
	"GoModSum": "h1:HFK/6AGESC7Ex+EZJhJ2Gni6cTaYpSMmU/cT9RmlfYY="
}
{
	"Path": "modernc.org/goabi0",
	"Version": "v0.2.0",
	"Time": "2025-07-02T15:46:44Z",
	"Indirect": true,
	"Dir": "/home/ubuntu/go/pkg/mod/modernc.org/goabi0@v0.2.0",
	"GoMod": "/home/ubuntu/go/pkg/mod/cache/download/modernc.org/goabi0/@v/v0.2.0.mod",
	"GoVersion": "1.23.0",
	"Sum": "h1:HvEowk7LxcPd0eq6mVOAEMai46V+i7Jrj13t4AzuNks=",
	"GoModSum": "h1:CEFRnnJhKvWT1c1JTI3Avm+tgOWbkOu5oPA8eH8LnMI="
}
{
	"Path": "modernc.org/libc",
	"Version": "v1.74.4",
	"Time": "2026-07-27T16:37:42Z",
	"Indirect": true,
	"Dir": "/home/ubuntu/go/pkg/mod/modernc.org/libc@v1.74.4",
	"GoMod": "/home/ubuntu/go/pkg/mod/cache/download/modernc.org/libc/@v/v1.74.4.mod",
	"GoVersion": "1.25.0",
	"Sum": "h1:fX1Omw4o2/1C2iRkkIsrQTasJQldLhRmuPreXLoWs9k=",
	"GoModSum": "h1:eeQAS9W3sZeKYMFubydxJpII9ybHWshk+7or7bLG9co="
}
{
	"Path": "modernc.org/mathutil",
	"Version": "v1.7.1",
	"Time": "2024-12-26T12:13:25Z",
	"Indirect": true,
	"Dir": "/home/ubuntu/go/pkg/mod/modernc.org/mathutil@v1.7.1",
	"GoMod": "/home/ubuntu/go/pkg/mod/cache/download/modernc.org/mathutil/@v/v1.7.1.mod",
	"GoVersion": "1.21",
	"Sum": "h1:GCZVGXdaN8gTqB1Mf/usp1Y/hSqgI2vAGGP4jZMCxOU=",
	"GoModSum": "h1:4p5IwJITfppl0G4sUEDtCr4DthTaT47/N3aT6MhfgJg="
}
{
	"Path": "modernc.org/memory",
	"Version": "v1.11.0",
	"Time": "2025-05-17T20:55:10Z",
	"Indirect": true,
	"Dir": "/home/ubuntu/go/pkg/mod/modernc.org/memory@v1.11.0",
	"GoMod": "/home/ubuntu/go/pkg/mod/cache/download/modernc.org/memory/@v/v1.11.0.mod",
	"GoVersion": "1.23.0",
	"Sum": "h1:o4QC8aMQzmcwCK3t3Ux/ZHmwFPzE6hf2Y5LbkRs+hbI=",
	"GoModSum": "h1:/JP4VbVC+K5sU2wZi9bHoq2MAkCnrt2r98UGeSK7Mjw="
}
{
	"Path": "modernc.org/opt",
	"Version": "v0.2.0",
	"Time": "2026-03-24T16:14:02Z",
	"Indirect": true,
	"Dir": "/home/ubuntu/go/pkg/mod/modernc.org/opt@v0.2.0",
	"GoMod": "/home/ubuntu/go/pkg/mod/cache/download/modernc.org/opt/@v/v0.2.0.mod",
	"GoVersion": "1.21",
	"Sum": "h1:tGyef5ApycA7FSEOMraay9SaTk5zmbx7Tu+cJs4QKZg=",
	"GoModSum": "h1:03fq9lsNfvkYSfxrfUhZCWPk1lm4cq4N+Bh//bEtgns="
}
{
	"Path": "modernc.org/sortutil",
	"Version": "v1.2.1",
	"Time": "2024-12-28T00:09:37Z",
	"Indirect": true,
	"Dir": "/home/ubuntu/go/pkg/mod/modernc.org/sortutil@v1.2.1",
	"GoMod": "/home/ubuntu/go/pkg/mod/cache/download/modernc.org/sortutil/@v/v1.2.1.mod",
	"GoVersion": "1.21",
	"Sum": "h1:+xyoGf15mM3NMlPDnFqrteY07klSFxLElE2PVuWIJ7w=",
	"GoModSum": "h1:7ZI3a3REbai7gzCLcotuw9AC4VZVpYMjDzETGsSMqJE="
}
{
	"Path": "modernc.org/sqlite",
	"Version": "v1.56.0",
	"Time": "2026-08-03T14:31:47Z",
	"Dir": "/home/ubuntu/go/pkg/mod/modernc.org/sqlite@v1.56.0",
	"GoMod": "/home/ubuntu/go/pkg/mod/cache/download/modernc.org/sqlite/@v/v1.56.0.mod",
	"GoVersion": "1.25.0",
	"Sum": "h1:/D8e2RfFqoy/Zc6PuC76U28zFwmI/sYx1Kjm4yEn9e0=",
	"GoModSum": "h1:yCJ2cmAaIkHQ25oXWrF8H4O1lIfPYPR26yCEDj2P3pQ="
}
{
	"Path": "modernc.org/strutil",
	"Version": "v1.2.1",
	"Time": "2024-12-27T20:23:31Z",
	"Indirect": true,
	"Dir": "/home/ubuntu/go/pkg/mod/modernc.org/strutil@v1.2.1",
	"GoMod": "/home/ubuntu/go/pkg/mod/cache/download/modernc.org/strutil/@v/v1.2.1.mod",
	"GoVersion": "1.21",
	"Sum": "h1:UneZBkQA+DX2Rp35KcM69cSsNES9ly8mQWD71HKlOA0=",
	"GoModSum": "h1:EHkiggD70koQxjVdSBM3JKM7k6L0FbGE5eymy9i3B9A="
}
{
	"Path": "modernc.org/token",
	"Version": "v1.1.0",
	"Time": "2022-11-13T14:28:03Z",
	"Indirect": true,
	"Dir": "/home/ubuntu/go/pkg/mod/modernc.org/token@v1.1.0",
	"GoMod": "/home/ubuntu/go/pkg/mod/cache/download/modernc.org/token/@v/v1.1.0.mod",
	"Sum": "h1:Xl7Ap9dKaEs5kLoOQeQmPWevfnk/DM5qcLcYlA8ys6Y=",
	"GoModSum": "h1:UGzOrNV1mAFSEB63lOFHIpNRUVMvYTc6yu1SMY/XTDM="
}
exit_code=0
completed_utc=2026-08-24T21:51:38Z
check=go_list_modules
free_after_kib=14924316
---
started_utc=2026-08-24T21:51:38Z
cwd=/home/ubuntu/forgelocal-postfix-fresh-20260824
head=e0c9352710eb3710eaf0ea5d71614f2731a7051c
command=go test -count=1 -race ./... 
--- raw_output ---
?   	forgelocal/cmd/back01-core	[no test files]
ok  	forgelocal/cmd/server	1.052s
?   	forgelocal/cmd/systemvault-doctor	[no test files]
ok  	forgelocal/internal/api	3.461s
ok  	forgelocal/internal/backup	2.882s
ok  	forgelocal/internal/browser	6.830s
ok  	forgelocal/internal/config	1.016s
ok  	forgelocal/internal/cookies	1.013s
ok  	forgelocal/internal/drift	1.014s
ok  	forgelocal/internal/environment	1.015s
ok  	forgelocal/internal/fingerprint	1.019s
ok  	forgelocal/internal/fonts	1.012s
ok  	forgelocal/internal/geolocation	1.014s
ok  	forgelocal/internal/groups	1.021s
ok  	forgelocal/internal/hardware	1.012s
ok  	forgelocal/internal/history	1.200s
?   	forgelocal/internal/humanize	[no test files]
ok  	forgelocal/internal/launch	3.767s
ok  	forgelocal/internal/localvault	1.090s
ok  	forgelocal/internal/mcp	1.036s
ok  	forgelocal/internal/productschema	1.885s
ok  	forgelocal/internal/profile	1.112s
ok  	forgelocal/internal/profilehealth	1.013s
ok  	forgelocal/internal/profilemigration	2.788s
ok  	forgelocal/internal/proxies	1.091s
ok  	forgelocal/internal/proxyprovider	1.013s
ok  	forgelocal/internal/runtime	1.256s
?   	forgelocal/internal/secrets	[no test files]
ok  	forgelocal/internal/sessiontrack	1.012s
ok  	forgelocal/internal/spike	3.362s
ok  	forgelocal/internal/templates	1.340s
ok  	forgelocal/internal/workflow	1.017s
exit_code=0
completed_utc=2026-08-24T21:51:57Z
check=go_test_race
free_after_kib=14882068
---
started_utc=2026-08-24T21:51:57Z
cwd=/home/ubuntu/forgelocal-postfix-fresh-20260824
head=e0c9352710eb3710eaf0ea5d71614f2731a7051c
command=go vet ./... 
--- raw_output ---
exit_code=0
completed_utc=2026-08-24T21:51:59Z
check=go_vet
free_after_kib=14869244
---
started_utc=2026-08-24T21:51:59Z
cwd=/home/ubuntu/forgelocal-postfix-fresh-20260824
head=e0c9352710eb3710eaf0ea5d71614f2731a7051c
command=go build ./... 
--- raw_output ---
exit_code=0
completed_utc=2026-08-24T21:52:00Z
check=go_build
free_after_kib=14865232
---
started_utc=2026-08-24T21:52:00Z
cwd=/home/ubuntu/forgelocal-postfix-fresh-20260824
head=e0c9352710eb3710eaf0ea5d71614f2731a7051c
command=bash -c staticcheck\ -f\ json\ ./...\ \>\ \"\$1\"\;\ exit\ \$\? bash /home/ubuntu/forgelocal-postfix-final-check-20260824/POSTFIX_STATICCHECK.jsonl 
--- raw_output ---
exit_code=1
completed_utc=2026-08-24T21:52:03Z
check=staticcheck
free_after_kib=14832392
---
started_utc=2026-08-24T21:52:03Z
cwd=/home/ubuntu/forgelocal-postfix-fresh-20260824
head=e0c9352710eb3710eaf0ea5d71614f2731a7051c
command=bash -c golangci-lint\ run\ --out-format\ json\ ./...\ \>\ \"\$1\"\;\ exit\ \$\? bash /home/ubuntu/forgelocal-postfix-final-check-20260824/POSTFIX_GOLANGCI.json 
--- raw_output ---
exit_code=1
completed_utc=2026-08-24T21:52:04Z
check=golangci_lint
free_after_kib=14830552
---
started_utc=2026-08-24T21:52:04Z
cwd=/home/ubuntu/forgelocal-postfix-fresh-20260824
head=e0c9352710eb3710eaf0ea5d71614f2731a7051c
command=govulncheck ./... 
--- raw_output ---
No vulnerabilities found.
exit_code=0
completed_utc=2026-08-24T21:52:31Z
check=govulncheck
free_after_kib=14830524
---
started_utc=2026-08-24T21:52:31Z
cwd=/home/ubuntu/forgelocal-postfix-fresh-20260824
head=e0c9352710eb3710eaf0ea5d71614f2731a7051c
command=osv-scanner scan source -r . 
--- raw_output ---
Scanning dir .
Neither CPE nor PURL found for package: &{IsUnpackaged:false PackageName:camoflox PackageSPDXIdentifier:Camoflox-Archive-Root PackageVersion:3.0.0 PackageFileName: PackageSupplier:<nil> PackageOriginator:<nil> PackageDownloadLocation:NOASSERTION FilesAnalyzed:false IsFilesAnalyzedTagPresent:true PackageVerificationCode:<nil> PackageChecksums:[] PackageHomePage: PackageSourceInfo: PackageLicenseConcluded:NOASSERTION PackageLicenseInfoFromFiles:[] PackageLicenseDeclared:NOASSERTION PackageLicenseComments: PackageCopyrightText: PackageSummary: PackageDescription: PackageComment: PackageExternalReferences:[0xc000453c80] PackageAttributionTexts:[] PrimaryPackagePurpose: ReleaseDate: BuiltDate: ValidUntilDate: Files:[] Annotations:[] hasFiles:[]}
Neither CPE nor PURL found for package: &{IsUnpackaged:false PackageName:@babel/code-frame PackageSPDXIdentifier:NPM-2c8152c2f849b2d09fad PackageVersion:7.29.7 PackageFileName: PackageSupplier:<nil> PackageOriginator:<nil> PackageDownloadLocation:https://registry.npmjs.org/@babel/code-frame/-/code-frame-7.29.7.tgz FilesAnalyzed:false IsFilesAnalyzedTagPresent:true PackageVerificationCode:<nil> PackageChecksums:[{Algorithm:SHA512 Value:Aup7aUOfpbAUg2ROOJN6Iw5f9DMBlzu0mIkm/malLQFN/YQgO48wCj0Kxa3sEHJvPVFg7siR+qRInwXd2qhQKw==}] PackageHomePage: PackageSourceInfo: PackageLicenseConcluded:NOASSERTION PackageLicenseInfoFromFiles:[] PackageLicenseDeclared:MIT PackageLicenseComments: PackageCopyrightText: PackageSummary: PackageDescription: PackageComment:development dependency PackageExternalReferences:[] PackageAttributionTexts:[] PrimaryPackagePurpose: ReleaseDate: BuiltDate: ValidUntilDate: Files:[] Annotations:[] hasFiles:[]}
Neither CPE nor PURL found for package: &{IsUnpackaged:false PackageName:@babel/compat-data PackageSPDXIdentifier:NPM-60db870160902caee3f3 PackageVersion:7.29.7 PackageFileName: PackageSupplier:<nil> PackageOriginator:<nil> PackageDownloadLocation:https://registry.npmjs.org/@babel/compat-data/-/compat-data-7.29.7.tgz FilesAnalyzed:false IsFilesAnalyzedTagPresent:true PackageVerificationCode:<nil> PackageChecksums:[{Algorithm:SHA512 Value:locTkQyKvwIEgBzVrn8693ebc97F2U8ZHjbXwDXJ5Fn2TCpNwTlKcaKLkdHop5c/icOFE7qt7Q9JC5hnKNa6Gg==}] PackageHomePage: PackageSourceInfo: PackageLicenseConcluded:NOASSERTION PackageLicenseInfoFromFiles:[] PackageLicenseDeclared:MIT PackageLicenseComments: PackageCopyrightText: PackageSummary: PackageDescription: PackageComment:development dependency PackageExternalReferences:[] PackageAttributionTexts:[] PrimaryPackagePurpose: ReleaseDate: BuiltDate: ValidUntilDate: Files:[] Annotations:[] hasFiles:[]}
Neither CPE nor PURL found for package: &{IsUnpackaged:false PackageName:@babel/core PackageSPDXIdentifier:NPM-46a08ec2c1b0660a3d8c PackageVersion:7.29.7 PackageFileName: PackageSupplier:<nil> PackageOriginator:<nil> PackageDownloadLocation:https://registry.npmjs.org/@babel/core/-/core-7.29.7.tgz FilesAnalyzed:false IsFilesAnalyzedTagPresent:true PackageVerificationCode:<nil> PackageChecksums:[{Algorithm:SHA512 Value:RgHBCvtjbOK2gXSNBNIkNoEc9qoVEtau3hj8gEqKQuL3HZAibKarWFEI3Lfm6EYKkLalOh8eSrj9b+ch9H/VBA==}] PackageHomePage: PackageSourceInfo: PackageLicenseConcluded:NOASSERTION PackageLicenseInfoFromFiles:[] PackageLicenseDeclared:MIT PackageLicenseComments: PackageCopyrightText: PackageSummary: PackageDescription: PackageComment:development dependency PackageExternalReferences:[] PackageAttributionTexts:[] PrimaryPackagePurpose: ReleaseDate: BuiltDate: ValidUntilDate: Files:[] Annotations:[] hasFiles:[]}
Neither CPE nor PURL found for package: &{IsUnpackaged:false PackageName:@babel/generator PackageSPDXIdentifier:NPM-f0cf0b26298603aa1d24 PackageVersion:7.29.7 PackageFileName: PackageSupplier:<nil> PackageOriginator:<nil> PackageDownloadLocation:https://registry.npmjs.org/@babel/generator/-/generator-7.29.7.tgz FilesAnalyzed:false IsFilesAnalyzedTagPresent:true PackageVerificationCode:<nil> PackageChecksums:[{Algorithm:SHA512 Value:DkXD5OJQaAQIdZ1bt3UZdEnHAn9Imd3IVBdX03UFe+ony9Ojw5pzr9YVKGDY1jt+Gcn/FnGkNf8r+Vj5NOJWtQ==}] PackageHomePage: PackageSourceInfo: PackageLicenseConcluded:NOASSERTION PackageLicenseInfoFromFiles:[] PackageLicenseDeclared:MIT PackageLicenseComments: PackageCopyrightText: PackageSummary: PackageDescription: PackageComment:development dependency PackageExternalReferences:[] PackageAttributionTexts:[] PrimaryPackagePurpose: ReleaseDate: BuiltDate: ValidUntilDate: Files:[] Annotations:[] hasFiles:[]}
Neither CPE nor PURL found for package: &{IsUnpackaged:false PackageName:@babel/helper-compilation-targets PackageSPDXIdentifier:NPM-9a58c5bae0546a5dddd0 PackageVersion:7.29.7 PackageFileName: PackageSupplier:<nil> PackageOriginator:<nil> PackageDownloadLocation:https://registry.npmjs.org/@babel/helper-compilation-targets/-/helper-compilation-targets-7.29.7.tgz FilesAnalyzed:false IsFilesAnalyzedTagPresent:true PackageVerificationCode:<nil> PackageChecksums:[{Algorithm:SHA512 Value:wem6WaBj4NaVYVdNhLPPVacES6ZJ+KBBfSkTMD3YZxbP3rm3Di85tJU5ljaUNhaOynt+Aj0xruhYuzQBt8n71g==}] PackageHomePage: PackageSourceInfo: PackageLicenseConcluded:NOASSERTION PackageLicenseInfoFromFiles:[] PackageLicenseDeclared:MIT PackageLicenseComments: PackageCopyrightText: PackageSummary: PackageDescription: PackageComment:development dependency PackageExternalReferences:[] PackageAttributionTexts:[] PrimaryPackagePurpose: ReleaseDate: BuiltDate: ValidUntilDate: Files:[] Annotations:[] hasFiles:[]}
Neither CPE nor PURL found for package: &{IsUnpackaged:false PackageName:@babel/helper-compilation-targets/node_modules/lru-cache PackageSPDXIdentifier:NPM-610ae641ed3cd8aa8b34 PackageVersion:5.1.1 PackageFileName: PackageSupplier:<nil> PackageOriginator:<nil> PackageDownloadLocation:https://registry.npmjs.org/lru-cache/-/lru-cache-5.1.1.tgz FilesAnalyzed:false IsFilesAnalyzedTagPresent:true PackageVerificationCode:<nil> PackageChecksums:[{Algorithm:SHA512 Value:KpNARQA3Iwv+jTA0utUVVbrh+Jlrr1Fv0e56GGzAFOXN7dk/FviaDW8LHmK52DlcH4WP2n6gI8vN1aesBFgo9w==}] PackageHomePage: PackageSourceInfo: PackageLicenseConcluded:NOASSERTION PackageLicenseInfoFromFiles:[] PackageLicenseDeclared:ISC PackageLicenseComments: PackageCopyrightText: PackageSummary: PackageDescription: PackageComment:development dependency PackageExternalReferences:[] PackageAttributionTexts:[] PrimaryPackagePurpose: ReleaseDate: BuiltDate: ValidUntilDate: Files:[] Annotations:[] hasFiles:[]}
Neither CPE nor PURL found for package: &{IsUnpackaged:false PackageName:@babel/helper-compilation-targets/node_modules/yallist PackageSPDXIdentifier:NPM-bf50072eeb13232332b5 PackageVersion:3.1.1 PackageFileName: PackageSupplier:<nil> PackageOriginator:<nil> PackageDownloadLocation:https://registry.npmjs.org/yallist/-/yallist-3.1.1.tgz FilesAnalyzed:false IsFilesAnalyzedTagPresent:true PackageVerificationCode:<nil> PackageChecksums:[{Algorithm:SHA512 Value:a4UGQaWPH59mOXUYnAG2ewncQS4i4F43Tv3JoAM+s2VDAmS9NsK8GpDMLrCHPksFT7h3K6TOoUNn2pb7RoXx4g==}] PackageHomePage: PackageSourceInfo: PackageLicenseConcluded:NOASSERTION PackageLicenseInfoFromFiles:[] PackageLicenseDeclared:ISC PackageLicenseComments: PackageCopyrightText: PackageSummary: PackageDescription: PackageComment:development dependency PackageExternalReferences:[] PackageAttributionTexts:[] PrimaryPackagePurpose: ReleaseDate: BuiltDate: ValidUntilDate: Files:[] Annotations:[] hasFiles:[]}
Neither CPE nor PURL found for package: &{IsUnpackaged:false PackageName:@babel/helper-globals PackageSPDXIdentifier:NPM-db34a35b3be924a7c540 PackageVersion:7.29.7 PackageFileName: PackageSupplier:<nil> PackageOriginator:<nil> PackageDownloadLocation:https://registry.npmjs.org/@babel/helper-globals/-/helper-globals-7.29.7.tgz FilesAnalyzed:false IsFilesAnalyzedTagPresent:true PackageVerificationCode:<nil> PackageChecksums:[{Algorithm:SHA512 Value:3nQVUAtvkKH9zahfWgw96Jc/uFOmjACE1kQz82E2lqWmHBgjzbNlsC22nuQTfahmWeQtTq5nQ/4Nnd2A1wj4zA==}] PackageHomePage: PackageSourceInfo: PackageLicenseConcluded:NOASSERTION PackageLicenseInfoFromFiles:[] PackageLicenseDeclared:MIT PackageLicenseComments: PackageCopyrightText: PackageSummary: PackageDescription: PackageComment:development dependency PackageExternalReferences:[] PackageAttributionTexts:[] PrimaryPackagePurpose: ReleaseDate: BuiltDate: ValidUntilDate: Files:[] Annotations:[] hasFiles:[]}
Neither CPE nor PURL found for package: &{IsUnpackaged:false PackageName:@babel/helper-module-imports PackageSPDXIdentifier:NPM-382f28c3d2c03477b32d PackageVersion:7.29.7 PackageFileName: PackageSupplier:<nil> PackageOriginator:<nil> PackageDownloadLocation:https://registry.npmjs.org/@babel/helper-module-imports/-/helper-module-imports-7.29.7.tgz FilesAnalyzed:false IsFilesAnalyzedTagPresent:true PackageVerificationCode:<nil> PackageChecksums:[{Algorithm:SHA512 Value:ejHwrQQYcm9xnTivShn2IDOlIzInN34AXskvq9QicvCtEzq1Vzclu/tKF8Jq1Cg8JG2GL6/EmjgsCT7lXepE3g==}] PackageHomePage: PackageSourceInfo: PackageLicenseConcluded:NOASSERTION PackageLicenseInfoFromFiles:[] PackageLicenseDeclared:MIT PackageLicenseComments: PackageCopyrightText: PackageSummary: PackageDescription: PackageComment:development dependency PackageExternalReferences:[] PackageAttributionTexts:[] PrimaryPackagePurpose: ReleaseDate: BuiltDate: ValidUntilDate: Files:[] Annotations:[] hasFiles:[]}
Neither CPE nor PURL found for package: &{IsUnpackaged:false PackageName:@babel/helper-module-transforms PackageSPDXIdentifier:NPM-f2782f850d57c5d97d5a PackageVersion:7.29.7 PackageFileName: PackageSupplier:<nil> PackageOriginator:<nil> PackageDownloadLocation:https://registry.npmjs.org/@babel/helper-module-transforms/-/helper-module-transforms-7.29.7.tgz FilesAnalyzed:false IsFilesAnalyzedTagPresent:true PackageVerificationCode:<nil> PackageChecksums:[{Algorithm:SHA512 Value:UPUVSyXbOh627KiCIGQSgwWzGeBKLkaJ9PJEdrngIwMSzxLR4jS4+f1f1jb7VzBbg8nFLaYotvVPFCTqdrmTAg==}] PackageHomePage: PackageSourceInfo: PackageLicenseConcluded:NOASSERTION PackageLicenseInfoFromFiles:[] PackageLicenseDeclared:MIT PackageLicenseComments: PackageCopyrightText: PackageSummary: PackageDescription: PackageComment:development dependency PackageExternalReferences:[] PackageAttributionTexts:[] PrimaryPackagePurpose: ReleaseDate: BuiltDate: ValidUntilDate: Files:[] Annotations:[] hasFiles:[]}
Neither CPE nor PURL found for package: &{IsUnpackaged:false PackageName:@babel/helper-plugin-utils PackageSPDXIdentifier:NPM-5b5521637d6135fa482a PackageVersion:7.29.7 PackageFileName: PackageSupplier:<nil> PackageOriginator:<nil> PackageDownloadLocation:https://registry.npmjs.org/@babel/helper-plugin-utils/-/helper-plugin-utils-7.29.7.tgz FilesAnalyzed:false IsFilesAnalyzedTagPresent:true PackageVerificationCode:<nil> PackageChecksums:[{Algorithm:SHA512 Value:G7sHYigPY17oO5SYWnfD/0MTBwVR781S/JI643e/JhUYgVgWE/61SoW3NH9KWUKyKq5LVh3npif99Wkt6j86Jw==}] PackageHomePage: PackageSourceInfo: PackageLicenseConcluded:NOASSERTION PackageLicenseInfoFromFiles:[] PackageLicenseDeclared:MIT PackageLicenseComments: PackageCopyrightText: PackageSummary: PackageDescription: PackageComment:development dependency PackageExternalReferences:[] PackageAttributionTexts:[] PrimaryPackagePurpose: ReleaseDate: BuiltDate: ValidUntilDate: Files:[] Annotations:[] hasFiles:[]}
Neither CPE nor PURL found for package: &{IsUnpackaged:false PackageName:@babel/helper-string-parser PackageSPDXIdentifier:NPM-04c944deddaf678e2d99 PackageVersion:7.29.7 PackageFileName: PackageSupplier:<nil> PackageOriginator:<nil> PackageDownloadLocation:https://registry.npmjs.org/@babel/helper-string-parser/-/helper-string-parser-7.29.7.tgz FilesAnalyzed:false IsFilesAnalyzedTagPresent:true PackageVerificationCode:<nil> PackageChecksums:[{Algorithm:SHA512 Value:Pb5ijPrZ89GDH8223L4UP8i6QApWxs04RbPQJTeWDV0/keR2E36MeKnyr6LYmUUvqRRI+Iv87SuF1W6ErINzYw==}] PackageHomePage: PackageSourceInfo: PackageLicenseConcluded:NOASSERTION PackageLicenseInfoFromFiles:[] PackageLicenseDeclared:MIT PackageLicenseComments: PackageCopyrightText: PackageSummary: PackageDescription: PackageComment:development dependency PackageExternalReferences:[] PackageAttributionTexts:[] PrimaryPackagePurpose: ReleaseDate: BuiltDate: ValidUntilDate: Files:[] Annotations:[] hasFiles:[]}
Neither CPE nor PURL found for package: &{IsUnpackaged:false PackageName:@babel/helper-validator-identifier PackageSPDXIdentifier:NPM-00b659115b7ee63691d6 PackageVersion:7.29.7 PackageFileName: PackageSupplier:<nil> PackageOriginator:<nil> PackageDownloadLocation:https://registry.npmjs.org/@babel/helper-validator-identifier/-/helper-validator-identifier-7.29.7.tgz FilesAnalyzed:false IsFilesAnalyzedTagPresent:true PackageVerificationCode:<nil> PackageChecksums:[{Algorithm:SHA512 Value:qehxGkRj55h/ff8EMaJ+cYhyaKlHIxqYDn682wQD7RNp9UujOQsHog2uS0r2vzr4pW+sXf90NeeayjcNaX3fFg==}] PackageHomePage: PackageSourceInfo: PackageLicenseConcluded:NOASSERTION PackageLicenseInfoFromFiles:[] PackageLicenseDeclared:MIT PackageLicenseComments: PackageCopyrightText: PackageSummary: PackageDescription: PackageComment:development dependency PackageExternalReferences:[] PackageAttributionTexts:[] PrimaryPackagePurpose: ReleaseDate: BuiltDate: ValidUntilDate: Files:[] Annotations:[] hasFiles:[]}
Neither CPE nor PURL found for package: &{IsUnpackaged:false PackageName:@babel/helper-validator-option PackageSPDXIdentifier:NPM-da8328c677507e6d88dc PackageVersion:7.29.7 PackageFileName: PackageSupplier:<nil> PackageOriginator:<nil> PackageDownloadLocation:https://registry.npmjs.org/@babel/helper-validator-option/-/helper-validator-option-7.29.7.tgz FilesAnalyzed:false IsFilesAnalyzedTagPresent:true PackageVerificationCode:<nil> PackageChecksums:[{Algorithm:SHA512 Value:N9ZErrD+yW5geCDtBqnOoxmR8+tNKiGuxKlDpuJxfsqpa2dFcexaziGAE/qoHLiDDreVNMupxGmSoNlyvsA3gw==}] PackageHomePage: PackageSourceInfo: PackageLicenseConcluded:NOASSERTION PackageLicenseInfoFromFiles:[] PackageLicenseDeclared:MIT PackageLicenseComments: PackageCopyrightText: PackageSummary: PackageDescription: PackageComment:development dependency PackageExternalReferences:[] PackageAttributionTexts:[] PrimaryPackagePurpose: ReleaseDate: BuiltDate: ValidUntilDate: Files:[] Annotations:[] hasFiles:[]}
Neither CPE nor PURL found for package: &{IsUnpackaged:false PackageName:@babel/helpers PackageSPDXIdentifier:NPM-831345a8ec21c5813ee0 PackageVersion:7.29.7 PackageFileName: PackageSupplier:<nil> PackageOriginator:<nil> PackageDownloadLocation:https://registry.npmjs.org/@babel/helpers/-/helpers-7.29.7.tgz FilesAnalyzed:false IsFilesAnalyzedTagPresent:true PackageVerificationCode:<nil> PackageChecksums:[{Algorithm:SHA512 Value:1k2lAGRMfHTcwuNYcCNUmaUffmQv8KWMfh2iJUUeRlwlwH4FdNG7mfPI10NPfLHJFThE4Tyr4mv7kTNZOiPuBg==}] PackageHomePage: PackageSourceInfo: PackageLicenseConcluded:NOASSERTION PackageLicenseInfoFromFiles:[] PackageLicenseDeclared:MIT PackageLicenseComments: PackageCopyrightText: PackageSummary: PackageDescription: PackageComment:development dependency PackageExternalReferences:[] PackageAttributionTexts:[] PrimaryPackagePurpose: ReleaseDate: BuiltDate: ValidUntilDate: Files:[] Annotations:[] hasFiles:[]}
Neither CPE nor PURL found for package: &{IsUnpackaged:false PackageName:@babel/parser PackageSPDXIdentifier:NPM-84e4626a18b7bff3d56d PackageVersion:7.29.7 PackageFileName: PackageSupplier:<nil> PackageOriginator:<nil> PackageDownloadLocation:https://registry.npmjs.org/@babel/parser/-/parser-7.29.7.tgz FilesAnalyzed:false IsFilesAnalyzedTagPresent:true PackageVerificationCode:<nil> PackageChecksums:[{Algorithm:SHA512 Value:hnORnjP/1P/zFEndoeX+n+t1RwWRJiJpM/jO7FW32Kn9r5+sJB2JWOdYo4L6k78j15eCwY3Gm/7364B1EMwtNg==}] PackageHomePage: PackageSourceInfo: PackageLicenseConcluded:NOASSERTION PackageLicenseInfoFromFiles:[] PackageLicenseDeclared:MIT PackageLicenseComments: PackageCopyrightText: PackageSummary: PackageDescription: PackageComment:development dependency PackageExternalReferences:[] PackageAttributionTexts:[] PrimaryPackagePurpose: ReleaseDate: BuiltDate: ValidUntilDate: Files:[] Annotations:[] hasFiles:[]}
Neither CPE nor PURL found for package: &{IsUnpackaged:false PackageName:@babel/plugin-syntax-async-generators PackageSPDXIdentifier:NPM-2f3a4eb649ec58f24a01 PackageVersion:7.8.4 PackageFileName: PackageSupplier:<nil> PackageOriginator:<nil> PackageDownloadLocation:https://registry.npmjs.org/@babel/plugin-syntax-async-generators/-/plugin-syntax-async-generators-7.8.4.tgz FilesAnalyzed:false IsFilesAnalyzedTagPresent:true PackageVerificationCode:<nil> PackageChecksums:[{Algorithm:SHA512 Value:tycmZxkGfZaxhMRbXlPXuVFpdWlXpir2W4AMhSJgRKzk/eDlIXOhb2LHWoLpDF7TEHylV5zNhykX6KAgHJmTNw==}] PackageHomePage: PackageSourceInfo: PackageLicenseConcluded:NOASSERTION PackageLicenseInfoFromFiles:[] PackageLicenseDeclared:MIT PackageLicenseComments: PackageCopyrightText: PackageSummary: PackageDescription: PackageComment:development dependency PackageExternalReferences:[] PackageAttributionTexts:[] PrimaryPackagePurpose: ReleaseDate: BuiltDate: ValidUntilDate: Files:[] Annotations:[] hasFiles:[]}
Neither CPE nor PURL found for package: &{IsUnpackaged:false PackageName:@babel/plugin-syntax-bigint PackageSPDXIdentifier:NPM-a5130a70b414d2753e90 PackageVersion:7.8.3 PackageFileName: PackageSupplier:<nil> PackageOriginator:<nil> PackageDownloadLocation:https://registry.npmjs.org/@babel/plugin-syntax-bigint/-/plugin-syntax-bigint-7.8.3.tgz FilesAnalyzed:false IsFilesAnalyzedTagPresent:true PackageVerificationCode:<nil> PackageChecksums:[{Algorithm:SHA512 Value:wnTnFlG+YxQm3vDxpGE57Pj0srRU4sHE/mDkt1qv2YJJSeUAec2ma4WLUnUPeKjyrfntVwe/N6dCXpU+zL3Npg==}] PackageHomePage: PackageSourceInfo: PackageLicenseConcluded:NOASSERTION PackageLicenseInfoFromFiles:[] PackageLicenseDeclared:MIT PackageLicenseComments: PackageCopyrightText: PackageSummary: PackageDescription: PackageComment:development dependency PackageExternalReferences:[] PackageAttributionTexts:[] PrimaryPackagePurpose: ReleaseDate: BuiltDate: ValidUntilDate: Files:[] Annotations:[] hasFiles:[]}
Neither CPE nor PURL found for package: &{IsUnpackaged:false PackageName:@babel/plugin-syntax-class-properties PackageSPDXIdentifier:NPM-e9a753ae01dd4110cafd PackageVersion:7.12.13 PackageFileName: PackageSupplier:<nil> PackageOriginator:<nil> PackageDownloadLocation:https://registry.npmjs.org/@babel/plugin-syntax-class-properties/-/plugin-syntax-class-properties-7.12.13.tgz FilesAnalyzed:false IsFilesAnalyzedTagPresent:true PackageVerificationCode:<nil> PackageChecksums:[{Algorithm:SHA512 Value:fm4idjKla0YahUNgFNLCB0qySdsoPiZP3iQE3rky0mBUtMZ23yDJ9SJdg6dXTSDnulOVqiF3Hgr9nbXvXTQZYA==}] PackageHomePage: PackageSourceInfo: PackageLicenseConcluded:NOASSERTION PackageLicenseInfoFromFiles:[] PackageLicenseDeclared:MIT PackageLicenseComments: PackageCopyrightText: PackageSummary: PackageDescription: PackageComment:development dependency PackageExternalReferences:[] PackageAttributionTexts:[] PrimaryPackagePurpose: ReleaseDate: BuiltDate: ValidUntilDate: Files:[] Annotations:[] hasFiles:[]}
Neither CPE nor PURL found for package: &{IsUnpackaged:false PackageName:@babel/plugin-syntax-class-static-block PackageSPDXIdentifier:NPM-cdd8463fdb741aa826ee PackageVersion:7.14.5 PackageFileName: PackageSupplier:<nil> PackageOriginator:<nil> PackageDownloadLocation:https://registry.npmjs.org/@babel/plugin-syntax-class-static-block/-/plugin-syntax-class-static-block-7.14.5.tgz FilesAnalyzed:false IsFilesAnalyzedTagPresent:true PackageVerificationCode:<nil> PackageChecksums:[{Algorithm:SHA512 Value:b+YyPmr6ldyNnM6sqYeMWE+bgJcJpO6yS4QD7ymxgH34GBPNDM/THBh8iunyvKIZztiwLH4CJZ0RxTk9emgpjw==}] PackageHomePage: PackageSourceInfo: PackageLicenseConcluded:NOASSERTION PackageLicenseInfoFromFiles:[] PackageLicenseDeclared:MIT PackageLicenseComments: PackageCopyrightText: PackageSummary: PackageDescription: PackageComment:development dependency PackageExternalReferences:[] PackageAttributionTexts:[] PrimaryPackagePurpose: ReleaseDate: BuiltDate: ValidUntilDate: Files:[] Annotations:[] hasFiles:[]}
Neither CPE nor PURL found for package: &{IsUnpackaged:false PackageName:@babel/plugin-syntax-import-attributes PackageSPDXIdentifier:NPM-05d5efc8f05aada3fc78 PackageVersion:7.29.7 PackageFileName: PackageSupplier:<nil> PackageOriginator:<nil> PackageDownloadLocation:https://registry.npmjs.org/@babel/plugin-syntax-import-attributes/-/plugin-syntax-import-attributes-7.29.7.tgz FilesAnalyzed:false IsFilesAnalyzedTagPresent:true PackageVerificationCode:<nil> PackageChecksums:[{Algorithm:SHA512 Value:zGYcYfq/WmZ4V+kBIXQon9dSSc8ircGZqw9ZaNhhGj9nZkeBu1jHLBDQqYYi5WA9uawvA2sIMbry2nCFhf5Djg==}] PackageHomePage: PackageSourceInfo: PackageLicenseConcluded:NOASSERTION PackageLicenseInfoFromFiles:[] PackageLicenseDeclared:MIT PackageLicenseComments: PackageCopyrightText: PackageSummary: PackageDescription: PackageComment:development dependency PackageExternalReferences:[] PackageAttributionTexts:[] PrimaryPackagePurpose: ReleaseDate: BuiltDate: ValidUntilDate: Files:[] Annotations:[] hasFiles:[]}
Neither CPE nor PURL found for package: &{IsUnpackaged:false PackageName:@babel/plugin-syntax-import-meta PackageSPDXIdentifier:NPM-2cff92cb11a692cbc4ce PackageVersion:7.10.4 PackageFileName: PackageSupplier:<nil> PackageOriginator:<nil> PackageDownloadLocation:https://registry.npmjs.org/@babel/plugin-syntax-import-meta/-/plugin-syntax-import-meta-7.10.4.tgz FilesAnalyzed:false IsFilesAnalyzedTagPresent:true PackageVerificationCode:<nil> PackageChecksums:[{Algorithm:SHA512 Value:Yqfm+XDx0+Prh3VSeEQCPU81yC+JWZ2pDPFSS4ZdpfZhp4MkFMaDC1UqseovEKwSUpnIL7+vK+Clp7bfh0iD7g==}] PackageHomePage: PackageSourceInfo: PackageLicenseConcluded:NOASSERTION PackageLicenseInfoFromFiles:[] PackageLicenseDeclared:MIT PackageLicenseComments: PackageCopyrightText: PackageSummary: PackageDescription: PackageComment:development dependency PackageExternalReferences:[] PackageAttributionTexts:[] PrimaryPackagePurpose: ReleaseDate: BuiltDate: ValidUntilDate: Files:[] Annotations:[] hasFiles:[]}
Neither CPE nor PURL found for package: &{IsUnpackaged:false PackageName:@babel/plugin-syntax-json-strings PackageSPDXIdentifier:NPM-36d4231c0f136853a31f PackageVersion:7.8.3 PackageFileName: PackageSupplier:<nil> PackageOriginator:<nil> PackageDownloadLocation:https://registry.npmjs.org/@babel/plugin-syntax-json-strings/-/plugin-syntax-json-strings-7.8.3.tgz FilesAnalyzed:false IsFilesAnalyzedTagPresent:true PackageVerificationCode:<nil> PackageChecksums:[{Algorithm:SHA512 Value:lY6kdGpWHvjoe2vk4WrAapEuBR69EMxZl+RoGRhrFGNYVK8mOPAW8VfbT/ZgrFbXlDNiiaxQnAtgVCZ6jv30EA==}] PackageHomePage: PackageSourceInfo: PackageLicenseConcluded:NOASSERTION PackageLicenseInfoFromFiles:[] PackageLicenseDeclared:MIT PackageLicenseComments: PackageCopyrightText: PackageSummary: PackageDescription: PackageComment:development dependency PackageExternalReferences:[] PackageAttributionTexts:[] PrimaryPackagePurpose: ReleaseDate: BuiltDate: ValidUntilDate: Files:[] Annotations:[] hasFiles:[]}
Neither CPE nor PURL found for package: &{IsUnpackaged:false PackageName:@babel/plugin-syntax-jsx PackageSPDXIdentifier:NPM-dcb27c1da835833ca2b0 PackageVersion:7.29.7 PackageFileName: PackageSupplier:<nil> PackageOriginator:<nil> PackageDownloadLocation:https://registry.npmjs.org/@babel/plugin-syntax-jsx/-/plugin-syntax-jsx-7.29.7.tgz FilesAnalyzed:false IsFilesAnalyzedTagPresent:true PackageVerificationCode:<nil> PackageChecksums:[{Algorithm:SHA512 Value:TSu8+mHCoEaaCDEZ0I3+6mvTBYR4PCxQwf2z9/r5Tbztv6NaLR3B9thGTTxX2WGuGHJqRiAbKPeGTJ5XWXVg6A==}] PackageHomePage: PackageSourceInfo: PackageLicenseConcluded:NOASSERTION PackageLicenseInfoFromFiles:[] PackageLicenseDeclared:MIT PackageLicenseComments: PackageCopyrightText: PackageSummary: PackageDescription: PackageComment:development dependency PackageExternalReferences:[] PackageAttributionTexts:[] PrimaryPackagePurpose: ReleaseDate: BuiltDate: ValidUntilDate: Files:[] Annotations:[] hasFiles:[]}
Neither CPE nor PURL found for package: &{IsUnpackaged:false PackageName:@babel/plugin-syntax-logical-assignment-operators PackageSPDXIdentifier:NPM-4ded0c7279f93f6a7263 PackageVersion:7.10.4 PackageFileName: PackageSupplier:<nil> PackageOriginator:<nil> PackageDownloadLocation:https://registry.npmjs.org/@babel/plugin-syntax-logical-assignment-operators/-/plugin-syntax-logical-assignment-operators-7.10.4.tgz FilesAnalyzed:false IsFilesAnalyzedTagPresent:true PackageVerificationCode:<nil> PackageChecksums:[{Algorithm:SHA512 Value:d8waShlpFDinQ5MtvGU9xDAOzKH47+FFoney2baFIoMr952hKOLp1HR7VszoZvOsV/4+RRszNY7D17ba0te0ig==}] PackageHomePage: PackageSourceInfo: PackageLicenseConcluded:NOASSERTION PackageLicenseInfoFromFiles:[] PackageLicenseDeclared:MIT PackageLicenseComments: PackageCopyrightText: PackageSummary: PackageDescription: PackageComment:development dependency PackageExternalReferences:[] PackageAttributionTexts:[] PrimaryPackagePurpose: ReleaseDate: BuiltDate: ValidUntilDate: Files:[] Annotations:[] hasFiles:[]}
Neither CPE nor PURL found for package: &{IsUnpackaged:false PackageName:@babel/plugin-syntax-nullish-coalescing-operator PackageSPDXIdentifier:NPM-e3b8f561d4bc12f31e02 PackageVersion:7.8.3 PackageFileName: PackageSupplier:<nil> PackageOriginator:<nil> PackageDownloadLocation:https://registry.npmjs.org/@babel/plugin-syntax-nullish-coalescing-operator/-/plugin-syntax-nullish-coalescing-operator-7.8.3.tgz FilesAnalyzed:false IsFilesAnalyzedTagPresent:true PackageVerificationCode:<nil> PackageChecksums:[{Algorithm:SHA512 Value:aSff4zPII1u2QD7y+F8oDsz19ew4IGEJg9SVW+bqwpwtfFleiQDMdzA/R+UlWDzfnHFCxxleFT0PMIrR36XLNQ==}] PackageHomePage: PackageSourceInfo: PackageLicenseConcluded:NOASSERTION PackageLicenseInfoFromFiles:[] PackageLicenseDeclared:MIT PackageLicenseComments: PackageCopyrightText: PackageSummary: PackageDescription: PackageComment:development dependency PackageExternalReferences:[] PackageAttributionTexts:[] PrimaryPackagePurpose: ReleaseDate: BuiltDate: ValidUntilDate: Files:[] Annotations:[] hasFiles:[]}
Neither CPE nor PURL found for package: &{IsUnpackaged:false PackageName:@babel/plugin-syntax-numeric-separator PackageSPDXIdentifier:NPM-06478e286e1dba137cec PackageVersion:7.10.4 PackageFileName: PackageSupplier:<nil> PackageOriginator:<nil> PackageDownloadLocation:https://registry.npmjs.org/@babel/plugin-syntax-numeric-separator/-/plugin-syntax-numeric-separator-7.10.4.tgz FilesAnalyzed:false IsFilesAnalyzedTagPresent:true PackageVerificationCode:<nil> PackageChecksums:[{Algorithm:SHA512 Value:9H6YdfkcK/uOnY/K7/aA2xpzaAgkQn37yzWUMRK7OaPOqOpGS1+n0H5hxT9AUw9EsSjPW8SVyMJwYRtWs3X3ug==}] PackageHomePage: PackageSourceInfo: PackageLicenseConcluded:NOASSERTION PackageLicenseInfoFromFiles:[] PackageLicenseDeclared:MIT PackageLicenseComments: PackageCopyrightText: PackageSummary: PackageDescription: PackageComment:development dependency PackageExternalReferences:[] PackageAttributionTexts:[] PrimaryPackagePurpose: ReleaseDate: BuiltDate: ValidUntilDate: Files:[] Annotations:[] hasFiles:[]}
Neither CPE nor PURL found for package: &{IsUnpackaged:false PackageName:@babel/plugin-syntax-object-rest-spread PackageSPDXIdentifier:NPM-acadd53dec6e8fbc702b PackageVersion:7.8.3 PackageFileName: PackageSupplier:<nil> PackageOriginator:<nil> PackageDownloadLocation:https://registry.npmjs.org/@babel/plugin-syntax-object-rest-spread/-/plugin-syntax-object-rest-spread-7.8.3.tgz FilesAnalyzed:false IsFilesAnalyzedTagPresent:true PackageVerificationCode:<nil> PackageChecksums:[{Algorithm:SHA512 Value:XoqMijGZb9y3y2XskN+P1wUGiVwWZ5JmoDRwx5+3GmEplNyVM2s2Dg8ILFQm8rWM48orGy5YpI5Bl8U1y7ydlA==}] PackageHomePage: PackageSourceInfo: PackageLicenseConcluded:NOASSERTION PackageLicenseInfoFromFiles:[] PackageLicenseDeclared:MIT PackageLicenseComments: PackageCopyrightText: PackageSummary: PackageDescription: PackageComment:development dependency PackageExternalReferences:[] PackageAttributionTexts:[] PrimaryPackagePurpose: ReleaseDate: BuiltDate: ValidUntilDate: Files:[] Annotations:[] hasFiles:[]}
Neither CPE nor PURL found for package: &{IsUnpackaged:false PackageName:@babel/plugin-syntax-optional-catch-binding PackageSPDXIdentifier:NPM-66587555f267f8f241f6 PackageVersion:7.8.3 PackageFileName: PackageSupplier:<nil> PackageOriginator:<nil> PackageDownloadLocation:https://registry.npmjs.org/@babel/plugin-syntax-optional-catch-binding/-/plugin-syntax-optional-catch-binding-7.8.3.tgz FilesAnalyzed:false IsFilesAnalyzedTagPresent:true PackageVerificationCode:<nil> PackageChecksums:[{Algorithm:SHA512 Value:6VPD0Pc1lpTqw0aKoeRTMiB+kWhAoT24PA+ksWSBrFtl5SIRVpZlwN3NNPQjehA2E/91FV3RjLWoVTglWcSV3Q==}] PackageHomePage: PackageSourceInfo: PackageLicenseConcluded:NOASSERTION PackageLicenseInfoFromFiles:[] PackageLicenseDeclared:MIT PackageLicenseComments: PackageCopyrightText: PackageSummary: PackageDescription: PackageComment:development dependency PackageExternalReferences:[] PackageAttributionTexts:[] PrimaryPackagePurpose: ReleaseDate: BuiltDate: ValidUntilDate: Files:[] Annotations:[] hasFiles:[]}
Neither CPE nor PURL found for package: &{IsUnpackaged:false PackageName:@babel/plugin-syntax-optional-chaining PackageSPDXIdentifier:NPM-2b15c3f30e0de544ba34 PackageVersion:7.8.3 PackageFileName: PackageSupplier:<nil> PackageOriginator:<nil> PackageDownloadLocation:https://registry.npmjs.org/@babel/plugin-syntax-optional-chaining/-/plugin-syntax-optional-chaining-7.8.3.tgz FilesAnalyzed:false IsFilesAnalyzedTagPresent:true PackageVerificationCode:<nil> PackageChecksums:[{Algorithm:SHA512 Value:KoK9ErH1MBlCPxV0VANkXW2/dw4vlbGDrFgz8bmUsBGYkFRcbRwMh6cIJubdPrkxRwuGdtCk0v/wPTKbQgBjkg==}] PackageHomePage: PackageSourceInfo: PackageLicenseConcluded:NOASSERTION PackageLicenseInfoFromFiles:[] PackageLicenseDeclared:MIT PackageLicenseComments: PackageCopyrightText: PackageSummary: PackageDescription: PackageComment:development dependency PackageExternalReferences:[] PackageAttributionTexts:[] PrimaryPackagePurpose: ReleaseDate: BuiltDate: ValidUntilDate: Files:[] Annotations:[] hasFiles:[]}
Neither CPE nor PURL found for package: &{IsUnpackaged:false PackageName:@babel/plugin-syntax-private-property-in-object PackageSPDXIdentifier:NPM-a2f0cbdd2ddc58c04527 PackageVersion:7.14.5 PackageFileName: PackageSupplier:<nil> PackageOriginator:<nil> PackageDownloadLocation:https://registry.npmjs.org/@babel/plugin-syntax-private-property-in-object/-/plugin-syntax-private-property-in-object-7.14.5.tgz FilesAnalyzed:false IsFilesAnalyzedTagPresent:true PackageVerificationCode:<nil> PackageChecksums:[{Algorithm:SHA512 Value:0wVnp9dxJ72ZUJDV27ZfbSj6iHLoytYZmh3rFcxNnvsJF3ktkzLDZPy/mA17HGsaQT3/DQsWYX1f1QGWkCoVUg==}] PackageHomePage: PackageSourceInfo: PackageLicenseConcluded:NOASSERTION PackageLicenseInfoFromFiles:[] PackageLicenseDeclared:MIT PackageLicenseComments: PackageCopyrightText: PackageSummary: PackageDescription: PackageComment:development dependency PackageExternalReferences:[] PackageAttributionTexts:[] PrimaryPackagePurpose: ReleaseDate: BuiltDate: ValidUntilDate: Files:[] Annotations:[] hasFiles:[]}
Neither CPE nor PURL found for package: &{IsUnpackaged:false PackageName:@babel/plugin-syntax-top-level-await PackageSPDXIdentifier:NPM-e5bca607bb72abfb7ae8 PackageVersion:7.14.5 PackageFileName: PackageSupplier:<nil> PackageOriginator:<nil> PackageDownloadLocation:https://registry.npmjs.org/@babel/plugin-syntax-top-level-await/-/plugin-syntax-top-level-await-7.14.5.tgz FilesAnalyzed:false IsFilesAnalyzedTagPresent:true PackageVerificationCode:<nil> PackageChecksums:[{Algorithm:SHA512 Value:hx++upLv5U1rgYfwe1xBQUhRmU41NEvpUvrp8jkrSCdvGSnM5/qdRMtylJ6PG5OFkBaHkbTAKTnd3/YyESRHFw==}] PackageHomePage: PackageSourceInfo: PackageLicenseConcluded:NOASSERTION PackageLicenseInfoFromFiles:[] PackageLicenseDeclared:MIT PackageLicenseComments: PackageCopyrightText: PackageSummary: PackageDescription: PackageComment:development dependency PackageExternalReferences:[] PackageAttributionTexts:[] PrimaryPackagePurpose: ReleaseDate: BuiltDate: ValidUntilDate: Files:[] Annotations:[] hasFiles:[]}
Neither CPE nor PURL found for package: &{IsUnpackaged:false PackageName:@babel/plugin-syntax-typescript PackageSPDXIdentifier:NPM-e8e0c59fee8e38bddb5b PackageVersion:7.29.7 PackageFileName: PackageSupplier:<nil> PackageOriginator:<nil> PackageDownloadLocation:https://registry.npmjs.org/@babel/plugin-syntax-typescript/-/plugin-syntax-typescript-7.29.7.tgz FilesAnalyzed:false IsFilesAnalyzedTagPresent:true PackageVerificationCode:<nil> PackageChecksums:[{Algorithm:SHA512 Value:ngr+82Sh0xMz25TPCZi+nC2iTzjfCdWS2ONXTp/PtSCHCgaCNBpdMqgvJ2ccdLlClVZ7sisIgB914j/JFe+RZA==}] PackageHomePage: PackageSourceInfo: PackageLicenseConcluded:NOASSERTION PackageLicenseInfoFromFiles:[] PackageLicenseDeclared:MIT PackageLicenseComments: PackageCopyrightText: PackageSummary: PackageDescription: PackageComment:development dependency PackageExternalReferences:[] PackageAttributionTexts:[] PrimaryPackagePurpose: ReleaseDate: BuiltDate: ValidUntilDate: Files:[] Annotations:[] hasFiles:[]}
Neither CPE nor PURL found for package: &{IsUnpackaged:false PackageName:@babel/template PackageSPDXIdentifier:NPM-a226ca8d0afdc3c6b868 PackageVersion:7.29.7 PackageFileName: PackageSupplier:<nil> PackageOriginator:<nil> PackageDownloadLocation:https://registry.npmjs.org/@babel/template/-/template-7.29.7.tgz FilesAnalyzed:false IsFilesAnalyzedTagPresent:true PackageVerificationCode:<nil> PackageChecksums:[{Algorithm:SHA512 Value:puq+Gf35oI24FeN11LkoUQFqv9uwNeWpxXZi/Ji3rRIoKAzKnxRaZ+Gkj0vKS9ZCiTESfng1N9LyOyXvo+m+Gg==}] PackageHomePage: PackageSourceInfo: PackageLicenseConcluded:NOASSERTION PackageLicenseInfoFromFiles:[] PackageLicenseDeclared:MIT PackageLicenseComments: PackageCopyrightText: PackageSummary: PackageDescription: PackageComment:development dependency PackageExternalReferences:[] PackageAttributionTexts:[] PrimaryPackagePurpose: ReleaseDate: BuiltDate: ValidUntilDate: Files:[] Annotations:[] hasFiles:[]}
Neither CPE nor PURL found for package: &{IsUnpackaged:false PackageName:@babel/traverse PackageSPDXIdentifier:NPM-83970d3f799c0b55a223 PackageVersion:7.29.7 PackageFileName: PackageSupplier:<nil> PackageOriginator:<nil> PackageDownloadLocation:https://registry.npmjs.org/@babel/traverse/-/traverse-7.29.7.tgz FilesAnalyzed:false IsFilesAnalyzedTagPresent:true PackageVerificationCode:<nil> PackageChecksums:[{Algorithm:SHA512 Value:EhlfNQtZ+NK22w5BM61ciuiq1m58ed33Wr1Xan//ZRTy6hgjnwyCffRYwzsGXdASJSUJ1guZILsErh1eQcl+zw==}] PackageHomePage: PackageSourceInfo: PackageLicenseConcluded:NOASSERTION PackageLicenseInfoFromFiles:[] PackageLicenseDeclared:MIT PackageLicenseComments: PackageCopyrightText: PackageSummary: PackageDescription: PackageComment:development dependency PackageExternalReferences:[] PackageAttributionTexts:[] PrimaryPackagePurpose: ReleaseDate: BuiltDate: ValidUntilDate: Files:[] Annotations:[] hasFiles:[]}
Neither CPE nor PURL found for package: &{IsUnpackaged:false PackageName:@babel/types PackageSPDXIdentifier:NPM-de73a479c5bccb245e24 PackageVersion:7.29.7 PackageFileName: PackageSupplier:<nil> PackageOriginator:<nil> PackageDownloadLocation:https://registry.npmjs.org/@babel/types/-/types-7.29.7.tgz FilesAnalyzed:false IsFilesAnalyzedTagPresent:true PackageVerificationCode:<nil> PackageChecksums:[{Algorithm:SHA512 Value:4zBIxpPzowiZpusoFkyGVwakdRJUyuH5PxQ/PrqghfdFWWasvnCdPfQXHrenDai+gyLARulZjZowCOj6fjT4pA==}] PackageHomePage: PackageSourceInfo: PackageLicenseConcluded:NOASSERTION PackageLicenseInfoFromFiles:[] PackageLicenseDeclared:MIT PackageLicenseComments: PackageCopyrightText: PackageSummary: PackageDescription: PackageComment:development dependency PackageExternalReferences:[] PackageAttributionTexts:[] PrimaryPackagePurpose: ReleaseDate: BuiltDate: ValidUntilDate: Files:[] Annotations:[] hasFiles:[]}
Neither CPE nor PURL found for package: &{IsUnpackaged:false PackageName:@bcoe/v8-coverage PackageSPDXIdentifier:NPM-f7fa810a1cc34aa43d54 PackageVersion:0.2.3 PackageFileName: PackageSupplier:<nil> PackageOriginator:<nil> PackageDownloadLocation:https://registry.npmjs.org/@bcoe/v8-coverage/-/v8-coverage-0.2.3.tgz FilesAnalyzed:false IsFilesAnalyzedTagPresent:true PackageVerificationCode:<nil> PackageChecksums:[{Algorithm:SHA512 Value:0hYQ8SB4Db5zvZB4axdMHGwEaQjkZzFjQiN9LVYvIFB2nSUHW9tYpxWriPrWDASIxiaXax83REcLxuSdnGPZtw==}] PackageHomePage: PackageSourceInfo: PackageLicenseConcluded:NOASSERTION PackageLicenseInfoFromFiles:[] PackageLicenseDeclared:MIT PackageLicenseComments: PackageCopyrightText: PackageSummary: PackageDescription: PackageComment:development dependency PackageExternalReferences:[] PackageAttributionTexts:[] PrimaryPackagePurpose: ReleaseDate: BuiltDate: ValidUntilDate: Files:[] Annotations:[] hasFiles:[]}
Neither CPE nor PURL found for package: &{IsUnpackaged:false PackageName:@develar/schema-utils PackageSPDXIdentifier:NPM-7c99eeb1bf2c21f1fac7 PackageVersion:2.6.5 PackageFileName: PackageSupplier:<nil> PackageOriginator:<nil> PackageDownloadLocation:https://registry.npmjs.org/@develar/schema-utils/-/schema-utils-2.6.5.tgz FilesAnalyzed:false IsFilesAnalyzedTagPresent:true PackageVerificationCode:<nil> PackageChecksums:[{Algorithm:SHA512 Value:0cp4PsWQ/9avqTVMCtZ+GirikIA36ikvjtHweU4/j8yLtgObI0+JUPhYFScgwlteveGB1rt3Cm8UhN04XayDig==}] PackageHomePage: PackageSourceInfo: PackageLicenseConcluded:NOASSERTION PackageLicenseInfoFromFiles:[] PackageLicenseDeclared:MIT PackageLicenseComments: PackageCopyrightText: PackageSummary: PackageDescription: PackageComment:development dependency PackageExternalReferences:[] PackageAttributionTexts:[] PrimaryPackagePurpose: ReleaseDate: BuiltDate: ValidUntilDate: Files:[] Annotations:[] hasFiles:[]}
Neither CPE nor PURL found for package: &{IsUnpackaged:false PackageName:@electron/asar PackageSPDXIdentifier:NPM-db7015ad69c5981cd533 PackageVersion:3.4.1 PackageFileName: PackageSupplier:<nil> PackageOriginator:<nil> PackageDownloadLocation:https://registry.npmjs.org/@electron/asar/-/asar-3.4.1.tgz FilesAnalyzed:false IsFilesAnalyzedTagPresent:true PackageVerificationCode:<nil> PackageChecksums:[{Algorithm:SHA512 Value:i4/rNPRS84t0vSRa2HorerGRXWyF4vThfHesw0dmcWHp+cspK743UanA0suA5Q5y8kzY2y6YKrvbIUn69BCAiA==}] PackageHomePage: PackageSourceInfo: PackageLicenseConcluded:NOASSERTION PackageLicenseInfoFromFiles:[] PackageLicenseDeclared:MIT PackageLicenseComments: PackageCopyrightText: PackageSummary: PackageDescription: PackageComment:development dependency PackageExternalReferences:[] PackageAttributionTexts:[] PrimaryPackagePurpose: ReleaseDate: BuiltDate: ValidUntilDate: Files:[] Annotations:[] hasFiles:[]}
Neither CPE nor PURL found for package: &{IsUnpackaged:false PackageName:@electron/asar/node_modules/brace-expansion PackageSPDXIdentifier:NPM-c6c579a0ef128b3f9c13 PackageVersion:1.1.15 PackageFileName: PackageSupplier:<nil> PackageOriginator:<nil> PackageDownloadLocation:https://registry.npmjs.org/brace-expansion/-/brace-expansion-1.1.15.tgz FilesAnalyzed:false IsFilesAnalyzedTagPresent:true PackageVerificationCode:<nil> PackageChecksums:[{Algorithm:SHA512 Value:EwOCDEex4quD37XhqM3omwtMoJjr//isUZz1JopUNWms+4Z2ViyM/k1YIRePpoVNnQhENnxtFjLaxNHrT7xIUg==}] PackageHomePage: PackageSourceInfo: PackageLicenseConcluded:NOASSERTION PackageLicenseInfoFromFiles:[] PackageLicenseDeclared:MIT PackageLicenseComments: PackageCopyrightText: PackageSummary: PackageDescription: PackageComment:development dependency PackageExternalReferences:[] PackageAttributionTexts:[] PrimaryPackagePurpose: ReleaseDate: BuiltDate: ValidUntilDate: Files:[] Annotations:[] hasFiles:[]}
Neither CPE nor PURL found for package: &{IsUnpackaged:false PackageName:@electron/asar/node_modules/commander PackageSPDXIdentifier:NPM-df48095d48a3aba68bbb PackageVersion:5.1.0 PackageFileName: PackageSupplier:<nil> PackageOriginator:<nil> PackageDownloadLocation:https://registry.npmjs.org/commander/-/commander-5.1.0.tgz FilesAnalyzed:false IsFilesAnalyzedTagPresent:true PackageVerificationCode:<nil> PackageChecksums:[{Algorithm:SHA512 Value:P0CysNDQ7rtVw4QIQtm+MRxV66vKFSvlsQvGYXZWR3qFU0jlMKHZZZgw8e+8DSah4UDKMqnknRDQz+xuQXQ/Zg==}] PackageHomePage: PackageSourceInfo: PackageLicenseConcluded:NOASSERTION PackageLicenseInfoFromFiles:[] PackageLicenseDeclared:MIT PackageLicenseComments: PackageCopyrightText: PackageSummary: PackageDescription: PackageComment:development dependency PackageExternalReferences:[] PackageAttributionTexts:[] PrimaryPackagePurpose: ReleaseDate: BuiltDate: ValidUntilDate: Files:[] Annotations:[] hasFiles:[]}
Neither CPE nor PURL found for package: &{IsUnpackaged:false PackageName:@electron/asar/node_modules/minimatch PackageSPDXIdentifier:NPM-a1b9c1bb558b67fdacd7 PackageVersion:3.1.5 PackageFileName: PackageSupplier:<nil> PackageOriginator:<nil> PackageDownloadLocation:https://registry.npmjs.org/minimatch/-/minimatch-3.1.5.tgz FilesAnalyzed:false IsFilesAnalyzedTagPresent:true PackageVerificationCode:<nil> PackageChecksums:[{Algorithm:SHA512 Value:VgjWUsnnT6n+NUk6eZq77zeFdpW2LWDzP6zFGrCbHXiYNul5Dzqk2HHQ5uFH2DNW5Xbp8+jVzaeNt94ssEEl4w==}] PackageHomePage: PackageSourceInfo: PackageLicenseConcluded:NOASSERTION PackageLicenseInfoFromFiles:[] PackageLicenseDeclared:ISC PackageLicenseComments: PackageCopyrightText: PackageSummary: PackageDescription: PackageComment:development dependency PackageExternalReferences:[] PackageAttributionTexts:[] PrimaryPackagePurpose: ReleaseDate: BuiltDate: ValidUntilDate: Files:[] Annotations:[] hasFiles:[]}
Neither CPE nor PURL found for package: &{IsUnpackaged:false PackageName:@electron/get PackageSPDXIdentifier:NPM-d076e2867d7e314c9b0c PackageVersion:2.0.3 PackageFileName: PackageSupplier:<nil> PackageOriginator:<nil> PackageDownloadLocation:https://registry.npmjs.org/@electron/get/-/get-2.0.3.tgz FilesAnalyzed:false IsFilesAnalyzedTagPresent:true PackageVerificationCode:<nil> PackageChecksums:[{Algorithm:SHA512 Value:Qkzpg2s9GnVV2I2BjRksUi43U5e6+zaQMcjoJy0C+C5oxaKl+fmckGDQFtRpZpZV0NQekuZZ+tGz7EA9TVnQtQ==}] PackageHomePage: PackageSourceInfo: PackageLicenseConcluded:NOASSERTION PackageLicenseInfoFromFiles:[] PackageLicenseDeclared:MIT PackageLicenseComments: PackageCopyrightText: PackageSummary: PackageDescription: PackageComment:development dependency PackageExternalReferences:[] PackageAttributionTexts:[] PrimaryPackagePurpose: ReleaseDate: BuiltDate: ValidUntilDate: Files:[] Annotations:[] hasFiles:[]}
Neither CPE nor PURL found for package: &{IsUnpackaged:false PackageName:@electron/notarize PackageSPDXIdentifier:NPM-e10762937316e503192e PackageVersion:2.2.1 PackageFileName: PackageSupplier:<nil> PackageOriginator:<nil> PackageDownloadLocation:https://registry.npmjs.org/@electron/notarize/-/notarize-2.2.1.tgz FilesAnalyzed:false IsFilesAnalyzedTagPresent:true PackageVerificationCode:<nil> PackageChecksums:[{Algorithm:SHA512 Value:aL+bFMIkpR0cmmj5Zgy0LMKEpgy43/hw5zadEArgmAMWWlKc5buwFvFT9G/o/YJkvXAJm5q3iuTuLaiaXW39sg==}] PackageHomePage: PackageSourceInfo: PackageLicenseConcluded:NOASSERTION PackageLicenseInfoFromFiles:[] PackageLicenseDeclared:MIT PackageLicenseComments: PackageCopyrightText: PackageSummary: PackageDescription: PackageComment:development dependency PackageExternalReferences:[] PackageAttributionTexts:[] PrimaryPackagePurpose: ReleaseDate: BuiltDate: ValidUntilDate: Files:[] Annotations:[] hasFiles:[]}
Neither CPE nor PURL found for package: &{IsUnpackaged:false PackageName:@electron/notarize/node_modules/fs-extra PackageSPDXIdentifier:NPM-fa68d5582e409204ed8c PackageVersion:9.1.0 PackageFileName: PackageSupplier:<nil> PackageOriginator:<nil> PackageDownloadLocation:https://registry.npmjs.org/fs-extra/-/fs-extra-9.1.0.tgz FilesAnalyzed:false IsFilesAnalyzedTagPresent:true PackageVerificationCode:<nil> PackageChecksums:[{Algorithm:SHA512 Value:hcg3ZmepS30/7BSFqRvoo3DOMQu7IjqxO5nCDt+zM9XWjb33Wg7ziNT+Qvqbuc3+gWpzO02JubVyk2G4Zvo1OQ==}] PackageHomePage: PackageSourceInfo: PackageLicenseConcluded:NOASSERTION PackageLicenseInfoFromFiles:[] PackageLicenseDeclared:MIT PackageLicenseComments: PackageCopyrightText: PackageSummary: PackageDescription: PackageComment:development dependency PackageExternalReferences:[] PackageAttributionTexts:[] PrimaryPackagePurpose: ReleaseDate: BuiltDate: ValidUntilDate: Files:[] Annotations:[] hasFiles:[]}
Neither CPE nor PURL found for package: &{IsUnpackaged:false PackageName:@electron/notarize/node_modules/jsonfile PackageSPDXIdentifier:NPM-30f15da26db011b4b80b PackageVersion:6.2.1 PackageFileName: PackageSupplier:<nil> PackageOriginator:<nil> PackageDownloadLocation:https://registry.npmjs.org/jsonfile/-/jsonfile-6.2.1.tgz FilesAnalyzed:false IsFilesAnalyzedTagPresent:true PackageVerificationCode:<nil> PackageChecksums:[{Algorithm:SHA512 Value:zwOTdL3rFQ/lRdBnntKVOX6k5cKJwEc1HdilT71BWEu7J41gXIB2MRp+vxduPSwZJPWBxEzv4yH1wYLJGUHX4Q==}] PackageHomePage: PackageSourceInfo: PackageLicenseConcluded:NOASSERTION PackageLicenseInfoFromFiles:[] PackageLicenseDeclared:MIT PackageLicenseComments: PackageCopyrightText: PackageSummary: PackageDescription: PackageComment:development dependency PackageExternalReferences:[] PackageAttributionTexts:[] PrimaryPackagePurpose: ReleaseDate: BuiltDate: ValidUntilDate: Files:[] Annotations:[] hasFiles:[]}
Neither CPE nor PURL found for package: &{IsUnpackaged:false PackageName:@electron/notarize/node_modules/universalify PackageSPDXIdentifier:NPM-9a38d0d9dc3812f650ba PackageVersion:2.0.1 PackageFileName: PackageSupplier:<nil> PackageOriginator:<nil> PackageDownloadLocation:https://registry.npmjs.org/universalify/-/universalify-2.0.1.tgz FilesAnalyzed:false IsFilesAnalyzedTagPresent:true PackageVerificationCode:<nil> PackageChecksums:[{Algorithm:SHA512 Value:gptHNQghINnc/vTGIk0SOFGFNXw7JVrlRUtConJRlvaw6DuX0wO5Jeko9sWrMBhh+PsYAZ7oXAiOnf/UKogyiw==}] PackageHomePage: PackageSourceInfo: PackageLicenseConcluded:NOASSERTION PackageLicenseInfoFromFiles:[] PackageLicenseDeclared:MIT PackageLicenseComments: PackageCopyrightText: PackageSummary: PackageDescription: PackageComment:development dependency PackageExternalReferences:[] PackageAttributionTexts:[] PrimaryPackagePurpose: ReleaseDate: BuiltDate: ValidUntilDate: Files:[] Annotations:[] hasFiles:[]}
Neither CPE nor PURL found for package: &{IsUnpackaged:false PackageName:@electron/osx-sign PackageSPDXIdentifier:NPM-5efbd7fb9eaac3321915 PackageVersion:1.0.5 PackageFileName: PackageSupplier:<nil> PackageOriginator:<nil> PackageDownloadLocation:https://registry.npmjs.org/@electron/osx-sign/-/osx-sign-1.0.5.tgz FilesAnalyzed:false IsFilesAnalyzedTagPresent:true PackageVerificationCode:<nil> PackageChecksums:[{Algorithm:SHA512 Value:k9ZzUQtamSoweGQDV2jILiRIHUu7lYlJ3c6IEmjv1hC17rclE+eb9U+f6UFlOOETo0JzY1HNlXy4YOlCvl+Lww==}] PackageHomePage: PackageSourceInfo: PackageLicenseConcluded:NOASSERTION PackageLicenseInfoFromFiles:[] PackageLicenseDeclared:BSD-2-Clause PackageLicenseComments: PackageCopyrightText: PackageSummary: PackageDescription: PackageComment:development dependency PackageExternalReferences:[] PackageAttributionTexts:[] PrimaryPackagePurpose: ReleaseDate: BuiltDate: ValidUntilDate: Files:[] Annotations:[] hasFiles:[]}
Neither CPE nor PURL found for package: &{IsUnpackaged:false PackageName:@electron/osx-sign/node_modules/fs-extra PackageSPDXIdentifier:NPM-ee78bb2a688d167b50fc PackageVersion:10.1.0 PackageFileName: PackageSupplier:<nil> PackageOriginator:<nil> PackageDownloadLocation:https://registry.npmjs.org/fs-extra/-/fs-extra-10.1.0.tgz FilesAnalyzed:false IsFilesAnalyzedTagPresent:true PackageVerificationCode:<nil> PackageChecksums:[{Algorithm:SHA512 Value:oRXApq54ETRj4eMiFzGnHWGy+zo5raudjuxN0b8H7s/RU2oW0Wvsx9O0ACRN/kRq9E8Vu/ReskGB5o3ji+FzHQ==}] PackageHomePage: PackageSourceInfo: PackageLicenseConcluded:NOASSERTION PackageLicenseInfoFromFiles:[] PackageLicenseDeclared:MIT PackageLicenseComments: PackageCopyrightText: PackageSummary: PackageDescription: PackageComment:development dependency PackageExternalReferences:[] PackageAttributionTexts:[] PrimaryPackagePurpose: ReleaseDate: BuiltDate: ValidUntilDate: Files:[] Annotations:[] hasFiles:[]}
Neither CPE nor PURL found for package: &{IsUnpackaged:false PackageName:@electron/osx-sign/node_modules/isbinaryfile PackageSPDXIdentifier:NPM-d7ddeb6c86d6d053f836 PackageVersion:4.0.10 PackageFileName: PackageSupplier:<nil> PackageOriginator:<nil> PackageDownloadLocation:https://registry.npmjs.org/isbinaryfile/-/isbinaryfile-4.0.10.tgz FilesAnalyzed:false IsFilesAnalyzedTagPresent:true PackageVerificationCode:<nil> PackageChecksums:[{Algorithm:SHA512 Value:iHrqe5shvBUcFbmZq9zOQHBoeOhZJu6RQGrDpBgenUm/Am+F3JM2MgQj+rK3Z601fzrL5gLZWtAPH2OBaSVcyw==}] PackageHomePage: PackageSourceInfo: PackageLicenseConcluded:NOASSERTION PackageLicenseInfoFromFiles:[] PackageLicenseDeclared:MIT PackageLicenseComments: PackageCopyrightText: PackageSummary: PackageDescription: PackageComment:development dependency PackageExternalReferences:[] PackageAttributionTexts:[] PrimaryPackagePurpose: ReleaseDate: BuiltDate: ValidUntilDate: Files:[] Annotations:[] hasFiles:[]}
Neither CPE nor PURL found for package: &{IsUnpackaged:false PackageName:@electron/osx-sign/node_modules/jsonfile PackageSPDXIdentifier:NPM-2169b90fea10ded88ca2 PackageVersion:6.2.1 PackageFileName: PackageSupplier:<nil> PackageOriginator:<nil> PackageDownloadLocation:https://registry.npmjs.org/jsonfile/-/jsonfile-6.2.1.tgz FilesAnalyzed:false IsFilesAnalyzedTagPresent:true PackageVerificationCode:<nil> PackageChecksums:[{Algorithm:SHA512 Value:zwOTdL3rFQ/lRdBnntKVOX6k5cKJwEc1HdilT71BWEu7J41gXIB2MRp+vxduPSwZJPWBxEzv4yH1wYLJGUHX4Q==}] PackageHomePage: PackageSourceInfo: PackageLicenseConcluded:NOASSERTION PackageLicenseInfoFromFiles:[] PackageLicenseDeclared:MIT PackageLicenseComments: PackageCopyrightText: PackageSummary: PackageDescription: PackageComment:development dependency PackageExternalReferences:[] PackageAttributionTexts:[] PrimaryPackagePurpose: ReleaseDate: BuiltDate: ValidUntilDate: Files:[] Annotations:[] hasFiles:[]}
Neither CPE nor PURL found for package: &{IsUnpackaged:false PackageName:@electron/osx-sign/node_modules/universalify PackageSPDXIdentifier:NPM-ba63334d7e70de0c6fc7 PackageVersion:2.0.1 PackageFileName: PackageSupplier:<nil> PackageOriginator:<nil> PackageDownloadLocation:https://registry.npmjs.org/universalify/-/universalify-2.0.1.tgz FilesAnalyzed:false IsFilesAnalyzedTagPresent:true PackageVerificationCode:<nil> PackageChecksums:[{Algorithm:SHA512 Value:gptHNQghINnc/vTGIk0SOFGFNXw7JVrlRUtConJRlvaw6DuX0wO5Jeko9sWrMBhh+PsYAZ7oXAiOnf/UKogyiw==}] PackageHomePage: PackageSourceInfo: PackageLicenseConcluded:NOASSERTION PackageLicenseInfoFromFiles:[] PackageLicenseDeclared:MIT PackageLicenseComments: PackageCopyrightText: PackageSummary: PackageDescription: PackageComment:development dependency PackageExternalReferences:[] PackageAttributionTexts:[] PrimaryPackagePurpose: ReleaseDate: BuiltDate: ValidUntilDate: Files:[] Annotations:[] hasFiles:[]}
Neither CPE nor PURL found for package: &{IsUnpackaged:false PackageName:@electron/universal PackageSPDXIdentifier:NPM-90a33561a277edab75fe PackageVersion:1.5.1 PackageFileName: PackageSupplier:<nil> PackageOriginator:<nil> PackageDownloadLocation:https://registry.npmjs.org/@electron/universal/-/universal-1.5.1.tgz FilesAnalyzed:false IsFilesAnalyzedTagPresent:true PackageVerificationCode:<nil> PackageChecksums:[{Algorithm:SHA512 Value:kbgXxyEauPJiQQUNG2VgUeyfQNFk6hBF11ISN2PNI6agUgPl55pv4eQmaqHzTAzchBvqZ2tQuRVaPStGf0mxGw==}] PackageHomePage: PackageSourceInfo: PackageLicenseConcluded:NOASSERTION PackageLicenseInfoFromFiles:[] PackageLicenseDeclared:MIT PackageLicenseComments: PackageCopyrightText: PackageSummary: PackageDescription: PackageComment:development dependency PackageExternalReferences:[] PackageAttributionTexts:[] PrimaryPackagePurpose: ReleaseDate: BuiltDate: ValidUntilDate: Files:[] Annotations:[] hasFiles:[]}
Neither CPE nor PURL found for package: &{IsUnpackaged:false PackageName:@electron/universal/node_modules/brace-expansion PackageSPDXIdentifier:NPM-f53a0cb6880d0d583c00 PackageVersion:1.1.15 PackageFileName: PackageSupplier:<nil> PackageOriginator:<nil> PackageDownloadLocation:https://registry.npmjs.org/brace-expansion/-/brace-expansion-1.1.15.tgz FilesAnalyzed:false IsFilesAnalyzedTagPresent:true PackageVerificationCode:<nil> PackageChecksums:[{Algorithm:SHA512 Value:EwOCDEex4quD37XhqM3omwtMoJjr//isUZz1JopUNWms+4Z2ViyM/k1YIRePpoVNnQhENnxtFjLaxNHrT7xIUg==}] PackageHomePage: PackageSourceInfo: PackageLicenseConcluded:NOASSERTION PackageLicenseInfoFromFiles:[] PackageLicenseDeclared:MIT PackageLicenseComments: PackageCopyrightText: PackageSummary: PackageDescription: PackageComment:development dependency PackageExternalReferences:[] PackageAttributionTexts:[] PrimaryPackagePurpose: ReleaseDate: BuiltDate: ValidUntilDate: Files:[] Annotations:[] hasFiles:[]}
Neither CPE nor PURL found for package: &{IsUnpackaged:false PackageName:@electron/universal/node_modules/fs-extra PackageSPDXIdentifier:NPM-f1cbb5ad77c1e491f2e1 PackageVersion:9.1.0 PackageFileName: PackageSupplier:<nil> PackageOriginator:<nil> PackageDownloadLocation:https://registry.npmjs.org/fs-extra/-/fs-extra-9.1.0.tgz FilesAnalyzed:false IsFilesAnalyzedTagPresent:true PackageVerificationCode:<nil> PackageChecksums:[{Algorithm:SHA512 Value:hcg3ZmepS30/7BSFqRvoo3DOMQu7IjqxO5nCDt+zM9XWjb33Wg7ziNT+Qvqbuc3+gWpzO02JubVyk2G4Zvo1OQ==}] PackageHomePage: PackageSourceInfo: PackageLicenseConcluded:NOASSERTION PackageLicenseInfoFromFiles:[] PackageLicenseDeclared:MIT PackageLicenseComments: PackageCopyrightText: PackageSummary: PackageDescription: PackageComment:development dependency PackageExternalReferences:[] PackageAttributionTexts:[] PrimaryPackagePurpose: ReleaseDate: BuiltDate: ValidUntilDate: Files:[] Annotations:[] hasFiles:[]}
Neither CPE nor PURL found for package: &{IsUnpackaged:false PackageName:@electron/universal/node_modules/jsonfile PackageSPDXIdentifier:NPM-3301ef46eb916b330a15 PackageVersion:6.2.1 PackageFileName: PackageSupplier:<nil> PackageOriginator:<nil> PackageDownloadLocation:https://registry.npmjs.org/jsonfile/-/jsonfile-6.2.1.tgz FilesAnalyzed:false IsFilesAnalyzedTagPresent:true PackageVerificationCode:<nil> PackageChecksums:[{Algorithm:SHA512 Value:zwOTdL3rFQ/lRdBnntKVOX6k5cKJwEc1HdilT71BWEu7J41gXIB2MRp+vxduPSwZJPWBxEzv4yH1wYLJGUHX4Q==}] PackageHomePage: PackageSourceInfo: PackageLicenseConcluded:NOASSERTION PackageLicenseInfoFromFiles:[] PackageLicenseDeclared:MIT PackageLicenseComments: PackageCopyrightText: PackageSummary: PackageDescription: PackageComment:development dependency PackageExternalReferences:[] PackageAttributionTexts:[] PrimaryPackagePurpose: ReleaseDate: BuiltDate: ValidUntilDate: Files:[] Annotations:[] hasFiles:[]}
Neither CPE nor PURL found for package: &{IsUnpackaged:false PackageName:@electron/universal/node_modules/minimatch PackageSPDXIdentifier:NPM-01779a1e83b47697aaee PackageVersion:3.1.5 PackageFileName: PackageSupplier:<nil> PackageOriginator:<nil> PackageDownloadLocation:https://registry.npmjs.org/minimatch/-/minimatch-3.1.5.tgz FilesAnalyzed:false IsFilesAnalyzedTagPresent:true PackageVerificationCode:<nil> PackageChecksums:[{Algorithm:SHA512 Value:VgjWUsnnT6n+NUk6eZq77zeFdpW2LWDzP6zFGrCbHXiYNul5Dzqk2HHQ5uFH2DNW5Xbp8+jVzaeNt94ssEEl4w==}] PackageHomePage: PackageSourceInfo: PackageLicenseConcluded:NOASSERTION PackageLicenseInfoFromFiles:[] PackageLicenseDeclared:ISC PackageLicenseComments: PackageCopyrightText: PackageSummary: PackageDescription: PackageComment:development dependency PackageExternalReferences:[] PackageAttributionTexts:[] PrimaryPackagePurpose: ReleaseDate: BuiltDate: ValidUntilDate: Files:[] Annotations:[] hasFiles:[]}
Neither CPE nor PURL found for package: &{IsUnpackaged:false PackageName:@electron/universal/node_modules/universalify PackageSPDXIdentifier:NPM-f7d9ba3c2b1576f7c10d PackageVersion:2.0.1 PackageFileName: PackageSupplier:<nil> PackageOriginator:<nil> PackageDownloadLocation:https://registry.npmjs.org/universalify/-/universalify-2.0.1.tgz FilesAnalyzed:false IsFilesAnalyzedTagPresent:true PackageVerificationCode:<nil> PackageChecksums:[{Algorithm:SHA512 Value:gptHNQghINnc/vTGIk0SOFGFNXw7JVrlRUtConJRlvaw6DuX0wO5Jeko9sWrMBhh+PsYAZ7oXAiOnf/UKogyiw==}] PackageHomePage: PackageSourceInfo: PackageLicenseConcluded:NOASSERTION PackageLicenseInfoFromFiles:[] PackageLicenseDeclared:MIT PackageLicenseComments: PackageCopyrightText: PackageSummary: PackageDescription: PackageComment:development dependency PackageExternalReferences:[] PackageAttributionTexts:[] PrimaryPackagePurpose: ReleaseDate: BuiltDate: ValidUntilDate: Files:[] Annotations:[] hasFiles:[]}
Neither CPE nor PURL found for package: &{IsUnpackaged:false PackageName:@gar/promisify PackageSPDXIdentifier:NPM-4acb4e602067949d2f42 PackageVersion:1.1.3 PackageFileName: PackageSupplier:<nil> PackageOriginator:<nil> PackageDownloadLocation:https://registry.npmjs.org/@gar/promisify/-/promisify-1.1.3.tgz FilesAnalyzed:false IsFilesAnalyzedTagPresent:true PackageVerificationCode:<nil> PackageChecksums:[{Algorithm:SHA512 Value:k2Ty1JcVojjJFwrg/ThKi2ujJ7XNLYaFGNB/bWT9wGR+oSMJHMa5w+CUq6p/pVrKeNNgA7pCqEcjSnHVoqJQFw==}] PackageHomePage: PackageSourceInfo: PackageLicenseConcluded:NOASSERTION PackageLicenseInfoFromFiles:[] PackageLicenseDeclared:MIT PackageLicenseComments: PackageCopyrightText: PackageSummary: PackageDescription: PackageComment:runtime or transitive dependency PackageExternalReferences:[] PackageAttributionTexts:[] PrimaryPackagePurpose: ReleaseDate: BuiltDate: ValidUntilDate: Files:[] Annotations:[] hasFiles:[]}
Neither CPE nor PURL found for package: &{IsUnpackaged:false PackageName:@isaacs/cliui PackageSPDXIdentifier:NPM-bb07fe53369944068e2b PackageVersion:8.0.2 PackageFileName: PackageSupplier:<nil> PackageOriginator:<nil> PackageDownloadLocation:https://registry.npmjs.org/@isaacs/cliui/-/cliui-8.0.2.tgz FilesAnalyzed:false IsFilesAnalyzedTagPresent:true PackageVerificationCode:<nil> PackageChecksums:[{Algorithm:SHA512 Value:O8jcjabXaleOG9DQ0+ARXWZBTfnP4WNAqzuiJK7ll44AmxGKv/J2M4TPjxjY3znBCfvBXFzucm1twdyFybFqEA==}] PackageHomePage: PackageSourceInfo: PackageLicenseConcluded:NOASSERTION PackageLicenseInfoFromFiles:[] PackageLicenseDeclared:ISC PackageLicenseComments: PackageCopyrightText: PackageSummary: PackageDescription: PackageComment:development dependency PackageExternalReferences:[] PackageAttributionTexts:[] PrimaryPackagePurpose: ReleaseDate: BuiltDate: ValidUntilDate: Files:[] Annotations:[] hasFiles:[]}
Neither CPE nor PURL found for package: &{IsUnpackaged:false PackageName:@isaacs/cliui/node_modules/ansi-regex PackageSPDXIdentifier:NPM-b3119fe83630dd3aa6b2 PackageVersion:6.2.2 PackageFileName: PackageSupplier:<nil> PackageOriginator:<nil> PackageDownloadLocation:https://registry.npmjs.org/ansi-regex/-/ansi-regex-6.2.2.tgz FilesAnalyzed:false IsFilesAnalyzedTagPresent:true PackageVerificationCode:<nil> PackageChecksums:[{Algorithm:SHA512 Value:Bq3SmSpyFHaWjPk8If9yc6svM8c56dB5BAtW4Qbw5jHTwwXXcTLoRMkpDJp6VL0XzlWaCHTXrkFURMYmD0sLqg==}] PackageHomePage: PackageSourceInfo: PackageLicenseConcluded:NOASSERTION PackageLicenseInfoFromFiles:[] PackageLicenseDeclared:MIT PackageLicenseComments: PackageCopyrightText: PackageSummary: PackageDescription: PackageComment:development dependency PackageExternalReferences:[] PackageAttributionTexts:[] PrimaryPackagePurpose: ReleaseDate: BuiltDate: ValidUntilDate: Files:[] Annotations:[] hasFiles:[]}
Neither CPE nor PURL found for package: &{IsUnpackaged:false PackageName:@isaacs/cliui/node_modules/ansi-styles PackageSPDXIdentifier:NPM-c5b2ac340392c1e22cac PackageVersion:6.2.3 PackageFileName: PackageSupplier:<nil> PackageOriginator:<nil> PackageDownloadLocation:https://registry.npmjs.org/ansi-styles/-/ansi-styles-6.2.3.tgz FilesAnalyzed:false IsFilesAnalyzedTagPresent:true PackageVerificationCode:<nil> PackageChecksums:[{Algorithm:SHA512 Value:4Dj6M28JB+oAH8kFkTLUo+a2jwOFkuqb3yucU0CANcRRUbxS0cP0nZYCGjcc3BNXwRIsUVmDGgzawme7zvJHvg==}] PackageHomePage: PackageSourceInfo: PackageLicenseConcluded:NOASSERTION PackageLicenseInfoFromFiles:[] PackageLicenseDeclared:MIT PackageLicenseComments: PackageCopyrightText: PackageSummary: PackageDescription: PackageComment:development dependency PackageExternalReferences:[] PackageAttributionTexts:[] PrimaryPackagePurpose: ReleaseDate: BuiltDate: ValidUntilDate: Files:[] Annotations:[] hasFiles:[]}
Neither CPE nor PURL found for package: &{IsUnpackaged:false PackageName:@isaacs/cliui/node_modules/emoji-regex PackageSPDXIdentifier:NPM-85cbdcbe5ef259eb0408 PackageVersion:9.2.2 PackageFileName: PackageSupplier:<nil> PackageOriginator:<nil> PackageDownloadLocation:https://registry.npmjs.org/emoji-regex/-/emoji-regex-9.2.2.tgz FilesAnalyzed:false IsFilesAnalyzedTagPresent:true PackageVerificationCode:<nil> PackageChecksums:[{Algorithm:SHA512 Value:L18DaJsXSUk2+42pv8mLs5jJT2hqFkFE4j21wOmgbUqsZ2hL72NsUU785g9RXgo3s0ZNgVl42TiHp3ZtOv/Vyg==}] PackageHomePage: PackageSourceInfo: PackageLicenseConcluded:NOASSERTION PackageLicenseInfoFromFiles:[] PackageLicenseDeclared:MIT PackageLicenseComments: PackageCopyrightText: PackageSummary: PackageDescription: PackageComment:development dependency PackageExternalReferences:[] PackageAttributionTexts:[] PrimaryPackagePurpose: ReleaseDate: BuiltDate: ValidUntilDate: Files:[] Annotations:[] hasFiles:[]}
Neither CPE nor PURL found for package: &{IsUnpackaged:false PackageName:@isaacs/cliui/node_modules/string-width PackageSPDXIdentifier:NPM-3f33c7359a5a33e2945b PackageVersion:5.1.2 PackageFileName: PackageSupplier:<nil> PackageOriginator:<nil> PackageDownloadLocation:https://registry.npmjs.org/string-width/-/string-width-5.1.2.tgz FilesAnalyzed:false IsFilesAnalyzedTagPresent:true PackageVerificationCode:<nil> PackageChecksums:[{Algorithm:SHA512 Value:HnLOCR3vjcY8beoNLtcjZ5/nxn2afmME6lhrDrebokqMap+XbeW8n9TXpPDOqdGK5qcI3oT0GKTW6wC7EMiVqA==}] PackageHomePage: PackageSourceInfo: PackageLicenseConcluded:NOASSERTION PackageLicenseInfoFromFiles:[] PackageLicenseDeclared:MIT PackageLicenseComments: PackageCopyrightText: PackageSummary: PackageDescription: PackageComment:development dependency PackageExternalReferences:[] PackageAttributionTexts:[] PrimaryPackagePurpose: ReleaseDate: BuiltDate: ValidUntilDate: Files:[] Annotations:[] hasFiles:[]}
Neither CPE nor PURL found for package: &{IsUnpackaged:false PackageName:@isaacs/cliui/node_modules/strip-ansi PackageSPDXIdentifier:NPM-989fa83cea216ae2cd93 PackageVersion:7.2.0 PackageFileName: PackageSupplier:<nil> PackageOriginator:<nil> PackageDownloadLocation:https://registry.npmjs.org/strip-ansi/-/strip-ansi-7.2.0.tgz FilesAnalyzed:false IsFilesAnalyzedTagPresent:true PackageVerificationCode:<nil> PackageChecksums:[{Algorithm:SHA512 Value:yDPMNjp4WyfYBkHnjIRLfca1i6KMyGCtsVgoKe/z1+6vukgaENdgGBZt+ZmKPc4gavvEZ5OgHfHdrazhgNyG7w==}] PackageHomePage: PackageSourceInfo: PackageLicenseConcluded:NOASSERTION PackageLicenseInfoFromFiles:[] PackageLicenseDeclared:MIT PackageLicenseComments: PackageCopyrightText: PackageSummary: PackageDescription: PackageComment:development dependency PackageExternalReferences:[] PackageAttributionTexts:[] PrimaryPackagePurpose: ReleaseDate: BuiltDate: ValidUntilDate: Files:[] Annotations:[] hasFiles:[]}
Neither CPE nor PURL found for package: &{IsUnpackaged:false PackageName:@isaacs/cliui/node_modules/wrap-ansi PackageSPDXIdentifier:NPM-e7c9323814fd77fa4e39 PackageVersion:8.1.0 PackageFileName: PackageSupplier:<nil> PackageOriginator:<nil> PackageDownloadLocation:https://registry.npmjs.org/wrap-ansi/-/wrap-ansi-8.1.0.tgz FilesAnalyzed:false IsFilesAnalyzedTagPresent:true PackageVerificationCode:<nil> PackageChecksums:[{Algorithm:SHA512 Value:si7QWI6zUMq56bESFvagtmzMdGOtoxfR+Sez11Mobfc7tm+VkUckk9bW2UeffTGVUbOksxmSw0AA2gs8g71NCQ==}] PackageHomePage: PackageSourceInfo: PackageLicenseConcluded:NOASSERTION PackageLicenseInfoFromFiles:[] PackageLicenseDeclared:MIT PackageLicenseComments: PackageCopyrightText: PackageSummary: PackageDescription: PackageComment:development dependency PackageExternalReferences:[] PackageAttributionTexts:[] PrimaryPackagePurpose: ReleaseDate: BuiltDate: ValidUntilDate: Files:[] Annotations:[] hasFiles:[]}
Neither CPE nor PURL found for package: &{IsUnpackaged:false PackageName:@istanbuljs/load-nyc-config PackageSPDXIdentifier:NPM-28ff36cdd9402656b73b PackageVersion:1.1.0 PackageFileName: PackageSupplier:<nil> PackageOriginator:<nil> PackageDownloadLocation:https://registry.npmjs.org/@istanbuljs/load-nyc-config/-/load-nyc-config-1.1.0.tgz FilesAnalyzed:false IsFilesAnalyzedTagPresent:true PackageVerificationCode:<nil> PackageChecksums:[{Algorithm:SHA512 Value:VjeHSlIzpv/NyD3N0YuHfXOPDIixcA1q2ZV98wsMqcYlPmv2n3Yb2lYP9XMElnaFVXg5A7YLTeLu6V84uQDjmQ==}] PackageHomePage: PackageSourceInfo: PackageLicenseConcluded:NOASSERTION PackageLicenseInfoFromFiles:[] PackageLicenseDeclared:ISC PackageLicenseComments: PackageCopyrightText: PackageSummary: PackageDescription: PackageComment:development dependency PackageExternalReferences:[] PackageAttributionTexts:[] PrimaryPackagePurpose: ReleaseDate: BuiltDate: ValidUntilDate: Files:[] Annotations:[] hasFiles:[]}
Neither CPE nor PURL found for package: &{IsUnpackaged:false PackageName:@istanbuljs/load-nyc-config/node_modules/argparse PackageSPDXIdentifier:NPM-857769d16f33ec713ad2 PackageVersion:1.0.10 PackageFileName: PackageSupplier:<nil> PackageOriginator:<nil> PackageDownloadLocation:https://registry.npmjs.org/argparse/-/argparse-1.0.10.tgz FilesAnalyzed:false IsFilesAnalyzedTagPresent:true PackageVerificationCode:<nil> PackageChecksums:[{Algorithm:SHA512 Value:o5Roy6tNG4SL/FOkCAN6RzjiakZS25RLYFrcMttJqbdd8BWrnA+fGz57iN5Pb06pvBGvl5gQ0B48dJlslXvoTg==}] PackageHomePage: PackageSourceInfo: PackageLicenseConcluded:NOASSERTION PackageLicenseInfoFromFiles:[] PackageLicenseDeclared:MIT PackageLicenseComments: PackageCopyrightText: PackageSummary: PackageDescription: PackageComment:development dependency PackageExternalReferences:[] PackageAttributionTexts:[] PrimaryPackagePurpose: ReleaseDate: BuiltDate: ValidUntilDate: Files:[] Annotations:[] hasFiles:[]}
Neither CPE nor PURL found for package: &{IsUnpackaged:false PackageName:@istanbuljs/load-nyc-config/node_modules/js-yaml PackageSPDXIdentifier:NPM-5d6151561d9e9745baf4 PackageVersion:3.14.2 PackageFileName: PackageSupplier:<nil> PackageOriginator:<nil> PackageDownloadLocation:https://registry.npmjs.org/js-yaml/-/js-yaml-3.14.2.tgz FilesAnalyzed:false IsFilesAnalyzedTagPresent:true PackageVerificationCode:<nil> PackageChecksums:[{Algorithm:SHA512 Value:PMSmkqxr106Xa156c2M265Z+FTrPl+oxd/rgOQy2tijQeK5TxQ43psO1ZCwhVOSdnn+RzkzlRz/eY4BgJBYVpg==}] PackageHomePage: PackageSourceInfo: PackageLicenseConcluded:NOASSERTION PackageLicenseInfoFromFiles:[] PackageLicenseDeclared:MIT PackageLicenseComments: PackageCopyrightText: PackageSummary: PackageDescription: PackageComment:development dependency PackageExternalReferences:[] PackageAttributionTexts:[] PrimaryPackagePurpose: ReleaseDate: BuiltDate: ValidUntilDate: Files:[] Annotations:[] hasFiles:[]}
Neither CPE nor PURL found for package: &{IsUnpackaged:false PackageName:@istanbuljs/load-nyc-config/node_modules/sprintf-js PackageSPDXIdentifier:NPM-b5908d4e613eb1b174aa PackageVersion:1.0.3 PackageFileName: PackageSupplier:<nil> PackageOriginator:<nil> PackageDownloadLocation:https://registry.npmjs.org/sprintf-js/-/sprintf-js-1.0.3.tgz FilesAnalyzed:false IsFilesAnalyzedTagPresent:true PackageVerificationCode:<nil> PackageChecksums:[{Algorithm:SHA512 Value:D9cPgkvLlV3t3IzL0D0YLvGA9Ahk4PcvVwUbN0dSGr1aP0Nrt4AEnTUbuGvquEC0mA64Gqt1fzirlRs5ibXx8g==}] PackageHomePage: PackageSourceInfo: PackageLicenseConcluded:NOASSERTION PackageLicenseInfoFromFiles:[] PackageLicenseDeclared:BSD-3-Clause PackageLicenseComments: PackageCopyrightText: PackageSummary: PackageDescription: PackageComment:development dependency PackageExternalReferences:[] PackageAttributionTexts:[] PrimaryPackagePurpose: ReleaseDate: BuiltDate: ValidUntilDate: Files:[] Annotations:[] hasFiles:[]}
Neither CPE nor PURL found for package: &{IsUnpackaged:false PackageName:@istanbuljs/schema PackageSPDXIdentifier:NPM-4bc60d5009d36eec9445 PackageVersion:0.1.6 PackageFileName: PackageSupplier:<nil> PackageOriginator:<nil> PackageDownloadLocation:https://registry.npmjs.org/@istanbuljs/schema/-/schema-0.1.6.tgz FilesAnalyzed:false IsFilesAnalyzedTagPresent:true PackageVerificationCode:<nil> PackageChecksums:[{Algorithm:SHA512 Value:+Sg6GCR/wy1oSmQDFq4LQDAhm3ETKnorxN+y5nbLULOR3P0c14f2Wurzj3/xqPXtasLFfHd5iRFQ7AJt4KH2cw==}] PackageHomePage: PackageSourceInfo: PackageLicenseConcluded:NOASSERTION PackageLicenseInfoFromFiles:[] PackageLicenseDeclared:MIT PackageLicenseComments: PackageCopyrightText: PackageSummary: PackageDescription: PackageComment:development dependency PackageExternalReferences:[] PackageAttributionTexts:[] PrimaryPackagePurpose: ReleaseDate: BuiltDate: ValidUntilDate: Files:[] Annotations:[] hasFiles:[]}
Neither CPE nor PURL found for package: &{IsUnpackaged:false PackageName:@jest/console PackageSPDXIdentifier:NPM-f632317b848aa125d3ff PackageVersion:29.7.0 PackageFileName: PackageSupplier:<nil> PackageOriginator:<nil> PackageDownloadLocation:https://registry.npmjs.org/@jest/console/-/console-29.7.0.tgz FilesAnalyzed:false IsFilesAnalyzedTagPresent:true PackageVerificationCode:<nil> PackageChecksums:[{Algorithm:SHA512 Value:5Ni4CU7XHQi32IJ398EEP4RrB8eV09sXP2ROqD4bksHrnTree52PsxvX8tpL8LvTZ3pFzXyPbNQReSN41CAhOg==}] PackageHomePage: PackageSourceInfo: PackageLicenseConcluded:NOASSERTION PackageLicenseInfoFromFiles:[] PackageLicenseDeclared:MIT PackageLicenseComments: PackageCopyrightText: PackageSummary: PackageDescription: PackageComment:development dependency PackageExternalReferences:[] PackageAttributionTexts:[] PrimaryPackagePurpose: ReleaseDate: BuiltDate: ValidUntilDate: Files:[] Annotations:[] hasFiles:[]}
Neither CPE nor PURL found for package: &{IsUnpackaged:false PackageName:@jest/core PackageSPDXIdentifier:NPM-0b1e6363fd351c884f13 PackageVersion:29.7.0 PackageFileName: PackageSupplier:<nil> PackageOriginator:<nil> PackageDownloadLocation:https://registry.npmjs.org/@jest/core/-/core-29.7.0.tgz FilesAnalyzed:false IsFilesAnalyzedTagPresent:true PackageVerificationCode:<nil> PackageChecksums:[{Algorithm:SHA512 Value:n7aeXWKMnGtDA48y8TLWJPJmLmmZ642Ceo78cYWEpiD7FzDgmNDV/GCVRorPABdXLJZ/9wzzgZAlHjXjxDHGsg==}] PackageHomePage: PackageSourceInfo: PackageLicenseConcluded:NOASSERTION PackageLicenseInfoFromFiles:[] PackageLicenseDeclared:MIT PackageLicenseComments: PackageCopyrightText: PackageSummary: PackageDescription: PackageComment:development dependency PackageExternalReferences:[] PackageAttributionTexts:[] PrimaryPackagePurpose: ReleaseDate: BuiltDate: ValidUntilDate: Files:[] Annotations:[] hasFiles:[]}
Neither CPE nor PURL found for package: &{IsUnpackaged:false PackageName:@jest/environment PackageSPDXIdentifier:NPM-419c280884dbd5505a4a PackageVersion:29.7.0 PackageFileName: PackageSupplier:<nil> PackageOriginator:<nil> PackageDownloadLocation:https://registry.npmjs.org/@jest/environment/-/environment-29.7.0.tgz FilesAnalyzed:false IsFilesAnalyzedTagPresent:true PackageVerificationCode:<nil> PackageChecksums:[{Algorithm:SHA512 Value:aQIfHDq33ExsN4jP1NWGXhxgQ/wixs60gDiKO+XVMd8Mn0NWPWgc34ZQDTb2jKaUWQ7MuwoitXAsN2XVXNMpAw==}] PackageHomePage: PackageSourceInfo: PackageLicenseConcluded:NOASSERTION PackageLicenseInfoFromFiles:[] PackageLicenseDeclared:MIT PackageLicenseComments: PackageCopyrightText: PackageSummary: PackageDescription: PackageComment:development dependency PackageExternalReferences:[] PackageAttributionTexts:[] PrimaryPackagePurpose: ReleaseDate: BuiltDate: ValidUntilDate: Files:[] Annotations:[] hasFiles:[]}
Neither CPE nor PURL found for package: &{IsUnpackaged:false PackageName:@jest/expect PackageSPDXIdentifier:NPM-bd382de220fe9e98162f PackageVersion:29.7.0 PackageFileName: PackageSupplier:<nil> PackageOriginator:<nil> PackageDownloadLocation:https://registry.npmjs.org/@jest/expect/-/expect-29.7.0.tgz FilesAnalyzed:false IsFilesAnalyzedTagPresent:true PackageVerificationCode:<nil> PackageChecksums:[{Algorithm:SHA512 Value:8uMeAMycttpva3P1lBHB8VciS9V0XAr3GymPpipdyQXbBcuhkLQOSe8E/p92RyAdToS6ZD1tFkX+CkhoECE0dQ==}] PackageHomePage: PackageSourceInfo: PackageLicenseConcluded:NOASSERTION PackageLicenseInfoFromFiles:[] PackageLicenseDeclared:MIT PackageLicenseComments: PackageCopyrightText: PackageSummary: PackageDescription: PackageComment:development dependency PackageExternalReferences:[] PackageAttributionTexts:[] PrimaryPackagePurpose: ReleaseDate: BuiltDate: ValidUntilDate: Files:[] Annotations:[] hasFiles:[]}
Neither CPE nor PURL found for package: &{IsUnpackaged:false PackageName:@jest/expect-utils PackageSPDXIdentifier:NPM-260eab3ad79cf165fc3a PackageVersion:29.7.0 PackageFileName: PackageSupplier:<nil> PackageOriginator:<nil> PackageDownloadLocation:https://registry.npmjs.org/@jest/expect-utils/-/expect-utils-29.7.0.tgz FilesAnalyzed:false IsFilesAnalyzedTagPresent:true PackageVerificationCode:<nil> PackageChecksums:[{Algorithm:SHA512 Value:GlsNBWiFQFCVi9QVSx7f5AgMeLxe9YCCs5PuP2O2LdjDAA8Jh9eX7lA1Jq/xdXw3Wb3hyvlFNfZIfcRetSzYcA==}] PackageHomePage: PackageSourceInfo: PackageLicenseConcluded:NOASSERTION PackageLicenseInfoFromFiles:[] PackageLicenseDeclared:MIT PackageLicenseComments: PackageCopyrightText: PackageSummary: PackageDescription: PackageComment:development dependency PackageExternalReferences:[] PackageAttributionTexts:[] PrimaryPackagePurpose: ReleaseDate: BuiltDate: ValidUntilDate: Files:[] Annotations:[] hasFiles:[]}
Neither CPE nor PURL found for package: &{IsUnpackaged:false PackageName:@jest/fake-timers PackageSPDXIdentifier:NPM-930ea005f6bae38e5aa5 PackageVersion:29.7.0 PackageFileName: PackageSupplier:<nil> PackageOriginator:<nil> PackageDownloadLocation:https://registry.npmjs.org/@jest/fake-timers/-/fake-timers-29.7.0.tgz FilesAnalyzed:false IsFilesAnalyzedTagPresent:true PackageVerificationCode:<nil> PackageChecksums:[{Algorithm:SHA512 Value:q4DH1Ha4TTFPdxLsqDXK1d3+ioSL7yL5oCMJZgDYm6i+6CygW5E5xVr/D1HdsGxjt1ZWSfUAs9OxSB/BNelWrQ==}] PackageHomePage: PackageSourceInfo: PackageLicenseConcluded:NOASSERTION PackageLicenseInfoFromFiles:[] PackageLicenseDeclared:MIT PackageLicenseComments: PackageCopyrightText: PackageSummary: PackageDescription: PackageComment:development dependency PackageExternalReferences:[] PackageAttributionTexts:[] PrimaryPackagePurpose: ReleaseDate: BuiltDate: ValidUntilDate: Files:[] Annotations:[] hasFiles:[]}
Neither CPE nor PURL found for package: &{IsUnpackaged:false PackageName:@jest/globals PackageSPDXIdentifier:NPM-c963b5e0a15c405f4017 PackageVersion:29.7.0 PackageFileName: PackageSupplier:<nil> PackageOriginator:<nil> PackageDownloadLocation:https://registry.npmjs.org/@jest/globals/-/globals-29.7.0.tgz FilesAnalyzed:false IsFilesAnalyzedTagPresent:true PackageVerificationCode:<nil> PackageChecksums:[{Algorithm:SHA512 Value:mpiz3dutLbkW2MNFubUGUEVLkTGiqW6yLVTA+JbP6fI6J5iL9Y0Nlg8k95pcF8ctKwCS7WVxteBs29hhfAotzQ==}] PackageHomePage: PackageSourceInfo: PackageLicenseConcluded:NOASSERTION PackageLicenseInfoFromFiles:[] PackageLicenseDeclared:MIT PackageLicenseComments: PackageCopyrightText: PackageSummary: PackageDescription: PackageComment:development dependency PackageExternalReferences:[] PackageAttributionTexts:[] PrimaryPackagePurpose: ReleaseDate: BuiltDate: ValidUntilDate: Files:[] Annotations:[] hasFiles:[]}
Neither CPE nor PURL found for package: &{IsUnpackaged:false PackageName:@jest/reporters PackageSPDXIdentifier:NPM-62bfce56e8afd1c31d70 PackageVersion:29.7.0 PackageFileName: PackageSupplier:<nil> PackageOriginator:<nil> PackageDownloadLocation:https://registry.npmjs.org/@jest/reporters/-/reporters-29.7.0.tgz FilesAnalyzed:false IsFilesAnalyzedTagPresent:true PackageVerificationCode:<nil> PackageChecksums:[{Algorithm:SHA512 Value:DApq0KJbJOEzAFYjHADNNxAE3KbhxQB1y5Kplb5Waqw6zVbuWatSnMjE5gs8FUgEPmNsnZA3NCWl9NG0ia04Pg==}] PackageHomePage: PackageSourceInfo: PackageLicenseConcluded:NOASSERTION PackageLicenseInfoFromFiles:[] PackageLicenseDeclared:MIT PackageLicenseComments: PackageCopyrightText: PackageSummary: PackageDescription: PackageComment:development dependency PackageExternalReferences:[] PackageAttributionTexts:[] PrimaryPackagePurpose: ReleaseDate: BuiltDate: ValidUntilDate: Files:[] Annotations:[] hasFiles:[]}
Neither CPE nor PURL found for package: &{IsUnpackaged:false PackageName:@jest/schemas PackageSPDXIdentifier:NPM-c7f2fbdcf1f2114f54d6 PackageVersion:29.6.3 PackageFileName: PackageSupplier:<nil> PackageOriginator:<nil> PackageDownloadLocation:https://registry.npmjs.org/@jest/schemas/-/schemas-29.6.3.tgz FilesAnalyzed:false IsFilesAnalyzedTagPresent:true PackageVerificationCode:<nil> PackageChecksums:[{Algorithm:SHA512 Value:mo5j5X+jIZmJQveBKeS/clAueipV7KgiX1vMgCxam1RNYiqE1w62n0/tJJnHtjW8ZHcQco5gY85jA3mi0L+nSA==}] PackageHomePage: PackageSourceInfo: PackageLicenseConcluded:NOASSERTION PackageLicenseInfoFromFiles:[] PackageLicenseDeclared:MIT PackageLicenseComments: PackageCopyrightText: PackageSummary: PackageDescription: PackageComment:development dependency PackageExternalReferences:[] PackageAttributionTexts:[] PrimaryPackagePurpose: ReleaseDate: BuiltDate: ValidUntilDate: Files:[] Annotations:[] hasFiles:[]}
Neither CPE nor PURL found for package: &{IsUnpackaged:false PackageName:@jest/source-map PackageSPDXIdentifier:NPM-ed869f74a4cb38e059e4 PackageVersion:29.6.3 PackageFileName: PackageSupplier:<nil> PackageOriginator:<nil> PackageDownloadLocation:https://registry.npmjs.org/@jest/source-map/-/source-map-29.6.3.tgz FilesAnalyzed:false IsFilesAnalyzedTagPresent:true PackageVerificationCode:<nil> PackageChecksums:[{Algorithm:SHA512 Value:MHjT95QuipcPrpLM+8JMSzFx6eHp5Bm+4XeFDJlwsvVBjmKNiIAvasGK2fxz2WbGRlnvqehFbh07MMa7n3YJnw==}] PackageHomePage: PackageSourceInfo: PackageLicenseConcluded:NOASSERTION PackageLicenseInfoFromFiles:[] PackageLicenseDeclared:MIT PackageLicenseComments: PackageCopyrightText: PackageSummary: PackageDescription: PackageComment:development dependency PackageExternalReferences:[] PackageAttributionTexts:[] PrimaryPackagePurpose: ReleaseDate: BuiltDate: ValidUntilDate: Files:[] Annotations:[] hasFiles:[]}
Neither CPE nor PURL found for package: &{IsUnpackaged:false PackageName:@jest/test-result PackageSPDXIdentifier:NPM-399ee9fff4fd7a674015 PackageVersion:29.7.0 PackageFileName: PackageSupplier:<nil> PackageOriginator:<nil> PackageDownloadLocation:https://registry.npmjs.org/@jest/test-result/-/test-result-29.7.0.tgz FilesAnalyzed:false IsFilesAnalyzedTagPresent:true PackageVerificationCode:<nil> PackageChecksums:[{Algorithm:SHA512 Value:Fdx+tv6x1zlkJPcWXmMDAG2HBnaR9XPSd5aDWQVsfrZmLVT3lU1cwyxLgRmXR9yrq4NBoEm9BMsfgFzTQAbJYA==}] PackageHomePage: PackageSourceInfo: PackageLicenseConcluded:NOASSERTION PackageLicenseInfoFromFiles:[] PackageLicenseDeclared:MIT PackageLicenseComments: PackageCopyrightText: PackageSummary: PackageDescription: PackageComment:development dependency PackageExternalReferences:[] PackageAttributionTexts:[] PrimaryPackagePurpose: ReleaseDate: BuiltDate: ValidUntilDate: Files:[] Annotations:[] hasFiles:[]}
Neither CPE nor PURL found for package: &{IsUnpackaged:false PackageName:@jest/test-sequencer PackageSPDXIdentifier:NPM-dafb7a29b4ef90dee879 PackageVersion:29.7.0 PackageFileName: PackageSupplier:<nil> PackageOriginator:<nil> PackageDownloadLocation:https://registry.npmjs.org/@jest/test-sequencer/-/test-sequencer-29.7.0.tgz FilesAnalyzed:false IsFilesAnalyzedTagPresent:true PackageVerificationCode:<nil> PackageChecksums:[{Algorithm:SHA512 Value:GQwJ5WZVrKnOJuiYiAF52UNUJXgTZx1NHjFSEB0qEMmSZKAkdMoIzw/Cj6x6NF4AvV23AUqDpFzQkN/eYCYTxw==}] PackageHomePage: PackageSourceInfo: PackageLicenseConcluded:NOASSERTION PackageLicenseInfoFromFiles:[] PackageLicenseDeclared:MIT PackageLicenseComments: PackageCopyrightText: PackageSummary: PackageDescription: PackageComment:development dependency PackageExternalReferences:[] PackageAttributionTexts:[] PrimaryPackagePurpose: ReleaseDate: BuiltDate: ValidUntilDate: Files:[] Annotations:[] hasFiles:[]}
Neither CPE nor PURL found for package: &{IsUnpackaged:false PackageName:@jest/transform PackageSPDXIdentifier:NPM-a35a3af1d7eb0f151783 PackageVersion:29.7.0 PackageFileName: PackageSupplier:<nil> PackageOriginator:<nil> PackageDownloadLocation:https://registry.npmjs.org/@jest/transform/-/transform-29.7.0.tgz FilesAnalyzed:false IsFilesAnalyzedTagPresent:true PackageVerificationCode:<nil> PackageChecksums:[{Algorithm:SHA512 Value:ok/BTPFzFKVMwO5eOHRrvnBVHdRy9IrsrW1GpMaQ9MCnilNLXQKmAX8s1YXDFaai9xJpac2ySzV0YeRRECr2Vw==}] PackageHomePage: PackageSourceInfo: PackageLicenseConcluded:NOASSERTION PackageLicenseInfoFromFiles:[] PackageLicenseDeclared:MIT PackageLicenseComments: PackageCopyrightText: PackageSummary: PackageDescription: PackageComment:development dependency PackageExternalReferences:[] PackageAttributionTexts:[] PrimaryPackagePurpose: ReleaseDate: BuiltDate: ValidUntilDate: Files:[] Annotations:[] hasFiles:[]}
Neither CPE nor PURL found for package: &{IsUnpackaged:false PackageName:@jest/types PackageSPDXIdentifier:NPM-364fd597e159fb4b89ff PackageVersion:29.6.3 PackageFileName: PackageSupplier:<nil> PackageOriginator:<nil> PackageDownloadLocation:https://registry.npmjs.org/@jest/types/-/types-29.6.3.tgz FilesAnalyzed:false IsFilesAnalyzedTagPresent:true PackageVerificationCode:<nil> PackageChecksums:[{Algorithm:SHA512 Value:u3UPsIilWKOM3F9CXtrG8LEJmNxwoCQC/XVj4IKYXvvpx7QIi/Kg1LI5uDmDpKlac62NUtX7eLjRh+jVZcLOzw==}] PackageHomePage: PackageSourceInfo: PackageLicenseConcluded:NOASSERTION PackageLicenseInfoFromFiles:[] PackageLicenseDeclared:MIT PackageLicenseComments: PackageCopyrightText: PackageSummary: PackageDescription: PackageComment:development dependency PackageExternalReferences:[] PackageAttributionTexts:[] PrimaryPackagePurpose: ReleaseDate: BuiltDate: ValidUntilDate: Files:[] Annotations:[] hasFiles:[]}
Neither CPE nor PURL found for package: &{IsUnpackaged:false PackageName:@jridgewell/gen-mapping PackageSPDXIdentifier:NPM-145bee95e17934f76067 PackageVersion:0.3.13 PackageFileName: PackageSupplier:<nil> PackageOriginator:<nil> PackageDownloadLocation:https://registry.npmjs.org/@jridgewell/gen-mapping/-/gen-mapping-0.3.13.tgz FilesAnalyzed:false IsFilesAnalyzedTagPresent:true PackageVerificationCode:<nil> PackageChecksums:[{Algorithm:SHA512 Value:2kkt/7niJ6MgEPxF0bYdQ6etZaA+fQvDcLKckhy1yIQOzaoKjBBjSj63/aLVjYE3qhRt5dvM+uUyfCg6UKCBbA==}] PackageHomePage: PackageSourceInfo: PackageLicenseConcluded:NOASSERTION PackageLicenseInfoFromFiles:[] PackageLicenseDeclared:MIT PackageLicenseComments: PackageCopyrightText: PackageSummary: PackageDescription: PackageComment:development dependency PackageExternalReferences:[] PackageAttributionTexts:[] PrimaryPackagePurpose: ReleaseDate: BuiltDate: ValidUntilDate: Files:[] Annotations:[] hasFiles:[]}
Neither CPE nor PURL found for package: &{IsUnpackaged:false PackageName:@jridgewell/remapping PackageSPDXIdentifier:NPM-43ae96c027a14eaa71ed PackageVersion:2.3.5 PackageFileName: PackageSupplier:<nil> PackageOriginator:<nil> PackageDownloadLocation:https://registry.npmjs.org/@jridgewell/remapping/-/remapping-2.3.5.tgz FilesAnalyzed:false IsFilesAnalyzedTagPresent:true PackageVerificationCode:<nil> PackageChecksums:[{Algorithm:SHA512 Value:LI9u/+laYG4Ds1TDKSJW2YPrIlcVYOwi2fUC6xB43lueCjgxV4lffOCZCtYFiH6TNOX+tQKXx97T4IKHbhyHEQ==}] PackageHomePage: PackageSourceInfo: PackageLicenseConcluded:NOASSERTION PackageLicenseInfoFromFiles:[] PackageLicenseDeclared:MIT PackageLicenseComments: PackageCopyrightText: PackageSummary: PackageDescription: PackageComment:development dependency PackageExternalReferences:[] PackageAttributionTexts:[] PrimaryPackagePurpose: ReleaseDate: BuiltDate: ValidUntilDate: Files:[] Annotations:[] hasFiles:[]}
Neither CPE nor PURL found for package: &{IsUnpackaged:false PackageName:@jridgewell/resolve-uri PackageSPDXIdentifier:NPM-3ba312251f16b8993b8a PackageVersion:3.1.2 PackageFileName: PackageSupplier:<nil> PackageOriginator:<nil> PackageDownloadLocation:https://registry.npmjs.org/@jridgewell/resolve-uri/-/resolve-uri-3.1.2.tgz FilesAnalyzed:false IsFilesAnalyzedTagPresent:true PackageVerificationCode:<nil> PackageChecksums:[{Algorithm:SHA512 Value:bRISgCIjP20/tbWSPWMEi54QVPRZExkuD9lJL+UIxUKtwVJA8wW1Trb1jMs1RFXo1CBTNZ/5hpC9QvmKWdopKw==}] PackageHomePage: PackageSourceInfo: PackageLicenseConcluded:NOASSERTION PackageLicenseInfoFromFiles:[] PackageLicenseDeclared:MIT PackageLicenseComments: PackageCopyrightText: PackageSummary: PackageDescription: PackageComment:development dependency PackageExternalReferences:[] PackageAttributionTexts:[] PrimaryPackagePurpose: ReleaseDate: BuiltDate: ValidUntilDate: Files:[] Annotations:[] hasFiles:[]}
Neither CPE nor PURL found for package: &{IsUnpackaged:false PackageName:@jridgewell/sourcemap-codec PackageSPDXIdentifier:NPM-7cc6a7e89395742a565b PackageVersion:1.5.5 PackageFileName: PackageSupplier:<nil> PackageOriginator:<nil> PackageDownloadLocation:https://registry.npmjs.org/@jridgewell/sourcemap-codec/-/sourcemap-codec-1.5.5.tgz FilesAnalyzed:false IsFilesAnalyzedTagPresent:true PackageVerificationCode:<nil> PackageChecksums:[{Algorithm:SHA512 Value:cYQ9310grqxueWbl+WuIUIaiUaDcj7WOq5fVhEljNVgRfOUhY9fy2zTvfoqWsnebh8Sl70VScFbICvJnLKB0Og==}] PackageHomePage: PackageSourceInfo: PackageLicenseConcluded:NOASSERTION PackageLicenseInfoFromFiles:[] PackageLicenseDeclared:MIT PackageLicenseComments: PackageCopyrightText: PackageSummary: PackageDescription: PackageComment:development dependency PackageExternalReferences:[] PackageAttributionTexts:[] PrimaryPackagePurpose: ReleaseDate: BuiltDate: ValidUntilDate: Files:[] Annotations:[] hasFiles:[]}
Neither CPE nor PURL found for package: &{IsUnpackaged:false PackageName:@jridgewell/trace-mapping PackageSPDXIdentifier:NPM-91e8c3876d1a4a45325d PackageVersion:0.3.31 PackageFileName: PackageSupplier:<nil> PackageOriginator:<nil> PackageDownloadLocation:https://registry.npmjs.org/@jridgewell/trace-mapping/-/trace-mapping-0.3.31.tgz FilesAnalyzed:false IsFilesAnalyzedTagPresent:true PackageVerificationCode:<nil> PackageChecksums:[{Algorithm:SHA512 Value:zzNR+SdQSDJzc8joaeP8QQoCQr8NuYx2dIIytl1QeBEZHJ9uW6hebsrYgbz8hJwUQao3TWCMtmfV8Nu1twOLAw==}] PackageHomePage: PackageSourceInfo: PackageLicenseConcluded:NOASSERTION PackageLicenseInfoFromFiles:[] PackageLicenseDeclared:MIT PackageLicenseComments: PackageCopyrightText: PackageSummary: PackageDescription: PackageComment:development dependency PackageExternalReferences:[] PackageAttributionTexts:[] PrimaryPackagePurpose: ReleaseDate: BuiltDate: ValidUntilDate: Files:[] Annotations:[] hasFiles:[]}
Neither CPE nor PURL found for package: &{IsUnpackaged:false PackageName:@malept/cross-spawn-promise PackageSPDXIdentifier:NPM-f858f2831658301994e1 PackageVersion:1.1.1 PackageFileName: PackageSupplier:<nil> PackageOriginator:<nil> PackageDownloadLocation:https://registry.npmjs.org/@malept/cross-spawn-promise/-/cross-spawn-promise-1.1.1.tgz FilesAnalyzed:false IsFilesAnalyzedTagPresent:true PackageVerificationCode:<nil> PackageChecksums:[{Algorithm:SHA512 Value:RTBGWL5FWQcg9orDOCcp4LvItNzUPcyEU9bwaeJX0rJ1IQxzucC48Y0/sQLp/g6t99IQgAlGIaesJS+gTn7tVQ==}] PackageHomePage: PackageSourceInfo: PackageLicenseConcluded:NOASSERTION PackageLicenseInfoFromFiles:[] PackageLicenseDeclared:Apache-2.0 PackageLicenseComments: PackageCopyrightText: PackageSummary: PackageDescription: PackageComment:development dependency PackageExternalReferences:[] PackageAttributionTexts:[] PrimaryPackagePurpose: ReleaseDate: BuiltDate: ValidUntilDate: Files:[] Annotations:[] hasFiles:[]}
Neither CPE nor PURL found for package: &{IsUnpackaged:false PackageName:@malept/flatpak-bundler PackageSPDXIdentifier:NPM-e43a05b82d0a1f54542f PackageVersion:0.4.0 PackageFileName: PackageSupplier:<nil> PackageOriginator:<nil> PackageDownloadLocation:https://registry.npmjs.org/@malept/flatpak-bundler/-/flatpak-bundler-0.4.0.tgz FilesAnalyzed:false IsFilesAnalyzedTagPresent:true PackageVerificationCode:<nil> PackageChecksums:[{Algorithm:SHA512 Value:9QOtNffcOF/c1seMCDnjckb3R9WHcG34tky+FHpNKKCW0wc/scYLwMtO+ptyGUfMW0/b/n4qRiALlaFHc9Oj7Q==}] PackageHomePage: PackageSourceInfo: PackageLicenseConcluded:NOASSERTION PackageLicenseInfoFromFiles:[] PackageLicenseDeclared:MIT PackageLicenseComments: PackageCopyrightText: PackageSummary: PackageDescription: PackageComment:development dependency PackageExternalReferences:[] PackageAttributionTexts:[] PrimaryPackagePurpose: ReleaseDate: BuiltDate: ValidUntilDate: Files:[] Annotations:[] hasFiles:[]}
Neither CPE nor PURL found for package: &{IsUnpackaged:false PackageName:@malept/flatpak-bundler/node_modules/fs-extra PackageSPDXIdentifier:NPM-d85a9e766f4b635d7f6b PackageVersion:9.1.0 PackageFileName: PackageSupplier:<nil> PackageOriginator:<nil> PackageDownloadLocation:https://registry.npmjs.org/fs-extra/-/fs-extra-9.1.0.tgz FilesAnalyzed:false IsFilesAnalyzedTagPresent:true PackageVerificationCode:<nil> PackageChecksums:[{Algorithm:SHA512 Value:hcg3ZmepS30/7BSFqRvoo3DOMQu7IjqxO5nCDt+zM9XWjb33Wg7ziNT+Qvqbuc3+gWpzO02JubVyk2G4Zvo1OQ==}] PackageHomePage: PackageSourceInfo: PackageLicenseConcluded:NOASSERTION PackageLicenseInfoFromFiles:[] PackageLicenseDeclared:MIT PackageLicenseComments: PackageCopyrightText: PackageSummary: PackageDescription: PackageComment:development dependency PackageExternalReferences:[] PackageAttributionTexts:[] PrimaryPackagePurpose: ReleaseDate: BuiltDate: ValidUntilDate: Files:[] Annotations:[] hasFiles:[]}
Neither CPE nor PURL found for package: &{IsUnpackaged:false PackageName:@malept/flatpak-bundler/node_modules/jsonfile PackageSPDXIdentifier:NPM-90ebbd060fc520c41ff0 PackageVersion:6.2.1 PackageFileName: PackageSupplier:<nil> PackageOriginator:<nil> PackageDownloadLocation:https://registry.npmjs.org/jsonfile/-/jsonfile-6.2.1.tgz FilesAnalyzed:false IsFilesAnalyzedTagPresent:true PackageVerificationCode:<nil> PackageChecksums:[{Algorithm:SHA512 Value:zwOTdL3rFQ/lRdBnntKVOX6k5cKJwEc1HdilT71BWEu7J41gXIB2MRp+vxduPSwZJPWBxEzv4yH1wYLJGUHX4Q==}] PackageHomePage: PackageSourceInfo: PackageLicenseConcluded:NOASSERTION PackageLicenseInfoFromFiles:[] PackageLicenseDeclared:MIT PackageLicenseComments: PackageCopyrightText: PackageSummary: PackageDescription: PackageComment:development dependency PackageExternalReferences:[] PackageAttributionTexts:[] PrimaryPackagePurpose: ReleaseDate: BuiltDate: ValidUntilDate: Files:[] Annotations:[] hasFiles:[]}
Neither CPE nor PURL found for package: &{IsUnpackaged:false PackageName:@malept/flatpak-bundler/node_modules/universalify PackageSPDXIdentifier:NPM-f16fa1187c1009a86526 PackageVersion:2.0.1 PackageFileName: PackageSupplier:<nil> PackageOriginator:<nil> PackageDownloadLocation:https://registry.npmjs.org/universalify/-/universalify-2.0.1.tgz FilesAnalyzed:false IsFilesAnalyzedTagPresent:true PackageVerificationCode:<nil> PackageChecksums:[{Algorithm:SHA512 Value:gptHNQghINnc/vTGIk0SOFGFNXw7JVrlRUtConJRlvaw6DuX0wO5Jeko9sWrMBhh+PsYAZ7oXAiOnf/UKogyiw==}] PackageHomePage: PackageSourceInfo: PackageLicenseConcluded:NOASSERTION PackageLicenseInfoFromFiles:[] PackageLicenseDeclared:MIT PackageLicenseComments: PackageCopyrightText: PackageSummary: PackageDescription: PackageComment:development dependency PackageExternalReferences:[] PackageAttributionTexts:[] PrimaryPackagePurpose: ReleaseDate: BuiltDate: ValidUntilDate: Files:[] Annotations:[] hasFiles:[]}
Neither CPE nor PURL found for package: &{IsUnpackaged:false PackageName:@npmcli/fs PackageSPDXIdentifier:NPM-0e27d5c4fb4888d463d1 PackageVersion:1.1.1 PackageFileName: PackageSupplier:<nil> PackageOriginator:<nil> PackageDownloadLocation:https://registry.npmjs.org/@npmcli/fs/-/fs-1.1.1.tgz FilesAnalyzed:false IsFilesAnalyzedTagPresent:true PackageVerificationCode:<nil> PackageChecksums:[{Algorithm:SHA512 Value:8KG5RD0GVP4ydEzRn/I4BNDuxDtqVbOdm8675T49OIG/NGhaK0pjPX7ZcDlvKYbA+ulvVK3ztfcF4uBdOxuJbQ==}] PackageHomePage: PackageSourceInfo: PackageLicenseConcluded:NOASSERTION PackageLicenseInfoFromFiles:[] PackageLicenseDeclared:ISC PackageLicenseComments: PackageCopyrightText: PackageSummary: PackageDescription: PackageComment:runtime or transitive dependency PackageExternalReferences:[] PackageAttributionTexts:[] PrimaryPackagePurpose: ReleaseDate: BuiltDate: ValidUntilDate: Files:[] Annotations:[] hasFiles:[]}
Neither CPE nor PURL found for package: &{IsUnpackaged:false PackageName:@npmcli/fs/node_modules/semver PackageSPDXIdentifier:NPM-a62ade039ac240f2f669 PackageVersion:7.8.2 PackageFileName: PackageSupplier:<nil> PackageOriginator:<nil> PackageDownloadLocation:https://registry.npmjs.org/semver/-/semver-7.8.2.tgz FilesAnalyzed:false IsFilesAnalyzedTagPresent:true PackageVerificationCode:<nil> PackageChecksums:[{Algorithm:SHA512 Value:c8jsqUZm3omBOI66G90z1Dyw5z622G8oLG+omfsHBJf3CWQTlOcwOjvOG6wtiNfW6anKm/eA39LMwMtMez2TiQ==}] PackageHomePage: PackageSourceInfo: PackageLicenseConcluded:NOASSERTION PackageLicenseInfoFromFiles:[] PackageLicenseDeclared:ISC PackageLicenseComments: PackageCopyrightText: PackageSummary: PackageDescription: PackageComment:runtime or transitive dependency PackageExternalReferences:[] PackageAttributionTexts:[] PrimaryPackagePurpose: ReleaseDate: BuiltDate: ValidUntilDate: Files:[] Annotations:[] hasFiles:[]}
Neither CPE nor PURL found for package: &{IsUnpackaged:false PackageName:@npmcli/move-file PackageSPDXIdentifier:NPM-b7b87ae4f596a12a8a88 PackageVersion:1.1.2 PackageFileName: PackageSupplier:<nil> PackageOriginator:<nil> PackageDownloadLocation:https://registry.npmjs.org/@npmcli/move-file/-/move-file-1.1.2.tgz FilesAnalyzed:false IsFilesAnalyzedTagPresent:true PackageVerificationCode:<nil> PackageChecksums:[{Algorithm:SHA512 Value:1SUf/Cg2GzGDyaf15aR9St9TWlb+XvbZXWpDx8YKs7MLzMH/BCeopv+y9vzrzgkfykCGuWOlSu3mZhj2+FQcrg==}] PackageHomePage: PackageSourceInfo: PackageLicenseConcluded:NOASSERTION PackageLicenseInfoFromFiles:[] PackageLicenseDeclared:MIT PackageLicenseComments: PackageCopyrightText: PackageSummary: PackageDescription: PackageComment:runtime or transitive dependency PackageExternalReferences:[] PackageAttributionTexts:[] PrimaryPackagePurpose: ReleaseDate: BuiltDate: ValidUntilDate: Files:[] Annotations:[] hasFiles:[]}
Neither CPE nor PURL found for package: &{IsUnpackaged:false PackageName:@pkgjs/parseargs PackageSPDXIdentifier:NPM-b85432b60a25bda3a6d2 PackageVersion:0.11.0 PackageFileName: PackageSupplier:<nil> PackageOriginator:<nil> PackageDownloadLocation:https://registry.npmjs.org/@pkgjs/parseargs/-/parseargs-0.11.0.tgz FilesAnalyzed:false IsFilesAnalyzedTagPresent:true PackageVerificationCode:<nil> PackageChecksums:[{Algorithm:SHA512 Value:+1VkjdD0QBLPodGrJUeqarH8VAIvQODIbwh9XpP5Syisf7YoQgsJKPNFoqqLQlu+VQ/tVSshMR6loPMn8U+dPg==}] PackageHomePage: PackageSourceInfo: PackageLicenseConcluded:NOASSERTION PackageLicenseInfoFromFiles:[] PackageLicenseDeclared:MIT PackageLicenseComments: PackageCopyrightText: PackageSummary: PackageDescription: PackageComment:development dependency PackageExternalReferences:[] PackageAttributionTexts:[] PrimaryPackagePurpose: ReleaseDate: BuiltDate: ValidUntilDate: Files:[] Annotations:[] hasFiles:[]}
Neither CPE nor PURL found for package: &{IsUnpackaged:false PackageName:@sinclair/typebox PackageSPDXIdentifier:NPM-48575ca72522c2224098 PackageVersion:0.27.10 PackageFileName: PackageSupplier:<nil> PackageOriginator:<nil> PackageDownloadLocation:https://registry.npmjs.org/@sinclair/typebox/-/typebox-0.27.10.tgz FilesAnalyzed:false IsFilesAnalyzedTagPresent:true PackageVerificationCode:<nil> PackageChecksums:[{Algorithm:SHA512 Value:MTBk/3jGLNB2tVxv6uLlFh1iu64iYOQ2PbdOSK3NW8JZsmlaOh2q6sdtKowBhfw8QFLmYNzTW4/oK4uATIi6ZA==}] PackageHomePage: PackageSourceInfo: PackageLicenseConcluded:NOASSERTION PackageLicenseInfoFromFiles:[] PackageLicenseDeclared:MIT PackageLicenseComments: PackageCopyrightText: PackageSummary: PackageDescription: PackageComment:development dependency PackageExternalReferences:[] PackageAttributionTexts:[] PrimaryPackagePurpose: ReleaseDate: BuiltDate: ValidUntilDate: Files:[] Annotations:[] hasFiles:[]}
Neither CPE nor PURL found for package: &{IsUnpackaged:false PackageName:@sindresorhus/is PackageSPDXIdentifier:NPM-be76328f5706725aae08 PackageVersion:4.6.0 PackageFileName: PackageSupplier:<nil> PackageOriginator:<nil> PackageDownloadLocation:https://registry.npmjs.org/@sindresorhus/is/-/is-4.6.0.tgz FilesAnalyzed:false IsFilesAnalyzedTagPresent:true PackageVerificationCode:<nil> PackageChecksums:[{Algorithm:SHA512 Value:t09vSN3MdfsyCHoFcTRCH/iUtG7OJ0CsjzB8cjAmKc/va/kIgeDI/TxsigdncE/4be734m0cvIYwNaV4i2XqAw==}] PackageHomePage: PackageSourceInfo: PackageLicenseConcluded:NOASSERTION PackageLicenseInfoFromFiles:[] PackageLicenseDeclared:MIT PackageLicenseComments: PackageCopyrightText: PackageSummary: PackageDescription: PackageComment:runtime or transitive dependency PackageExternalReferences:[] PackageAttributionTexts:[] PrimaryPackagePurpose: ReleaseDate: BuiltDate: ValidUntilDate: Files:[] Annotations:[] hasFiles:[]}
Neither CPE nor PURL found for package: &{IsUnpackaged:false PackageName:@sinonjs/commons PackageSPDXIdentifier:NPM-318594b3ce90b4bc756a PackageVersion:3.0.1 PackageFileName: PackageSupplier:<nil> PackageOriginator:<nil> PackageDownloadLocation:https://registry.npmjs.org/@sinonjs/commons/-/commons-3.0.1.tgz FilesAnalyzed:false IsFilesAnalyzedTagPresent:true PackageVerificationCode:<nil> PackageChecksums:[{Algorithm:SHA512 Value:K3mCHKQ9sVh8o1C9cxkwxaOmXoAMlDxC1mYyHrjqOWEcBjYr76t96zL2zlj5dUGZ3HSw240X1qgH3Mjf1yJWpQ==}] PackageHomePage: PackageSourceInfo: PackageLicenseConcluded:NOASSERTION PackageLicenseInfoFromFiles:[] PackageLicenseDeclared:BSD-3-Clause PackageLicenseComments: PackageCopyrightText: PackageSummary: PackageDescription: PackageComment:development dependency PackageExternalReferences:[] PackageAttributionTexts:[] PrimaryPackagePurpose: ReleaseDate: BuiltDate: ValidUntilDate: Files:[] Annotations:[] hasFiles:[]}
Neither CPE nor PURL found for package: &{IsUnpackaged:false PackageName:@sinonjs/fake-timers PackageSPDXIdentifier:NPM-8498df8c4b60cca9f67f PackageVersion:10.3.0 PackageFileName: PackageSupplier:<nil> PackageOriginator:<nil> PackageDownloadLocation:https://registry.npmjs.org/@sinonjs/fake-timers/-/fake-timers-10.3.0.tgz FilesAnalyzed:false IsFilesAnalyzedTagPresent:true PackageVerificationCode:<nil> PackageChecksums:[{Algorithm:SHA512 Value:V4BG07kuYSUkTCSBHG8G8TNhM+F19jXFWnQtzj+we8DrkpSBCee9Z3Ms8yiGer/dlmhe35/Xdgyo3/0rQKg7YA==}] PackageHomePage: PackageSourceInfo: PackageLicenseConcluded:NOASSERTION PackageLicenseInfoFromFiles:[] PackageLicenseDeclared:BSD-3-Clause PackageLicenseComments: PackageCopyrightText: PackageSummary: PackageDescription: PackageComment:development dependency PackageExternalReferences:[] PackageAttributionTexts:[] PrimaryPackagePurpose: ReleaseDate: BuiltDate: ValidUntilDate: Files:[] Annotations:[] hasFiles:[]}
Neither CPE nor PURL found for package: &{IsUnpackaged:false PackageName:@szmarczak/http-timer PackageSPDXIdentifier:NPM-fd83f32feb0b20d739f1 PackageVersion:4.0.6 PackageFileName: PackageSupplier:<nil> PackageOriginator:<nil> PackageDownloadLocation:https://registry.npmjs.org/@szmarczak/http-timer/-/http-timer-4.0.6.tgz FilesAnalyzed:false IsFilesAnalyzedTagPresent:true PackageVerificationCode:<nil> PackageChecksums:[{Algorithm:SHA512 Value:4BAffykYOgO+5nzBWYwE3W90sBgLJoUPRWWcL8wlyiM8IB8ipJz3UMJ9KXQd1RKQXpKp8Tutn80HZtWsu2u76w==}] PackageHomePage: PackageSourceInfo: PackageLicenseConcluded:NOASSERTION PackageLicenseInfoFromFiles:[] PackageLicenseDeclared:MIT PackageLicenseComments: PackageCopyrightText: PackageSummary: PackageDescription: PackageComment:development dependency PackageExternalReferences:[] PackageAttributionTexts:[] PrimaryPackagePurpose: ReleaseDate: BuiltDate: ValidUntilDate: Files:[] Annotations:[] hasFiles:[]}
Neither CPE nor PURL found for package: &{IsUnpackaged:false PackageName:@tootallnate/once PackageSPDXIdentifier:NPM-d33c85c3e9eb5448f020 PackageVersion:2.0.1 PackageFileName: PackageSupplier:<nil> PackageOriginator:<nil> PackageDownloadLocation:https://registry.npmjs.org/@tootallnate/once/-/once-2.0.1.tgz FilesAnalyzed:false IsFilesAnalyzedTagPresent:true PackageVerificationCode:<nil> PackageChecksums:[{Algorithm:SHA512 Value:HqmEUIGRJ5fSXchkVgR5F7qn48bDBzv0kWj/Kfu5e6uci4UlEeng4331LnBkWffb++Ei3FOVLxo8JJWMFBDMeQ==}] PackageHomePage: PackageSourceInfo: PackageLicenseConcluded:NOASSERTION PackageLicenseInfoFromFiles:[] PackageLicenseDeclared:MIT PackageLicenseComments: PackageCopyrightText: PackageSummary: PackageDescription: PackageComment:development dependency PackageExternalReferences:[] PackageAttributionTexts:[] PrimaryPackagePurpose: ReleaseDate: BuiltDate: ValidUntilDate: Files:[] Annotations:[] hasFiles:[]}
Neither CPE nor PURL found for package: &{IsUnpackaged:false PackageName:@types/babel__core PackageSPDXIdentifier:NPM-1365550a8adbff328917 PackageVersion:7.20.5 PackageFileName: PackageSupplier:<nil> PackageOriginator:<nil> PackageDownloadLocation:https://registry.npmjs.org/@types/babel__core/-/babel__core-7.20.5.tgz FilesAnalyzed:false IsFilesAnalyzedTagPresent:true PackageVerificationCode:<nil> PackageChecksums:[{Algorithm:SHA512 Value:qoQprZvz5wQFJwMDqeseRXWv3rqMvhgpbXFfVyWhbx9X47POIA6i/+dXefEmZKoAgOaTdaIgNSMqMIU61yRyzA==}] PackageHomePage: PackageSourceInfo: PackageLicenseConcluded:NOASSERTION PackageLicenseInfoFromFiles:[] PackageLicenseDeclared:MIT PackageLicenseComments: PackageCopyrightText: PackageSummary: PackageDescription: PackageComment:development dependency PackageExternalReferences:[] PackageAttributionTexts:[] PrimaryPackagePurpose: ReleaseDate: BuiltDate: ValidUntilDate: Files:[] Annotations:[] hasFiles:[]}
Neither CPE nor PURL found for package: &{IsUnpackaged:false PackageName:@types/babel__generator PackageSPDXIdentifier:NPM-34f1aaa0502490e5a8e2 PackageVersion:7.27.0 PackageFileName: PackageSupplier:<nil> PackageOriginator:<nil> PackageDownloadLocation:https://registry.npmjs.org/@types/babel__generator/-/babel__generator-7.27.0.tgz FilesAnalyzed:false IsFilesAnalyzedTagPresent:true PackageVerificationCode:<nil> PackageChecksums:[{Algorithm:SHA512 Value:ufFd2Xi92OAVPYsy+P4n7/U7e68fex0+Ee8gSG9KX7eo084CWiQ4sdxktvdl0bOPupXtVJPY19zk6EwWqUQ8lg==}] PackageHomePage: PackageSourceInfo: PackageLicenseConcluded:NOASSERTION PackageLicenseInfoFromFiles:[] PackageLicenseDeclared:MIT PackageLicenseComments: PackageCopyrightText: PackageSummary: PackageDescription: PackageComment:development dependency PackageExternalReferences:[] PackageAttributionTexts:[] PrimaryPackagePurpose: ReleaseDate: BuiltDate: ValidUntilDate: Files:[] Annotations:[] hasFiles:[]}
Neither CPE nor PURL found for package: &{IsUnpackaged:false PackageName:@types/babel__template PackageSPDXIdentifier:NPM-ac5ce442c1c97a9c6d1c PackageVersion:7.4.4 PackageFileName: PackageSupplier:<nil> PackageOriginator:<nil> PackageDownloadLocation:https://registry.npmjs.org/@types/babel__template/-/babel__template-7.4.4.tgz FilesAnalyzed:false IsFilesAnalyzedTagPresent:true PackageVerificationCode:<nil> PackageChecksums:[{Algorithm:SHA512 Value:h/NUaSyG5EyxBIp8YRxo4RMe2/qQgvyowRwVMzhYhBCONbW8PUsg4lkFMrhgZhUe5z3L3MiLDuvyJ/CaPa2A8A==}] PackageHomePage: PackageSourceInfo: PackageLicenseConcluded:NOASSERTION PackageLicenseInfoFromFiles:[] PackageLicenseDeclared:MIT PackageLicenseComments: PackageCopyrightText: PackageSummary: PackageDescription: PackageComment:development dependency PackageExternalReferences:[] PackageAttributionTexts:[] PrimaryPackagePurpose: ReleaseDate: BuiltDate: ValidUntilDate: Files:[] Annotations:[] hasFiles:[]}
Neither CPE nor PURL found for package: &{IsUnpackaged:false PackageName:@types/babel__traverse PackageSPDXIdentifier:NPM-b6fa1ecc127b1881b72b PackageVersion:7.28.0 PackageFileName: PackageSupplier:<nil> PackageOriginator:<nil> PackageDownloadLocation:https://registry.npmjs.org/@types/babel__traverse/-/babel__traverse-7.28.0.tgz FilesAnalyzed:false IsFilesAnalyzedTagPresent:true PackageVerificationCode:<nil> PackageChecksums:[{Algorithm:SHA512 Value:8PvcXf70gTDZBgt9ptxJ8elBeBjcLOAcOtoO/mPJjtji1+CdGbHgm77om1GrsPxsiE+uXIpNSK64UYaIwQXd4Q==}] PackageHomePage: PackageSourceInfo: PackageLicenseConcluded:NOASSERTION PackageLicenseInfoFromFiles:[] PackageLicenseDeclared:MIT PackageLicenseComments: PackageCopyrightText: PackageSummary: PackageDescription: PackageComment:development dependency PackageExternalReferences:[] PackageAttributionTexts:[] PrimaryPackagePurpose: ReleaseDate: BuiltDate: ValidUntilDate: Files:[] Annotations:[] hasFiles:[]}
Neither CPE nor PURL found for package: &{IsUnpackaged:false PackageName:@types/cacheable-request PackageSPDXIdentifier:NPM-ea453d3734cb3da43a65 PackageVersion:6.0.3 PackageFileName: PackageSupplier:<nil> PackageOriginator:<nil> PackageDownloadLocation:https://registry.npmjs.org/@types/cacheable-request/-/cacheable-request-6.0.3.tgz FilesAnalyzed:false IsFilesAnalyzedTagPresent:true PackageVerificationCode:<nil> PackageChecksums:[{Algorithm:SHA512 Value:IQ3EbTzGxIigb1I3qPZc1rWJnH0BmSKv5QYTalEwweFvyBDLSAe24zP0le/hyi7ecGfZVlIVAg4BZqb8WBwKqw==}] PackageHomePage: PackageSourceInfo: PackageLicenseConcluded:NOASSERTION PackageLicenseInfoFromFiles:[] PackageLicenseDeclared:MIT PackageLicenseComments: PackageCopyrightText: PackageSummary: PackageDescription: PackageComment:development dependency PackageExternalReferences:[] PackageAttributionTexts:[] PrimaryPackagePurpose: ReleaseDate: BuiltDate: ValidUntilDate: Files:[] Annotations:[] hasFiles:[]}
Neither CPE nor PURL found for package: &{IsUnpackaged:false PackageName:@types/debug PackageSPDXIdentifier:NPM-550daff1ee5585696a4c PackageVersion:4.1.13 PackageFileName: PackageSupplier:<nil> PackageOriginator:<nil> PackageDownloadLocation:https://registry.npmjs.org/@types/debug/-/debug-4.1.13.tgz FilesAnalyzed:false IsFilesAnalyzedTagPresent:true PackageVerificationCode:<nil> PackageChecksums:[{Algorithm:SHA512 Value:KSVgmQmzMwPlmtljOomayoR89W4FynCAi3E8PPs7vmDVPe84hT+vGPKkJfThkmXs0x0jAaa9U8uW8bbfyS2fWw==}] PackageHomePage: PackageSourceInfo: PackageLicenseConcluded:NOASSERTION PackageLicenseInfoFromFiles:[] PackageLicenseDeclared:MIT PackageLicenseComments: PackageCopyrightText: PackageSummary: PackageDescription: PackageComment:development dependency PackageExternalReferences:[] PackageAttributionTexts:[] PrimaryPackagePurpose: ReleaseDate: BuiltDate: ValidUntilDate: Files:[] Annotations:[] hasFiles:[]}
Neither CPE nor PURL found for package: &{IsUnpackaged:false PackageName:@types/fs-extra PackageSPDXIdentifier:NPM-cc49f7f87853663a838e PackageVersion:9.0.13 PackageFileName: PackageSupplier:<nil> PackageOriginator:<nil> PackageDownloadLocation:https://registry.npmjs.org/@types/fs-extra/-/fs-extra-9.0.13.tgz FilesAnalyzed:false IsFilesAnalyzedTagPresent:true PackageVerificationCode:<nil> PackageChecksums:[{Algorithm:SHA512 Value:nEnwB++1u5lVDM2UI4c1+5R+FYaKfaAzS4OococimjVm3nQw3TuzH5UNsocrcTBbhnerblyHj4A49qXbIiZdpA==}] PackageHomePage: PackageSourceInfo: PackageLicenseConcluded:NOASSERTION PackageLicenseInfoFromFiles:[] PackageLicenseDeclared:MIT PackageLicenseComments: PackageCopyrightText: PackageSummary: PackageDescription: PackageComment:development dependency PackageExternalReferences:[] PackageAttributionTexts:[] PrimaryPackagePurpose: ReleaseDate: BuiltDate: ValidUntilDate: Files:[] Annotations:[] hasFiles:[]}
Neither CPE nor PURL found for package: &{IsUnpackaged:false PackageName:@types/graceful-fs PackageSPDXIdentifier:NPM-709e1aee7db5d13d70fd PackageVersion:4.1.9 PackageFileName: PackageSupplier:<nil> PackageOriginator:<nil> PackageDownloadLocation:https://registry.npmjs.org/@types/graceful-fs/-/graceful-fs-4.1.9.tgz FilesAnalyzed:false IsFilesAnalyzedTagPresent:true PackageVerificationCode:<nil> PackageChecksums:[{Algorithm:SHA512 Value:olP3sd1qOEe5dXTSaFvQG+02VdRXcdytWLAZsAq1PecU8uqQAhkrnbli7DagjtXKW/Bl7YJbUsa8MPcuc8LHEQ==}] PackageHomePage: PackageSourceInfo: PackageLicenseConcluded:NOASSERTION PackageLicenseInfoFromFiles:[] PackageLicenseDeclared:MIT PackageLicenseComments: PackageCopyrightText: PackageSummary: PackageDescription: PackageComment:development dependency PackageExternalReferences:[] PackageAttributionTexts:[] PrimaryPackagePurpose: ReleaseDate: BuiltDate: ValidUntilDate: Files:[] Annotations:[] hasFiles:[]}
Neither CPE nor PURL found for package: &{IsUnpackaged:false PackageName:@types/http-cache-semantics PackageSPDXIdentifier:NPM-62ec866ac4dfbdb8d06b PackageVersion:4.2.0 PackageFileName: PackageSupplier:<nil> PackageOriginator:<nil> PackageDownloadLocation:https://registry.npmjs.org/@types/http-cache-semantics/-/http-cache-semantics-4.2.0.tgz FilesAnalyzed:false IsFilesAnalyzedTagPresent:true PackageVerificationCode:<nil> PackageChecksums:[{Algorithm:SHA512 Value:L3LgimLHXtGkWikKnsPg0/VFx9OGZaC+eN1u4r+OB1XRqH3meBIAVC2zr1WdMH+RHmnRkqliQAOHNJ/E0j/e0Q==}] PackageHomePage: PackageSourceInfo: PackageLicenseConcluded:NOASSERTION PackageLicenseInfoFromFiles:[] PackageLicenseDeclared:MIT PackageLicenseComments: PackageCopyrightText: PackageSummary: PackageDescription: PackageComment:development dependency PackageExternalReferences:[] PackageAttributionTexts:[] PrimaryPackagePurpose: ReleaseDate: BuiltDate: ValidUntilDate: Files:[] Annotations:[] hasFiles:[]}
Neither CPE nor PURL found for package: &{IsUnpackaged:false PackageName:@types/istanbul-lib-coverage PackageSPDXIdentifier:NPM-746cefb073052aff5ddf PackageVersion:2.0.6 PackageFileName: PackageSupplier:<nil> PackageOriginator:<nil> PackageDownloadLocation:https://registry.npmjs.org/@types/istanbul-lib-coverage/-/istanbul-lib-coverage-2.0.6.tgz FilesAnalyzed:false IsFilesAnalyzedTagPresent:true PackageVerificationCode:<nil> PackageChecksums:[{Algorithm:SHA512 Value:2QF/t/auWm0lsy8XtKVPG19v3sSOQlJe/YHZgfjb/KBBHOGSV+J2q/S671rcq9uTBrLAXmZpqJiaQbMT+zNU1w==}] PackageHomePage: PackageSourceInfo: PackageLicenseConcluded:NOASSERTION PackageLicenseInfoFromFiles:[] PackageLicenseDeclared:MIT PackageLicenseComments: PackageCopyrightText: PackageSummary: PackageDescription: PackageComment:development dependency PackageExternalReferences:[] PackageAttributionTexts:[] PrimaryPackagePurpose: ReleaseDate: BuiltDate: ValidUntilDate: Files:[] Annotations:[] hasFiles:[]}
Neither CPE nor PURL found for package: &{IsUnpackaged:false PackageName:@types/istanbul-lib-report PackageSPDXIdentifier:NPM-68ad1753b4c995b7d4b5 PackageVersion:3.0.3 PackageFileName: PackageSupplier:<nil> PackageOriginator:<nil> PackageDownloadLocation:https://registry.npmjs.org/@types/istanbul-lib-report/-/istanbul-lib-report-3.0.3.tgz FilesAnalyzed:false IsFilesAnalyzedTagPresent:true PackageVerificationCode:<nil> PackageChecksums:[{Algorithm:SHA512 Value:NQn7AHQnk/RSLOxrBbGyJM/aVQ+pjj5HCgasFxc0K/KhoATfQ/47AyUl15I2yBUpihjmas+a+VJBOqecrFH+uA==}] PackageHomePage: PackageSourceInfo: PackageLicenseConcluded:NOASSERTION PackageLicenseInfoFromFiles:[] PackageLicenseDeclared:MIT PackageLicenseComments: PackageCopyrightText: PackageSummary: PackageDescription: PackageComment:development dependency PackageExternalReferences:[] PackageAttributionTexts:[] PrimaryPackagePurpose: ReleaseDate: BuiltDate: ValidUntilDate: Files:[] Annotations:[] hasFiles:[]}
Neither CPE nor PURL found for package: &{IsUnpackaged:false PackageName:@types/istanbul-reports PackageSPDXIdentifier:NPM-fee81855ca00b0005cb8 PackageVersion:3.0.4 PackageFileName: PackageSupplier:<nil> PackageOriginator:<nil> PackageDownloadLocation:https://registry.npmjs.org/@types/istanbul-reports/-/istanbul-reports-3.0.4.tgz FilesAnalyzed:false IsFilesAnalyzedTagPresent:true PackageVerificationCode:<nil> PackageChecksums:[{Algorithm:SHA512 Value:pk2B1NWalF9toCRu6gjBzR69syFjP4Od8WRAX+0mmf9lAjCRicLOWc+ZrxZHx/0XRjotgkF9t6iaMJ+aXcOdZQ==}] PackageHomePage: PackageSourceInfo: PackageLicenseConcluded:NOASSERTION PackageLicenseInfoFromFiles:[] PackageLicenseDeclared:MIT PackageLicenseComments: PackageCopyrightText: PackageSummary: PackageDescription: PackageComment:development dependency PackageExternalReferences:[] PackageAttributionTexts:[] PrimaryPackagePurpose: ReleaseDate: BuiltDate: ValidUntilDate: Files:[] Annotations:[] hasFiles:[]}
Neither CPE nor PURL found for package: &{IsUnpackaged:false PackageName:@types/keyv PackageSPDXIdentifier:NPM-3c32843f762fff27c363 PackageVersion:3.1.4 PackageFileName: PackageSupplier:<nil> PackageOriginator:<nil> PackageDownloadLocation:https://registry.npmjs.org/@types/keyv/-/keyv-3.1.4.tgz FilesAnalyzed:false IsFilesAnalyzedTagPresent:true PackageVerificationCode:<nil> PackageChecksums:[{Algorithm:SHA512 Value:BQ5aZNSCpj7D6K2ksrRCTmKRLEpnPvWDiLPfoGyhZ++8YtiK9d/3DBKPJgry359X/P1PfruyYwvnvwFjuEiEIg==}] PackageHomePage: PackageSourceInfo: PackageLicenseConcluded:NOASSERTION PackageLicenseInfoFromFiles:[] PackageLicenseDeclared:MIT PackageLicenseComments: PackageCopyrightText: PackageSummary: PackageDescription: PackageComment:development dependency PackageExternalReferences:[] PackageAttributionTexts:[] PrimaryPackagePurpose: ReleaseDate: BuiltDate: ValidUntilDate: Files:[] Annotations:[] hasFiles:[]}
Neither CPE nor PURL found for package: &{IsUnpackaged:false PackageName:@types/ms PackageSPDXIdentifier:NPM-118a06839caac96aaace PackageVersion:2.1.0 PackageFileName: PackageSupplier:<nil> PackageOriginator:<nil> PackageDownloadLocation:https://registry.npmjs.org/@types/ms/-/ms-2.1.0.tgz FilesAnalyzed:false IsFilesAnalyzedTagPresent:true PackageVerificationCode:<nil> PackageChecksums:[{Algorithm:SHA512 Value:GsCCIZDE/p3i96vtEqx+7dBUGXrc7zeSK3wwPHIaRThS+9OhWIXRqzs4d6k1SVU8g91DrNRWxWUGhp5KXQb2VA==}] PackageHomePage: PackageSourceInfo: PackageLicenseConcluded:NOASSERTION PackageLicenseInfoFromFiles:[] PackageLicenseDeclared:MIT PackageLicenseComments: PackageCopyrightText: PackageSummary: PackageDescription: PackageComment:development dependency PackageExternalReferences:[] PackageAttributionTexts:[] PrimaryPackagePurpose: ReleaseDate: BuiltDate: ValidUntilDate: Files:[] Annotations:[] hasFiles:[]}
Neither CPE nor PURL found for package: &{IsUnpackaged:false PackageName:@types/node PackageSPDXIdentifier:NPM-b54b429d61a2ff3af1e5 PackageVersion:24.12.4 PackageFileName: PackageSupplier:<nil> PackageOriginator:<nil> PackageDownloadLocation:https://registry.npmjs.org/@types/node/-/node-24.12.4.tgz FilesAnalyzed:false IsFilesAnalyzedTagPresent:true PackageVerificationCode:<nil> PackageChecksums:[{Algorithm:SHA512 Value:GUUEShf+PBCGW2KaXwcIt3Yk+e3pkKwWKb9GSyM9WQVE+ep2jzmHdGsHzu4wgcZy5fN9FBdVzjpBQsYlpfpgLA==}] PackageHomePage: PackageSourceInfo: PackageLicenseConcluded:NOASSERTION PackageLicenseInfoFromFiles:[] PackageLicenseDeclared:MIT PackageLicenseComments: PackageCopyrightText: PackageSummary: PackageDescription: PackageComment:development dependency PackageExternalReferences:[] PackageAttributionTexts:[] PrimaryPackagePurpose: ReleaseDate: BuiltDate: ValidUntilDate: Files:[] Annotations:[] hasFiles:[]}
Neither CPE nor PURL found for package: &{IsUnpackaged:false PackageName:@types/plist PackageSPDXIdentifier:NPM-bf08b76c276941084f59 PackageVersion:3.0.5 PackageFileName: PackageSupplier:<nil> PackageOriginator:<nil> PackageDownloadLocation:https://registry.npmjs.org/@types/plist/-/plist-3.0.5.tgz FilesAnalyzed:false IsFilesAnalyzedTagPresent:true PackageVerificationCode:<nil> PackageChecksums:[{Algorithm:SHA512 Value:E6OCaRmAe4WDmWNsL/9RMqdkkzDCY1etutkflWk4c+AcjDU07Pcz1fQwTX0TQz+Pxqn9i4L1TU3UFpjnrcDgxA==}] PackageHomePage: PackageSourceInfo: PackageLicenseConcluded:NOASSERTION PackageLicenseInfoFromFiles:[] PackageLicenseDeclared:MIT PackageLicenseComments: PackageCopyrightText: PackageSummary: PackageDescription: PackageComment:development dependency PackageExternalReferences:[] PackageAttributionTexts:[] PrimaryPackagePurpose: ReleaseDate: BuiltDate: ValidUntilDate: Files:[] Annotations:[] hasFiles:[]}
Neither CPE nor PURL found for package: &{IsUnpackaged:false PackageName:@types/responselike PackageSPDXIdentifier:NPM-a47f700e13b9ed36ed2b PackageVersion:1.0.3 PackageFileName: PackageSupplier:<nil> PackageOriginator:<nil> PackageDownloadLocation:https://registry.npmjs.org/@types/responselike/-/responselike-1.0.3.tgz FilesAnalyzed:false IsFilesAnalyzedTagPresent:true PackageVerificationCode:<nil> PackageChecksums:[{Algorithm:SHA512 Value:H/+L+UkTV33uf49PH5pCAUBVPNj2nDBXTN+qS1dOwyyg24l3CcicicCA7ca+HMvJBZcFgl5r8e+RR6elsb4Lyw==}] PackageHomePage: PackageSourceInfo: PackageLicenseConcluded:NOASSERTION PackageLicenseInfoFromFiles:[] PackageLicenseDeclared:MIT PackageLicenseComments: PackageCopyrightText: PackageSummary: PackageDescription: PackageComment:development dependency PackageExternalReferences:[] PackageAttributionTexts:[] PrimaryPackagePurpose: ReleaseDate: BuiltDate: ValidUntilDate: Files:[] Annotations:[] hasFiles:[]}
Neither CPE nor PURL found for package: &{IsUnpackaged:false PackageName:@types/stack-utils PackageSPDXIdentifier:NPM-daa6fdd7a8fb05202a5c PackageVersion:2.0.3 PackageFileName: PackageSupplier:<nil> PackageOriginator:<nil> PackageDownloadLocation:https://registry.npmjs.org/@types/stack-utils/-/stack-utils-2.0.3.tgz FilesAnalyzed:false IsFilesAnalyzedTagPresent:true PackageVerificationCode:<nil> PackageChecksums:[{Algorithm:SHA512 Value:9aEbYZ3TbYMznPdcdr3SmIrLXwC/AKZXQeCf9Pgao5CKb8CyHuEX5jzWPTkvregvhRJHcpRO6BFoGW9ycaOkYw==}] PackageHomePage: PackageSourceInfo: PackageLicenseConcluded:NOASSERTION PackageLicenseInfoFromFiles:[] PackageLicenseDeclared:MIT PackageLicenseComments: PackageCopyrightText: PackageSummary: PackageDescription: PackageComment:development dependency PackageExternalReferences:[] PackageAttributionTexts:[] PrimaryPackagePurpose: ReleaseDate: BuiltDate: ValidUntilDate: Files:[] Annotations:[] hasFiles:[]}
Neither CPE nor PURL found for package: &{IsUnpackaged:false PackageName:@types/verror PackageSPDXIdentifier:NPM-26d37eecc1f9be29b28f PackageVersion:1.10.11 PackageFileName: PackageSupplier:<nil> PackageOriginator:<nil> PackageDownloadLocation:https://registry.npmjs.org/@types/verror/-/verror-1.10.11.tgz FilesAnalyzed:false IsFilesAnalyzedTagPresent:true PackageVerificationCode:<nil> PackageChecksums:[{Algorithm:SHA512 Value:RlDm9K7+o5stv0Co8i8ZRGxDbrTxhJtgjqjFyVh/tXQyl/rYtTKlnTvZ88oSTeYREWurwx20Js4kTuKCsFkUtg==}] PackageHomePage: PackageSourceInfo: PackageLicenseConcluded:NOASSERTION PackageLicenseInfoFromFiles:[] PackageLicenseDeclared:MIT PackageLicenseComments: PackageCopyrightText: PackageSummary: PackageDescription: PackageComment:development dependency PackageExternalReferences:[] PackageAttributionTexts:[] PrimaryPackagePurpose: ReleaseDate: BuiltDate: ValidUntilDate: Files:[] Annotations:[] hasFiles:[]}
Neither CPE nor PURL found for package: &{IsUnpackaged:false PackageName:@types/yargs PackageSPDXIdentifier:NPM-5bd57b5fade22d18e605 PackageVersion:17.0.35 PackageFileName: PackageSupplier:<nil> PackageOriginator:<nil> PackageDownloadLocation:https://registry.npmjs.org/@types/yargs/-/yargs-17.0.35.tgz FilesAnalyzed:false IsFilesAnalyzedTagPresent:true PackageVerificationCode:<nil> PackageChecksums:[{Algorithm:SHA512 Value:qUHkeCyQFxMXg79wQfTtfndEC+N9ZZg76HJftDJp+qH2tV7Gj4OJi7l+PiWwJ+pWtW8GwSmqsDj/oymhrTWXjg==}] PackageHomePage: PackageSourceInfo: PackageLicenseConcluded:NOASSERTION PackageLicenseInfoFromFiles:[] PackageLicenseDeclared:MIT PackageLicenseComments: PackageCopyrightText: PackageSummary: PackageDescription: PackageComment:development dependency PackageExternalReferences:[] PackageAttributionTexts:[] PrimaryPackagePurpose: ReleaseDate: BuiltDate: ValidUntilDate: Files:[] Annotations:[] hasFiles:[]}
Neither CPE nor PURL found for package: &{IsUnpackaged:false PackageName:@types/yargs-parser PackageSPDXIdentifier:NPM-843ea794879d1c34f7bb PackageVersion:21.0.3 PackageFileName: PackageSupplier:<nil> PackageOriginator:<nil> PackageDownloadLocation:https://registry.npmjs.org/@types/yargs-parser/-/yargs-parser-21.0.3.tgz FilesAnalyzed:false IsFilesAnalyzedTagPresent:true PackageVerificationCode:<nil> PackageChecksums:[{Algorithm:SHA512 Value:I4q9QU9MQv4oEOz4tAHJtNz1cwuLxn2F3xcc2iV5WdqLPpUnj30aUuxt1mAxYTG+oe8CZMV/+6rU4S4gRDzqtQ==}] PackageHomePage: PackageSourceInfo: PackageLicenseConcluded:NOASSERTION PackageLicenseInfoFromFiles:[] PackageLicenseDeclared:MIT PackageLicenseComments: PackageCopyrightText: PackageSummary: PackageDescription: PackageComment:development dependency PackageExternalReferences:[] PackageAttributionTexts:[] PrimaryPackagePurpose: ReleaseDate: BuiltDate: ValidUntilDate: Files:[] Annotations:[] hasFiles:[]}
Neither CPE nor PURL found for package: &{IsUnpackaged:false PackageName:@types/yauzl PackageSPDXIdentifier:NPM-728c84c10c34699a02ee PackageVersion:2.10.3 PackageFileName: PackageSupplier:<nil> PackageOriginator:<nil> PackageDownloadLocation:https://registry.npmjs.org/@types/yauzl/-/yauzl-2.10.3.tgz FilesAnalyzed:false IsFilesAnalyzedTagPresent:true PackageVerificationCode:<nil> PackageChecksums:[{Algorithm:SHA512 Value:oJoftv0LSuaDZE3Le4DbKX+KS9G36NzOeSap90UIK0yMA/NhKJhqlSGtNDORNRaIbQfzjXDrQa0ytJ6mNRGz/Q==}] PackageHomePage: PackageSourceInfo: PackageLicenseConcluded:NOASSERTION PackageLicenseInfoFromFiles:[] PackageLicenseDeclared:MIT PackageLicenseComments: PackageCopyrightText: PackageSummary: PackageDescription: PackageComment:development dependency PackageExternalReferences:[] PackageAttributionTexts:[] PrimaryPackagePurpose: ReleaseDate: BuiltDate: ValidUntilDate: Files:[] Annotations:[] hasFiles:[]}
Neither CPE nor PURL found for package: &{IsUnpackaged:false PackageName:@xmldom/xmldom PackageSPDXIdentifier:NPM-b91039fd599bde13fcf6 PackageVersion:0.9.10 PackageFileName: PackageSupplier:<nil> PackageOriginator:<nil> PackageDownloadLocation:https://registry.npmjs.org/@xmldom/xmldom/-/xmldom-0.9.10.tgz FilesAnalyzed:false IsFilesAnalyzedTagPresent:true PackageVerificationCode:<nil> PackageChecksums:[{Algorithm:SHA512 Value:A9gOqLdi6cV4ibazAjcQufGj0B1y/vDqYrcuP6d/6x8P27gRS8643Dj9o1dEKtB6O7fwxb2FgBmJS2mX7gpvdw==}] PackageHomePage: PackageSourceInfo: PackageLicenseConcluded:NOASSERTION PackageLicenseInfoFromFiles:[] PackageLicenseDeclared:MIT PackageLicenseComments: PackageCopyrightText: PackageSummary: PackageDescription: PackageComment:development dependency PackageExternalReferences:[] PackageAttributionTexts:[] PrimaryPackagePurpose: ReleaseDate: BuiltDate: ValidUntilDate: Files:[] Annotations:[] hasFiles:[]}
Neither CPE nor PURL found for package: &{IsUnpackaged:false PackageName:7zip-bin PackageSPDXIdentifier:NPM-8e33ade48ec569ee750b PackageVersion:5.2.0 PackageFileName: PackageSupplier:<nil> PackageOriginator:<nil> PackageDownloadLocation:https://registry.npmjs.org/7zip-bin/-/7zip-bin-5.2.0.tgz FilesAnalyzed:false IsFilesAnalyzedTagPresent:true PackageVerificationCode:<nil> PackageChecksums:[{Algorithm:SHA512 Value:ukTPVhqG4jNzMro2qA9HSCSSVJN3aN7tlb+hfqYCt3ER0yWroeA2VR38MNrOHLQ/cVj+DaIMad0kFCtWWowh/A==}] PackageHomePage: PackageSourceInfo: PackageLicenseConcluded:NOASSERTION PackageLicenseInfoFromFiles:[] PackageLicenseDeclared:MIT PackageLicenseComments: PackageCopyrightText: PackageSummary: PackageDescription: PackageComment:development dependency PackageExternalReferences:[] PackageAttributionTexts:[] PrimaryPackagePurpose: ReleaseDate: BuiltDate: ValidUntilDate: Files:[] Annotations:[] hasFiles:[]}
Neither CPE nor PURL found for package: &{IsUnpackaged:false PackageName:abbrev PackageSPDXIdentifier:NPM-833e7f77a7281caac706 PackageVersion:1.1.1 PackageFileName: PackageSupplier:<nil> PackageOriginator:<nil> PackageDownloadLocation:https://registry.npmjs.org/abbrev/-/abbrev-1.1.1.tgz FilesAnalyzed:false IsFilesAnalyzedTagPresent:true PackageVerificationCode:<nil> PackageChecksums:[{Algorithm:SHA512 Value:nne9/IiQ/hzIhY6pdDnbBtz7DjPTKrY00P/zvPSm5pOFkl6xuGrGnXn/VtTNNfNtAfZ9/1RtehkszU9qcTii0Q==}] PackageHomePage: PackageSourceInfo: PackageLicenseConcluded:NOASSERTION PackageLicenseInfoFromFiles:[] PackageLicenseDeclared:ISC PackageLicenseComments: PackageCopyrightText: PackageSummary: PackageDescription: PackageComment:runtime or transitive dependency PackageExternalReferences:[] PackageAttributionTexts:[] PrimaryPackagePurpose: ReleaseDate: BuiltDate: ValidUntilDate: Files:[] Annotations:[] hasFiles:[]}
Neither CPE nor PURL found for package: &{IsUnpackaged:false PackageName:accepts PackageSPDXIdentifier:NPM-4c224d266c36e8e0abc4 PackageVersion:1.3.8 PackageFileName: PackageSupplier:<nil> PackageOriginator:<nil> PackageDownloadLocation:https://registry.npmjs.org/accepts/-/accepts-1.3.8.tgz FilesAnalyzed:false IsFilesAnalyzedTagPresent:true PackageVerificationCode:<nil> PackageChecksums:[{Algorithm:SHA512 Value:PYAthTa2m2VKxuvSD3DPC/Gy+U+sOA1LAuT8mkmRuvw+NACSaeXEQ+NHcVF7rONl6qcaxV3Uuemwawk+7+SJLw==}] PackageHomePage: PackageSourceInfo: PackageLicenseConcluded:NOASSERTION PackageLicenseInfoFromFiles:[] PackageLicenseDeclared:MIT PackageLicenseComments: PackageCopyrightText: PackageSummary: PackageDescription: PackageComment:runtime or transitive dependency PackageExternalReferences:[] PackageAttributionTexts:[] PrimaryPackagePurpose: ReleaseDate: BuiltDate: ValidUntilDate: Files:[] Annotations:[] hasFiles:[]}
Neither CPE nor PURL found for package: &{IsUnpackaged:false PackageName:adm-zip PackageSPDXIdentifier:NPM-1fa0fa75d4aab98b976b PackageVersion:0.5.17 PackageFileName: PackageSupplier:<nil> PackageOriginator:<nil> PackageDownloadLocation:https://registry.npmjs.org/adm-zip/-/adm-zip-0.5.17.tgz FilesAnalyzed:false IsFilesAnalyzedTagPresent:true PackageVerificationCode:<nil> PackageChecksums:[{Algorithm:SHA512 Value:+Ut8d9LLqwEvHHJl1+PIHqoyDxFgVN847JTVM3Izi3xHDWPE4UtzzXysMZQs64DMcrJfBeS/uoEP4AD3HQHnQQ==}] PackageHomePage: PackageSourceInfo: PackageLicenseConcluded:NOASSERTION PackageLicenseInfoFromFiles:[] PackageLicenseDeclared:MIT PackageLicenseComments: PackageCopyrightText: PackageSummary: PackageDescription: PackageComment:runtime or transitive dependency PackageExternalReferences:[] PackageAttributionTexts:[] PrimaryPackagePurpose: ReleaseDate: BuiltDate: ValidUntilDate: Files:[] Annotations:[] hasFiles:[]}
Neither CPE nor PURL found for package: &{IsUnpackaged:false PackageName:agent-base PackageSPDXIdentifier:NPM-90b79cd8f1f67d4f29e7 PackageVersion:6.0.2 PackageFileName: PackageSupplier:<nil> PackageOriginator:<nil> PackageDownloadLocation:https://registry.npmjs.org/agent-base/-/agent-base-6.0.2.tgz FilesAnalyzed:false IsFilesAnalyzedTagPresent:true PackageVerificationCode:<nil> PackageChecksums:[{Algorithm:SHA512 Value:RZNwNclF7+MS/8bDg70amg32dyeZGZxiDuQmZxKLAlQjr3jGyLx+4Kkk58UO7D2QdgFIQCovuSuZESne6RG6XQ==}] PackageHomePage: PackageSourceInfo: PackageLicenseConcluded:NOASSERTION PackageLicenseInfoFromFiles:[] PackageLicenseDeclared:MIT PackageLicenseComments: PackageCopyrightText: PackageSummary: PackageDescription: PackageComment:runtime or transitive dependency PackageExternalReferences:[] PackageAttributionTexts:[] PrimaryPackagePurpose: ReleaseDate: BuiltDate: ValidUntilDate: Files:[] Annotations:[] hasFiles:[]}
Neither CPE nor PURL found for package: &{IsUnpackaged:false PackageName:agentkeepalive PackageSPDXIdentifier:NPM-740deb0abaad0736d868 PackageVersion:4.6.0 PackageFileName: PackageSupplier:<nil> PackageOriginator:<nil> PackageDownloadLocation:https://registry.npmjs.org/agentkeepalive/-/agentkeepalive-4.6.0.tgz FilesAnalyzed:false IsFilesAnalyzedTagPresent:true PackageVerificationCode:<nil> PackageChecksums:[{Algorithm:SHA512 Value:kja8j7PjmncONqaTsB8fQ+wE2mSU2DJ9D4XKoJ5PFWIdRMa6SLSN1ff4mOr4jCbfRSsxR4keIiySJU0N9T5hIQ==}] PackageHomePage: PackageSourceInfo: PackageLicenseConcluded:NOASSERTION PackageLicenseInfoFromFiles:[] PackageLicenseDeclared:MIT PackageLicenseComments: PackageCopyrightText: PackageSummary: PackageDescription: PackageComment:runtime or transitive dependency PackageExternalReferences:[] PackageAttributionTexts:[] PrimaryPackagePurpose: ReleaseDate: BuiltDate: ValidUntilDate: Files:[] Annotations:[] hasFiles:[]}
Neither CPE nor PURL found for package: &{IsUnpackaged:false PackageName:aggregate-error PackageSPDXIdentifier:NPM-083bee2e7ba4639954c2 PackageVersion:3.1.0 PackageFileName: PackageSupplier:<nil> PackageOriginator:<nil> PackageDownloadLocation:https://registry.npmjs.org/aggregate-error/-/aggregate-error-3.1.0.tgz FilesAnalyzed:false IsFilesAnalyzedTagPresent:true PackageVerificationCode:<nil> PackageChecksums:[{Algorithm:SHA512 Value:4I7Td01quW/RpocfNayFdFVk1qSuoh0E7JrbRJ16nH01HhKFQ88INq9Sd+nd72zqRySlr9BmDA8xlEJ6vJMrYA==}] PackageHomePage: PackageSourceInfo: PackageLicenseConcluded:NOASSERTION PackageLicenseInfoFromFiles:[] PackageLicenseDeclared:MIT PackageLicenseComments: PackageCopyrightText: PackageSummary: PackageDescription: PackageComment:runtime or transitive dependency PackageExternalReferences:[] PackageAttributionTexts:[] PrimaryPackagePurpose: ReleaseDate: BuiltDate: ValidUntilDate: Files:[] Annotations:[] hasFiles:[]}
Neither CPE nor PURL found for package: &{IsUnpackaged:false PackageName:ajv PackageSPDXIdentifier:NPM-ad437bedcb0866d17714 PackageVersion:6.15.0 PackageFileName: PackageSupplier:<nil> PackageOriginator:<nil> PackageDownloadLocation:https://registry.npmjs.org/ajv/-/ajv-6.15.0.tgz FilesAnalyzed:false IsFilesAnalyzedTagPresent:true PackageVerificationCode:<nil> PackageChecksums:[{Algorithm:SHA512 Value:fgFx7Hfoq60ytK2c7DhnF8jIvzYgOMxfugjLOSMHjLIPgenqa7S7oaagATUq99mV6IYvN2tRmC0wnTYX6iPbMw==}] PackageHomePage: PackageSourceInfo: PackageLicenseConcluded:NOASSERTION PackageLicenseInfoFromFiles:[] PackageLicenseDeclared:MIT PackageLicenseComments: PackageCopyrightText: PackageSummary: PackageDescription: PackageComment:development dependency PackageExternalReferences:[] PackageAttributionTexts:[] PrimaryPackagePurpose: ReleaseDate: BuiltDate: ValidUntilDate: Files:[] Annotations:[] hasFiles:[]}
Neither CPE nor PURL found for package: &{IsUnpackaged:false PackageName:ajv-keywords PackageSPDXIdentifier:NPM-0f49fe3b198e91775aa2 PackageVersion:3.5.2 PackageFileName: PackageSupplier:<nil> PackageOriginator:<nil> PackageDownloadLocation:https://registry.npmjs.org/ajv-keywords/-/ajv-keywords-3.5.2.tgz FilesAnalyzed:false IsFilesAnalyzedTagPresent:true PackageVerificationCode:<nil> PackageChecksums:[{Algorithm:SHA512 Value:5p6WTN0DdTGVQk6VjcEju19IgaHudalcfabD7yhDGeA6bcQnmL+CpveLJq/3hvfwd1aof6L386Ougkx6RfyMIQ==}] PackageHomePage: PackageSourceInfo: PackageLicenseConcluded:NOASSERTION PackageLicenseInfoFromFiles:[] PackageLicenseDeclared:MIT PackageLicenseComments: PackageCopyrightText: PackageSummary: PackageDescription: PackageComment:development dependency PackageExternalReferences:[] PackageAttributionTexts:[] PrimaryPackagePurpose: ReleaseDate: BuiltDate: ValidUntilDate: Files:[] Annotations:[] hasFiles:[]}
Neither CPE nor PURL found for package: &{IsUnpackaged:false PackageName:ansi-escapes PackageSPDXIdentifier:NPM-fd95447eaadd8d2e160c PackageVersion:4.3.2 PackageFileName: PackageSupplier:<nil> PackageOriginator:<nil> PackageDownloadLocation:https://registry.npmjs.org/ansi-escapes/-/ansi-escapes-4.3.2.tgz FilesAnalyzed:false IsFilesAnalyzedTagPresent:true PackageVerificationCode:<nil> PackageChecksums:[{Algorithm:SHA512 Value:gKXj5ALrKWQLsYG9jlTRmR/xKluxHV+Z9QEwNIgCfM1/uwPMCuzVVnh5mwTd+OuBZcwSIMbqssNWRm1lE51QaQ==}] PackageHomePage: PackageSourceInfo: PackageLicenseConcluded:NOASSERTION PackageLicenseInfoFromFiles:[] PackageLicenseDeclared:MIT PackageLicenseComments: PackageCopyrightText: PackageSummary: PackageDescription: PackageComment:development dependency PackageExternalReferences:[] PackageAttributionTexts:[] PrimaryPackagePurpose: ReleaseDate: BuiltDate: ValidUntilDate: Files:[] Annotations:[] hasFiles:[]}
Neither CPE nor PURL found for package: &{IsUnpackaged:false PackageName:ansi-regex PackageSPDXIdentifier:NPM-7fa0e28daa6f9c697017 PackageVersion:5.0.1 PackageFileName: PackageSupplier:<nil> PackageOriginator:<nil> PackageDownloadLocation:https://registry.npmjs.org/ansi-regex/-/ansi-regex-5.0.1.tgz FilesAnalyzed:false IsFilesAnalyzedTagPresent:true PackageVerificationCode:<nil> PackageChecksums:[{Algorithm:SHA512 Value:quJQXlTSUGL2LH9SUXo8VwsY4soanhgo6LNSm84E1LBcE8s3O0wpdiRzyR9z/ZZJMlMWv37qOOb9pdJlMUEKFQ==}] PackageHomePage: PackageSourceInfo: PackageLicenseConcluded:NOASSERTION PackageLicenseInfoFromFiles:[] PackageLicenseDeclared:MIT PackageLicenseComments: PackageCopyrightText: PackageSummary: PackageDescription: PackageComment:runtime or transitive dependency PackageExternalReferences:[] PackageAttributionTexts:[] PrimaryPackagePurpose: ReleaseDate: BuiltDate: ValidUntilDate: Files:[] Annotations:[] hasFiles:[]}
Neither CPE nor PURL found for package: &{IsUnpackaged:false PackageName:ansi-styles PackageSPDXIdentifier:NPM-22c90e10fdbeeedded47 PackageVersion:4.3.0 PackageFileName: PackageSupplier:<nil> PackageOriginator:<nil> PackageDownloadLocation:https://registry.npmjs.org/ansi-styles/-/ansi-styles-4.3.0.tgz FilesAnalyzed:false IsFilesAnalyzedTagPresent:true PackageVerificationCode:<nil> PackageChecksums:[{Algorithm:SHA512 Value:zbB9rCJAT1rbjiVDb2hqKFHNYLxgtk8NURxZ3IZwD3F6NtxbXZQCnnSi1Lkx+IDohdPlFp222wVALIheZJQSEg==}] PackageHomePage: PackageSourceInfo: PackageLicenseConcluded:NOASSERTION PackageLicenseInfoFromFiles:[] PackageLicenseDeclared:MIT PackageLicenseComments: PackageCopyrightText: PackageSummary: PackageDescription: PackageComment:development dependency PackageExternalReferences:[] PackageAttributionTexts:[] PrimaryPackagePurpose: ReleaseDate: BuiltDate: ValidUntilDate: Files:[] Annotations:[] hasFiles:[]}
Neither CPE nor PURL found for package: &{IsUnpackaged:false PackageName:anymatch PackageSPDXIdentifier:NPM-9b03dc9bb2601d4ef7f4 PackageVersion:3.1.3 PackageFileName: PackageSupplier:<nil> PackageOriginator:<nil> PackageDownloadLocation:https://registry.npmjs.org/anymatch/-/anymatch-3.1.3.tgz FilesAnalyzed:false IsFilesAnalyzedTagPresent:true PackageVerificationCode:<nil> PackageChecksums:[{Algorithm:SHA512 Value:KMReFUr0B4t+D+OBkjR3KYqvocp2XaSzO55UcB6mgQMd3KbcE+mWTyvVV7D/zsdEbNnV6acZUutkiHQXvTr1Rw==}] PackageHomePage: PackageSourceInfo: PackageLicenseConcluded:NOASSERTION PackageLicenseInfoFromFiles:[] PackageLicenseDeclared:ISC PackageLicenseComments: PackageCopyrightText: PackageSummary: PackageDescription: PackageComment:development dependency PackageExternalReferences:[] PackageAttributionTexts:[] PrimaryPackagePurpose: ReleaseDate: BuiltDate: ValidUntilDate: Files:[] Annotations:[] hasFiles:[]}
Neither CPE nor PURL found for package: &{IsUnpackaged:false PackageName:app-builder-bin PackageSPDXIdentifier:NPM-fce19b222f2c0850ea9d PackageVersion:4.0.0 PackageFileName: PackageSupplier:<nil> PackageOriginator:<nil> PackageDownloadLocation:https://registry.npmjs.org/app-builder-bin/-/app-builder-bin-4.0.0.tgz FilesAnalyzed:false IsFilesAnalyzedTagPresent:true PackageVerificationCode:<nil> PackageChecksums:[{Algorithm:SHA512 Value:xwdG0FJPQMe0M0UA4Tz0zEB8rBJTRA5a476ZawAqiBkMv16GRK5xpXThOjMaEOFnZ6zabejjG4J3da0SXG63KA==}] PackageHomePage: PackageSourceInfo: PackageLicenseConcluded:NOASSERTION PackageLicenseInfoFromFiles:[] PackageLicenseDeclared:MIT PackageLicenseComments: PackageCopyrightText: PackageSummary: PackageDescription: PackageComment:development dependency PackageExternalReferences:[] PackageAttributionTexts:[] PrimaryPackagePurpose: ReleaseDate: BuiltDate: ValidUntilDate: Files:[] Annotations:[] hasFiles:[]}
Neither CPE nor PURL found for package: &{IsUnpackaged:false PackageName:app-builder-lib PackageSPDXIdentifier:NPM-dfa9272e2d4e725220ba PackageVersion:24.13.3 PackageFileName: PackageSupplier:<nil> PackageOriginator:<nil> PackageDownloadLocation:https://registry.npmjs.org/app-builder-lib/-/app-builder-lib-24.13.3.tgz FilesAnalyzed:false IsFilesAnalyzedTagPresent:true PackageVerificationCode:<nil> PackageChecksums:[{Algorithm:SHA512 Value:FAzX6IBit2POXYGnTCT8YHFO/lr5AapAII6zzhQO3Rw4cEDOgK+t1xhLc5tNcKlicTHlo9zxIwnYCX9X2DLkig==}] PackageHomePage: PackageSourceInfo: PackageLicenseConcluded:NOASSERTION PackageLicenseInfoFromFiles:[] PackageLicenseDeclared:MIT PackageLicenseComments: PackageCopyrightText: PackageSummary: PackageDescription: PackageComment:development dependency PackageExternalReferences:[] PackageAttributionTexts:[] PrimaryPackagePurpose: ReleaseDate: BuiltDate: ValidUntilDate: Files:[] Annotations:[] hasFiles:[]}
Neither CPE nor PURL found for package: &{IsUnpackaged:false PackageName:app-builder-lib/node_modules/fs-extra PackageSPDXIdentifier:NPM-e455377777687e378968 PackageVersion:10.1.0 PackageFileName: PackageSupplier:<nil> PackageOriginator:<nil> PackageDownloadLocation:https://registry.npmjs.org/fs-extra/-/fs-extra-10.1.0.tgz FilesAnalyzed:false IsFilesAnalyzedTagPresent:true PackageVerificationCode:<nil> PackageChecksums:[{Algorithm:SHA512 Value:oRXApq54ETRj4eMiFzGnHWGy+zo5raudjuxN0b8H7s/RU2oW0Wvsx9O0ACRN/kRq9E8Vu/ReskGB5o3ji+FzHQ==}] PackageHomePage: PackageSourceInfo: PackageLicenseConcluded:NOASSERTION PackageLicenseInfoFromFiles:[] PackageLicenseDeclared:MIT PackageLicenseComments: PackageCopyrightText: PackageSummary: PackageDescription: PackageComment:development dependency PackageExternalReferences:[] PackageAttributionTexts:[] PrimaryPackagePurpose: ReleaseDate: BuiltDate: ValidUntilDate: Files:[] Annotations:[] hasFiles:[]}
Neither CPE nor PURL found for package: &{IsUnpackaged:false PackageName:app-builder-lib/node_modules/jsonfile PackageSPDXIdentifier:NPM-8cf2f9d092a8dd1bb80b PackageVersion:6.2.1 PackageFileName: PackageSupplier:<nil> PackageOriginator:<nil> PackageDownloadLocation:https://registry.npmjs.org/jsonfile/-/jsonfile-6.2.1.tgz FilesAnalyzed:false IsFilesAnalyzedTagPresent:true PackageVerificationCode:<nil> PackageChecksums:[{Algorithm:SHA512 Value:zwOTdL3rFQ/lRdBnntKVOX6k5cKJwEc1HdilT71BWEu7J41gXIB2MRp+vxduPSwZJPWBxEzv4yH1wYLJGUHX4Q==}] PackageHomePage: PackageSourceInfo: PackageLicenseConcluded:NOASSERTION PackageLicenseInfoFromFiles:[] PackageLicenseDeclared:MIT PackageLicenseComments: PackageCopyrightText: PackageSummary: PackageDescription: PackageComment:development dependency PackageExternalReferences:[] PackageAttributionTexts:[] PrimaryPackagePurpose: ReleaseDate: BuiltDate: ValidUntilDate: Files:[] Annotations:[] hasFiles:[]}
Neither CPE nor PURL found for package: &{IsUnpackaged:false PackageName:app-builder-lib/node_modules/semver PackageSPDXIdentifier:NPM-30ee274eeb3181f45395 PackageVersion:7.8.2 PackageFileName: PackageSupplier:<nil> PackageOriginator:<nil> PackageDownloadLocation:https://registry.npmjs.org/semver/-/semver-7.8.2.tgz FilesAnalyzed:false IsFilesAnalyzedTagPresent:true PackageVerificationCode:<nil> PackageChecksums:[{Algorithm:SHA512 Value:c8jsqUZm3omBOI66G90z1Dyw5z622G8oLG+omfsHBJf3CWQTlOcwOjvOG6wtiNfW6anKm/eA39LMwMtMez2TiQ==}] PackageHomePage: PackageSourceInfo: PackageLicenseConcluded:NOASSERTION PackageLicenseInfoFromFiles:[] PackageLicenseDeclared:ISC PackageLicenseComments: PackageCopyrightText: PackageSummary: PackageDescription: PackageComment:development dependency PackageExternalReferences:[] PackageAttributionTexts:[] PrimaryPackagePurpose: ReleaseDate: BuiltDate: ValidUntilDate: Files:[] Annotations:[] hasFiles:[]}
Neither CPE nor PURL found for package: &{IsUnpackaged:false PackageName:app-builder-lib/node_modules/universalify PackageSPDXIdentifier:NPM-f5289f51c4040cd03055 PackageVersion:2.0.1 PackageFileName: PackageSupplier:<nil> PackageOriginator:<nil> PackageDownloadLocation:https://registry.npmjs.org/universalify/-/universalify-2.0.1.tgz FilesAnalyzed:false IsFilesAnalyzedTagPresent:true PackageVerificationCode:<nil> PackageChecksums:[{Algorithm:SHA512 Value:gptHNQghINnc/vTGIk0SOFGFNXw7JVrlRUtConJRlvaw6DuX0wO5Jeko9sWrMBhh+PsYAZ7oXAiOnf/UKogyiw==}] PackageHomePage: PackageSourceInfo: PackageLicenseConcluded:NOASSERTION PackageLicenseInfoFromFiles:[] PackageLicenseDeclared:MIT PackageLicenseComments: PackageCopyrightText: PackageSummary: PackageDescription: PackageComment:development dependency PackageExternalReferences:[] PackageAttributionTexts:[] PrimaryPackagePurpose: ReleaseDate: BuiltDate: ValidUntilDate: Files:[] Annotations:[] hasFiles:[]}
Neither CPE nor PURL found for package: &{IsUnpackaged:false PackageName:aproba PackageSPDXIdentifier:NPM-b02a96afe5de6e047b47 PackageVersion:2.1.0 PackageFileName: PackageSupplier:<nil> PackageOriginator:<nil> PackageDownloadLocation:https://registry.npmjs.org/aproba/-/aproba-2.1.0.tgz FilesAnalyzed:false IsFilesAnalyzedTagPresent:true PackageVerificationCode:<nil> PackageChecksums:[{Algorithm:SHA512 Value:tLIEcj5GuR2RSTnxNKdkK0dJ/GrC7P38sUkiDmDuHfsHmbagTFAxDVIBltoklXEVIQ/f14IL8IMJ5pn9Hez1Ew==}] PackageHomePage: PackageSourceInfo: PackageLicenseConcluded:NOASSERTION PackageLicenseInfoFromFiles:[] PackageLicenseDeclared:ISC PackageLicenseComments: PackageCopyrightText: PackageSummary: PackageDescription: PackageComment:runtime or transitive dependency PackageExternalReferences:[] PackageAttributionTexts:[] PrimaryPackagePurpose: ReleaseDate: BuiltDate: ValidUntilDate: Files:[] Annotations:[] hasFiles:[]}
Neither CPE nor PURL found for package: &{IsUnpackaged:false PackageName:archiver PackageSPDXIdentifier:NPM-a950083db2db09ac5823 PackageVersion:5.3.2 PackageFileName: PackageSupplier:<nil> PackageOriginator:<nil> PackageDownloadLocation:https://registry.npmjs.org/archiver/-/archiver-5.3.2.tgz FilesAnalyzed:false IsFilesAnalyzedTagPresent:true PackageVerificationCode:<nil> PackageChecksums:[{Algorithm:SHA512 Value:+25nxyyznAXF7Nef3y0EbBeqmGZgeN/BxHX29Rs39djAfaFalmQ89SE6CWyDCHzGL0yt/ycBtNOmGTW0FyGWNw==}] PackageHomePage: PackageSourceInfo: PackageLicenseConcluded:NOASSERTION PackageLicenseInfoFromFiles:[] PackageLicenseDeclared:MIT PackageLicenseComments: PackageCopyrightText: PackageSummary: PackageDescription: PackageComment:development dependency PackageExternalReferences:[] PackageAttributionTexts:[] PrimaryPackagePurpose: ReleaseDate: BuiltDate: ValidUntilDate: Files:[] Annotations:[] hasFiles:[]}
Neither CPE nor PURL found for package: &{IsUnpackaged:false PackageName:archiver-utils PackageSPDXIdentifier:NPM-436561d0d12ceb703d92 PackageVersion:2.1.0 PackageFileName: PackageSupplier:<nil> PackageOriginator:<nil> PackageDownloadLocation:https://registry.npmjs.org/archiver-utils/-/archiver-utils-2.1.0.tgz FilesAnalyzed:false IsFilesAnalyzedTagPresent:true PackageVerificationCode:<nil> PackageChecksums:[{Algorithm:SHA512 Value:bEL/yUb/fNNiNTuUz979Z0Yg5L+LzLxGJz8x79lYmR54fmTIb6ob/hNQgkQnIUDWIFjZVQwl9Xs356I6BAMHfw==}] PackageHomePage: PackageSourceInfo: PackageLicenseConcluded:NOASSERTION PackageLicenseInfoFromFiles:[] PackageLicenseDeclared:MIT PackageLicenseComments: PackageCopyrightText: PackageSummary: PackageDescription: PackageComment:development dependency PackageExternalReferences:[] PackageAttributionTexts:[] PrimaryPackagePurpose: ReleaseDate: BuiltDate: ValidUntilDate: Files:[] Annotations:[] hasFiles:[]}
Neither CPE nor PURL found for package: &{IsUnpackaged:false PackageName:archiver-utils/node_modules/readable-stream PackageSPDXIdentifier:NPM-d68a6fbb831038840314 PackageVersion:2.3.8 PackageFileName: PackageSupplier:<nil> PackageOriginator:<nil> PackageDownloadLocation:https://registry.npmjs.org/readable-stream/-/readable-stream-2.3.8.tgz FilesAnalyzed:false IsFilesAnalyzedTagPresent:true PackageVerificationCode:<nil> PackageChecksums:[{Algorithm:SHA512 Value:8p0AUk4XODgIewSi0l8Epjs+EVnWiK7NoDIEGU0HhE7+ZyY8D1IMY7odu5lRrFXGg71L15KG8QrPmum45RTtdA==}] PackageHomePage: PackageSourceInfo: PackageLicenseConcluded:NOASSERTION PackageLicenseInfoFromFiles:[] PackageLicenseDeclared:MIT PackageLicenseComments: PackageCopyrightText: PackageSummary: PackageDescription: PackageComment:development dependency PackageExternalReferences:[] PackageAttributionTexts:[] PrimaryPackagePurpose: ReleaseDate: BuiltDate: ValidUntilDate: Files:[] Annotations:[] hasFiles:[]}
Neither CPE nor PURL found for package: &{IsUnpackaged:false PackageName:archiver-utils/node_modules/safe-buffer PackageSPDXIdentifier:NPM-12cd06d1f5a9b5ae3de2 PackageVersion:5.1.2 PackageFileName: PackageSupplier:<nil> PackageOriginator:<nil> PackageDownloadLocation:https://registry.npmjs.org/safe-buffer/-/safe-buffer-5.1.2.tgz FilesAnalyzed:false IsFilesAnalyzedTagPresent:true PackageVerificationCode:<nil> PackageChecksums:[{Algorithm:SHA512 Value:Gd2UZBJDkXlY7GbJxfsE8/nvKkUEU1G38c1siN6QP6a9PT9MmHB8GnpscSmMJSoF8LOIrt8ud/wPtojys4G6+g==}] PackageHomePage: PackageSourceInfo: PackageLicenseConcluded:NOASSERTION PackageLicenseInfoFromFiles:[] PackageLicenseDeclared:MIT PackageLicenseComments: PackageCopyrightText: PackageSummary: PackageDescription: PackageComment:development dependency PackageExternalReferences:[] PackageAttributionTexts:[] PrimaryPackagePurpose: ReleaseDate: BuiltDate: ValidUntilDate: Files:[] Annotations:[] hasFiles:[]}
Neither CPE nor PURL found for package: &{IsUnpackaged:false PackageName:archiver-utils/node_modules/string_decoder PackageSPDXIdentifier:NPM-b902bd0afe5930a4a920 PackageVersion:1.1.1 PackageFileName: PackageSupplier:<nil> PackageOriginator:<nil> PackageDownloadLocation:https://registry.npmjs.org/string_decoder/-/string_decoder-1.1.1.tgz FilesAnalyzed:false IsFilesAnalyzedTagPresent:true PackageVerificationCode:<nil> PackageChecksums:[{Algorithm:SHA512 Value:n/ShnvDi6FHbbVfviro+WojiFzv+s8MPMHBczVePfUpDJLwoLT0ht1l4YwBCbi8pJAveEEdnkHyPyTP/mzRfwg==}] PackageHomePage: PackageSourceInfo: PackageLicenseConcluded:NOASSERTION PackageLicenseInfoFromFiles:[] PackageLicenseDeclared:MIT PackageLicenseComments: PackageCopyrightText: PackageSummary: PackageDescription: PackageComment:development dependency PackageExternalReferences:[] PackageAttributionTexts:[] PrimaryPackagePurpose: ReleaseDate: BuiltDate: ValidUntilDate: Files:[] Annotations:[] hasFiles:[]}
Neither CPE nor PURL found for package: &{IsUnpackaged:false PackageName:are-we-there-yet PackageSPDXIdentifier:NPM-158fc300bc86c8beb0d0 PackageVersion:3.0.1 PackageFileName: PackageSupplier:<nil> PackageOriginator:<nil> PackageDownloadLocation:https://registry.npmjs.org/are-we-there-yet/-/are-we-there-yet-3.0.1.tgz FilesAnalyzed:false IsFilesAnalyzedTagPresent:true PackageVerificationCode:<nil> PackageChecksums:[{Algorithm:SHA512 Value:QZW4EDmGwlYur0Yyf/b2uGucHQMa8aFUP7eu9ddR73vvhFyt4V0Vl3QHPcTNJ8l6qYOBdxgXdnBXQrHilfRQBg==}] PackageHomePage: PackageSourceInfo: PackageLicenseConcluded:NOASSERTION PackageLicenseInfoFromFiles:[] PackageLicenseDeclared:ISC PackageLicenseComments: PackageCopyrightText: PackageSummary: PackageDescription: PackageComment:runtime or transitive dependency PackageExternalReferences:[] PackageAttributionTexts:[] PrimaryPackagePurpose: ReleaseDate: BuiltDate: ValidUntilDate: Files:[] Annotations:[] hasFiles:[]}
Neither CPE nor PURL found for package: &{IsUnpackaged:false PackageName:argparse PackageSPDXIdentifier:NPM-eb6fb2df860c4a7d86e8 PackageVersion:2.0.1 PackageFileName: PackageSupplier:<nil> PackageOriginator:<nil> PackageDownloadLocation:https://registry.npmjs.org/argparse/-/argparse-2.0.1.tgz FilesAnalyzed:false IsFilesAnalyzedTagPresent:true PackageVerificationCode:<nil> PackageChecksums:[{Algorithm:SHA512 Value:8+9WqebbFzpX9OR+Wa6O29asIogeRMzcGtAINdpMHHyAg10f05aSFVBbcEqGf/PXw1EjAZ+q2/bEBg3DvurK3Q==}] PackageHomePage: PackageSourceInfo: PackageLicenseConcluded:NOASSERTION PackageLicenseInfoFromFiles:[] PackageLicenseDeclared:Python-2.0 PackageLicenseComments: PackageCopyrightText: PackageSummary: PackageDescription: PackageComment:runtime or transitive dependency PackageExternalReferences:[] PackageAttributionTexts:[] PrimaryPackagePurpose: ReleaseDate: BuiltDate: ValidUntilDate: Files:[] Annotations:[] hasFiles:[]}
Neither CPE nor PURL found for package: &{IsUnpackaged:false PackageName:array-flatten PackageSPDXIdentifier:NPM-832052c97b92484a7685 PackageVersion:1.1.1 PackageFileName: PackageSupplier:<nil> PackageOriginator:<nil> PackageDownloadLocation:https://registry.npmjs.org/array-flatten/-/array-flatten-1.1.1.tgz FilesAnalyzed:false IsFilesAnalyzedTagPresent:true PackageVerificationCode:<nil> PackageChecksums:[{Algorithm:SHA512 Value:PCVAQswWemu6UdxsDFFX/+gVeYqKAod3D3UVm91jHwynguOwAvYPhx8nNlM++NqRcK6CxxpUafjmhIdKiHibqg==}] PackageHomePage: PackageSourceInfo: PackageLicenseConcluded:NOASSERTION PackageLicenseInfoFromFiles:[] PackageLicenseDeclared:MIT PackageLicenseComments: PackageCopyrightText: PackageSummary: PackageDescription: PackageComment:runtime or transitive dependency PackageExternalReferences:[] PackageAttributionTexts:[] PrimaryPackagePurpose: ReleaseDate: BuiltDate: ValidUntilDate: Files:[] Annotations:[] hasFiles:[]}
Neither CPE nor PURL found for package: &{IsUnpackaged:false PackageName:assert-plus PackageSPDXIdentifier:NPM-79f95207bff9f3f39678 PackageVersion:1.0.0 PackageFileName: PackageSupplier:<nil> PackageOriginator:<nil> PackageDownloadLocation:https://registry.npmjs.org/assert-plus/-/assert-plus-1.0.0.tgz FilesAnalyzed:false IsFilesAnalyzedTagPresent:true PackageVerificationCode:<nil> PackageChecksums:[{Algorithm:SHA512 Value:NfJ4UzBCcQGLDlQq7nHxH+tv3kyZ0hHQqF5BO6J7tNJeP5do1llPr8dZ8zHonfhAu0PHAdMkSo+8o0wxg9lZWw==}] PackageHomePage: PackageSourceInfo: PackageLicenseConcluded:NOASSERTION PackageLicenseInfoFromFiles:[] PackageLicenseDeclared:MIT PackageLicenseComments: PackageCopyrightText: PackageSummary: PackageDescription: PackageComment:development dependency PackageExternalReferences:[] PackageAttributionTexts:[] PrimaryPackagePurpose: ReleaseDate: BuiltDate: ValidUntilDate: Files:[] Annotations:[] hasFiles:[]}
Neither CPE nor PURL found for package: &{IsUnpackaged:false PackageName:astral-regex PackageSPDXIdentifier:NPM-d1e3323e4bd4e35e6dd3 PackageVersion:2.0.0 PackageFileName: PackageSupplier:<nil> PackageOriginator:<nil> PackageDownloadLocation:https://registry.npmjs.org/astral-regex/-/astral-regex-2.0.0.tgz FilesAnalyzed:false IsFilesAnalyzedTagPresent:true PackageVerificationCode:<nil> PackageChecksums:[{Algorithm:SHA512 Value:Z7tMw1ytTXt5jqMcOP+OQteU1VuNK9Y02uuJtKQ1Sv69jXQKKg5cibLwGJow8yzZP+eAc18EmLGPal0bp36rvQ==}] PackageHomePage: PackageSourceInfo: PackageLicenseConcluded:NOASSERTION PackageLicenseInfoFromFiles:[] PackageLicenseDeclared:MIT PackageLicenseComments: PackageCopyrightText: PackageSummary: PackageDescription: PackageComment:development dependency PackageExternalReferences:[] PackageAttributionTexts:[] PrimaryPackagePurpose: ReleaseDate: BuiltDate: ValidUntilDate: Files:[] Annotations:[] hasFiles:[]}
Neither CPE nor PURL found for package: &{IsUnpackaged:false PackageName:async PackageSPDXIdentifier:NPM-dadc508bb48069972655 PackageVersion:3.2.6 PackageFileName: PackageSupplier:<nil> PackageOriginator:<nil> PackageDownloadLocation:https://registry.npmjs.org/async/-/async-3.2.6.tgz FilesAnalyzed:false IsFilesAnalyzedTagPresent:true PackageVerificationCode:<nil> PackageChecksums:[{Algorithm:SHA512 Value:htCUDlxyyCLMgaM3xXg0C0LW2xqfuQ6p05pCEIsXuyQ+a1koYKTuBMzRNwmybfLgvJDMd0r1LTn4+E0Ti6C2AA==}] PackageHomePage: PackageSourceInfo: PackageLicenseConcluded:NOASSERTION PackageLicenseInfoFromFiles:[] PackageLicenseDeclared:MIT PackageLicenseComments: PackageCopyrightText: PackageSummary: PackageDescription: PackageComment:development dependency PackageExternalReferences:[] PackageAttributionTexts:[] PrimaryPackagePurpose: ReleaseDate: BuiltDate: ValidUntilDate: Files:[] Annotations:[] hasFiles:[]}
Neither CPE nor PURL found for package: &{IsUnpackaged:false PackageName:async-exit-hook PackageSPDXIdentifier:NPM-c3c36c47f19da7076a2e PackageVersion:2.0.1 PackageFileName: PackageSupplier:<nil> PackageOriginator:<nil> PackageDownloadLocation:https://registry.npmjs.org/async-exit-hook/-/async-exit-hook-2.0.1.tgz FilesAnalyzed:false IsFilesAnalyzedTagPresent:true PackageVerificationCode:<nil> PackageChecksums:[{Algorithm:SHA512 Value:NW2cX8m1Q7KPA7a5M2ULQeZ2wR5qI5PAbw5L0UOMxdioVk9PMZ0h1TmyZEkPYrCvYjDlFICusOu1dlEKAAeXBw==}] PackageHomePage: PackageSourceInfo: PackageLicenseConcluded:NOASSERTION PackageLicenseInfoFromFiles:[] PackageLicenseDeclared:MIT PackageLicenseComments: PackageCopyrightText: PackageSummary: PackageDescription: PackageComment:development dependency PackageExternalReferences:[] PackageAttributionTexts:[] PrimaryPackagePurpose: ReleaseDate: BuiltDate: ValidUntilDate: Files:[] Annotations:[] hasFiles:[]}
Neither CPE nor PURL found for package: &{IsUnpackaged:false PackageName:asynckit PackageSPDXIdentifier:NPM-e54c0004f31bd0783134 PackageVersion:0.4.0 PackageFileName: PackageSupplier:<nil> PackageOriginator:<nil> PackageDownloadLocation:https://registry.npmjs.org/asynckit/-/asynckit-0.4.0.tgz FilesAnalyzed:false IsFilesAnalyzedTagPresent:true PackageVerificationCode:<nil> PackageChecksums:[{Algorithm:SHA512 Value:Oei9OH4tRh0YqU3GxhX79dM/mwVgvbZJaSNaRk+bshkj0S5cfHcgYakreBjrHwatXKbz+IoIdYLxrKim2MjW0Q==}] PackageHomePage: PackageSourceInfo: PackageLicenseConcluded:NOASSERTION PackageLicenseInfoFromFiles:[] PackageLicenseDeclared:MIT PackageLicenseComments: PackageCopyrightText: PackageSummary: PackageDescription: PackageComment:development dependency PackageExternalReferences:[] PackageAttributionTexts:[] PrimaryPackagePurpose: ReleaseDate: BuiltDate: ValidUntilDate: Files:[] Annotations:[] hasFiles:[]}
Neither CPE nor PURL found for package: &{IsUnpackaged:false PackageName:at-least-node PackageSPDXIdentifier:NPM-3706662f90d5529d733a PackageVersion:1.0.0 PackageFileName: PackageSupplier:<nil> PackageOriginator:<nil> PackageDownloadLocation:https://registry.npmjs.org/at-least-node/-/at-least-node-1.0.0.tgz FilesAnalyzed:false IsFilesAnalyzedTagPresent:true PackageVerificationCode:<nil> PackageChecksums:[{Algorithm:SHA512 Value:+q/t7Ekv1EDY2l6Gda6LLiX14rU9TV20Wa3ofeQmwPFZbOMo9DXrLbOjFaaclkXKWidIaopwAObQDqwWtGUjqg==}] PackageHomePage: PackageSourceInfo: PackageLicenseConcluded:NOASSERTION PackageLicenseInfoFromFiles:[] PackageLicenseDeclared:ISC PackageLicenseComments: PackageCopyrightText: PackageSummary: PackageDescription: PackageComment:development dependency PackageExternalReferences:[] PackageAttributionTexts:[] PrimaryPackagePurpose: ReleaseDate: BuiltDate: ValidUntilDate: Files:[] Annotations:[] hasFiles:[]}
Neither CPE nor PURL found for package: &{IsUnpackaged:false PackageName:babel-jest PackageSPDXIdentifier:NPM-f7fc40fb5d44a0eac109 PackageVersion:29.7.0 PackageFileName: PackageSupplier:<nil> PackageOriginator:<nil> PackageDownloadLocation:https://registry.npmjs.org/babel-jest/-/babel-jest-29.7.0.tgz FilesAnalyzed:false IsFilesAnalyzedTagPresent:true PackageVerificationCode:<nil> PackageChecksums:[{Algorithm:SHA512 Value:BrvGY3xZSwEcCzKvKsCi2GgHqDqsYkOP4/by5xCgIwGXQxIEh+8ew3gmrE1y7XRR6LHZIj6yLYnUi/mm2KXKBg==}] PackageHomePage: PackageSourceInfo: PackageLicenseConcluded:NOASSERTION PackageLicenseInfoFromFiles:[] PackageLicenseDeclared:MIT PackageLicenseComments: PackageCopyrightText: PackageSummary: PackageDescription: PackageComment:development dependency PackageExternalReferences:[] PackageAttributionTexts:[] PrimaryPackagePurpose: ReleaseDate: BuiltDate: ValidUntilDate: Files:[] Annotations:[] hasFiles:[]}
Neither CPE nor PURL found for package: &{IsUnpackaged:false PackageName:babel-plugin-istanbul PackageSPDXIdentifier:NPM-8bb825abb8a953933be0 PackageVersion:6.1.1 PackageFileName: PackageSupplier:<nil> PackageOriginator:<nil> PackageDownloadLocation:https://registry.npmjs.org/babel-plugin-istanbul/-/babel-plugin-istanbul-6.1.1.tgz FilesAnalyzed:false IsFilesAnalyzedTagPresent:true PackageVerificationCode:<nil> PackageChecksums:[{Algorithm:SHA512 Value:Y1IQok9821cC9onCx5otgFfRm7Lm+I+wwxOx738M/WLPZ9Q42m4IG5W0FNX8WLL2gYMZo3JkuXIH2DOpWM+qwA==}] PackageHomePage: PackageSourceInfo: PackageLicenseConcluded:NOASSERTION PackageLicenseInfoFromFiles:[] PackageLicenseDeclared:BSD-3-Clause PackageLicenseComments: PackageCopyrightText: PackageSummary: PackageDescription: PackageComment:development dependency PackageExternalReferences:[] PackageAttributionTexts:[] PrimaryPackagePurpose: ReleaseDate: BuiltDate: ValidUntilDate: Files:[] Annotations:[] hasFiles:[]}
Neither CPE nor PURL found for package: &{IsUnpackaged:false PackageName:babel-plugin-istanbul/node_modules/istanbul-lib-instrument PackageSPDXIdentifier:NPM-8861734d8e584a343eff PackageVersion:5.2.1 PackageFileName: PackageSupplier:<nil> PackageOriginator:<nil> PackageDownloadLocation:https://registry.npmjs.org/istanbul-lib-instrument/-/istanbul-lib-instrument-5.2.1.tgz FilesAnalyzed:false IsFilesAnalyzedTagPresent:true PackageVerificationCode:<nil> PackageChecksums:[{Algorithm:SHA512 Value:pzqtp31nLv/XFOzXGuvhCb8qhjmTVo5vjVk19XE4CRlSWz0KoeJ3bw9XsA7nOp9YBf4qHjwBxkDzKcME/J29Yg==}] PackageHomePage: PackageSourceInfo: PackageLicenseConcluded:NOASSERTION PackageLicenseInfoFromFiles:[] PackageLicenseDeclared:BSD-3-Clause PackageLicenseComments: PackageCopyrightText: PackageSummary: PackageDescription: PackageComment:development dependency PackageExternalReferences:[] PackageAttributionTexts:[] PrimaryPackagePurpose: ReleaseDate: BuiltDate: ValidUntilDate: Files:[] Annotations:[] hasFiles:[]}
Neither CPE nor PURL found for package: &{IsUnpackaged:false PackageName:babel-plugin-jest-hoist PackageSPDXIdentifier:NPM-09cf507052251e246db0 PackageVersion:29.6.3 PackageFileName: PackageSupplier:<nil> PackageOriginator:<nil> PackageDownloadLocation:https://registry.npmjs.org/babel-plugin-jest-hoist/-/babel-plugin-jest-hoist-29.6.3.tgz FilesAnalyzed:false IsFilesAnalyzedTagPresent:true PackageVerificationCode:<nil> PackageChecksums:[{Algorithm:SHA512 Value:ESAc/RJvGTFEzRwOTT4+lNDk/GNHMkKbNzsvT0qKRfDyyYTskxB5rnU2njIDYVxXCBHHEI1c0YwHob3WaYujOg==}] PackageHomePage: PackageSourceInfo: PackageLicenseConcluded:NOASSERTION PackageLicenseInfoFromFiles:[] PackageLicenseDeclared:MIT PackageLicenseComments: PackageCopyrightText: PackageSummary: PackageDescription: PackageComment:development dependency PackageExternalReferences:[] PackageAttributionTexts:[] PrimaryPackagePurpose: ReleaseDate: BuiltDate: ValidUntilDate: Files:[] Annotations:[] hasFiles:[]}
Neither CPE nor PURL found for package: &{IsUnpackaged:false PackageName:babel-preset-current-node-syntax PackageSPDXIdentifier:NPM-4f049bf4dad8479b7668 PackageVersion:1.2.0 PackageFileName: PackageSupplier:<nil> PackageOriginator:<nil> PackageDownloadLocation:https://registry.npmjs.org/babel-preset-current-node-syntax/-/babel-preset-current-node-syntax-1.2.0.tgz FilesAnalyzed:false IsFilesAnalyzedTagPresent:true PackageVerificationCode:<nil> PackageChecksums:[{Algorithm:SHA512 Value:E/VlAEzRrsLEb2+dv8yp3bo4scof3l9nR4lrld+Iy5NyVqgVYUJnDAmunkhPMisRI32Qc4iRiz425d8vM++2fg==}] PackageHomePage: PackageSourceInfo: PackageLicenseConcluded:NOASSERTION PackageLicenseInfoFromFiles:[] PackageLicenseDeclared:MIT PackageLicenseComments: PackageCopyrightText: PackageSummary: PackageDescription: PackageComment:development dependency PackageExternalReferences:[] PackageAttributionTexts:[] PrimaryPackagePurpose: ReleaseDate: BuiltDate: ValidUntilDate: Files:[] Annotations:[] hasFiles:[]}
Neither CPE nor PURL found for package: &{IsUnpackaged:false PackageName:babel-preset-jest PackageSPDXIdentifier:NPM-85b38e91f205881d6820 PackageVersion:29.6.3 PackageFileName: PackageSupplier:<nil> PackageOriginator:<nil> PackageDownloadLocation:https://registry.npmjs.org/babel-preset-jest/-/babel-preset-jest-29.6.3.tgz FilesAnalyzed:false IsFilesAnalyzedTagPresent:true PackageVerificationCode:<nil> PackageChecksums:[{Algorithm:SHA512 Value:0B3bhxR6snWXJZtR/RliHTDPRgn1sNHOR0yVtq/IiQFyuOVjFS+wuio/R4gSNkyYmKmJB4wGZv2NZanmKmTnNA==}] PackageHomePage: PackageSourceInfo: PackageLicenseConcluded:NOASSERTION PackageLicenseInfoFromFiles:[] PackageLicenseDeclared:MIT PackageLicenseComments: PackageCopyrightText: PackageSummary: PackageDescription: PackageComment:development dependency PackageExternalReferences:[] PackageAttributionTexts:[] PrimaryPackagePurpose: ReleaseDate: BuiltDate: ValidUntilDate: Files:[] Annotations:[] hasFiles:[]}
Neither CPE nor PURL found for package: &{IsUnpackaged:false PackageName:balanced-match PackageSPDXIdentifier:NPM-6e49452be6da3ff39a94 PackageVersion:1.0.2 PackageFileName: PackageSupplier:<nil> PackageOriginator:<nil> PackageDownloadLocation:https://registry.npmjs.org/balanced-match/-/balanced-match-1.0.2.tgz FilesAnalyzed:false IsFilesAnalyzedTagPresent:true PackageVerificationCode:<nil> PackageChecksums:[{Algorithm:SHA512 Value:3oSeUO0TMV67hN1AmbXsK4yaqU7tjiHlbxRDZOpH0KW9+CeX4bRAaX0Anxt0tx2MrpRpWwQaPwIlISEJhYU5Pw==}] PackageHomePage: PackageSourceInfo: PackageLicenseConcluded:NOASSERTION PackageLicenseInfoFromFiles:[] PackageLicenseDeclared:MIT PackageLicenseComments: PackageCopyrightText: PackageSummary: PackageDescription: PackageComment:runtime or transitive dependency PackageExternalReferences:[] PackageAttributionTexts:[] PrimaryPackagePurpose: ReleaseDate: BuiltDate: ValidUntilDate: Files:[] Annotations:[] hasFiles:[]}
Neither CPE nor PURL found for package: &{IsUnpackaged:false PackageName:base64-js PackageSPDXIdentifier:NPM-cf278cb8d073b3bd22b6 PackageVersion:1.5.1 PackageFileName: PackageSupplier:<nil> PackageOriginator:<nil> PackageDownloadLocation:https://registry.npmjs.org/base64-js/-/base64-js-1.5.1.tgz FilesAnalyzed:false IsFilesAnalyzedTagPresent:true PackageVerificationCode:<nil> PackageChecksums:[{Algorithm:SHA512 Value:AKpaYlHn8t4SVbOHCy+b5+KKgvR4vrsD8vbvrbiQJps7fKDTkjkDry6ji0rUJjC0kzbNePLwzxq8iypo41qeWA==}] PackageHomePage: PackageSourceInfo: PackageLicenseConcluded:NOASSERTION PackageLicenseInfoFromFiles:[] PackageLicenseDeclared:MIT PackageLicenseComments: PackageCopyrightText: PackageSummary: PackageDescription: PackageComment:runtime or transitive dependency PackageExternalReferences:[] PackageAttributionTexts:[] PrimaryPackagePurpose: ReleaseDate: BuiltDate: ValidUntilDate: Files:[] Annotations:[] hasFiles:[]}
Neither CPE nor PURL found for package: &{IsUnpackaged:false PackageName:baseline-browser-mapping PackageSPDXIdentifier:NPM-9ea80fe6d93710474342 PackageVersion:2.10.32 PackageFileName: PackageSupplier:<nil> PackageOriginator:<nil> PackageDownloadLocation:https://registry.npmjs.org/baseline-browser-mapping/-/baseline-browser-mapping-2.10.32.tgz FilesAnalyzed:false IsFilesAnalyzedTagPresent:true PackageVerificationCode:<nil> PackageChecksums:[{Algorithm:SHA512 Value:wbPvpyjJPC0zdfdKXxqEL3Ea+bOMD/87X4lftiJkkaBiuG6ALQy1SLmEd7BSmVCuwCQsBrCamgBoLyfFDD1EPg==}] PackageHomePage: PackageSourceInfo: PackageLicenseConcluded:NOASSERTION PackageLicenseInfoFromFiles:[] PackageLicenseDeclared:Apache-2.0 PackageLicenseComments: PackageCopyrightText: PackageSummary: PackageDescription: PackageComment:runtime or transitive dependency PackageExternalReferences:[] PackageAttributionTexts:[] PrimaryPackagePurpose: ReleaseDate: BuiltDate: ValidUntilDate: Files:[] Annotations:[] hasFiles:[]}
Neither CPE nor PURL found for package: &{IsUnpackaged:false PackageName:bindings PackageSPDXIdentifier:NPM-acdb65ce90d278659304 PackageVersion:1.5.0 PackageFileName: PackageSupplier:<nil> PackageOriginator:<nil> PackageDownloadLocation:https://registry.npmjs.org/bindings/-/bindings-1.5.0.tgz FilesAnalyzed:false IsFilesAnalyzedTagPresent:true PackageVerificationCode:<nil> PackageChecksums:[{Algorithm:SHA512 Value:p2q/t/mhvuOj/UeLlV6566GD/guowlr0hHxClI0W9m7MWYkL1F0hLo+0Aexs9HSPCtR1SXQ0TD3MMKrXZajbiQ==}] PackageHomePage: PackageSourceInfo: PackageLicenseConcluded:NOASSERTION PackageLicenseInfoFromFiles:[] PackageLicenseDeclared:MIT PackageLicenseComments: PackageCopyrightText: PackageSummary: PackageDescription: PackageComment:runtime or transitive dependency PackageExternalReferences:[] PackageAttributionTexts:[] PrimaryPackagePurpose: ReleaseDate: BuiltDate: ValidUntilDate: Files:[] Annotations:[] hasFiles:[]}
Neither CPE nor PURL found for package: &{IsUnpackaged:false PackageName:bl PackageSPDXIdentifier:NPM-0e8c95ceb67a28a94b8c PackageVersion:4.1.0 PackageFileName: PackageSupplier:<nil> PackageOriginator:<nil> PackageDownloadLocation:https://registry.npmjs.org/bl/-/bl-4.1.0.tgz FilesAnalyzed:false IsFilesAnalyzedTagPresent:true PackageVerificationCode:<nil> PackageChecksums:[{Algorithm:SHA512 Value:1W07cM9gS6DcLperZfFSj+bWLtaPGSOHWhPiGzXmvVJbRLdG82sH/Kn8EtW1VqWVA54AKf2h5k5BbnIbwF3h6w==}] PackageHomePage: PackageSourceInfo: PackageLicenseConcluded:NOASSERTION PackageLicenseInfoFromFiles:[] PackageLicenseDeclared:MIT PackageLicenseComments: PackageCopyrightText: PackageSummary: PackageDescription: PackageComment:runtime or transitive dependency PackageExternalReferences:[] PackageAttributionTexts:[] PrimaryPackagePurpose: ReleaseDate: BuiltDate: ValidUntilDate: Files:[] Annotations:[] hasFiles:[]}
Neither CPE nor PURL found for package: &{IsUnpackaged:false PackageName:bluebird PackageSPDXIdentifier:NPM-4a0e59d95be804c52e7a PackageVersion:3.7.2 PackageFileName: PackageSupplier:<nil> PackageOriginator:<nil> PackageDownloadLocation:https://registry.npmjs.org/bluebird/-/bluebird-3.7.2.tgz FilesAnalyzed:false IsFilesAnalyzedTagPresent:true PackageVerificationCode:<nil> PackageChecksums:[{Algorithm:SHA512 Value:XpNj6GDQzdfW+r2Wnn7xiSAd7TM3jzkxGXBGTtWKuSXv1xUV+azxAm8jdWZN06QTQk+2N2XB9jRDkvbmQmcRtg==}] PackageHomePage: PackageSourceInfo: PackageLicenseConcluded:NOASSERTION PackageLicenseInfoFromFiles:[] PackageLicenseDeclared:MIT PackageLicenseComments: PackageCopyrightText: PackageSummary: PackageDescription: PackageComment:development dependency PackageExternalReferences:[] PackageAttributionTexts:[] PrimaryPackagePurpose: ReleaseDate: BuiltDate: ValidUntilDate: Files:[] Annotations:[] hasFiles:[]}
Neither CPE nor PURL found for package: &{IsUnpackaged:false PackageName:bluebird-lst PackageSPDXIdentifier:NPM-136bc60ce4e90892125d PackageVersion:1.0.9 PackageFileName: PackageSupplier:<nil> PackageOriginator:<nil> PackageDownloadLocation:https://registry.npmjs.org/bluebird-lst/-/bluebird-lst-1.0.9.tgz FilesAnalyzed:false IsFilesAnalyzedTagPresent:true PackageVerificationCode:<nil> PackageChecksums:[{Algorithm:SHA512 Value:7B1Rtx82hjnSD4PGLAjVWeYH3tHAcVUmChh85a3lltKQm6FresXh9ErQo6oAv6CqxttczC3/kEg8SY5NluPuUw==}] PackageHomePage: PackageSourceInfo: PackageLicenseConcluded:NOASSERTION PackageLicenseInfoFromFiles:[] PackageLicenseDeclared:MIT PackageLicenseComments: PackageCopyrightText: PackageSummary: PackageDescription: PackageComment:development dependency PackageExternalReferences:[] PackageAttributionTexts:[] PrimaryPackagePurpose: ReleaseDate: BuiltDate: ValidUntilDate: Files:[] Annotations:[] hasFiles:[]}
Neither CPE nor PURL found for package: &{IsUnpackaged:false PackageName:body-parser PackageSPDXIdentifier:NPM-a0c6cfee46f913e82264 PackageVersion:1.20.5 PackageFileName: PackageSupplier:<nil> PackageOriginator:<nil> PackageDownloadLocation:https://registry.npmjs.org/body-parser/-/body-parser-1.20.5.tgz FilesAnalyzed:false IsFilesAnalyzedTagPresent:true PackageVerificationCode:<nil> PackageChecksums:[{Algorithm:SHA512 Value:3grm+/2tUOvu2cjJkvsIxrv/wVpfXQW4PsQHYm7yk4vfpu7Ekl6nEsYBoJUL6qDwZUx8wUhQ8tR2qz+ad9c9OA==}] PackageHomePage: PackageSourceInfo: PackageLicenseConcluded:NOASSERTION PackageLicenseInfoFromFiles:[] PackageLicenseDeclared:MIT PackageLicenseComments: PackageCopyrightText: PackageSummary: PackageDescription: PackageComment:runtime or transitive dependency PackageExternalReferences:[] PackageAttributionTexts:[] PrimaryPackagePurpose: ReleaseDate: BuiltDate: ValidUntilDate: Files:[] Annotations:[] hasFiles:[]}
Neither CPE nor PURL found for package: &{IsUnpackaged:false PackageName:body-parser/node_modules/debug PackageSPDXIdentifier:NPM-a3fd50eb60c4d6448605 PackageVersion:2.6.9 PackageFileName: PackageSupplier:<nil> PackageOriginator:<nil> PackageDownloadLocation:https://registry.npmjs.org/debug/-/debug-2.6.9.tgz FilesAnalyzed:false IsFilesAnalyzedTagPresent:true PackageVerificationCode:<nil> PackageChecksums:[{Algorithm:SHA512 Value:bC7ElrdJaJnPbAP+1EotYvqZsb3ecl5wi6Bfi6BJTUcNowp6cvspg0jXznRTKDjm/E7AdgFBVeAPVMNcKGsHMA==}] PackageHomePage: PackageSourceInfo: PackageLicenseConcluded:NOASSERTION PackageLicenseInfoFromFiles:[] PackageLicenseDeclared:MIT PackageLicenseComments: PackageCopyrightText: PackageSummary: PackageDescription: PackageComment:runtime or transitive dependency PackageExternalReferences:[] PackageAttributionTexts:[] PrimaryPackagePurpose: ReleaseDate: BuiltDate: ValidUntilDate: Files:[] Annotations:[] hasFiles:[]}
Neither CPE nor PURL found for package: &{IsUnpackaged:false PackageName:body-parser/node_modules/ms PackageSPDXIdentifier:NPM-430c6f4b5f8c5f39d7a2 PackageVersion:2.0.0 PackageFileName: PackageSupplier:<nil> PackageOriginator:<nil> PackageDownloadLocation:https://registry.npmjs.org/ms/-/ms-2.0.0.tgz FilesAnalyzed:false IsFilesAnalyzedTagPresent:true PackageVerificationCode:<nil> PackageChecksums:[{Algorithm:SHA512 Value:Tpp60P6IUJDTuOq/5Z8cdskzJujfwqfOTkrwIwj7IRISpnkJnT6SyJ4PCPnGMoFjC9ddhal5KVIYtAt97ix05A==}] PackageHomePage: PackageSourceInfo: PackageLicenseConcluded:NOASSERTION PackageLicenseInfoFromFiles:[] PackageLicenseDeclared:MIT PackageLicenseComments: PackageCopyrightText: PackageSummary: PackageDescription: PackageComment:runtime or transitive dependency PackageExternalReferences:[] PackageAttributionTexts:[] PrimaryPackagePurpose: ReleaseDate: BuiltDate: ValidUntilDate: Files:[] Annotations:[] hasFiles:[]}
Neither CPE nor PURL found for package: &{IsUnpackaged:false PackageName:boolean PackageSPDXIdentifier:NPM-056e24ea1e9d76571f32 PackageVersion:3.2.0 PackageFileName: PackageSupplier:<nil> PackageOriginator:<nil> PackageDownloadLocation:https://registry.npmjs.org/boolean/-/boolean-3.2.0.tgz FilesAnalyzed:false IsFilesAnalyzedTagPresent:true PackageVerificationCode:<nil> PackageChecksums:[{Algorithm:SHA512 Value:d0II/GO9uf9lfUHH2BQsjxzRJZBdsjgsBiW4BvhWk/3qoKwQFjIDVN19PfX8F2D/r9PCMTtLWjYVCFrpeYUzsw==}] PackageHomePage: PackageSourceInfo: PackageLicenseConcluded:NOASSERTION PackageLicenseInfoFromFiles:[] PackageLicenseDeclared:MIT PackageLicenseComments: PackageCopyrightText: PackageSummary: PackageDescription: PackageComment:development dependency PackageExternalReferences:[] PackageAttributionTexts:[] PrimaryPackagePurpose: ReleaseDate: BuiltDate: ValidUntilDate: Files:[] Annotations:[] hasFiles:[]}
Neither CPE nor PURL found for package: &{IsUnpackaged:false PackageName:brace-expansion PackageSPDXIdentifier:NPM-1d8b05e071950f183296 PackageVersion:2.1.1 PackageFileName: PackageSupplier:<nil> PackageOriginator:<nil> PackageDownloadLocation:https://registry.npmjs.org/brace-expansion/-/brace-expansion-2.1.1.tgz FilesAnalyzed:false IsFilesAnalyzedTagPresent:true PackageVerificationCode:<nil> PackageChecksums:[{Algorithm:SHA512 Value:WR1cURNjuvBLMZBMbqM0UoE+WAfdUcEV1ccD8PVBVOI+Z3ND4+SZbN8RsfT2bMuG1qwz5RFvPukSZm5fF2D5eA==}] PackageHomePage: PackageSourceInfo: PackageLicenseConcluded:NOASSERTION PackageLicenseInfoFromFiles:[] PackageLicenseDeclared:MIT PackageLicenseComments: PackageCopyrightText: PackageSummary: PackageDescription: PackageComment:development dependency PackageExternalReferences:[] PackageAttributionTexts:[] PrimaryPackagePurpose: ReleaseDate: BuiltDate: ValidUntilDate: Files:[] Annotations:[] hasFiles:[]}
Neither CPE nor PURL found for package: &{IsUnpackaged:false PackageName:braces PackageSPDXIdentifier:NPM-ffc711d3f86d0196a2f0 PackageVersion:3.0.3 PackageFileName: PackageSupplier:<nil> PackageOriginator:<nil> PackageDownloadLocation:https://registry.npmjs.org/braces/-/braces-3.0.3.tgz FilesAnalyzed:false IsFilesAnalyzedTagPresent:true PackageVerificationCode:<nil> PackageChecksums:[{Algorithm:SHA512 Value:yQbXgO/OSZVD2IsiLlro+7Hf6Q18EJrKSEsdoMzKePKXct3gvD8oLcOQdIzGupr5Fj+EDe8gO/lxc1BzfMpxvA==}] PackageHomePage: PackageSourceInfo: PackageLicenseConcluded:NOASSERTION PackageLicenseInfoFromFiles:[] PackageLicenseDeclared:MIT PackageLicenseComments: PackageCopyrightText: PackageSummary: PackageDescription: PackageComment:development dependency PackageExternalReferences:[] PackageAttributionTexts:[] PrimaryPackagePurpose: ReleaseDate: BuiltDate: ValidUntilDate: Files:[] Annotations:[] hasFiles:[]}
Neither CPE nor PURL found for package: &{IsUnpackaged:false PackageName:browserslist PackageSPDXIdentifier:NPM-1794ce0ed3c0428b6e81 PackageVersion:4.28.2 PackageFileName: PackageSupplier:<nil> PackageOriginator:<nil> PackageDownloadLocation:https://registry.npmjs.org/browserslist/-/browserslist-4.28.2.tgz FilesAnalyzed:false IsFilesAnalyzedTagPresent:true PackageVerificationCode:<nil> PackageChecksums:[{Algorithm:SHA512 Value:48xSriZYYg+8qXna9kwqjIVzuQxi+KYWp2+5nCYnYKPTr0LvD89Jqk2Or5ogxz0NUMfIjhh2lIUX/LyX9B4oIg==}] PackageHomePage: PackageSourceInfo: PackageLicenseConcluded:NOASSERTION PackageLicenseInfoFromFiles:[] PackageLicenseDeclared:MIT PackageLicenseComments: PackageCopyrightText: PackageSummary: PackageDescription: PackageComment:runtime or transitive dependency PackageExternalReferences:[] PackageAttributionTexts:[] PrimaryPackagePurpose: ReleaseDate: BuiltDate: ValidUntilDate: Files:[] Annotations:[] hasFiles:[]}
Neither CPE nor PURL found for package: &{IsUnpackaged:false PackageName:bser PackageSPDXIdentifier:NPM-4e2fbef215c531f521c3 PackageVersion:2.1.1 PackageFileName: PackageSupplier:<nil> PackageOriginator:<nil> PackageDownloadLocation:https://registry.npmjs.org/bser/-/bser-2.1.1.tgz FilesAnalyzed:false IsFilesAnalyzedTagPresent:true PackageVerificationCode:<nil> PackageChecksums:[{Algorithm:SHA512 Value:gQxTNE/GAfIIrmHLUE3oJyp5FO6HRBfhjnw4/wMmA63ZGDJnWBmgY/lyQBpnDUkGmAhbSe39tx2d/iTOAfglwQ==}] PackageHomePage: PackageSourceInfo: PackageLicenseConcluded:NOASSERTION PackageLicenseInfoFromFiles:[] PackageLicenseDeclared:Apache-2.0 PackageLicenseComments: PackageCopyrightText: PackageSummary: PackageDescription: PackageComment:development dependency PackageExternalReferences:[] PackageAttributionTexts:[] PrimaryPackagePurpose: ReleaseDate: BuiltDate: ValidUntilDate: Files:[] Annotations:[] hasFiles:[]}
Neither CPE nor PURL found for package: &{IsUnpackaged:false PackageName:buffer PackageSPDXIdentifier:NPM-409d076f160d03518185 PackageVersion:5.7.1 PackageFileName: PackageSupplier:<nil> PackageOriginator:<nil> PackageDownloadLocation:https://registry.npmjs.org/buffer/-/buffer-5.7.1.tgz FilesAnalyzed:false IsFilesAnalyzedTagPresent:true PackageVerificationCode:<nil> PackageChecksums:[{Algorithm:SHA512 Value:EHcyIPBQ4BSGlvjB16k5KgAJ27CIsHY/2JBmCRReo48y9rQ3MaUzWX3KVlBa4U7MyX02HdVj0K7C3WaB3ju7FQ==}] PackageHomePage: PackageSourceInfo: PackageLicenseConcluded:NOASSERTION PackageLicenseInfoFromFiles:[] PackageLicenseDeclared:MIT PackageLicenseComments: PackageCopyrightText: PackageSummary: PackageDescription: PackageComment:runtime or transitive dependency PackageExternalReferences:[] PackageAttributionTexts:[] PrimaryPackagePurpose: ReleaseDate: BuiltDate: ValidUntilDate: Files:[] Annotations:[] hasFiles:[]}
Neither CPE nor PURL found for package: &{IsUnpackaged:false PackageName:buffer-crc32 PackageSPDXIdentifier:NPM-b1f697caf7a27fb1d37e PackageVersion:0.2.13 PackageFileName: PackageSupplier:<nil> PackageOriginator:<nil> PackageDownloadLocation:https://registry.npmjs.org/buffer-crc32/-/buffer-crc32-0.2.13.tgz FilesAnalyzed:false IsFilesAnalyzedTagPresent:true PackageVerificationCode:<nil> PackageChecksums:[{Algorithm:SHA512 Value:VO9Ht/+p3SN7SKWqcrgEzjGbRSJYTx+Q1pTQC0wrWqHx0vpJraQ6GtHx8tvcg1rlK1byhU5gccxgOgj7B0TDkQ==}] PackageHomePage: PackageSourceInfo: PackageLicenseConcluded:NOASSERTION PackageLicenseInfoFromFiles:[] PackageLicenseDeclared:MIT PackageLicenseComments: PackageCopyrightText: PackageSummary: PackageDescription: PackageComment:development dependency PackageExternalReferences:[] PackageAttributionTexts:[] PrimaryPackagePurpose: ReleaseDate: BuiltDate: ValidUntilDate: Files:[] Annotations:[] hasFiles:[]}
Neither CPE nor PURL found for package: &{IsUnpackaged:false PackageName:buffer-equal PackageSPDXIdentifier:NPM-ceb7fd96d1f3d832ddee PackageVersion:1.0.1 PackageFileName: PackageSupplier:<nil> PackageOriginator:<nil> PackageDownloadLocation:https://registry.npmjs.org/buffer-equal/-/buffer-equal-1.0.1.tgz FilesAnalyzed:false IsFilesAnalyzedTagPresent:true PackageVerificationCode:<nil> PackageChecksums:[{Algorithm:SHA512 Value:QoV3ptgEaQpvVwbXdSO39iqPQTCxSF7A5U99AxbHYqUdCizL/lH2Z0A2y6nbZucxMEOtNyZfG2s6gsVugGpKkg==}] PackageHomePage: PackageSourceInfo: PackageLicenseConcluded:NOASSERTION PackageLicenseInfoFromFiles:[] PackageLicenseDeclared:MIT PackageLicenseComments: PackageCopyrightText: PackageSummary: PackageDescription: PackageComment:development dependency PackageExternalReferences:[] PackageAttributionTexts:[] PrimaryPackagePurpose: ReleaseDate: BuiltDate: ValidUntilDate: Files:[] Annotations:[] hasFiles:[]}
Neither CPE nor PURL found for package: &{IsUnpackaged:false PackageName:buffer-from PackageSPDXIdentifier:NPM-d08b5e69ef91add4f03d PackageVersion:1.1.2 PackageFileName: PackageSupplier:<nil> PackageOriginator:<nil> PackageDownloadLocation:https://registry.npmjs.org/buffer-from/-/buffer-from-1.1.2.tgz FilesAnalyzed:false IsFilesAnalyzedTagPresent:true PackageVerificationCode:<nil> PackageChecksums:[{Algorithm:SHA512 Value:E+XQCRwSbaaiChtv6k6Dwgc+bx+Bs6vuKJHHl5kox/BaKbhiXzqQOwK4cO22yElGp2OCmjwVhT3HmxgyPGnJfQ==}] PackageHomePage: PackageSourceInfo: PackageLicenseConcluded:NOASSERTION PackageLicenseInfoFromFiles:[] PackageLicenseDeclared:MIT PackageLicenseComments: PackageCopyrightText: PackageSummary: PackageDescription: PackageComment:development dependency PackageExternalReferences:[] PackageAttributionTexts:[] PrimaryPackagePurpose: ReleaseDate: BuiltDate: ValidUntilDate: Files:[] Annotations:[] hasFiles:[]}
Neither CPE nor PURL found for package: &{IsUnpackaged:false PackageName:builder-util PackageSPDXIdentifier:NPM-07545def7a585c5282fe PackageVersion:24.13.1 PackageFileName: PackageSupplier:<nil> PackageOriginator:<nil> PackageDownloadLocation:https://registry.npmjs.org/builder-util/-/builder-util-24.13.1.tgz FilesAnalyzed:false IsFilesAnalyzedTagPresent:true PackageVerificationCode:<nil> PackageChecksums:[{Algorithm:SHA512 Value:NhbCSIntruNDTOVI9fdXz0dihaqX2YuE1D6zZMrwiErzH4ELZHE6mdiB40wEgZNprDia+FghRFgKoAqMZRRjSA==}] PackageHomePage: PackageSourceInfo: PackageLicenseConcluded:NOASSERTION PackageLicenseInfoFromFiles:[] PackageLicenseDeclared:MIT PackageLicenseComments: PackageCopyrightText: PackageSummary: PackageDescription: PackageComment:development dependency PackageExternalReferences:[] PackageAttributionTexts:[] PrimaryPackagePurpose: ReleaseDate: BuiltDate: ValidUntilDate: Files:[] Annotations:[] hasFiles:[]}
Neither CPE nor PURL found for package: &{IsUnpackaged:false PackageName:builder-util-runtime PackageSPDXIdentifier:NPM-00c1c478a10f782882cd PackageVersion:9.2.4 PackageFileName: PackageSupplier:<nil> PackageOriginator:<nil> PackageDownloadLocation:https://registry.npmjs.org/builder-util-runtime/-/builder-util-runtime-9.2.4.tgz FilesAnalyzed:false IsFilesAnalyzedTagPresent:true PackageVerificationCode:<nil> PackageChecksums:[{Algorithm:SHA512 Value:upp+biKpN/XZMLim7aguUyW8s0FUpDvOtK6sbanMFDAMBzpHDqdhgVYm6zc9HJ6nWo7u2Lxk60i2M6Jd3aiNrA==}] PackageHomePage: PackageSourceInfo: PackageLicenseConcluded:NOASSERTION PackageLicenseInfoFromFiles:[] PackageLicenseDeclared:MIT PackageLicenseComments: PackageCopyrightText: PackageSummary: PackageDescription: PackageComment:development dependency PackageExternalReferences:[] PackageAttributionTexts:[] PrimaryPackagePurpose: ReleaseDate: BuiltDate: ValidUntilDate: Files:[] Annotations:[] hasFiles:[]}
Neither CPE nor PURL found for package: &{IsUnpackaged:false PackageName:builder-util/node_modules/fs-extra PackageSPDXIdentifier:NPM-ec29c3e84996ff410c7c PackageVersion:10.1.0 PackageFileName: PackageSupplier:<nil> PackageOriginator:<nil> PackageDownloadLocation:https://registry.npmjs.org/fs-extra/-/fs-extra-10.1.0.tgz FilesAnalyzed:false IsFilesAnalyzedTagPresent:true PackageVerificationCode:<nil> PackageChecksums:[{Algorithm:SHA512 Value:oRXApq54ETRj4eMiFzGnHWGy+zo5raudjuxN0b8H7s/RU2oW0Wvsx9O0ACRN/kRq9E8Vu/ReskGB5o3ji+FzHQ==}] PackageHomePage: PackageSourceInfo: PackageLicenseConcluded:NOASSERTION PackageLicenseInfoFromFiles:[] PackageLicenseDeclared:MIT PackageLicenseComments: PackageCopyrightText: PackageSummary: PackageDescription: PackageComment:development dependency PackageExternalReferences:[] PackageAttributionTexts:[] PrimaryPackagePurpose: ReleaseDate: BuiltDate: ValidUntilDate: Files:[] Annotations:[] hasFiles:[]}
Neither CPE nor PURL found for package: &{IsUnpackaged:false PackageName:builder-util/node_modules/jsonfile PackageSPDXIdentifier:NPM-4416bbe014be78bfbae5 PackageVersion:6.2.1 PackageFileName: PackageSupplier:<nil> PackageOriginator:<nil> PackageDownloadLocation:https://registry.npmjs.org/jsonfile/-/jsonfile-6.2.1.tgz FilesAnalyzed:false IsFilesAnalyzedTagPresent:true PackageVerificationCode:<nil> PackageChecksums:[{Algorithm:SHA512 Value:zwOTdL3rFQ/lRdBnntKVOX6k5cKJwEc1HdilT71BWEu7J41gXIB2MRp+vxduPSwZJPWBxEzv4yH1wYLJGUHX4Q==}] PackageHomePage: PackageSourceInfo: PackageLicenseConcluded:NOASSERTION PackageLicenseInfoFromFiles:[] PackageLicenseDeclared:MIT PackageLicenseComments: PackageCopyrightText: PackageSummary: PackageDescription: PackageComment:development dependency PackageExternalReferences:[] PackageAttributionTexts:[] PrimaryPackagePurpose: ReleaseDate: BuiltDate: ValidUntilDate: Files:[] Annotations:[] hasFiles:[]}
Neither CPE nor PURL found for package: &{IsUnpackaged:false PackageName:builder-util/node_modules/universalify PackageSPDXIdentifier:NPM-964fb5a98d9f4785e770 PackageVersion:2.0.1 PackageFileName: PackageSupplier:<nil> PackageOriginator:<nil> PackageDownloadLocation:https://registry.npmjs.org/universalify/-/universalify-2.0.1.tgz FilesAnalyzed:false IsFilesAnalyzedTagPresent:true PackageVerificationCode:<nil> PackageChecksums:[{Algorithm:SHA512 Value:gptHNQghINnc/vTGIk0SOFGFNXw7JVrlRUtConJRlvaw6DuX0wO5Jeko9sWrMBhh+PsYAZ7oXAiOnf/UKogyiw==}] PackageHomePage: PackageSourceInfo: PackageLicenseConcluded:NOASSERTION PackageLicenseInfoFromFiles:[] PackageLicenseDeclared:MIT PackageLicenseComments: PackageCopyrightText: PackageSummary: PackageDescription: PackageComment:development dependency PackageExternalReferences:[] PackageAttributionTexts:[] PrimaryPackagePurpose: ReleaseDate: BuiltDate: ValidUntilDate: Files:[] Annotations:[] hasFiles:[]}
Neither CPE nor PURL found for package: &{IsUnpackaged:false PackageName:bytes PackageSPDXIdentifier:NPM-bc4d24341f85f604856e PackageVersion:3.1.2 PackageFileName: PackageSupplier:<nil> PackageOriginator:<nil> PackageDownloadLocation:https://registry.npmjs.org/bytes/-/bytes-3.1.2.tgz FilesAnalyzed:false IsFilesAnalyzedTagPresent:true PackageVerificationCode:<nil> PackageChecksums:[{Algorithm:SHA512 Value:/Nf7TyzTx6S3yRJObOAV7956r8cr2+Oj8AC5dt8wSP3BQAoeX58NoHyCU8P8zGkNXStjTSi6fzO6F0pBdcYbEg==}] PackageHomePage: PackageSourceInfo: PackageLicenseConcluded:NOASSERTION PackageLicenseInfoFromFiles:[] PackageLicenseDeclared:MIT PackageLicenseComments: PackageCopyrightText: PackageSummary: PackageDescription: PackageComment:runtime or transitive dependency PackageExternalReferences:[] PackageAttributionTexts:[] PrimaryPackagePurpose: ReleaseDate: BuiltDate: ValidUntilDate: Files:[] Annotations:[] hasFiles:[]}
Neither CPE nor PURL found for package: &{IsUnpackaged:false PackageName:cacache PackageSPDXIdentifier:NPM-f44e07dfcfb43bff0725 PackageVersion:15.3.0 PackageFileName: PackageSupplier:<nil> PackageOriginator:<nil> PackageDownloadLocation:https://registry.npmjs.org/cacache/-/cacache-15.3.0.tgz FilesAnalyzed:false IsFilesAnalyzedTagPresent:true PackageVerificationCode:<nil> PackageChecksums:[{Algorithm:SHA512 Value:VVdYzXEn+cnbXpFgWs5hTT7OScegHVmLhJIR8Ufqk3iFD6A6j5iSX1KuBTfNEv4tdJWE2PzA6IVFtcLC7fN9wQ==}] PackageHomePage: PackageSourceInfo: PackageLicenseConcluded:NOASSERTION PackageLicenseInfoFromFiles:[] PackageLicenseDeclared:ISC PackageLicenseComments: PackageCopyrightText: PackageSummary: PackageDescription: PackageComment:runtime or transitive dependency PackageExternalReferences:[] PackageAttributionTexts:[] PrimaryPackagePurpose: ReleaseDate: BuiltDate: ValidUntilDate: Files:[] Annotations:[] hasFiles:[]}
Neither CPE nor PURL found for package: &{IsUnpackaged:false PackageName:cacheable-lookup PackageSPDXIdentifier:NPM-7df0768b9b954d8c3748 PackageVersion:5.0.4 PackageFileName: PackageSupplier:<nil> PackageOriginator:<nil> PackageDownloadLocation:https://registry.npmjs.org/cacheable-lookup/-/cacheable-lookup-5.0.4.tgz FilesAnalyzed:false IsFilesAnalyzedTagPresent:true PackageVerificationCode:<nil> PackageChecksums:[{Algorithm:SHA512 Value:2/kNscPhpcxrOigMZzbiWF7dz8ilhb/nIHU3EyZiXWXpeq/au8qJ8VhdftMkty3n7Gj6HIGalQG8oiBNB3AJgA==}] PackageHomePage: PackageSourceInfo: PackageLicenseConcluded:NOASSERTION PackageLicenseInfoFromFiles:[] PackageLicenseDeclared:MIT PackageLicenseComments: PackageCopyrightText: PackageSummary: PackageDescription: PackageComment:development dependency PackageExternalReferences:[] PackageAttributionTexts:[] PrimaryPackagePurpose: ReleaseDate: BuiltDate: ValidUntilDate: Files:[] Annotations:[] hasFiles:[]}
Neither CPE nor PURL found for package: &{IsUnpackaged:false PackageName:cacheable-request PackageSPDXIdentifier:NPM-0d69585ac60962e210bf PackageVersion:7.0.4 PackageFileName: PackageSupplier:<nil> PackageOriginator:<nil> PackageDownloadLocation:https://registry.npmjs.org/cacheable-request/-/cacheable-request-7.0.4.tgz FilesAnalyzed:false IsFilesAnalyzedTagPresent:true PackageVerificationCode:<nil> PackageChecksums:[{Algorithm:SHA512 Value:v+p6ongsrp0yTGbJXjgxPow2+DL93DASP4kXCDKb8/bwRtt9OEF3whggkkDkGNzgcWy2XaF4a8nZglC7uElscg==}] PackageHomePage: PackageSourceInfo: PackageLicenseConcluded:NOASSERTION PackageLicenseInfoFromFiles:[] PackageLicenseDeclared:MIT PackageLicenseComments: PackageCopyrightText: PackageSummary: PackageDescription: PackageComment:development dependency PackageExternalReferences:[] PackageAttributionTexts:[] PrimaryPackagePurpose: ReleaseDate: BuiltDate: ValidUntilDate: Files:[] Annotations:[] hasFiles:[]}
Neither CPE nor PURL found for package: &{IsUnpackaged:false PackageName:call-bind-apply-helpers PackageSPDXIdentifier:NPM-4609144d3832c8d20774 PackageVersion:1.0.2 PackageFileName: PackageSupplier:<nil> PackageOriginator:<nil> PackageDownloadLocation:https://registry.npmjs.org/call-bind-apply-helpers/-/call-bind-apply-helpers-1.0.2.tgz FilesAnalyzed:false IsFilesAnalyzedTagPresent:true PackageVerificationCode:<nil> PackageChecksums:[{Algorithm:SHA512 Value:Sp1ablJ0ivDkSzjcaJdxEunN5/XvksFJ2sMBFfq6x0ryhQV/2b/KwFe21cMpmHtPOSij8K99/wSfoEuTObmuMQ==}] PackageHomePage: PackageSourceInfo: PackageLicenseConcluded:NOASSERTION PackageLicenseInfoFromFiles:[] PackageLicenseDeclared:MIT PackageLicenseComments: PackageCopyrightText: PackageSummary: PackageDescription: PackageComment:runtime or transitive dependency PackageExternalReferences:[] PackageAttributionTexts:[] PrimaryPackagePurpose: ReleaseDate: BuiltDate: ValidUntilDate: Files:[] Annotations:[] hasFiles:[]}
Neither CPE nor PURL found for package: &{IsUnpackaged:false PackageName:call-bound PackageSPDXIdentifier:NPM-8f41f42b6408a451b13c PackageVersion:1.0.4 PackageFileName: PackageSupplier:<nil> PackageOriginator:<nil> PackageDownloadLocation:https://registry.npmjs.org/call-bound/-/call-bound-1.0.4.tgz FilesAnalyzed:false IsFilesAnalyzedTagPresent:true PackageVerificationCode:<nil> PackageChecksums:[{Algorithm:SHA512 Value:+ys997U96po4Kx/ABpBCqhA9EuxJaQWDQg7295H4hBphv3IZg0boBKuwYpt4YXp6MZ5AmZQnU/tyMTlRpaSejg==}] PackageHomePage: PackageSourceInfo: PackageLicenseConcluded:NOASSERTION PackageLicenseInfoFromFiles:[] PackageLicenseDeclared:MIT PackageLicenseComments: PackageCopyrightText: PackageSummary: PackageDescription: PackageComment:runtime or transitive dependency PackageExternalReferences:[] PackageAttributionTexts:[] PrimaryPackagePurpose: ReleaseDate: BuiltDate: ValidUntilDate: Files:[] Annotations:[] hasFiles:[]}
Neither CPE nor PURL found for package: &{IsUnpackaged:false PackageName:callsites PackageSPDXIdentifier:NPM-4e197b2f076c1568aba6 PackageVersion:3.1.0 PackageFileName: PackageSupplier:<nil> PackageOriginator:<nil> PackageDownloadLocation:https://registry.npmjs.org/callsites/-/callsites-3.1.0.tgz FilesAnalyzed:false IsFilesAnalyzedTagPresent:true PackageVerificationCode:<nil> PackageChecksums:[{Algorithm:SHA512 Value:P8BjAsXvZS+VIDUI11hHCQEv74YT67YUi5JJFNWIqL235sBmjX4+qx9Muvls5ivyNENctx46xQLQ3aTuE7ssaQ==}] PackageHomePage: PackageSourceInfo: PackageLicenseConcluded:NOASSERTION PackageLicenseInfoFromFiles:[] PackageLicenseDeclared:MIT PackageLicenseComments: PackageCopyrightText: PackageSummary: PackageDescription: PackageComment:runtime or transitive dependency PackageExternalReferences:[] PackageAttributionTexts:[] PrimaryPackagePurpose: ReleaseDate: BuiltDate: ValidUntilDate: Files:[] Annotations:[] hasFiles:[]}
Neither CPE nor PURL found for package: &{IsUnpackaged:false PackageName:camelcase PackageSPDXIdentifier:NPM-9cd8c9b9aea21f860554 PackageVersion:5.3.1 PackageFileName: PackageSupplier:<nil> PackageOriginator:<nil> PackageDownloadLocation:https://registry.npmjs.org/camelcase/-/camelcase-5.3.1.tgz FilesAnalyzed:false IsFilesAnalyzedTagPresent:true PackageVerificationCode:<nil> PackageChecksums:[{Algorithm:SHA512 Value:L28STB170nwWS63UjtlEOE3dldQApaJXZkOI1uMFfzf3rRuPegHaHesyee+YxQ+W6SvRDQV6UrdOdRiR153wJg==}] PackageHomePage: PackageSourceInfo: PackageLicenseConcluded:NOASSERTION PackageLicenseInfoFromFiles:[] PackageLicenseDeclared:MIT PackageLicenseComments: PackageCopyrightText: PackageSummary: PackageDescription: PackageComment:development dependency PackageExternalReferences:[] PackageAttributionTexts:[] PrimaryPackagePurpose: ReleaseDate: BuiltDate: ValidUntilDate: Files:[] Annotations:[] hasFiles:[]}
Neither CPE nor PURL found for package: &{IsUnpackaged:false PackageName:camoufox-js PackageSPDXIdentifier:NPM-919e52b058ad897b4c39 PackageVersion:0.1.3 PackageFileName: PackageSupplier:<nil> PackageOriginator:<nil> PackageDownloadLocation:https://registry.npmjs.org/camoufox-js/-/camoufox-js-0.1.3.tgz FilesAnalyzed:false IsFilesAnalyzedTagPresent:true PackageVerificationCode:<nil> PackageChecksums:[{Algorithm:SHA512 Value:5fkaIBUuP0jx/1bDgNNFnydZyZ56O71NgQdPtbXf/jW4xvKmJfgV2Lm8YevJJV46SpB606NNq1gRpfo++a50Dg==}] PackageHomePage: PackageSourceInfo: PackageLicenseConcluded:NOASSERTION PackageLicenseInfoFromFiles:[] PackageLicenseDeclared:ISC PackageLicenseComments: PackageCopyrightText: PackageSummary: PackageDescription: PackageComment:runtime or transitive dependency PackageExternalReferences:[] PackageAttributionTexts:[] PrimaryPackagePurpose: ReleaseDate: BuiltDate: ValidUntilDate: Files:[] Annotations:[] hasFiles:[]}
Neither CPE nor PURL found for package: &{IsUnpackaged:false PackageName:caniuse-lite PackageSPDXIdentifier:NPM-e2bdc7275ae92ab517c7 PackageVersion:1.0.30001793 PackageFileName: PackageSupplier:<nil> PackageOriginator:<nil> PackageDownloadLocation:https://registry.npmjs.org/caniuse-lite/-/caniuse-lite-1.0.30001793.tgz FilesAnalyzed:false IsFilesAnalyzedTagPresent:true PackageVerificationCode:<nil> PackageChecksums:[{Algorithm:SHA512 Value:iwSsYWaCOoh26cV8NwNRViHlrfUvYsHDfRVcbtmw0Kg6PJIZZXwMkj1442FYLBGkeUf1juAsU3DTfxW579mrPA==}] PackageHomePage: PackageSourceInfo: PackageLicenseConcluded:NOASSERTION PackageLicenseInfoFromFiles:[] PackageLicenseDeclared:CC-BY-4.0 PackageLicenseComments: PackageCopyrightText: PackageSummary: PackageDescription: PackageComment:runtime or transitive dependency PackageExternalReferences:[] PackageAttributionTexts:[] PrimaryPackagePurpose: ReleaseDate: BuiltDate: ValidUntilDate: Files:[] Annotations:[] hasFiles:[]}
Neither CPE nor PURL found for package: &{IsUnpackaged:false PackageName:chalk PackageSPDXIdentifier:NPM-c1619ad3bd43ce54cc7a PackageVersion:4.1.2 PackageFileName: PackageSupplier:<nil> PackageOriginator:<nil> PackageDownloadLocation:https://registry.npmjs.org/chalk/-/chalk-4.1.2.tgz FilesAnalyzed:false IsFilesAnalyzedTagPresent:true PackageVerificationCode:<nil> PackageChecksums:[{Algorithm:SHA512 Value:oKnbhFyRIXpUuez8iBMmyEa4nbj4IOQyuhc/wy9kY7/WVPcwIO9VA668Pu8RkO7+0G76SLROeyw9CpQ061i4mA==}] PackageHomePage: PackageSourceInfo: PackageLicenseConcluded:NOASSERTION PackageLicenseInfoFromFiles:[] PackageLicenseDeclared:MIT PackageLicenseComments: PackageCopyrightText: PackageSummary: PackageDescription: PackageComment:development dependency PackageExternalReferences:[] PackageAttributionTexts:[] PrimaryPackagePurpose: ReleaseDate: BuiltDate: ValidUntilDate: Files:[] Annotations:[] hasFiles:[]}
Neither CPE nor PURL found for package: &{IsUnpackaged:false PackageName:char-regex PackageSPDXIdentifier:NPM-3cab2dadda9b53b89255 PackageVersion:1.0.2 PackageFileName: PackageSupplier:<nil> PackageOriginator:<nil> PackageDownloadLocation:https://registry.npmjs.org/char-regex/-/char-regex-1.0.2.tgz FilesAnalyzed:false IsFilesAnalyzedTagPresent:true PackageVerificationCode:<nil> PackageChecksums:[{Algorithm:SHA512 Value:kWWXztvZ5SBQV+eRgKFeh8q5sLuZY2+8WUIzlxWVTg+oGwY14qylx1KbKzHd8P6ZYkAg0xyIDU9JMHhyJMZ1jw==}] PackageHomePage: PackageSourceInfo: PackageLicenseConcluded:NOASSERTION PackageLicenseInfoFromFiles:[] PackageLicenseDeclared:MIT PackageLicenseComments: PackageCopyrightText: PackageSummary: PackageDescription: PackageComment:development dependency PackageExternalReferences:[] PackageAttributionTexts:[] PrimaryPackagePurpose: ReleaseDate: BuiltDate: ValidUntilDate: Files:[] Annotations:[] hasFiles:[]}
Neither CPE nor PURL found for package: &{IsUnpackaged:false PackageName:chownr PackageSPDXIdentifier:NPM-3dbff1a17bbf2c330269 PackageVersion:2.0.0 PackageFileName: PackageSupplier:<nil> PackageOriginator:<nil> PackageDownloadLocation:https://registry.npmjs.org/chownr/-/chownr-2.0.0.tgz FilesAnalyzed:false IsFilesAnalyzedTagPresent:true PackageVerificationCode:<nil> PackageChecksums:[{Algorithm:SHA512 Value:bIomtDF5KGpdogkLd9VspvFzk9KfpyyGlS8YFVZl7TGPBHL5snIOnxeshwVgPteQ9b4Eydl+pVbIyE1DcvCWgQ==}] PackageHomePage: PackageSourceInfo: PackageLicenseConcluded:NOASSERTION PackageLicenseInfoFromFiles:[] PackageLicenseDeclared:ISC PackageLicenseComments: PackageCopyrightText: PackageSummary: PackageDescription: PackageComment:runtime or transitive dependency PackageExternalReferences:[] PackageAttributionTexts:[] PrimaryPackagePurpose: ReleaseDate: BuiltDate: ValidUntilDate: Files:[] Annotations:[] hasFiles:[]}
Neither CPE nor PURL found for package: &{IsUnpackaged:false PackageName:chromium-pickle-js PackageSPDXIdentifier:NPM-842b6d2e4c809cbdedb5 PackageVersion:0.2.0 PackageFileName: PackageSupplier:<nil> PackageOriginator:<nil> PackageDownloadLocation:https://registry.npmjs.org/chromium-pickle-js/-/chromium-pickle-js-0.2.0.tgz FilesAnalyzed:false IsFilesAnalyzedTagPresent:true PackageVerificationCode:<nil> PackageChecksums:[{Algorithm:SHA512 Value:1R5Fho+jBq0DDydt+/vHWj5KJNJCKdARKOCwZUen84I5BreWoLqRLANH1U87eJy1tiASPtMnGqJJq0ZsLoRPOw==}] PackageHomePage: PackageSourceInfo: PackageLicenseConcluded:NOASSERTION PackageLicenseInfoFromFiles:[] PackageLicenseDeclared:MIT PackageLicenseComments: PackageCopyrightText: PackageSummary: PackageDescription: PackageComment:development dependency PackageExternalReferences:[] PackageAttributionTexts:[] PrimaryPackagePurpose: ReleaseDate: BuiltDate: ValidUntilDate: Files:[] Annotations:[] hasFiles:[]}
Neither CPE nor PURL found for package: &{IsUnpackaged:false PackageName:ci-info PackageSPDXIdentifier:NPM-919fdeca035fee91cb84 PackageVersion:3.9.0 PackageFileName: PackageSupplier:<nil> PackageOriginator:<nil> PackageDownloadLocation:https://registry.npmjs.org/ci-info/-/ci-info-3.9.0.tgz FilesAnalyzed:false IsFilesAnalyzedTagPresent:true PackageVerificationCode:<nil> PackageChecksums:[{Algorithm:SHA512 Value:NIxF55hv4nSqQswkAeiOi1r83xy8JldOFDTWiug55KBu9Jnblncd2U6ViHmYgHf01TPZS77NJBhBMKdWj9HQMQ==}] PackageHomePage: PackageSourceInfo: PackageLicenseConcluded:NOASSERTION PackageLicenseInfoFromFiles:[] PackageLicenseDeclared:MIT PackageLicenseComments: PackageCopyrightText: PackageSummary: PackageDescription: PackageComment:development dependency PackageExternalReferences:[] PackageAttributionTexts:[] PrimaryPackagePurpose: ReleaseDate: BuiltDate: ValidUntilDate: Files:[] Annotations:[] hasFiles:[]}
Neither CPE nor PURL found for package: &{IsUnpackaged:false PackageName:cjs-module-lexer PackageSPDXIdentifier:NPM-d62087fcfa59898bf919 PackageVersion:1.4.3 PackageFileName: PackageSupplier:<nil> PackageOriginator:<nil> PackageDownloadLocation:https://registry.npmjs.org/cjs-module-lexer/-/cjs-module-lexer-1.4.3.tgz FilesAnalyzed:false IsFilesAnalyzedTagPresent:true PackageVerificationCode:<nil> PackageChecksums:[{Algorithm:SHA512 Value:9z8TZaGM1pfswYeXrUpzPrkx8UnWYdhJclsiYMm6x/w5+nN+8Tf/LnAgfLGQCm59qAOxU8WwHEq2vNwF6i4j+Q==}] PackageHomePage: PackageSourceInfo: PackageLicenseConcluded:NOASSERTION PackageLicenseInfoFromFiles:[] PackageLicenseDeclared:MIT PackageLicenseComments: PackageCopyrightText: PackageSummary: PackageDescription: PackageComment:development dependency PackageExternalReferences:[] PackageAttributionTexts:[] PrimaryPackagePurpose: ReleaseDate: BuiltDate: ValidUntilDate: Files:[] Annotations:[] hasFiles:[]}
Neither CPE nor PURL found for package: &{IsUnpackaged:false PackageName:clean-stack PackageSPDXIdentifier:NPM-e1e3f1193b2ac191874d PackageVersion:2.2.0 PackageFileName: PackageSupplier:<nil> PackageOriginator:<nil> PackageDownloadLocation:https://registry.npmjs.org/clean-stack/-/clean-stack-2.2.0.tgz FilesAnalyzed:false IsFilesAnalyzedTagPresent:true PackageVerificationCode:<nil> PackageChecksums:[{Algorithm:SHA512 Value:4diC9HaTE+KRAMWhDhrGOECgWZxoevMc5TlkObMqNSsVU62PYzXZ/SMTjzyGAFF1YusgxGcSWTEXBhp0CPwQ1A==}] PackageHomePage: PackageSourceInfo: PackageLicenseConcluded:NOASSERTION PackageLicenseInfoFromFiles:[] PackageLicenseDeclared:MIT PackageLicenseComments: PackageCopyrightText: PackageSummary: PackageDescription: PackageComment:runtime or transitive dependency PackageExternalReferences:[] PackageAttributionTexts:[] PrimaryPackagePurpose: ReleaseDate: BuiltDate: ValidUntilDate: Files:[] Annotations:[] hasFiles:[]}
Neither CPE nor PURL found for package: &{IsUnpackaged:false PackageName:cli-truncate PackageSPDXIdentifier:NPM-929f20cbca8a5037ca0f PackageVersion:2.1.0 PackageFileName: PackageSupplier:<nil> PackageOriginator:<nil> PackageDownloadLocation:https://registry.npmjs.org/cli-truncate/-/cli-truncate-2.1.0.tgz FilesAnalyzed:false IsFilesAnalyzedTagPresent:true PackageVerificationCode:<nil> PackageChecksums:[{Algorithm:SHA512 Value:n8fOixwDD6b/ObinzTrp1ZKFzbgvKZvuz/TvejnLn1aQfC6r52XEx85FmuC+3HI+JM7coBRXUvNqEU2PHVrHpg==}] PackageHomePage: PackageSourceInfo: PackageLicenseConcluded:NOASSERTION PackageLicenseInfoFromFiles:[] PackageLicenseDeclared:MIT PackageLicenseComments: PackageCopyrightText: PackageSummary: PackageDescription: PackageComment:development dependency PackageExternalReferences:[] PackageAttributionTexts:[] PrimaryPackagePurpose: ReleaseDate: BuiltDate: ValidUntilDate: Files:[] Annotations:[] hasFiles:[]}
Neither CPE nor PURL found for package: &{IsUnpackaged:false PackageName:cliui PackageSPDXIdentifier:NPM-4546c8b3643627bee58b PackageVersion:8.0.1 PackageFileName: PackageSupplier:<nil> PackageOriginator:<nil> PackageDownloadLocation:https://registry.npmjs.org/cliui/-/cliui-8.0.1.tgz FilesAnalyzed:false IsFilesAnalyzedTagPresent:true PackageVerificationCode:<nil> PackageChecksums:[{Algorithm:SHA512 Value:BSeNnyus75C4//NQ9gQt1/csTXyo/8Sb+afLAkzAptFuMsod9HFokGNudZpi/oQV73hnVK+sR+5PVRMd+Dr7YQ==}] PackageHomePage: PackageSourceInfo: PackageLicenseConcluded:NOASSERTION PackageLicenseInfoFromFiles:[] PackageLicenseDeclared:ISC PackageLicenseComments: PackageCopyrightText: PackageSummary: PackageDescription: PackageComment:development dependency PackageExternalReferences:[] PackageAttributionTexts:[] PrimaryPackagePurpose: ReleaseDate: BuiltDate: ValidUntilDate: Files:[] Annotations:[] hasFiles:[]}
Neither CPE nor PURL found for package: &{IsUnpackaged:false PackageName:clone-response PackageSPDXIdentifier:NPM-ada6f30e2711193f68c2 PackageVersion:1.0.3 PackageFileName: PackageSupplier:<nil> PackageOriginator:<nil> PackageDownloadLocation:https://registry.npmjs.org/clone-response/-/clone-response-1.0.3.tgz FilesAnalyzed:false IsFilesAnalyzedTagPresent:true PackageVerificationCode:<nil> PackageChecksums:[{Algorithm:SHA512 Value:ROoL94jJH2dUVML2Y/5PEDNaSHgeOdSDicUyS7izcF63G6sTc/FTjLub4b8Il9S8S0beOfYt0TaA5qvFK+w0wA==}] PackageHomePage: PackageSourceInfo: PackageLicenseConcluded:NOASSERTION PackageLicenseInfoFromFiles:[] PackageLicenseDeclared:MIT PackageLicenseComments: PackageCopyrightText: PackageSummary: PackageDescription: PackageComment:development dependency PackageExternalReferences:[] PackageAttributionTexts:[] PrimaryPackagePurpose: ReleaseDate: BuiltDate: ValidUntilDate: Files:[] Annotations:[] hasFiles:[]}
Neither CPE nor PURL found for package: &{IsUnpackaged:false PackageName:co PackageSPDXIdentifier:NPM-6aed9214eb203d69db9d PackageVersion:4.6.0 PackageFileName: PackageSupplier:<nil> PackageOriginator:<nil> PackageDownloadLocation:https://registry.npmjs.org/co/-/co-4.6.0.tgz FilesAnalyzed:false IsFilesAnalyzedTagPresent:true PackageVerificationCode:<nil> PackageChecksums:[{Algorithm:SHA512 Value:QVb0dM5HvG+uaxitm8wONl7jltx8dqhfU33DcqtOZcLSVIKSDDLDi7+0LbAKiyI8hD9u42m2YxXSkMGWThaecQ==}] PackageHomePage: PackageSourceInfo: PackageLicenseConcluded:NOASSERTION PackageLicenseInfoFromFiles:[] PackageLicenseDeclared:MIT PackageLicenseComments: PackageCopyrightText: PackageSummary: PackageDescription: PackageComment:development dependency PackageExternalReferences:[] PackageAttributionTexts:[] PrimaryPackagePurpose: ReleaseDate: BuiltDate: ValidUntilDate: Files:[] Annotations:[] hasFiles:[]}
Neither CPE nor PURL found for package: &{IsUnpackaged:false PackageName:collect-v8-coverage PackageSPDXIdentifier:NPM-828749462ae80d4e33fb PackageVersion:1.0.3 PackageFileName: PackageSupplier:<nil> PackageOriginator:<nil> PackageDownloadLocation:https://registry.npmjs.org/collect-v8-coverage/-/collect-v8-coverage-1.0.3.tgz FilesAnalyzed:false IsFilesAnalyzedTagPresent:true PackageVerificationCode:<nil> PackageChecksums:[{Algorithm:SHA512 Value:1L5aqIkwPfiodaMgQunkF1zRhNqifHBmtbbbxcr6yVxxBnliw4TDOW6NxpO8DJLgJ16OT+Y4ztZqP6p/FtXnAw==}] PackageHomePage: PackageSourceInfo: PackageLicenseConcluded:NOASSERTION PackageLicenseInfoFromFiles:[] PackageLicenseDeclared:MIT PackageLicenseComments: PackageCopyrightText: PackageSummary: PackageDescription: PackageComment:development dependency PackageExternalReferences:[] PackageAttributionTexts:[] PrimaryPackagePurpose: ReleaseDate: BuiltDate: ValidUntilDate: Files:[] Annotations:[] hasFiles:[]}
Neither CPE nor PURL found for package: &{IsUnpackaged:false PackageName:color-convert PackageSPDXIdentifier:NPM-55c87baa2843a3df1bf7 PackageVersion:2.0.1 PackageFileName: PackageSupplier:<nil> PackageOriginator:<nil> PackageDownloadLocation:https://registry.npmjs.org/color-convert/-/color-convert-2.0.1.tgz FilesAnalyzed:false IsFilesAnalyzedTagPresent:true PackageVerificationCode:<nil> PackageChecksums:[{Algorithm:SHA512 Value:RRECPsj7iu/xb5oKYcsFHSppFNnsj/52OVTRKb4zP5onXwVF3zVmmToNcOfGC+CRDpfK/U584fMg38ZHCaElKQ==}] PackageHomePage: PackageSourceInfo: PackageLicenseConcluded:NOASSERTION PackageLicenseInfoFromFiles:[] PackageLicenseDeclared:MIT PackageLicenseComments: PackageCopyrightText: PackageSummary: PackageDescription: PackageComment:development dependency PackageExternalReferences:[] PackageAttributionTexts:[] PrimaryPackagePurpose: ReleaseDate: BuiltDate: ValidUntilDate: Files:[] Annotations:[] hasFiles:[]}
Neither CPE nor PURL found for package: &{IsUnpackaged:false PackageName:color-name PackageSPDXIdentifier:NPM-66a8b5479032c7b05b81 PackageVersion:1.1.4 PackageFileName: PackageSupplier:<nil> PackageOriginator:<nil> PackageDownloadLocation:https://registry.npmjs.org/color-name/-/color-name-1.1.4.tgz FilesAnalyzed:false IsFilesAnalyzedTagPresent:true PackageVerificationCode:<nil> PackageChecksums:[{Algorithm:SHA512 Value:dOy+3AuW3a2wNbZHIuMZpTcgjGuLU/uBL/ubcZF9OXbDo8ff4O8yVp5Bf0efS8uEoYo5q4Fx7dY9OgQGXgAsQA==}] PackageHomePage: PackageSourceInfo: PackageLicenseConcluded:NOASSERTION PackageLicenseInfoFromFiles:[] PackageLicenseDeclared:MIT PackageLicenseComments: PackageCopyrightText: PackageSummary: PackageDescription: PackageComment:development dependency PackageExternalReferences:[] PackageAttributionTexts:[] PrimaryPackagePurpose: ReleaseDate: BuiltDate: ValidUntilDate: Files:[] Annotations:[] hasFiles:[]}
Neither CPE nor PURL found for package: &{IsUnpackaged:false PackageName:color-support PackageSPDXIdentifier:NPM-8c859adbffc828b844de PackageVersion:1.1.3 PackageFileName: PackageSupplier:<nil> PackageOriginator:<nil> PackageDownloadLocation:https://registry.npmjs.org/color-support/-/color-support-1.1.3.tgz FilesAnalyzed:false IsFilesAnalyzedTagPresent:true PackageVerificationCode:<nil> PackageChecksums:[{Algorithm:SHA512 Value:qiBjkpbMLO/HL68y+lh4q0/O1MZFj2RX6X/KmMa3+gJD3z+WwI1ZzDHysvqHGS3mP6mznPckpXmw1nI9cJjyRg==}] PackageHomePage: PackageSourceInfo: PackageLicenseConcluded:NOASSERTION PackageLicenseInfoFromFiles:[] PackageLicenseDeclared:ISC PackageLicenseComments: PackageCopyrightText: PackageSummary: PackageDescription: PackageComment:runtime or transitive dependency PackageExternalReferences:[] PackageAttributionTexts:[] PrimaryPackagePurpose: ReleaseDate: BuiltDate: ValidUntilDate: Files:[] Annotations:[] hasFiles:[]}
Neither CPE nor PURL found for package: &{IsUnpackaged:false PackageName:combined-stream PackageSPDXIdentifier:NPM-bdadd8ca27a3d78fbe2c PackageVersion:1.0.8 PackageFileName: PackageSupplier:<nil> PackageOriginator:<nil> PackageDownloadLocation:https://registry.npmjs.org/combined-stream/-/combined-stream-1.0.8.tgz FilesAnalyzed:false IsFilesAnalyzedTagPresent:true PackageVerificationCode:<nil> PackageChecksums:[{Algorithm:SHA512 Value:FQN4MRfuJeHf7cBbBMJFXhKSDq+2kAArBlmRBvcvFE5BB1HZKXtSFASDhdlz9zOYwxh8lDdnvmMOe/+5cdoEdg==}] PackageHomePage: PackageSourceInfo: PackageLicenseConcluded:NOASSERTION PackageLicenseInfoFromFiles:[] PackageLicenseDeclared:MIT PackageLicenseComments: PackageCopyrightText: PackageSummary: PackageDescription: PackageComment:development dependency PackageExternalReferences:[] PackageAttributionTexts:[] PrimaryPackagePurpose: ReleaseDate: BuiltDate: ValidUntilDate: Files:[] Annotations:[] hasFiles:[]}
Neither CPE nor PURL found for package: &{IsUnpackaged:false PackageName:commander PackageSPDXIdentifier:NPM-ee564f3e5996b98bbc3e PackageVersion:13.1.0 PackageFileName: PackageSupplier:<nil> PackageOriginator:<nil> PackageDownloadLocation:https://registry.npmjs.org/commander/-/commander-13.1.0.tgz FilesAnalyzed:false IsFilesAnalyzedTagPresent:true PackageVerificationCode:<nil> PackageChecksums:[{Algorithm:SHA512 Value:/rFeCpNJQbhSZjGVwO9RFV3xPqbnERS8MmIQzCtD/zl6gpJuV/bMLuN92oG3F7d8oDEHHRrujSXNUr8fpjntKw==}] PackageHomePage: PackageSourceInfo: PackageLicenseConcluded:NOASSERTION PackageLicenseInfoFromFiles:[] PackageLicenseDeclared:MIT PackageLicenseComments: PackageCopyrightText: PackageSummary: PackageDescription: PackageComment:runtime or transitive dependency PackageExternalReferences:[] PackageAttributionTexts:[] PrimaryPackagePurpose: ReleaseDate: BuiltDate: ValidUntilDate: Files:[] Annotations:[] hasFiles:[]}
Neither CPE nor PURL found for package: &{IsUnpackaged:false PackageName:compare-version PackageSPDXIdentifier:NPM-0bcdcbd9ef495b896d8b PackageVersion:0.1.2 PackageFileName: PackageSupplier:<nil> PackageOriginator:<nil> PackageDownloadLocation:https://registry.npmjs.org/compare-version/-/compare-version-0.1.2.tgz FilesAnalyzed:false IsFilesAnalyzedTagPresent:true PackageVerificationCode:<nil> PackageChecksums:[{Algorithm:SHA512 Value:pJDh5/4wrEnXX/VWRZvruAGHkzKdr46z11OlTPN+VrATlWWhSKewNCJ1futCO5C7eJB3nPMFZA1LeYtcFboZ2A==}] PackageHomePage: PackageSourceInfo: PackageLicenseConcluded:NOASSERTION PackageLicenseInfoFromFiles:[] PackageLicenseDeclared:MIT PackageLicenseComments: PackageCopyrightText: PackageSummary: PackageDescription: PackageComment:development dependency PackageExternalReferences:[] PackageAttributionTexts:[] PrimaryPackagePurpose: ReleaseDate: BuiltDate: ValidUntilDate: Files:[] Annotations:[] hasFiles:[]}
Neither CPE nor PURL found for package: &{IsUnpackaged:false PackageName:compress-commons PackageSPDXIdentifier:NPM-2e8034f1b6da3fd45995 PackageVersion:4.1.2 PackageFileName: PackageSupplier:<nil> PackageOriginator:<nil> PackageDownloadLocation:https://registry.npmjs.org/compress-commons/-/compress-commons-4.1.2.tgz FilesAnalyzed:false IsFilesAnalyzedTagPresent:true PackageVerificationCode:<nil> PackageChecksums:[{Algorithm:SHA512 Value:D3uMHtGc/fcO1Gt1/L7i1e33VOvD4A9hfQLP+6ewd+BvG/gQ84Yh4oftEhAdjSMgBgwGL+jsppT7JYNpo6MHHg==}] PackageHomePage: PackageSourceInfo: PackageLicenseConcluded:NOASSERTION PackageLicenseInfoFromFiles:[] PackageLicenseDeclared:MIT PackageLicenseComments: PackageCopyrightText: PackageSummary: PackageDescription: PackageComment:development dependency PackageExternalReferences:[] PackageAttributionTexts:[] PrimaryPackagePurpose: ReleaseDate: BuiltDate: ValidUntilDate: Files:[] Annotations:[] hasFiles:[]}
Neither CPE nor PURL found for package: &{IsUnpackaged:false PackageName:concat-map PackageSPDXIdentifier:NPM-629d11316d75747318cc PackageVersion:0.0.1 PackageFileName: PackageSupplier:<nil> PackageOriginator:<nil> PackageDownloadLocation:https://registry.npmjs.org/concat-map/-/concat-map-0.0.1.tgz FilesAnalyzed:false IsFilesAnalyzedTagPresent:true PackageVerificationCode:<nil> PackageChecksums:[{Algorithm:SHA512 Value:/Srv4dswyQNBfohGpz9o6Yb3Gz3SrUDqBH5rTuhGR7ahtlbYKnVxw2bCFMRljaA7EXHaXZ8wsHdodFvbkhKmqg==}] PackageHomePage: PackageSourceInfo: PackageLicenseConcluded:NOASSERTION PackageLicenseInfoFromFiles:[] PackageLicenseDeclared:MIT PackageLicenseComments: PackageCopyrightText: PackageSummary: PackageDescription: PackageComment:runtime or transitive dependency PackageExternalReferences:[] PackageAttributionTexts:[] PrimaryPackagePurpose: ReleaseDate: BuiltDate: ValidUntilDate: Files:[] Annotations:[] hasFiles:[]}
Neither CPE nor PURL found for package: &{IsUnpackaged:false PackageName:config-file-ts PackageSPDXIdentifier:NPM-5ef808f3b924fa15fa20 PackageVersion:0.2.6 PackageFileName: PackageSupplier:<nil> PackageOriginator:<nil> PackageDownloadLocation:https://registry.npmjs.org/config-file-ts/-/config-file-ts-0.2.6.tgz FilesAnalyzed:false IsFilesAnalyzedTagPresent:true PackageVerificationCode:<nil> PackageChecksums:[{Algorithm:SHA512 Value:6boGVaglwblBgJqGyxm4+xCmEGcWgnWHSWHY5jad58awQhB6gftq0G8HbzU39YqCIYHMLAiL1yjwiZ36m/CL8w==}] PackageHomePage: PackageSourceInfo: PackageLicenseConcluded:NOASSERTION PackageLicenseInfoFromFiles:[] PackageLicenseDeclared:MIT PackageLicenseComments: PackageCopyrightText: PackageSummary: PackageDescription: PackageComment:development dependency PackageExternalReferences:[] PackageAttributionTexts:[] PrimaryPackagePurpose: ReleaseDate: BuiltDate: ValidUntilDate: Files:[] Annotations:[] hasFiles:[]}
Neither CPE nor PURL found for package: &{IsUnpackaged:false PackageName:config-file-ts/node_modules/glob PackageSPDXIdentifier:NPM-e1008fe17b695d4dd2d1 PackageVersion:10.5.0 PackageFileName: PackageSupplier:<nil> PackageOriginator:<nil> PackageDownloadLocation:https://registry.npmjs.org/glob/-/glob-10.5.0.tgz FilesAnalyzed:false IsFilesAnalyzedTagPresent:true PackageVerificationCode:<nil> PackageChecksums:[{Algorithm:SHA512 Value:DfXN8DfhJ7NH3Oe7cFmu3NCu1wKbkReJ8TorzSAFbSKrlNaQSKfIzqYqVY8zlbs2NLBbWpRiU52GX2PbaBVNkg==}] PackageHomePage: PackageSourceInfo: PackageLicenseConcluded:NOASSERTION PackageLicenseInfoFromFiles:[] PackageLicenseDeclared:ISC PackageLicenseComments: PackageCopyrightText: PackageSummary: PackageDescription: PackageComment:development dependency PackageExternalReferences:[] PackageAttributionTexts:[] PrimaryPackagePurpose: ReleaseDate: BuiltDate: ValidUntilDate: Files:[] Annotations:[] hasFiles:[]}
Neither CPE nor PURL found for package: &{IsUnpackaged:false PackageName:config-file-ts/node_modules/minimatch PackageSPDXIdentifier:NPM-02e8cf1b0082e48a9756 PackageVersion:9.0.9 PackageFileName: PackageSupplier:<nil> PackageOriginator:<nil> PackageDownloadLocation:https://registry.npmjs.org/minimatch/-/minimatch-9.0.9.tgz FilesAnalyzed:false IsFilesAnalyzedTagPresent:true PackageVerificationCode:<nil> PackageChecksums:[{Algorithm:SHA512 Value:OBwBN9AL4dqmETlpS2zasx+vTeWclWzkblfZk7KTA5j3jeOONz/tRCnZomUyvNg83wL5Zv9Ss6HMJXAgL8R2Yg==}] PackageHomePage: PackageSourceInfo: PackageLicenseConcluded:NOASSERTION PackageLicenseInfoFromFiles:[] PackageLicenseDeclared:ISC PackageLicenseComments: PackageCopyrightText: PackageSummary: PackageDescription: PackageComment:development dependency PackageExternalReferences:[] PackageAttributionTexts:[] PrimaryPackagePurpose: ReleaseDate: BuiltDate: ValidUntilDate: Files:[] Annotations:[] hasFiles:[]}
Neither CPE nor PURL found for package: &{IsUnpackaged:false PackageName:config-file-ts/node_modules/minipass PackageSPDXIdentifier:NPM-372496ad2445ec86c145 PackageVersion:7.1.3 PackageFileName: PackageSupplier:<nil> PackageOriginator:<nil> PackageDownloadLocation:https://registry.npmjs.org/minipass/-/minipass-7.1.3.tgz FilesAnalyzed:false IsFilesAnalyzedTagPresent:true PackageVerificationCode:<nil> PackageChecksums:[{Algorithm:SHA512 Value:tEBHqDnIoM/1rXME1zgka9g6Q2lcoCkxHLuc7ODJ5BxbP5d4c2Z5cGgtXAku59200Cx7diuHTOYfSBD8n6mm8A==}] PackageHomePage: PackageSourceInfo: PackageLicenseConcluded:NOASSERTION PackageLicenseInfoFromFiles:[] PackageLicenseDeclared:BlueOak-1.0.0 PackageLicenseComments: PackageCopyrightText: PackageSummary: PackageDescription: PackageComment:development dependency PackageExternalReferences:[] PackageAttributionTexts:[] PrimaryPackagePurpose: ReleaseDate: BuiltDate: ValidUntilDate: Files:[] Annotations:[] hasFiles:[]}
Neither CPE nor PURL found for package: &{IsUnpackaged:false PackageName:console-control-strings PackageSPDXIdentifier:NPM-b5c95e92498080b75fd8 PackageVersion:1.1.0 PackageFileName: PackageSupplier:<nil> PackageOriginator:<nil> PackageDownloadLocation:https://registry.npmjs.org/console-control-strings/-/console-control-strings-1.1.0.tgz FilesAnalyzed:false IsFilesAnalyzedTagPresent:true PackageVerificationCode:<nil> PackageChecksums:[{Algorithm:SHA512 Value:ty/fTekppD2fIwRvnZAVdeOiGd1c7YXEixbgJTNzqcxJWKQnjJ/V1bNEEE6hygpM3WjwHFUVK6HTjWSzV4a8sQ==}] PackageHomePage: PackageSourceInfo: PackageLicenseConcluded:NOASSERTION PackageLicenseInfoFromFiles:[] PackageLicenseDeclared:ISC PackageLicenseComments: PackageCopyrightText: PackageSummary: PackageDescription: PackageComment:runtime or transitive dependency PackageExternalReferences:[] PackageAttributionTexts:[] PrimaryPackagePurpose: ReleaseDate: BuiltDate: ValidUntilDate: Files:[] Annotations:[] hasFiles:[]}
Neither CPE nor PURL found for package: &{IsUnpackaged:false PackageName:content-disposition PackageSPDXIdentifier:NPM-b0fd3fa1e97f5d899f52 PackageVersion:0.5.4 PackageFileName: PackageSupplier:<nil> PackageOriginator:<nil> PackageDownloadLocation:https://registry.npmjs.org/content-disposition/-/content-disposition-0.5.4.tgz FilesAnalyzed:false IsFilesAnalyzedTagPresent:true PackageVerificationCode:<nil> PackageChecksums:[{Algorithm:SHA512 Value:FveZTNuGw04cxlAiWbzi6zTAL/lhehaWbTtgluJh4/E95DqMwTmha3KZN1aAWA8cFIhHzMZUvLevkw5Rqk+tSQ==}] PackageHomePage: PackageSourceInfo: PackageLicenseConcluded:NOASSERTION PackageLicenseInfoFromFiles:[] PackageLicenseDeclared:MIT PackageLicenseComments: PackageCopyrightText: PackageSummary: PackageDescription: PackageComment:runtime or transitive dependency PackageExternalReferences:[] PackageAttributionTexts:[] PrimaryPackagePurpose: ReleaseDate: BuiltDate: ValidUntilDate: Files:[] Annotations:[] hasFiles:[]}
Neither CPE nor PURL found for package: &{IsUnpackaged:false PackageName:content-type PackageSPDXIdentifier:NPM-65e9de41d2cef0ed9587 PackageVersion:1.0.5 PackageFileName: PackageSupplier:<nil> PackageOriginator:<nil> PackageDownloadLocation:https://registry.npmjs.org/content-type/-/content-type-1.0.5.tgz FilesAnalyzed:false IsFilesAnalyzedTagPresent:true PackageVerificationCode:<nil> PackageChecksums:[{Algorithm:SHA512 Value:nTjqfcBFEipKdXCv4YDQWCfmcLZKm81ldF0pAopTvyrFGVbcR6P/VAAd5G7N+0tTr8QqiU0tFadD6FK4NtJwOA==}] PackageHomePage: PackageSourceInfo: PackageLicenseConcluded:NOASSERTION PackageLicenseInfoFromFiles:[] PackageLicenseDeclared:MIT PackageLicenseComments: PackageCopyrightText: PackageSummary: PackageDescription: PackageComment:runtime or transitive dependency PackageExternalReferences:[] PackageAttributionTexts:[] PrimaryPackagePurpose: ReleaseDate: BuiltDate: ValidUntilDate: Files:[] Annotations:[] hasFiles:[]}
Neither CPE nor PURL found for package: &{IsUnpackaged:false PackageName:convert-source-map PackageSPDXIdentifier:NPM-46e32cfc12079a57eefe PackageVersion:2.0.0 PackageFileName: PackageSupplier:<nil> PackageOriginator:<nil> PackageDownloadLocation:https://registry.npmjs.org/convert-source-map/-/convert-source-map-2.0.0.tgz FilesAnalyzed:false IsFilesAnalyzedTagPresent:true PackageVerificationCode:<nil> PackageChecksums:[{Algorithm:SHA512 Value:Kvp459HrV2FEJ1CAsi1Ku+MY3kasH19TFykTz2xWmMeq6bk2NU3XXvfJ+Q61m0xktWwt+1HSYf3JZsTms3aRJg==}] PackageHomePage: PackageSourceInfo: PackageLicenseConcluded:NOASSERTION PackageLicenseInfoFromFiles:[] PackageLicenseDeclared:MIT PackageLicenseComments: PackageCopyrightText: PackageSummary: PackageDescription: PackageComment:development dependency PackageExternalReferences:[] PackageAttributionTexts:[] PrimaryPackagePurpose: ReleaseDate: BuiltDate: ValidUntilDate: Files:[] Annotations:[] hasFiles:[]}
Neither CPE nor PURL found for package: &{IsUnpackaged:false PackageName:cookie PackageSPDXIdentifier:NPM-bde361a738adb8c61923 PackageVersion:0.7.2 PackageFileName: PackageSupplier:<nil> PackageOriginator:<nil> PackageDownloadLocation:https://registry.npmjs.org/cookie/-/cookie-0.7.2.tgz FilesAnalyzed:false IsFilesAnalyzedTagPresent:true PackageVerificationCode:<nil> PackageChecksums:[{Algorithm:SHA512 Value:yki5XnKuf750l50uGTllt6kKILY4nQ1eNIQatoXEByZ5dWgnKqbnqmTrBE5B4N7lrMJKQ2ytWMiTO2o0v6Ew/w==}] PackageHomePage: PackageSourceInfo: PackageLicenseConcluded:NOASSERTION PackageLicenseInfoFromFiles:[] PackageLicenseDeclared:MIT PackageLicenseComments: PackageCopyrightText: PackageSummary: PackageDescription: PackageComment:runtime or transitive dependency PackageExternalReferences:[] PackageAttributionTexts:[] PrimaryPackagePurpose: ReleaseDate: BuiltDate: ValidUntilDate: Files:[] Annotations:[] hasFiles:[]}
Neither CPE nor PURL found for package: &{IsUnpackaged:false PackageName:cookie-signature PackageSPDXIdentifier:NPM-ad6e8b1dc95eec76f6f9 PackageVersion:1.0.7 PackageFileName: PackageSupplier:<nil> PackageOriginator:<nil> PackageDownloadLocation:https://registry.npmjs.org/cookie-signature/-/cookie-signature-1.0.7.tgz FilesAnalyzed:false IsFilesAnalyzedTagPresent:true PackageVerificationCode:<nil> PackageChecksums:[{Algorithm:SHA512 Value:NXdYc3dLr47pBkpUCHtKSwIOQXLVn8dZEuywboCOJY/osA0wFSLlSawr3KN8qXJEyX66FcONTH8EIlVuK0yyFA==}] PackageHomePage: PackageSourceInfo: PackageLicenseConcluded:NOASSERTION PackageLicenseInfoFromFiles:[] PackageLicenseDeclared:MIT PackageLicenseComments: PackageCopyrightText: PackageSummary: PackageDescription: PackageComment:runtime or transitive dependency PackageExternalReferences:[] PackageAttributionTexts:[] PrimaryPackagePurpose: ReleaseDate: BuiltDate: ValidUntilDate: Files:[] Annotations:[] hasFiles:[]}
Neither CPE nor PURL found for package: &{IsUnpackaged:false PackageName:core-util-is PackageSPDXIdentifier:NPM-ab5cbd313ac7ce6a02ce PackageVersion:1.0.2 PackageFileName: PackageSupplier:<nil> PackageOriginator:<nil> PackageDownloadLocation:https://registry.npmjs.org/core-util-is/-/core-util-is-1.0.2.tgz FilesAnalyzed:false IsFilesAnalyzedTagPresent:true PackageVerificationCode:<nil> PackageChecksums:[{Algorithm:SHA512 Value:3lqz5YjWTYnW6dlDa5TLaTCcShfar1e40rmcJVwCBJC6mWlFuj0eCHIElmG1g5kyuJ/GD+8Wn4FFCcz4gJPfaQ==}] PackageHomePage: PackageSourceInfo: PackageLicenseConcluded:NOASSERTION PackageLicenseInfoFromFiles:[] PackageLicenseDeclared:MIT PackageLicenseComments: PackageCopyrightText: PackageSummary: PackageDescription: PackageComment:development dependency PackageExternalReferences:[] PackageAttributionTexts:[] PrimaryPackagePurpose: ReleaseDate: BuiltDate: ValidUntilDate: Files:[] Annotations:[] hasFiles:[]}
Neither CPE nor PURL found for package: &{IsUnpackaged:false PackageName:crc PackageSPDXIdentifier:NPM-0481480a5e8aacb8297e PackageVersion:3.8.0 PackageFileName: PackageSupplier:<nil> PackageOriginator:<nil> PackageDownloadLocation:https://registry.npmjs.org/crc/-/crc-3.8.0.tgz FilesAnalyzed:false IsFilesAnalyzedTagPresent:true PackageVerificationCode:<nil> PackageChecksums:[{Algorithm:SHA512 Value:iX3mfgcTMIq3ZKLIsVFAbv7+Mc10kxabAGQb8HvjA1o3T1PIYprbakQ65d3I+2HGHt6nSKkM9PYjgoJO2KcFBQ==}] PackageHomePage: PackageSourceInfo: PackageLicenseConcluded:NOASSERTION PackageLicenseInfoFromFiles:[] PackageLicenseDeclared:MIT PackageLicenseComments: PackageCopyrightText: PackageSummary: PackageDescription: PackageComment:development dependency PackageExternalReferences:[] PackageAttributionTexts:[] PrimaryPackagePurpose: ReleaseDate: BuiltDate: ValidUntilDate: Files:[] Annotations:[] hasFiles:[]}
Neither CPE nor PURL found for package: &{IsUnpackaged:false PackageName:crc-32 PackageSPDXIdentifier:NPM-7148f1a7f5f539f5021f PackageVersion:1.2.2 PackageFileName: PackageSupplier:<nil> PackageOriginator:<nil> PackageDownloadLocation:https://registry.npmjs.org/crc-32/-/crc-32-1.2.2.tgz FilesAnalyzed:false IsFilesAnalyzedTagPresent:true PackageVerificationCode:<nil> PackageChecksums:[{Algorithm:SHA512 Value:ROmzCKrTnOwybPcJApAA6WBWij23HVfGVNKqqrZpuyZOHqK2CwHSvpGuyt/UNNvaIjEd8X5IFGp4Mh+Ie1IHJQ==}] PackageHomePage: PackageSourceInfo: PackageLicenseConcluded:NOASSERTION PackageLicenseInfoFromFiles:[] PackageLicenseDeclared:Apache-2.0 PackageLicenseComments: PackageCopyrightText: PackageSummary: PackageDescription: PackageComment:development dependency PackageExternalReferences:[] PackageAttributionTexts:[] PrimaryPackagePurpose: ReleaseDate: BuiltDate: ValidUntilDate: Files:[] Annotations:[] hasFiles:[]}
Neither CPE nor PURL found for package: &{IsUnpackaged:false PackageName:crc32-stream PackageSPDXIdentifier:NPM-52edcd3a785e5c0d7561 PackageVersion:4.0.3 PackageFileName: PackageSupplier:<nil> PackageOriginator:<nil> PackageDownloadLocation:https://registry.npmjs.org/crc32-stream/-/crc32-stream-4.0.3.tgz FilesAnalyzed:false IsFilesAnalyzedTagPresent:true PackageVerificationCode:<nil> PackageChecksums:[{Algorithm:SHA512 Value:NT7w2JVU7DFroFdYkeq8cywxrgjPHWkdX1wjpRQXPX5Asews3tA+Ght6lddQO5Mkumffp3X7GEqku3epj2toIw==}] PackageHomePage: PackageSourceInfo: PackageLicenseConcluded:NOASSERTION PackageLicenseInfoFromFiles:[] PackageLicenseDeclared:MIT PackageLicenseComments: PackageCopyrightText: PackageSummary: PackageDescription: PackageComment:development dependency PackageExternalReferences:[] PackageAttributionTexts:[] PrimaryPackagePurpose: ReleaseDate: BuiltDate: ValidUntilDate: Files:[] Annotations:[] hasFiles:[]}
Neither CPE nor PURL found for package: &{IsUnpackaged:false PackageName:create-jest PackageSPDXIdentifier:NPM-0e7b36e0cbd1f6dbda40 PackageVersion:29.7.0 PackageFileName: PackageSupplier:<nil> PackageOriginator:<nil> PackageDownloadLocation:https://registry.npmjs.org/create-jest/-/create-jest-29.7.0.tgz FilesAnalyzed:false IsFilesAnalyzedTagPresent:true PackageVerificationCode:<nil> PackageChecksums:[{Algorithm:SHA512 Value:Adz2bdH0Vq3F53KEMJOoftQFutWCukm6J24wbPWRO4k1kMY7gS7ds/uoJkNuV8wDCtWWnuwGcJwpWcih+zEW1Q==}] PackageHomePage: PackageSourceInfo: PackageLicenseConcluded:NOASSERTION PackageLicenseInfoFromFiles:[] PackageLicenseDeclared:MIT PackageLicenseComments: PackageCopyrightText: PackageSummary: PackageDescription: PackageComment:development dependency PackageExternalReferences:[] PackageAttributionTexts:[] PrimaryPackagePurpose: ReleaseDate: BuiltDate: ValidUntilDate: Files:[] Annotations:[] hasFiles:[]}
Neither CPE nor PURL found for package: &{IsUnpackaged:false PackageName:cross-spawn PackageSPDXIdentifier:NPM-50cb51119b3e7a0445ea PackageVersion:7.0.6 PackageFileName: PackageSupplier:<nil> PackageOriginator:<nil> PackageDownloadLocation:https://registry.npmjs.org/cross-spawn/-/cross-spawn-7.0.6.tgz FilesAnalyzed:false IsFilesAnalyzedTagPresent:true PackageVerificationCode:<nil> PackageChecksums:[{Algorithm:SHA512 Value:uV2QOWP2nWzsy2aMp8aRibhi9dlzF5Hgh5SHaB9OiTGEyDTiJJyx0uy51QXdyWbtAHNua4XJzUKca3OzKUd3vA==}] PackageHomePage: PackageSourceInfo: PackageLicenseConcluded:NOASSERTION PackageLicenseInfoFromFiles:[] PackageLicenseDeclared:MIT PackageLicenseComments: PackageCopyrightText: PackageSummary: PackageDescription: PackageComment:development dependency PackageExternalReferences:[] PackageAttributionTexts:[] PrimaryPackagePurpose: ReleaseDate: BuiltDate: ValidUntilDate: Files:[] Annotations:[] hasFiles:[]}
Neither CPE nor PURL found for package: &{IsUnpackaged:false PackageName:debug PackageSPDXIdentifier:NPM-6390bf853aed627edd1f PackageVersion:4.4.3 PackageFileName: PackageSupplier:<nil> PackageOriginator:<nil> PackageDownloadLocation:https://registry.npmjs.org/debug/-/debug-4.4.3.tgz FilesAnalyzed:false IsFilesAnalyzedTagPresent:true PackageVerificationCode:<nil> PackageChecksums:[{Algorithm:SHA512 Value:RGwwWnwQvkVfavKVt22FGLw+xYSdzARwm0ru6DhTVA3umU5hZc28V3kO4stgYryrTlLpuvgI9GiijltAjNbcqA==}] PackageHomePage: PackageSourceInfo: PackageLicenseConcluded:NOASSERTION PackageLicenseInfoFromFiles:[] PackageLicenseDeclared:MIT PackageLicenseComments: PackageCopyrightText: PackageSummary: PackageDescription: PackageComment:runtime or transitive dependency PackageExternalReferences:[] PackageAttributionTexts:[] PrimaryPackagePurpose: ReleaseDate: BuiltDate: ValidUntilDate: Files:[] Annotations:[] hasFiles:[]}
Neither CPE nor PURL found for package: &{IsUnpackaged:false PackageName:decompress-response PackageSPDXIdentifier:NPM-64c777c1b9075eb1d4fc PackageVersion:6.0.0 PackageFileName: PackageSupplier:<nil> PackageOriginator:<nil> PackageDownloadLocation:https://registry.npmjs.org/decompress-response/-/decompress-response-6.0.0.tgz FilesAnalyzed:false IsFilesAnalyzedTagPresent:true PackageVerificationCode:<nil> PackageChecksums:[{Algorithm:SHA512 Value:aW35yZM6Bb/4oJlZncMH2LCoZtJXTRxES17vE3hoRiowU2kWHaJKFkSBDnDR+cm9J+9QhXmREyIfv0pji9ejCQ==}] PackageHomePage: PackageSourceInfo: PackageLicenseConcluded:NOASSERTION PackageLicenseInfoFromFiles:[] PackageLicenseDeclared:MIT PackageLicenseComments: PackageCopyrightText: PackageSummary: PackageDescription: PackageComment:runtime or transitive dependency PackageExternalReferences:[] PackageAttributionTexts:[] PrimaryPackagePurpose: ReleaseDate: BuiltDate: ValidUntilDate: Files:[] Annotations:[] hasFiles:[]}
Neither CPE nor PURL found for package: &{IsUnpackaged:false PackageName:decompress-response/node_modules/mimic-response PackageSPDXIdentifier:NPM-4944d896cb0e59341f97 PackageVersion:3.1.0 PackageFileName: PackageSupplier:<nil> PackageOriginator:<nil> PackageDownloadLocation:https://registry.npmjs.org/mimic-response/-/mimic-response-3.1.0.tgz FilesAnalyzed:false IsFilesAnalyzedTagPresent:true PackageVerificationCode:<nil> PackageChecksums:[{Algorithm:SHA512 Value:z0yWI+4FDrrweS8Zmt4Ej5HdJmky15+L2e6Wgn3+iK5fWzb6T3fhNFq2+MeTRb064c6Wr4N/wv0DzQTjNzHNGQ==}] PackageHomePage: PackageSourceInfo: PackageLicenseConcluded:NOASSERTION PackageLicenseInfoFromFiles:[] PackageLicenseDeclared:MIT PackageLicenseComments: PackageCopyrightText: PackageSummary: PackageDescription: PackageComment:runtime or transitive dependency PackageExternalReferences:[] PackageAttributionTexts:[] PrimaryPackagePurpose: ReleaseDate: BuiltDate: ValidUntilDate: Files:[] Annotations:[] hasFiles:[]}
Neither CPE nor PURL found for package: &{IsUnpackaged:false PackageName:dedent PackageSPDXIdentifier:NPM-1850ba91a130f8795a41 PackageVersion:1.7.2 PackageFileName: PackageSupplier:<nil> PackageOriginator:<nil> PackageDownloadLocation:https://registry.npmjs.org/dedent/-/dedent-1.7.2.tgz FilesAnalyzed:false IsFilesAnalyzedTagPresent:true PackageVerificationCode:<nil> PackageChecksums:[{Algorithm:SHA512 Value:WzMx3mW98SN+zn3hgemf4OzdmyNhhhKz5Ay0pUfQiMQ3e1g+xmTJWp/pKdwKVXhdSkAEGIIzqeuWrL3mV/AXbA==}] PackageHomePage: PackageSourceInfo: PackageLicenseConcluded:NOASSERTION PackageLicenseInfoFromFiles:[] PackageLicenseDeclared:MIT PackageLicenseComments: PackageCopyrightText: PackageSummary: PackageDescription: PackageComment:development dependency PackageExternalReferences:[] PackageAttributionTexts:[] PrimaryPackagePurpose: ReleaseDate: BuiltDate: ValidUntilDate: Files:[] Annotations:[] hasFiles:[]}
Neither CPE nor PURL found for package: &{IsUnpackaged:false PackageName:deep-extend PackageSPDXIdentifier:NPM-654bd7d00073c2195bca PackageVersion:0.6.0 PackageFileName: PackageSupplier:<nil> PackageOriginator:<nil> PackageDownloadLocation:https://registry.npmjs.org/deep-extend/-/deep-extend-0.6.0.tgz FilesAnalyzed:false IsFilesAnalyzedTagPresent:true PackageVerificationCode:<nil> PackageChecksums:[{Algorithm:SHA512 Value:LOHxIOaPYdHlJRtCQfDIVZtfw/ufM8+rVj649RIHzcm/vGwQRXFt6OPqIFWsm2XEMrNIEtWR64sY1LEKD2vAOA==}] PackageHomePage: PackageSourceInfo: PackageLicenseConcluded:NOASSERTION PackageLicenseInfoFromFiles:[] PackageLicenseDeclared:MIT PackageLicenseComments: PackageCopyrightText: PackageSummary: PackageDescription: PackageComment:runtime or transitive dependency PackageExternalReferences:[] PackageAttributionTexts:[] PrimaryPackagePurpose: ReleaseDate: BuiltDate: ValidUntilDate: Files:[] Annotations:[] hasFiles:[]}
Neither CPE nor PURL found for package: &{IsUnpackaged:false PackageName:deepmerge PackageSPDXIdentifier:NPM-0ce77c61c88101cc7e19 PackageVersion:4.3.1 PackageFileName: PackageSupplier:<nil> PackageOriginator:<nil> PackageDownloadLocation:https://registry.npmjs.org/deepmerge/-/deepmerge-4.3.1.tgz FilesAnalyzed:false IsFilesAnalyzedTagPresent:true PackageVerificationCode:<nil> PackageChecksums:[{Algorithm:SHA512 Value:3sUqbMEc77XqpdNO7FRyRog+eW3ph+GYCbj+rK+uYyRMuwsVy0rMiVtPn+QJlKFvWP/1PYpapqYn0Me2knFn+A==}] PackageHomePage: PackageSourceInfo: PackageLicenseConcluded:NOASSERTION PackageLicenseInfoFromFiles:[] PackageLicenseDeclared:MIT PackageLicenseComments: PackageCopyrightText: PackageSummary: PackageDescription: PackageComment:development dependency PackageExternalReferences:[] PackageAttributionTexts:[] PrimaryPackagePurpose: ReleaseDate: BuiltDate: ValidUntilDate: Files:[] Annotations:[] hasFiles:[]}
Neither CPE nor PURL found for package: &{IsUnpackaged:false PackageName:defer-to-connect PackageSPDXIdentifier:NPM-46795c145c8fc954ef35 PackageVersion:2.0.1 PackageFileName: PackageSupplier:<nil> PackageOriginator:<nil> PackageDownloadLocation:https://registry.npmjs.org/defer-to-connect/-/defer-to-connect-2.0.1.tgz FilesAnalyzed:false IsFilesAnalyzedTagPresent:true PackageVerificationCode:<nil> PackageChecksums:[{Algorithm:SHA512 Value:4tvttepXG1VaYGrRibk5EwJd1t4udunSOVMdLSAL6mId1ix438oPwPZMALY41FCijukO1L0twNcGsdzS7dHgDg==}] PackageHomePage: PackageSourceInfo: PackageLicenseConcluded:NOASSERTION PackageLicenseInfoFromFiles:[] PackageLicenseDeclared:MIT PackageLicenseComments: PackageCopyrightText: PackageSummary: PackageDescription: PackageComment:development dependency PackageExternalReferences:[] PackageAttributionTexts:[] PrimaryPackagePurpose: ReleaseDate: BuiltDate: ValidUntilDate: Files:[] Annotations:[] hasFiles:[]}
Neither CPE nor PURL found for package: &{IsUnpackaged:false PackageName:define-data-property PackageSPDXIdentifier:NPM-a776d26c4eb3429c37b3 PackageVersion:1.1.4 PackageFileName: PackageSupplier:<nil> PackageOriginator:<nil> PackageDownloadLocation:https://registry.npmjs.org/define-data-property/-/define-data-property-1.1.4.tgz FilesAnalyzed:false IsFilesAnalyzedTagPresent:true PackageVerificationCode:<nil> PackageChecksums:[{Algorithm:SHA512 Value:rBMvIzlpA8v6E+SJZoo++HAYqsLrkg7MSfIinMPFhmkorw7X+dOXVJQs+QT69zGkzMyfDnIMN2Wid1+NbL3T+A==}] PackageHomePage: PackageSourceInfo: PackageLicenseConcluded:NOASSERTION PackageLicenseInfoFromFiles:[] PackageLicenseDeclared:MIT PackageLicenseComments: PackageCopyrightText: PackageSummary: PackageDescription: PackageComment:development dependency PackageExternalReferences:[] PackageAttributionTexts:[] PrimaryPackagePurpose: ReleaseDate: BuiltDate: ValidUntilDate: Files:[] Annotations:[] hasFiles:[]}
Neither CPE nor PURL found for package: &{IsUnpackaged:false PackageName:define-properties PackageSPDXIdentifier:NPM-332935df321f270f8588 PackageVersion:1.2.1 PackageFileName: PackageSupplier:<nil> PackageOriginator:<nil> PackageDownloadLocation:https://registry.npmjs.org/define-properties/-/define-properties-1.2.1.tgz FilesAnalyzed:false IsFilesAnalyzedTagPresent:true PackageVerificationCode:<nil> PackageChecksums:[{Algorithm:SHA512 Value:8QmQKqEASLd5nx0U1B1okLElbUuuttJ/AnYmRXbbbGDWh6uS208EjD4Xqq/I9wK7u0v6O08XhTWnt5XtEbR6Dg==}] PackageHomePage: PackageSourceInfo: PackageLicenseConcluded:NOASSERTION PackageLicenseInfoFromFiles:[] PackageLicenseDeclared:MIT PackageLicenseComments: PackageCopyrightText: PackageSummary: PackageDescription: PackageComment:development dependency PackageExternalReferences:[] PackageAttributionTexts:[] PrimaryPackagePurpose: ReleaseDate: BuiltDate: ValidUntilDate: Files:[] Annotations:[] hasFiles:[]}
Neither CPE nor PURL found for package: &{IsUnpackaged:false PackageName:delayed-stream PackageSPDXIdentifier:NPM-cff14fcf469afa09b024 PackageVersion:1.0.0 PackageFileName: PackageSupplier:<nil> PackageOriginator:<nil> PackageDownloadLocation:https://registry.npmjs.org/delayed-stream/-/delayed-stream-1.0.0.tgz FilesAnalyzed:false IsFilesAnalyzedTagPresent:true PackageVerificationCode:<nil> PackageChecksums:[{Algorithm:SHA512 Value:ZySD7Nf91aLB0RxL4KGrKHBXl7Eds1DAmEdcoVawXnLD7SDhpNgtuII2aAkg7a7QS41jxPSZ17p4VdGnMHk3MQ==}] PackageHomePage: PackageSourceInfo: PackageLicenseConcluded:NOASSERTION PackageLicenseInfoFromFiles:[] PackageLicenseDeclared:MIT PackageLicenseComments: PackageCopyrightText: PackageSummary: PackageDescription: PackageComment:development dependency PackageExternalReferences:[] PackageAttributionTexts:[] PrimaryPackagePurpose: ReleaseDate: BuiltDate: ValidUntilDate: Files:[] Annotations:[] hasFiles:[]}
Neither CPE nor PURL found for package: &{IsUnpackaged:false PackageName:delegates PackageSPDXIdentifier:NPM-8ac2167c6a2c6f3786fa PackageVersion:1.0.0 PackageFileName: PackageSupplier:<nil> PackageOriginator:<nil> PackageDownloadLocation:https://registry.npmjs.org/delegates/-/delegates-1.0.0.tgz FilesAnalyzed:false IsFilesAnalyzedTagPresent:true PackageVerificationCode:<nil> PackageChecksums:[{Algorithm:SHA512 Value:bd2L678uiWATM6m5Z1VzNCErI3jiGzt6HGY8OVICs40JQq/HALfbyNJmp0UDakEY4pMMaN0Ly5om/B1VI/+xfQ==}] PackageHomePage: PackageSourceInfo: PackageLicenseConcluded:NOASSERTION PackageLicenseInfoFromFiles:[] PackageLicenseDeclared:MIT PackageLicenseComments: PackageCopyrightText: PackageSummary: PackageDescription: PackageComment:runtime or transitive dependency PackageExternalReferences:[] PackageAttributionTexts:[] PrimaryPackagePurpose: ReleaseDate: BuiltDate: ValidUntilDate: Files:[] Annotations:[] hasFiles:[]}
Neither CPE nor PURL found for package: &{IsUnpackaged:false PackageName:depd PackageSPDXIdentifier:NPM-7028878ddf0fd7d97770 PackageVersion:2.0.0 PackageFileName: PackageSupplier:<nil> PackageOriginator:<nil> PackageDownloadLocation:https://registry.npmjs.org/depd/-/depd-2.0.0.tgz FilesAnalyzed:false IsFilesAnalyzedTagPresent:true PackageVerificationCode:<nil> PackageChecksums:[{Algorithm:SHA512 Value:g7nH6P6dyDioJogAAGprGpCtVImJhpPk/roCzdb3fIh61/s/nPsfR6onyMwkCAR/OlC3yBC0lESvUoQEAssIrw==}] PackageHomePage: PackageSourceInfo: PackageLicenseConcluded:NOASSERTION PackageLicenseInfoFromFiles:[] PackageLicenseDeclared:MIT PackageLicenseComments: PackageCopyrightText: PackageSummary: PackageDescription: PackageComment:runtime or transitive dependency PackageExternalReferences:[] PackageAttributionTexts:[] PrimaryPackagePurpose: ReleaseDate: BuiltDate: ValidUntilDate: Files:[] Annotations:[] hasFiles:[]}
Neither CPE nor PURL found for package: &{IsUnpackaged:false PackageName:destroy PackageSPDXIdentifier:NPM-b0d735940e17a041d544 PackageVersion:1.2.0 PackageFileName: PackageSupplier:<nil> PackageOriginator:<nil> PackageDownloadLocation:https://registry.npmjs.org/destroy/-/destroy-1.2.0.tgz FilesAnalyzed:false IsFilesAnalyzedTagPresent:true PackageVerificationCode:<nil> PackageChecksums:[{Algorithm:SHA512 Value:2sJGJTaXIIaR1w4iJSNoN0hnMY7Gpc/n8D4qSCJw8QqFWXf7cuAgnEHxBpweaVcPevC2l3KpjYCx3NypQQgaJg==}] PackageHomePage: PackageSourceInfo: PackageLicenseConcluded:NOASSERTION PackageLicenseInfoFromFiles:[] PackageLicenseDeclared:MIT PackageLicenseComments: PackageCopyrightText: PackageSummary: PackageDescription: PackageComment:runtime or transitive dependency PackageExternalReferences:[] PackageAttributionTexts:[] PrimaryPackagePurpose: ReleaseDate: BuiltDate: ValidUntilDate: Files:[] Annotations:[] hasFiles:[]}
Neither CPE nor PURL found for package: &{IsUnpackaged:false PackageName:detect-europe-js PackageSPDXIdentifier:NPM-6338c6a10a25b82dbaf6 PackageVersion:0.1.2 PackageFileName: PackageSupplier:<nil> PackageOriginator:<nil> PackageDownloadLocation:https://registry.npmjs.org/detect-europe-js/-/detect-europe-js-0.1.2.tgz FilesAnalyzed:false IsFilesAnalyzedTagPresent:true PackageVerificationCode:<nil> PackageChecksums:[{Algorithm:SHA512 Value:lgdERlL3u0aUdHocoouzT10d9I89VVhk0qNRmll7mXdGfJT1/wqZ2ZLA4oJAjeACPY5fT1wsbq2AT+GkuInsow==}] PackageHomePage: PackageSourceInfo: PackageLicenseConcluded:NOASSERTION PackageLicenseInfoFromFiles:[] PackageLicenseDeclared:MIT PackageLicenseComments: PackageCopyrightText: PackageSummary: PackageDescription: PackageComment:runtime or transitive dependency PackageExternalReferences:[] PackageAttributionTexts:[] PrimaryPackagePurpose: ReleaseDate: BuiltDate: ValidUntilDate: Files:[] Annotations:[] hasFiles:[]}
Neither CPE nor PURL found for package: &{IsUnpackaged:false PackageName:detect-libc PackageSPDXIdentifier:NPM-a7155eec83d1e1001e3a PackageVersion:2.1.2 PackageFileName: PackageSupplier:<nil> PackageOriginator:<nil> PackageDownloadLocation:https://registry.npmjs.org/detect-libc/-/detect-libc-2.1.2.tgz FilesAnalyzed:false IsFilesAnalyzedTagPresent:true PackageVerificationCode:<nil> PackageChecksums:[{Algorithm:SHA512 Value:Btj2BOOO83o3WyH59e8MgXsxEQVcarkUOpEYrubB0urwnN10yQ364rsiByU11nZlqWYZm05i/of7io4mzihBtQ==}] PackageHomePage: PackageSourceInfo: PackageLicenseConcluded:NOASSERTION PackageLicenseInfoFromFiles:[] PackageLicenseDeclared:Apache-2.0 PackageLicenseComments: PackageCopyrightText: PackageSummary: PackageDescription: PackageComment:runtime or transitive dependency PackageExternalReferences:[] PackageAttributionTexts:[] PrimaryPackagePurpose: ReleaseDate: BuiltDate: ValidUntilDate: Files:[] Annotations:[] hasFiles:[]}
Neither CPE nor PURL found for package: &{IsUnpackaged:false PackageName:detect-newline PackageSPDXIdentifier:NPM-d04d903a5fd0b25b8b90 PackageVersion:3.1.0 PackageFileName: PackageSupplier:<nil> PackageOriginator:<nil> PackageDownloadLocation:https://registry.npmjs.org/detect-newline/-/detect-newline-3.1.0.tgz FilesAnalyzed:false IsFilesAnalyzedTagPresent:true PackageVerificationCode:<nil> PackageChecksums:[{Algorithm:SHA512 Value:TLz+x/vEXm/Y7P7wn1EJFNLxYpUD4TgMosxY6fAVJUnJMbupHBOncxyWUG9OpTaH9EBD7uFI5LfEgmMOc54DsA==}] PackageHomePage: PackageSourceInfo: PackageLicenseConcluded:NOASSERTION PackageLicenseInfoFromFiles:[] PackageLicenseDeclared:MIT PackageLicenseComments: PackageCopyrightText: PackageSummary: PackageDescription: PackageComment:development dependency PackageExternalReferences:[] PackageAttributionTexts:[] PrimaryPackagePurpose: ReleaseDate: BuiltDate: ValidUntilDate: Files:[] Annotations:[] hasFiles:[]}
Neither CPE nor PURL found for package: &{IsUnpackaged:false PackageName:detect-node PackageSPDXIdentifier:NPM-a391a1002c95997e982d PackageVersion:2.1.0 PackageFileName: PackageSupplier:<nil> PackageOriginator:<nil> PackageDownloadLocation:https://registry.npmjs.org/detect-node/-/detect-node-2.1.0.tgz FilesAnalyzed:false IsFilesAnalyzedTagPresent:true PackageVerificationCode:<nil> PackageChecksums:[{Algorithm:SHA512 Value:T0NIuQpnTvFDATNuHN5roPwSBG83rFsuO+MXXH9/3N1eFbn4wcPjttvjMLEPWJ0RGUYgQE7cGgS3tNxbqCGM7g==}] PackageHomePage: PackageSourceInfo: PackageLicenseConcluded:NOASSERTION PackageLicenseInfoFromFiles:[] PackageLicenseDeclared:MIT PackageLicenseComments: PackageCopyrightText: PackageSummary: PackageDescription: PackageComment:development dependency PackageExternalReferences:[] PackageAttributionTexts:[] PrimaryPackagePurpose: ReleaseDate: BuiltDate: ValidUntilDate: Files:[] Annotations:[] hasFiles:[]}
Neither CPE nor PURL found for package: &{IsUnpackaged:false PackageName:diff-sequences PackageSPDXIdentifier:NPM-cddc32de3ca59e34c6b4 PackageVersion:29.6.3 PackageFileName: PackageSupplier:<nil> PackageOriginator:<nil> PackageDownloadLocation:https://registry.npmjs.org/diff-sequences/-/diff-sequences-29.6.3.tgz FilesAnalyzed:false IsFilesAnalyzedTagPresent:true PackageVerificationCode:<nil> PackageChecksums:[{Algorithm:SHA512 Value:EjePK1srD3P08o2j4f0ExnylqRs5B9tJjcp9t1krH2qRi8CCdsYfwe9JgSLurFBWwq4uOlipzfk5fHNvwFKr8Q==}] PackageHomePage: PackageSourceInfo: PackageLicenseConcluded:NOASSERTION PackageLicenseInfoFromFiles:[] PackageLicenseDeclared:MIT PackageLicenseComments: PackageCopyrightText: PackageSummary: PackageDescription: PackageComment:development dependency PackageExternalReferences:[] PackageAttributionTexts:[] PrimaryPackagePurpose: ReleaseDate: BuiltDate: ValidUntilDate: Files:[] Annotations:[] hasFiles:[]}
Neither CPE nor PURL found for package: &{IsUnpackaged:false PackageName:dir-compare PackageSPDXIdentifier:NPM-b4f3c2b9750138ab7036 PackageVersion:3.3.0 PackageFileName: PackageSupplier:<nil> PackageOriginator:<nil> PackageDownloadLocation:https://registry.npmjs.org/dir-compare/-/dir-compare-3.3.0.tgz FilesAnalyzed:false IsFilesAnalyzedTagPresent:true PackageVerificationCode:<nil> PackageChecksums:[{Algorithm:SHA512 Value:J7/et3WlGUCxjdnD3HAAzQ6nsnc0WL6DD7WcwJb7c39iH1+AWfg+9OqzJNaI6PkBwBvm1mhZNL9iY/nRiZXlPg==}] PackageHomePage: PackageSourceInfo: PackageLicenseConcluded:NOASSERTION PackageLicenseInfoFromFiles:[] PackageLicenseDeclared:MIT PackageLicenseComments: PackageCopyrightText: PackageSummary: PackageDescription: PackageComment:development dependency PackageExternalReferences:[] PackageAttributionTexts:[] PrimaryPackagePurpose: ReleaseDate: BuiltDate: ValidUntilDate: Files:[] Annotations:[] hasFiles:[]}
Neither CPE nor PURL found for package: &{IsUnpackaged:false PackageName:dir-compare/node_modules/brace-expansion PackageSPDXIdentifier:NPM-f3f0aa5a837ec5c37b8b PackageVersion:1.1.15 PackageFileName: PackageSupplier:<nil> PackageOriginator:<nil> PackageDownloadLocation:https://registry.npmjs.org/brace-expansion/-/brace-expansion-1.1.15.tgz FilesAnalyzed:false IsFilesAnalyzedTagPresent:true PackageVerificationCode:<nil> PackageChecksums:[{Algorithm:SHA512 Value:EwOCDEex4quD37XhqM3omwtMoJjr//isUZz1JopUNWms+4Z2ViyM/k1YIRePpoVNnQhENnxtFjLaxNHrT7xIUg==}] PackageHomePage: PackageSourceInfo: PackageLicenseConcluded:NOASSERTION PackageLicenseInfoFromFiles:[] PackageLicenseDeclared:MIT PackageLicenseComments: PackageCopyrightText: PackageSummary: PackageDescription: PackageComment:development dependency PackageExternalReferences:[] PackageAttributionTexts:[] PrimaryPackagePurpose: ReleaseDate: BuiltDate: ValidUntilDate: Files:[] Annotations:[] hasFiles:[]}
Neither CPE nor PURL found for package: &{IsUnpackaged:false PackageName:dir-compare/node_modules/minimatch PackageSPDXIdentifier:NPM-d4951902024db5408329 PackageVersion:3.1.5 PackageFileName: PackageSupplier:<nil> PackageOriginator:<nil> PackageDownloadLocation:https://registry.npmjs.org/minimatch/-/minimatch-3.1.5.tgz FilesAnalyzed:false IsFilesAnalyzedTagPresent:true PackageVerificationCode:<nil> PackageChecksums:[{Algorithm:SHA512 Value:VgjWUsnnT6n+NUk6eZq77zeFdpW2LWDzP6zFGrCbHXiYNul5Dzqk2HHQ5uFH2DNW5Xbp8+jVzaeNt94ssEEl4w==}] PackageHomePage: PackageSourceInfo: PackageLicenseConcluded:NOASSERTION PackageLicenseInfoFromFiles:[] PackageLicenseDeclared:ISC PackageLicenseComments: PackageCopyrightText: PackageSummary: PackageDescription: PackageComment:development dependency PackageExternalReferences:[] PackageAttributionTexts:[] PrimaryPackagePurpose: ReleaseDate: BuiltDate: ValidUntilDate: Files:[] Annotations:[] hasFiles:[]}
Neither CPE nor PURL found for package: &{IsUnpackaged:false PackageName:dmg-builder PackageSPDXIdentifier:NPM-9c22c5bb3948d52ae83b PackageVersion:24.13.3 PackageFileName: PackageSupplier:<nil> PackageOriginator:<nil> PackageDownloadLocation:https://registry.npmjs.org/dmg-builder/-/dmg-builder-24.13.3.tgz FilesAnalyzed:false IsFilesAnalyzedTagPresent:true PackageVerificationCode:<nil> PackageChecksums:[{Algorithm:SHA512 Value:rcJUkMfnJpfCboZoOOPf4L29TRtEieHNOeAbYPWPxlaBw/Z1RKrRA86dOI9rwaI4tQSc/RD82zTNHprfUHXsoQ==}] PackageHomePage: PackageSourceInfo: PackageLicenseConcluded:NOASSERTION PackageLicenseInfoFromFiles:[] PackageLicenseDeclared:MIT PackageLicenseComments: PackageCopyrightText: PackageSummary: PackageDescription: PackageComment:development dependency PackageExternalReferences:[] PackageAttributionTexts:[] PrimaryPackagePurpose: ReleaseDate: BuiltDate: ValidUntilDate: Files:[] Annotations:[] hasFiles:[]}
Neither CPE nor PURL found for package: &{IsUnpackaged:false PackageName:dmg-builder/node_modules/fs-extra PackageSPDXIdentifier:NPM-069198a774b248af9e53 PackageVersion:10.1.0 PackageFileName: PackageSupplier:<nil> PackageOriginator:<nil> PackageDownloadLocation:https://registry.npmjs.org/fs-extra/-/fs-extra-10.1.0.tgz FilesAnalyzed:false IsFilesAnalyzedTagPresent:true PackageVerificationCode:<nil> PackageChecksums:[{Algorithm:SHA512 Value:oRXApq54ETRj4eMiFzGnHWGy+zo5raudjuxN0b8H7s/RU2oW0Wvsx9O0ACRN/kRq9E8Vu/ReskGB5o3ji+FzHQ==}] PackageHomePage: PackageSourceInfo: PackageLicenseConcluded:NOASSERTION PackageLicenseInfoFromFiles:[] PackageLicenseDeclared:MIT PackageLicenseComments: PackageCopyrightText: PackageSummary: PackageDescription: PackageComment:development dependency PackageExternalReferences:[] PackageAttributionTexts:[] PrimaryPackagePurpose: ReleaseDate: BuiltDate: ValidUntilDate: Files:[] Annotations:[] hasFiles:[]}
Neither CPE nor PURL found for package: &{IsUnpackaged:false PackageName:dmg-builder/node_modules/iconv-lite PackageSPDXIdentifier:NPM-948247d4bc1569d6153f PackageVersion:0.6.3 PackageFileName: PackageSupplier:<nil> PackageOriginator:<nil> PackageDownloadLocation:https://registry.npmjs.org/iconv-lite/-/iconv-lite-0.6.3.tgz FilesAnalyzed:false IsFilesAnalyzedTagPresent:true PackageVerificationCode:<nil> PackageChecksums:[{Algorithm:SHA512 Value:4fCk79wshMdzMp2rH06qWrJE4iolqLhCUH+OiuIgU++RB0+94NlDL81atO7GX55uUKueo0txHNtvEyI6D7WdMw==}] PackageHomePage: PackageSourceInfo: PackageLicenseConcluded:NOASSERTION PackageLicenseInfoFromFiles:[] PackageLicenseDeclared:MIT PackageLicenseComments: PackageCopyrightText: PackageSummary: PackageDescription: PackageComment:development dependency PackageExternalReferences:[] PackageAttributionTexts:[] PrimaryPackagePurpose: ReleaseDate: BuiltDate: ValidUntilDate: Files:[] Annotations:[] hasFiles:[]}
Neither CPE nor PURL found for package: &{IsUnpackaged:false PackageName:dmg-builder/node_modules/jsonfile PackageSPDXIdentifier:NPM-d71482f1e77f124b6a84 PackageVersion:6.2.1 PackageFileName: PackageSupplier:<nil> PackageOriginator:<nil> PackageDownloadLocation:https://registry.npmjs.org/jsonfile/-/jsonfile-6.2.1.tgz FilesAnalyzed:false IsFilesAnalyzedTagPresent:true PackageVerificationCode:<nil> PackageChecksums:[{Algorithm:SHA512 Value:zwOTdL3rFQ/lRdBnntKVOX6k5cKJwEc1HdilT71BWEu7J41gXIB2MRp+vxduPSwZJPWBxEzv4yH1wYLJGUHX4Q==}] PackageHomePage: PackageSourceInfo: PackageLicenseConcluded:NOASSERTION PackageLicenseInfoFromFiles:[] PackageLicenseDeclared:MIT PackageLicenseComments: PackageCopyrightText: PackageSummary: PackageDescription: PackageComment:development dependency PackageExternalReferences:[] PackageAttributionTexts:[] PrimaryPackagePurpose: ReleaseDate: BuiltDate: ValidUntilDate: Files:[] Annotations:[] hasFiles:[]}
Neither CPE nor PURL found for package: &{IsUnpackaged:false PackageName:dmg-builder/node_modules/universalify PackageSPDXIdentifier:NPM-fef14240874971c8197c PackageVersion:2.0.1 PackageFileName: PackageSupplier:<nil> PackageOriginator:<nil> PackageDownloadLocation:https://registry.npmjs.org/universalify/-/universalify-2.0.1.tgz FilesAnalyzed:false IsFilesAnalyzedTagPresent:true PackageVerificationCode:<nil> PackageChecksums:[{Algorithm:SHA512 Value:gptHNQghINnc/vTGIk0SOFGFNXw7JVrlRUtConJRlvaw6DuX0wO5Jeko9sWrMBhh+PsYAZ7oXAiOnf/UKogyiw==}] PackageHomePage: PackageSourceInfo: PackageLicenseConcluded:NOASSERTION PackageLicenseInfoFromFiles:[] PackageLicenseDeclared:MIT PackageLicenseComments: PackageCopyrightText: PackageSummary: PackageDescription: PackageComment:development dependency PackageExternalReferences:[] PackageAttributionTexts:[] PrimaryPackagePurpose: ReleaseDate: BuiltDate: ValidUntilDate: Files:[] Annotations:[] hasFiles:[]}
Neither CPE nor PURL found for package: &{IsUnpackaged:false PackageName:dmg-license PackageSPDXIdentifier:NPM-afe2fde4515deb9fe722 PackageVersion:1.0.11 PackageFileName: PackageSupplier:<nil> PackageOriginator:<nil> PackageDownloadLocation:https://registry.npmjs.org/dmg-license/-/dmg-license-1.0.11.tgz FilesAnalyzed:false IsFilesAnalyzedTagPresent:true PackageVerificationCode:<nil> PackageChecksums:[{Algorithm:SHA512 Value:ZdzmqwKmECOWJpqefloC5OJy1+WZBBse5+MR88z9g9Zn4VY+WYUkAyojmhzJckH5YbbZGcYIuGAkY5/Ys5OM2Q==}] PackageHomePage: PackageSourceInfo: PackageLicenseConcluded:NOASSERTION PackageLicenseInfoFromFiles:[] PackageLicenseDeclared:MIT PackageLicenseComments: PackageCopyrightText: PackageSummary: PackageDescription: PackageComment:development dependency PackageExternalReferences:[] PackageAttributionTexts:[] PrimaryPackagePurpose: ReleaseDate: BuiltDate: ValidUntilDate: Files:[] Annotations:[] hasFiles:[]}
Neither CPE nor PURL found for package: &{IsUnpackaged:false PackageName:dot-prop PackageSPDXIdentifier:NPM-a8d84220c3ff618d9001 PackageVersion:6.0.1 PackageFileName: PackageSupplier:<nil> PackageOriginator:<nil> PackageDownloadLocation:https://registry.npmjs.org/dot-prop/-/dot-prop-6.0.1.tgz FilesAnalyzed:false IsFilesAnalyzedTagPresent:true PackageVerificationCode:<nil> PackageChecksums:[{Algorithm:SHA512 Value:tE7ztYzXHIeyvc7N+hR3oi7FIbf/NIjVP9hmAt3yMXzrQ072/fpjGLx2GxNxGxUl5V73MEqYzioOMoVhGMJ5cA==}] PackageHomePage: PackageSourceInfo: PackageLicenseConcluded:NOASSERTION PackageLicenseInfoFromFiles:[] PackageLicenseDeclared:MIT PackageLicenseComments: PackageCopyrightText: PackageSummary: PackageDescription: PackageComment:runtime or transitive dependency PackageExternalReferences:[] PackageAttributionTexts:[] PrimaryPackagePurpose: ReleaseDate: BuiltDate: ValidUntilDate: Files:[] Annotations:[] hasFiles:[]}
Neither CPE nor PURL found for package: &{IsUnpackaged:false PackageName:dotenv PackageSPDXIdentifier:NPM-a48bdb423c59b9a4de06 PackageVersion:9.0.2 PackageFileName: PackageSupplier:<nil> PackageOriginator:<nil> PackageDownloadLocation:https://registry.npmjs.org/dotenv/-/dotenv-9.0.2.tgz FilesAnalyzed:false IsFilesAnalyzedTagPresent:true PackageVerificationCode:<nil> PackageChecksums:[{Algorithm:SHA512 Value:I9OvvrHp4pIARv4+x9iuewrWycX6CcZtoAu1XrzPxc5UygMJXJZYmBsynku8IkrJwgypE5DGNjDPmPRhDCptUg==}] PackageHomePage: PackageSourceInfo: PackageLicenseConcluded:NOASSERTION PackageLicenseInfoFromFiles:[] PackageLicenseDeclared:BSD-2-Clause PackageLicenseComments: PackageCopyrightText: PackageSummary: PackageDescription: PackageComment:development dependency PackageExternalReferences:[] PackageAttributionTexts:[] PrimaryPackagePurpose: ReleaseDate: BuiltDate: ValidUntilDate: Files:[] Annotations:[] hasFiles:[]}
Neither CPE nor PURL found for package: &{IsUnpackaged:false PackageName:dotenv-expand PackageSPDXIdentifier:NPM-12ba1903213ddf1e8437 PackageVersion:5.1.0 PackageFileName: PackageSupplier:<nil> PackageOriginator:<nil> PackageDownloadLocation:https://registry.npmjs.org/dotenv-expand/-/dotenv-expand-5.1.0.tgz FilesAnalyzed:false IsFilesAnalyzedTagPresent:true PackageVerificationCode:<nil> PackageChecksums:[{Algorithm:SHA512 Value:YXQl1DSa4/PQyRfgrv6aoNjhasp/p4qs9FjJ4q4cQk+8m4r6k4ZSiEyytKG8f8W9gi8WsQtIObNmKd+tMzNTmA==}] PackageHomePage: PackageSourceInfo: PackageLicenseConcluded:NOASSERTION PackageLicenseInfoFromFiles:[] PackageLicenseDeclared:BSD-2-Clause PackageLicenseComments: PackageCopyrightText: PackageSummary: PackageDescription: PackageComment:development dependency PackageExternalReferences:[] PackageAttributionTexts:[] PrimaryPackagePurpose: ReleaseDate: BuiltDate: ValidUntilDate: Files:[] Annotations:[] hasFiles:[]}
Neither CPE nor PURL found for package: &{IsUnpackaged:false PackageName:dunder-proto PackageSPDXIdentifier:NPM-390fd69f2035b583e461 PackageVersion:1.0.1 PackageFileName: PackageSupplier:<nil> PackageOriginator:<nil> PackageDownloadLocation:https://registry.npmjs.org/dunder-proto/-/dunder-proto-1.0.1.tgz FilesAnalyzed:false IsFilesAnalyzedTagPresent:true PackageVerificationCode:<nil> PackageChecksums:[{Algorithm:SHA512 Value:KIN/nDJBQRcXw0MLVhZE9iQHmG68qAVIBg9CqmUYjmQIhgij9U5MFvrqkUL5FbtyyzZuOeOt0zdeRe4UY7ct+A==}] PackageHomePage: PackageSourceInfo: PackageLicenseConcluded:NOASSERTION PackageLicenseInfoFromFiles:[] PackageLicenseDeclared:MIT PackageLicenseComments: PackageCopyrightText: PackageSummary: PackageDescription: PackageComment:runtime or transitive dependency PackageExternalReferences:[] PackageAttributionTexts:[] PrimaryPackagePurpose: ReleaseDate: BuiltDate: ValidUntilDate: Files:[] Annotations:[] hasFiles:[]}
Neither CPE nor PURL found for package: &{IsUnpackaged:false PackageName:eastasianwidth PackageSPDXIdentifier:NPM-d6f238cb9cc3e7dd2ef1 PackageVersion:0.2.0 PackageFileName: PackageSupplier:<nil> PackageOriginator:<nil> PackageDownloadLocation:https://registry.npmjs.org/eastasianwidth/-/eastasianwidth-0.2.0.tgz FilesAnalyzed:false IsFilesAnalyzedTagPresent:true PackageVerificationCode:<nil> PackageChecksums:[{Algorithm:SHA512 Value:I88TYZWc9XiYHRQ4/3c5rjjfgkjhLyW2luGIheGERbNQ6OY7yTybanSpDXZa8y7VUP9YmDcYa+eyq4ca7iLqWA==}] PackageHomePage: PackageSourceInfo: PackageLicenseConcluded:NOASSERTION PackageLicenseInfoFromFiles:[] PackageLicenseDeclared:MIT PackageLicenseComments: PackageCopyrightText: PackageSummary: PackageDescription: PackageComment:development dependency PackageExternalReferences:[] PackageAttributionTexts:[] PrimaryPackagePurpose: ReleaseDate: BuiltDate: ValidUntilDate: Files:[] Annotations:[] hasFiles:[]}
Neither CPE nor PURL found for package: &{IsUnpackaged:false PackageName:ee-first PackageSPDXIdentifier:NPM-e2746902c758ae8a6f91 PackageVersion:1.1.1 PackageFileName: PackageSupplier:<nil> PackageOriginator:<nil> PackageDownloadLocation:https://registry.npmjs.org/ee-first/-/ee-first-1.1.1.tgz FilesAnalyzed:false IsFilesAnalyzedTagPresent:true PackageVerificationCode:<nil> PackageChecksums:[{Algorithm:SHA512 Value:WMwm9LhRUo+WUaRN+vRuETqG89IgZphVSNkdFgeb6sS/E4OrDIN7t48CAewSHXc6C8lefD8KKfr5vY61brQlow==}] PackageHomePage: PackageSourceInfo: PackageLicenseConcluded:NOASSERTION PackageLicenseInfoFromFiles:[] PackageLicenseDeclared:MIT PackageLicenseComments: PackageCopyrightText: PackageSummary: PackageDescription: PackageComment:runtime or transitive dependency PackageExternalReferences:[] PackageAttributionTexts:[] PrimaryPackagePurpose: ReleaseDate: BuiltDate: ValidUntilDate: Files:[] Annotations:[] hasFiles:[]}
Neither CPE nor PURL found for package: &{IsUnpackaged:false PackageName:ejs PackageSPDXIdentifier:NPM-a75e48993e71e391d0a9 PackageVersion:3.1.10 PackageFileName: PackageSupplier:<nil> PackageOriginator:<nil> PackageDownloadLocation:https://registry.npmjs.org/ejs/-/ejs-3.1.10.tgz FilesAnalyzed:false IsFilesAnalyzedTagPresent:true PackageVerificationCode:<nil> PackageChecksums:[{Algorithm:SHA512 Value:UeJmFfOrAQS8OJWPZ4qtgHyWExa088/MtK5UEyoJGFH67cDEXkZSviOiKRCZ4Xij0zxI3JECgYs3oKx+AizQBA==}] PackageHomePage: PackageSourceInfo: PackageLicenseConcluded:NOASSERTION PackageLicenseInfoFromFiles:[] PackageLicenseDeclared:Apache-2.0 PackageLicenseComments: PackageCopyrightText: PackageSummary: PackageDescription: PackageComment:development dependency PackageExternalReferences:[] PackageAttributionTexts:[] PrimaryPackagePurpose: ReleaseDate: BuiltDate: ValidUntilDate: Files:[] Annotations:[] hasFiles:[]}
Neither CPE nor PURL found for package: &{IsUnpackaged:false PackageName:electron PackageSPDXIdentifier:NPM-b8949aa8130b5ef5da1e PackageVersion:30.5.1 PackageFileName: PackageSupplier:<nil> PackageOriginator:<nil> PackageDownloadLocation:https://registry.npmjs.org/electron/-/electron-30.5.1.tgz FilesAnalyzed:false IsFilesAnalyzedTagPresent:true PackageVerificationCode:<nil> PackageChecksums:[{Algorithm:SHA512 Value:AhL7+mZ8Lg14iaNfoYTkXQ2qee8mmsQyllKdqxlpv/zrKgfxz6jNVtcRRbQtLxtF8yzcImWdfTQROpYiPumdbw==}] PackageHomePage: PackageSourceInfo: PackageLicenseConcluded:NOASSERTION PackageLicenseInfoFromFiles:[] PackageLicenseDeclared:MIT PackageLicenseComments: PackageCopyrightText: PackageSummary: PackageDescription: PackageComment:development dependency PackageExternalReferences:[] PackageAttributionTexts:[] PrimaryPackagePurpose: ReleaseDate: BuiltDate: ValidUntilDate: Files:[] Annotations:[] hasFiles:[]}
Neither CPE nor PURL found for package: &{IsUnpackaged:false PackageName:electron-builder PackageSPDXIdentifier:NPM-76c3b986b24045dc320a PackageVersion:24.13.3 PackageFileName: PackageSupplier:<nil> PackageOriginator:<nil> PackageDownloadLocation:https://registry.npmjs.org/electron-builder/-/electron-builder-24.13.3.tgz FilesAnalyzed:false IsFilesAnalyzedTagPresent:true PackageVerificationCode:<nil> PackageChecksums:[{Algorithm:SHA512 Value:yZSgVHft5dNVlo31qmJAe4BVKQfFdwpRw7sFp1iQglDRCDD6r22zfRJuZlhtB5gp9FHUxCMEoWGq10SkCnMAIg==}] PackageHomePage: PackageSourceInfo: PackageLicenseConcluded:NOASSERTION PackageLicenseInfoFromFiles:[] PackageLicenseDeclared:MIT PackageLicenseComments: PackageCopyrightText: PackageSummary: PackageDescription: PackageComment:development dependency PackageExternalReferences:[] PackageAttributionTexts:[] PrimaryPackagePurpose: ReleaseDate: BuiltDate: ValidUntilDate: Files:[] Annotations:[] hasFiles:[]}
Neither CPE nor PURL found for package: &{IsUnpackaged:false PackageName:electron-builder-squirrel-windows PackageSPDXIdentifier:NPM-93466412bea4936dfde7 PackageVersion:24.13.3 PackageFileName: PackageSupplier:<nil> PackageOriginator:<nil> PackageDownloadLocation:https://registry.npmjs.org/electron-builder-squirrel-windows/-/electron-builder-squirrel-windows-24.13.3.tgz FilesAnalyzed:false IsFilesAnalyzedTagPresent:true PackageVerificationCode:<nil> PackageChecksums:[{Algorithm:SHA512 Value:oHkV0iogWfyK+ah9ZIvMDpei1m9ZRpdXcvde1wTpra2U8AFDNNpqJdnin5z+PM1GbQ5BoaKCWas2HSjtR0HwMg==}] PackageHomePage: PackageSourceInfo: PackageLicenseConcluded:NOASSERTION PackageLicenseInfoFromFiles:[] PackageLicenseDeclared:MIT PackageLicenseComments: PackageCopyrightText: PackageSummary: PackageDescription: PackageComment:development dependency PackageExternalReferences:[] PackageAttributionTexts:[] PrimaryPackagePurpose: ReleaseDate: BuiltDate: ValidUntilDate: Files:[] Annotations:[] hasFiles:[]}
Neither CPE nor PURL found for package: &{IsUnpackaged:false PackageName:electron-builder-squirrel-windows/node_modules/fs-extra PackageSPDXIdentifier:NPM-32296ab795a65f6e9280 PackageVersion:10.1.0 PackageFileName: PackageSupplier:<nil> PackageOriginator:<nil> PackageDownloadLocation:https://registry.npmjs.org/fs-extra/-/fs-extra-10.1.0.tgz FilesAnalyzed:false IsFilesAnalyzedTagPresent:true PackageVerificationCode:<nil> PackageChecksums:[{Algorithm:SHA512 Value:oRXApq54ETRj4eMiFzGnHWGy+zo5raudjuxN0b8H7s/RU2oW0Wvsx9O0ACRN/kRq9E8Vu/ReskGB5o3ji+FzHQ==}] PackageHomePage: PackageSourceInfo: PackageLicenseConcluded:NOASSERTION PackageLicenseInfoFromFiles:[] PackageLicenseDeclared:MIT PackageLicenseComments: PackageCopyrightText: PackageSummary: PackageDescription: PackageComment:development dependency PackageExternalReferences:[] PackageAttributionTexts:[] PrimaryPackagePurpose: ReleaseDate: BuiltDate: ValidUntilDate: Files:[] Annotations:[] hasFiles:[]}
Neither CPE nor PURL found for package: &{IsUnpackaged:false PackageName:electron-builder-squirrel-windows/node_modules/jsonfile PackageSPDXIdentifier:NPM-482248ce35cf87d3f1e1 PackageVersion:6.2.1 PackageFileName: PackageSupplier:<nil> PackageOriginator:<nil> PackageDownloadLocation:https://registry.npmjs.org/jsonfile/-/jsonfile-6.2.1.tgz FilesAnalyzed:false IsFilesAnalyzedTagPresent:true PackageVerificationCode:<nil> PackageChecksums:[{Algorithm:SHA512 Value:zwOTdL3rFQ/lRdBnntKVOX6k5cKJwEc1HdilT71BWEu7J41gXIB2MRp+vxduPSwZJPWBxEzv4yH1wYLJGUHX4Q==}] PackageHomePage: PackageSourceInfo: PackageLicenseConcluded:NOASSERTION PackageLicenseInfoFromFiles:[] PackageLicenseDeclared:MIT PackageLicenseComments: PackageCopyrightText: PackageSummary: PackageDescription: PackageComment:development dependency PackageExternalReferences:[] PackageAttributionTexts:[] PrimaryPackagePurpose: ReleaseDate: BuiltDate: ValidUntilDate: Files:[] Annotations:[] hasFiles:[]}
Neither CPE nor PURL found for package: &{IsUnpackaged:false PackageName:electron-builder-squirrel-windows/node_modules/universalify PackageSPDXIdentifier:NPM-d9bfe39b6ee96795d94a PackageVersion:2.0.1 PackageFileName: PackageSupplier:<nil> PackageOriginator:<nil> PackageDownloadLocation:https://registry.npmjs.org/universalify/-/universalify-2.0.1.tgz FilesAnalyzed:false IsFilesAnalyzedTagPresent:true PackageVerificationCode:<nil> PackageChecksums:[{Algorithm:SHA512 Value:gptHNQghINnc/vTGIk0SOFGFNXw7JVrlRUtConJRlvaw6DuX0wO5Jeko9sWrMBhh+PsYAZ7oXAiOnf/UKogyiw==}] PackageHomePage: PackageSourceInfo: PackageLicenseConcluded:NOASSERTION PackageLicenseInfoFromFiles:[] PackageLicenseDeclared:MIT PackageLicenseComments: PackageCopyrightText: PackageSummary: PackageDescription: PackageComment:development dependency PackageExternalReferences:[] PackageAttributionTexts:[] PrimaryPackagePurpose: ReleaseDate: BuiltDate: ValidUntilDate: Files:[] Annotations:[] hasFiles:[]}
Neither CPE nor PURL found for package: &{IsUnpackaged:false PackageName:electron-builder/node_modules/fs-extra PackageSPDXIdentifier:NPM-99d59ae553e40faddb93 PackageVersion:10.1.0 PackageFileName: PackageSupplier:<nil> PackageOriginator:<nil> PackageDownloadLocation:https://registry.npmjs.org/fs-extra/-/fs-extra-10.1.0.tgz FilesAnalyzed:false IsFilesAnalyzedTagPresent:true PackageVerificationCode:<nil> PackageChecksums:[{Algorithm:SHA512 Value:oRXApq54ETRj4eMiFzGnHWGy+zo5raudjuxN0b8H7s/RU2oW0Wvsx9O0ACRN/kRq9E8Vu/ReskGB5o3ji+FzHQ==}] PackageHomePage: PackageSourceInfo: PackageLicenseConcluded:NOASSERTION PackageLicenseInfoFromFiles:[] PackageLicenseDeclared:MIT PackageLicenseComments: PackageCopyrightText: PackageSummary: PackageDescription: PackageComment:development dependency PackageExternalReferences:[] PackageAttributionTexts:[] PrimaryPackagePurpose: ReleaseDate: BuiltDate: ValidUntilDate: Files:[] Annotations:[] hasFiles:[]}
Neither CPE nor PURL found for package: &{IsUnpackaged:false PackageName:electron-builder/node_modules/jsonfile PackageSPDXIdentifier:NPM-ceb5eb7330433edaf9c7 PackageVersion:6.2.1 PackageFileName: PackageSupplier:<nil> PackageOriginator:<nil> PackageDownloadLocation:https://registry.npmjs.org/jsonfile/-/jsonfile-6.2.1.tgz FilesAnalyzed:false IsFilesAnalyzedTagPresent:true PackageVerificationCode:<nil> PackageChecksums:[{Algorithm:SHA512 Value:zwOTdL3rFQ/lRdBnntKVOX6k5cKJwEc1HdilT71BWEu7J41gXIB2MRp+vxduPSwZJPWBxEzv4yH1wYLJGUHX4Q==}] PackageHomePage: PackageSourceInfo: PackageLicenseConcluded:NOASSERTION PackageLicenseInfoFromFiles:[] PackageLicenseDeclared:MIT PackageLicenseComments: PackageCopyrightText: PackageSummary: PackageDescription: PackageComment:development dependency PackageExternalReferences:[] PackageAttributionTexts:[] PrimaryPackagePurpose: ReleaseDate: BuiltDate: ValidUntilDate: Files:[] Annotations:[] hasFiles:[]}
Neither CPE nor PURL found for package: &{IsUnpackaged:false PackageName:electron-builder/node_modules/universalify PackageSPDXIdentifier:NPM-091a3dcec2c9f9460fdb PackageVersion:2.0.1 PackageFileName: PackageSupplier:<nil> PackageOriginator:<nil> PackageDownloadLocation:https://registry.npmjs.org/universalify/-/universalify-2.0.1.tgz FilesAnalyzed:false IsFilesAnalyzedTagPresent:true PackageVerificationCode:<nil> PackageChecksums:[{Algorithm:SHA512 Value:gptHNQghINnc/vTGIk0SOFGFNXw7JVrlRUtConJRlvaw6DuX0wO5Jeko9sWrMBhh+PsYAZ7oXAiOnf/UKogyiw==}] PackageHomePage: PackageSourceInfo: PackageLicenseConcluded:NOASSERTION PackageLicenseInfoFromFiles:[] PackageLicenseDeclared:MIT PackageLicenseComments: PackageCopyrightText: PackageSummary: PackageDescription: PackageComment:development dependency PackageExternalReferences:[] PackageAttributionTexts:[] PrimaryPackagePurpose: ReleaseDate: BuiltDate: ValidUntilDate: Files:[] Annotations:[] hasFiles:[]}
Neither CPE nor PURL found for package: &{IsUnpackaged:false PackageName:electron-publish PackageSPDXIdentifier:NPM-663b6e74296ab357661a PackageVersion:24.13.1 PackageFileName: PackageSupplier:<nil> PackageOriginator:<nil> PackageDownloadLocation:https://registry.npmjs.org/electron-publish/-/electron-publish-24.13.1.tgz FilesAnalyzed:false IsFilesAnalyzedTagPresent:true PackageVerificationCode:<nil> PackageChecksums:[{Algorithm:SHA512 Value:2ZgdEqJ8e9D17Hwp5LEq5mLQPjqU3lv/IALvgp+4W8VeNhryfGhYEQC/PgDPMrnWUp+l60Ou5SJLsu+k4mhQ8A==}] PackageHomePage: PackageSourceInfo: PackageLicenseConcluded:NOASSERTION PackageLicenseInfoFromFiles:[] PackageLicenseDeclared:MIT PackageLicenseComments: PackageCopyrightText: PackageSummary: PackageDescription: PackageComment:development dependency PackageExternalReferences:[] PackageAttributionTexts:[] PrimaryPackagePurpose: ReleaseDate: BuiltDate: ValidUntilDate: Files:[] Annotations:[] hasFiles:[]}
Neither CPE nor PURL found for package: &{IsUnpackaged:false PackageName:electron-publish/node_modules/fs-extra PackageSPDXIdentifier:NPM-ef1773280db25fac2e00 PackageVersion:10.1.0 PackageFileName: PackageSupplier:<nil> PackageOriginator:<nil> PackageDownloadLocation:https://registry.npmjs.org/fs-extra/-/fs-extra-10.1.0.tgz FilesAnalyzed:false IsFilesAnalyzedTagPresent:true PackageVerificationCode:<nil> PackageChecksums:[{Algorithm:SHA512 Value:oRXApq54ETRj4eMiFzGnHWGy+zo5raudjuxN0b8H7s/RU2oW0Wvsx9O0ACRN/kRq9E8Vu/ReskGB5o3ji+FzHQ==}] PackageHomePage: PackageSourceInfo: PackageLicenseConcluded:NOASSERTION PackageLicenseInfoFromFiles:[] PackageLicenseDeclared:MIT PackageLicenseComments: PackageCopyrightText: PackageSummary: PackageDescription: PackageComment:development dependency PackageExternalReferences:[] PackageAttributionTexts:[] PrimaryPackagePurpose: ReleaseDate: BuiltDate: ValidUntilDate: Files:[] Annotations:[] hasFiles:[]}
Neither CPE nor PURL found for package: &{IsUnpackaged:false PackageName:electron-publish/node_modules/jsonfile PackageSPDXIdentifier:NPM-f25abb042370759db698 PackageVersion:6.2.1 PackageFileName: PackageSupplier:<nil> PackageOriginator:<nil> PackageDownloadLocation:https://registry.npmjs.org/jsonfile/-/jsonfile-6.2.1.tgz FilesAnalyzed:false IsFilesAnalyzedTagPresent:true PackageVerificationCode:<nil> PackageChecksums:[{Algorithm:SHA512 Value:zwOTdL3rFQ/lRdBnntKVOX6k5cKJwEc1HdilT71BWEu7J41gXIB2MRp+vxduPSwZJPWBxEzv4yH1wYLJGUHX4Q==}] PackageHomePage: PackageSourceInfo: PackageLicenseConcluded:NOASSERTION PackageLicenseInfoFromFiles:[] PackageLicenseDeclared:MIT PackageLicenseComments: PackageCopyrightText: PackageSummary: PackageDescription: PackageComment:development dependency PackageExternalReferences:[] PackageAttributionTexts:[] PrimaryPackagePurpose: ReleaseDate: BuiltDate: ValidUntilDate: Files:[] Annotations:[] hasFiles:[]}
Neither CPE nor PURL found for package: &{IsUnpackaged:false PackageName:electron-publish/node_modules/mime PackageSPDXIdentifier:NPM-62fb9a8359dfa0084397 PackageVersion:2.6.0 PackageFileName: PackageSupplier:<nil> PackageOriginator:<nil> PackageDownloadLocation:https://registry.npmjs.org/mime/-/mime-2.6.0.tgz FilesAnalyzed:false IsFilesAnalyzedTagPresent:true PackageVerificationCode:<nil> PackageChecksums:[{Algorithm:SHA512 Value:USPkMeET31rOMiarsBNIHZKLGgvKc/LrjofAnBlOttf5ajRvqiRA8QsenbcooctK6d6Ts6aqZXBA+XbkKthiQg==}] PackageHomePage: PackageSourceInfo: PackageLicenseConcluded:NOASSERTION PackageLicenseInfoFromFiles:[] PackageLicenseDeclared:MIT PackageLicenseComments: PackageCopyrightText: PackageSummary: PackageDescription: PackageComment:development dependency PackageExternalReferences:[] PackageAttributionTexts:[] PrimaryPackagePurpose: ReleaseDate: BuiltDate: ValidUntilDate: Files:[] Annotations:[] hasFiles:[]}
Neither CPE nor PURL found for package: &{IsUnpackaged:false PackageName:electron-publish/node_modules/universalify PackageSPDXIdentifier:NPM-a7252b726854d9ce5b34 PackageVersion:2.0.1 PackageFileName: PackageSupplier:<nil> PackageOriginator:<nil> PackageDownloadLocation:https://registry.npmjs.org/universalify/-/universalify-2.0.1.tgz FilesAnalyzed:false IsFilesAnalyzedTagPresent:true PackageVerificationCode:<nil> PackageChecksums:[{Algorithm:SHA512 Value:gptHNQghINnc/vTGIk0SOFGFNXw7JVrlRUtConJRlvaw6DuX0wO5Jeko9sWrMBhh+PsYAZ7oXAiOnf/UKogyiw==}] PackageHomePage: PackageSourceInfo: PackageLicenseConcluded:NOASSERTION PackageLicenseInfoFromFiles:[] PackageLicenseDeclared:MIT PackageLicenseComments: PackageCopyrightText: PackageSummary: PackageDescription: PackageComment:development dependency PackageExternalReferences:[] PackageAttributionTexts:[] PrimaryPackagePurpose: ReleaseDate: BuiltDate: ValidUntilDate: Files:[] Annotations:[] hasFiles:[]}
Neither CPE nor PURL found for package: &{IsUnpackaged:false PackageName:electron-to-chromium PackageSPDXIdentifier:NPM-0bd75929db47f5ae3e57 PackageVersion:1.5.364 PackageFileName: PackageSupplier:<nil> PackageOriginator:<nil> PackageDownloadLocation:https://registry.npmjs.org/electron-to-chromium/-/electron-to-chromium-1.5.364.tgz FilesAnalyzed:false IsFilesAnalyzedTagPresent:true PackageVerificationCode:<nil> PackageChecksums:[{Algorithm:SHA512 Value:G/dYE3+AYhyHwzTwg8UbnXf7zqMERYh7l2jJ3QujhFsH8agSYwtnGAR2aZ7f0AakIKJXd5En/Hre4igIUrdlYw==}] PackageHomePage: PackageSourceInfo: PackageLicenseConcluded:NOASSERTION PackageLicenseInfoFromFiles:[] PackageLicenseDeclared:ISC PackageLicenseComments: PackageCopyrightText: PackageSummary: PackageDescription: PackageComment:runtime or transitive dependency PackageExternalReferences:[] PackageAttributionTexts:[] PrimaryPackagePurpose: ReleaseDate: BuiltDate: ValidUntilDate: Files:[] Annotations:[] hasFiles:[]}
Neither CPE nor PURL found for package: &{IsUnpackaged:false PackageName:electron-updater PackageSPDXIdentifier:NPM-ae615ceda777e2b16578 PackageVersion:6.8.9 PackageFileName: PackageSupplier:<nil> PackageOriginator:<nil> PackageDownloadLocation:https://registry.npmjs.org/electron-updater/-/electron-updater-6.8.9.tgz FilesAnalyzed:false IsFilesAnalyzedTagPresent:true PackageVerificationCode:<nil> PackageChecksums:[{Algorithm:SHA512 Value:ZhVxM9iGONUpZGI1FxdMRgJjUFXi7AYGVa5PwKlO1tV1/4zDxQmfKpXOHVztKrd6L9rLcFjERvi1Mf2vxyTkig==}] PackageHomePage: PackageSourceInfo: PackageLicenseConcluded:NOASSERTION PackageLicenseInfoFromFiles:[] PackageLicenseDeclared:MIT PackageLicenseComments: PackageCopyrightText: PackageSummary: PackageDescription: PackageComment:runtime or transitive dependency PackageExternalReferences:[] PackageAttributionTexts:[] PrimaryPackagePurpose: ReleaseDate: BuiltDate: ValidUntilDate: Files:[] Annotations:[] hasFiles:[]}
Neither CPE nor PURL found for package: &{IsUnpackaged:false PackageName:electron-updater/node_modules/builder-util-runtime PackageSPDXIdentifier:NPM-88227e57ec35f1d19a23 PackageVersion:9.7.0 PackageFileName: PackageSupplier:<nil> PackageOriginator:<nil> PackageDownloadLocation:https://registry.npmjs.org/builder-util-runtime/-/builder-util-runtime-9.7.0.tgz FilesAnalyzed:false IsFilesAnalyzedTagPresent:true PackageVerificationCode:<nil> PackageChecksums:[{Algorithm:SHA512 Value:g/kR520giAFYkSXTzcmF3kqQq7wi8F6N6SzeDgZrqTBN+VHdmgWOyTdD1yD7AATDId/yXLvuP34CxW46/BwCdw==}] PackageHomePage: PackageSourceInfo: PackageLicenseConcluded:NOASSERTION PackageLicenseInfoFromFiles:[] PackageLicenseDeclared:MIT PackageLicenseComments: PackageCopyrightText: PackageSummary: PackageDescription: PackageComment:runtime or transitive dependency PackageExternalReferences:[] PackageAttributionTexts:[] PrimaryPackagePurpose: ReleaseDate: BuiltDate: ValidUntilDate: Files:[] Annotations:[] hasFiles:[]}
Neither CPE nor PURL found for package: &{IsUnpackaged:false PackageName:electron-updater/node_modules/fs-extra PackageSPDXIdentifier:NPM-7eb6bbbd28663e3ee6f9 PackageVersion:10.1.0 PackageFileName: PackageSupplier:<nil> PackageOriginator:<nil> PackageDownloadLocation:https://registry.npmjs.org/fs-extra/-/fs-extra-10.1.0.tgz FilesAnalyzed:false IsFilesAnalyzedTagPresent:true PackageVerificationCode:<nil> PackageChecksums:[{Algorithm:SHA512 Value:oRXApq54ETRj4eMiFzGnHWGy+zo5raudjuxN0b8H7s/RU2oW0Wvsx9O0ACRN/kRq9E8Vu/ReskGB5o3ji+FzHQ==}] PackageHomePage: PackageSourceInfo: PackageLicenseConcluded:NOASSERTION PackageLicenseInfoFromFiles:[] PackageLicenseDeclared:MIT PackageLicenseComments: PackageCopyrightText: PackageSummary: PackageDescription: PackageComment:runtime or transitive dependency PackageExternalReferences:[] PackageAttributionTexts:[] PrimaryPackagePurpose: ReleaseDate: BuiltDate: ValidUntilDate: Files:[] Annotations:[] hasFiles:[]}
Neither CPE nor PURL found for package: &{IsUnpackaged:false PackageName:electron-updater/node_modules/jsonfile PackageSPDXIdentifier:NPM-339e6357e108c45a7a7a PackageVersion:6.2.1 PackageFileName: PackageSupplier:<nil> PackageOriginator:<nil> PackageDownloadLocation:https://registry.npmjs.org/jsonfile/-/jsonfile-6.2.1.tgz FilesAnalyzed:false IsFilesAnalyzedTagPresent:true PackageVerificationCode:<nil> PackageChecksums:[{Algorithm:SHA512 Value:zwOTdL3rFQ/lRdBnntKVOX6k5cKJwEc1HdilT71BWEu7J41gXIB2MRp+vxduPSwZJPWBxEzv4yH1wYLJGUHX4Q==}] PackageHomePage: PackageSourceInfo: PackageLicenseConcluded:NOASSERTION PackageLicenseInfoFromFiles:[] PackageLicenseDeclared:MIT PackageLicenseComments: PackageCopyrightText: PackageSummary: PackageDescription: PackageComment:runtime or transitive dependency PackageExternalReferences:[] PackageAttributionTexts:[] PrimaryPackagePurpose: ReleaseDate: BuiltDate: ValidUntilDate: Files:[] Annotations:[] hasFiles:[]}
Neither CPE nor PURL found for package: &{IsUnpackaged:false PackageName:electron-updater/node_modules/semver PackageSPDXIdentifier:NPM-07fc109f1c4ff7e81972 PackageVersion:7.7.4 PackageFileName: PackageSupplier:<nil> PackageOriginator:<nil> PackageDownloadLocation:https://registry.npmjs.org/semver/-/semver-7.7.4.tgz FilesAnalyzed:false IsFilesAnalyzedTagPresent:true PackageVerificationCode:<nil> PackageChecksums:[{Algorithm:SHA512 Value:vFKC2IEtQnVhpT78h1Yp8wzwrf8CM+MzKMHGJZfBtzhZNycRFnXsHk6E5TxIkkMsgNS7mdX3AGB7x2QM2di4lA==}] PackageHomePage: PackageSourceInfo: PackageLicenseConcluded:NOASSERTION PackageLicenseInfoFromFiles:[] PackageLicenseDeclared:ISC PackageLicenseComments: PackageCopyrightText: PackageSummary: PackageDescription: PackageComment:runtime or transitive dependency PackageExternalReferences:[] PackageAttributionTexts:[] PrimaryPackagePurpose: ReleaseDate: BuiltDate: ValidUntilDate: Files:[] Annotations:[] hasFiles:[]}
Neither CPE nor PURL found for package: &{IsUnpackaged:false PackageName:electron-updater/node_modules/universalify PackageSPDXIdentifier:NPM-8f222802c24a38a65074 PackageVersion:2.0.1 PackageFileName: PackageSupplier:<nil> PackageOriginator:<nil> PackageDownloadLocation:https://registry.npmjs.org/universalify/-/universalify-2.0.1.tgz FilesAnalyzed:false IsFilesAnalyzedTagPresent:true PackageVerificationCode:<nil> PackageChecksums:[{Algorithm:SHA512 Value:gptHNQghINnc/vTGIk0SOFGFNXw7JVrlRUtConJRlvaw6DuX0wO5Jeko9sWrMBhh+PsYAZ7oXAiOnf/UKogyiw==}] PackageHomePage: PackageSourceInfo: PackageLicenseConcluded:NOASSERTION PackageLicenseInfoFromFiles:[] PackageLicenseDeclared:MIT PackageLicenseComments: PackageCopyrightText: PackageSummary: PackageDescription: PackageComment:runtime or transitive dependency PackageExternalReferences:[] PackageAttributionTexts:[] PrimaryPackagePurpose: ReleaseDate: BuiltDate: ValidUntilDate: Files:[] Annotations:[] hasFiles:[]}
Neither CPE nor PURL found for package: &{IsUnpackaged:false PackageName:electron/node_modules/@types/node PackageSPDXIdentifier:NPM-3c2694c4cc1d810d2159 PackageVersion:20.19.42 PackageFileName: PackageSupplier:<nil> PackageOriginator:<nil> PackageDownloadLocation:https://registry.npmjs.org/@types/node/-/node-20.19.42.tgz FilesAnalyzed:false IsFilesAnalyzedTagPresent:true PackageVerificationCode:<nil> PackageChecksums:[{Algorithm:SHA512 Value:5L7SUaFC1RyDraj2yRhyBzHTobyXHmohD100CChNtyPyleoq37Mqab5Gn8XEKI04dfN/oqPdpHk38MgcQWHbZg==}] PackageHomePage: PackageSourceInfo: PackageLicenseConcluded:NOASSERTION PackageLicenseInfoFromFiles:[] PackageLicenseDeclared:MIT PackageLicenseComments: PackageCopyrightText: PackageSummary: PackageDescription: PackageComment:development dependency PackageExternalReferences:[] PackageAttributionTexts:[] PrimaryPackagePurpose: ReleaseDate: BuiltDate: ValidUntilDate: Files:[] Annotations:[] hasFiles:[]}
Neither CPE nor PURL found for package: &{IsUnpackaged:false PackageName:electron/node_modules/undici-types PackageSPDXIdentifier:NPM-42bc79bde763faf1de1e PackageVersion:6.21.0 PackageFileName: PackageSupplier:<nil> PackageOriginator:<nil> PackageDownloadLocation:https://registry.npmjs.org/undici-types/-/undici-types-6.21.0.tgz FilesAnalyzed:false IsFilesAnalyzedTagPresent:true PackageVerificationCode:<nil> PackageChecksums:[{Algorithm:SHA512 Value:iwDZqg0QAGrg9Rav5H4n0M64c3mkR59cJ6wQp+7C4nI0gsmExaedaYLNO44eT4AtBBwjbTiGPMlt2Md0T9H9JQ==}] PackageHomePage: PackageSourceInfo: PackageLicenseConcluded:NOASSERTION PackageLicenseInfoFromFiles:[] PackageLicenseDeclared:MIT PackageLicenseComments: PackageCopyrightText: PackageSummary: PackageDescription: PackageComment:development dependency PackageExternalReferences:[] PackageAttributionTexts:[] PrimaryPackagePurpose: ReleaseDate: BuiltDate: ValidUntilDate: Files:[] Annotations:[] hasFiles:[]}
Neither CPE nor PURL found for package: &{IsUnpackaged:false PackageName:emittery PackageSPDXIdentifier:NPM-30248b45e1e5a976f022 PackageVersion:0.13.1 PackageFileName: PackageSupplier:<nil> PackageOriginator:<nil> PackageDownloadLocation:https://registry.npmjs.org/emittery/-/emittery-0.13.1.tgz FilesAnalyzed:false IsFilesAnalyzedTagPresent:true PackageVerificationCode:<nil> PackageChecksums:[{Algorithm:SHA512 Value:DeWwawk6r5yR9jFgnDKYt4sLS0LmHJJi3ZOnb5/JdbYwj3nW+FxQnHIjhBKz8YLC7oRNPVM9NQ47I3CVx34eqQ==}] PackageHomePage: PackageSourceInfo: PackageLicenseConcluded:NOASSERTION PackageLicenseInfoFromFiles:[] PackageLicenseDeclared:MIT PackageLicenseComments: PackageCopyrightText: PackageSummary: PackageDescription: PackageComment:development dependency PackageExternalReferences:[] PackageAttributionTexts:[] PrimaryPackagePurpose: ReleaseDate: BuiltDate: ValidUntilDate: Files:[] Annotations:[] hasFiles:[]}
Neither CPE nor PURL found for package: &{IsUnpackaged:false PackageName:emoji-regex PackageSPDXIdentifier:NPM-6b77e9d1a0f8537b3cf1 PackageVersion:8.0.0 PackageFileName: PackageSupplier:<nil> PackageOriginator:<nil> PackageDownloadLocation:https://registry.npmjs.org/emoji-regex/-/emoji-regex-8.0.0.tgz FilesAnalyzed:false IsFilesAnalyzedTagPresent:true PackageVerificationCode:<nil> PackageChecksums:[{Algorithm:SHA512 Value:MSjYzcWNOA0ewAHpz0MxpYFvwg6yjy1NG3xteoqz644VCo/RPgnr1/GGt+ic3iJTzQ8Eu3TdM14SawnVUmGE6A==}] PackageHomePage: PackageSourceInfo: PackageLicenseConcluded:NOASSERTION PackageLicenseInfoFromFiles:[] PackageLicenseDeclared:MIT PackageLicenseComments: PackageCopyrightText: PackageSummary: PackageDescription: PackageComment:runtime or transitive dependency PackageExternalReferences:[] PackageAttributionTexts:[] PrimaryPackagePurpose: ReleaseDate: BuiltDate: ValidUntilDate: Files:[] Annotations:[] hasFiles:[]}
Neither CPE nor PURL found for package: &{IsUnpackaged:false PackageName:encodeurl PackageSPDXIdentifier:NPM-177948a319ae0aeebbd6 PackageVersion:2.0.0 PackageFileName: PackageSupplier:<nil> PackageOriginator:<nil> PackageDownloadLocation:https://registry.npmjs.org/encodeurl/-/encodeurl-2.0.0.tgz FilesAnalyzed:false IsFilesAnalyzedTagPresent:true PackageVerificationCode:<nil> PackageChecksums:[{Algorithm:SHA512 Value:Q0n9HRi4m6JuGIV1eFlmvJB7ZEVxu93IrMyiMsGC0lrMJMWzRgx6WGquyfQgZVb31vhGgXnfmPNNXmxnOkRBrg==}] PackageHomePage: PackageSourceInfo: PackageLicenseConcluded:NOASSERTION PackageLicenseInfoFromFiles:[] PackageLicenseDeclared:MIT PackageLicenseComments: PackageCopyrightText: PackageSummary: PackageDescription: PackageComment:runtime or transitive dependency PackageExternalReferences:[] PackageAttributionTexts:[] PrimaryPackagePurpose: ReleaseDate: BuiltDate: ValidUntilDate: Files:[] Annotations:[] hasFiles:[]}
Neither CPE nor PURL found for package: &{IsUnpackaged:false PackageName:encoding PackageSPDXIdentifier:NPM-a59b80f339b699db7f8b PackageVersion:0.1.13 PackageFileName: PackageSupplier:<nil> PackageOriginator:<nil> PackageDownloadLocation:https://registry.npmjs.org/encoding/-/encoding-0.1.13.tgz FilesAnalyzed:false IsFilesAnalyzedTagPresent:true PackageVerificationCode:<nil> PackageChecksums:[{Algorithm:SHA512 Value:ETBauow1T35Y/WZMkio9jiM0Z5xjHHmJ4XmjZOq1l/dXz3lr2sRn87nJy20RupqSh1F2m3HHPSp8ShIPQJrJ3A==}] PackageHomePage: PackageSourceInfo: PackageLicenseConcluded:NOASSERTION PackageLicenseInfoFromFiles:[] PackageLicenseDeclared:MIT PackageLicenseComments: PackageCopyrightText: PackageSummary: PackageDescription: PackageComment:runtime or transitive dependency PackageExternalReferences:[] PackageAttributionTexts:[] PrimaryPackagePurpose: ReleaseDate: BuiltDate: ValidUntilDate: Files:[] Annotations:[] hasFiles:[]}
Neither CPE nor PURL found for package: &{IsUnpackaged:false PackageName:encoding/node_modules/iconv-lite PackageSPDXIdentifier:NPM-548996be11d93ea07ad0 PackageVersion:0.6.3 PackageFileName: PackageSupplier:<nil> PackageOriginator:<nil> PackageDownloadLocation:https://registry.npmjs.org/iconv-lite/-/iconv-lite-0.6.3.tgz FilesAnalyzed:false IsFilesAnalyzedTagPresent:true PackageVerificationCode:<nil> PackageChecksums:[{Algorithm:SHA512 Value:4fCk79wshMdzMp2rH06qWrJE4iolqLhCUH+OiuIgU++RB0+94NlDL81atO7GX55uUKueo0txHNtvEyI6D7WdMw==}] PackageHomePage: PackageSourceInfo: PackageLicenseConcluded:NOASSERTION PackageLicenseInfoFromFiles:[] PackageLicenseDeclared:MIT PackageLicenseComments: PackageCopyrightText: PackageSummary: PackageDescription: PackageComment:runtime or transitive dependency PackageExternalReferences:[] PackageAttributionTexts:[] PrimaryPackagePurpose: ReleaseDate: BuiltDate: ValidUntilDate: Files:[] Annotations:[] hasFiles:[]}
Neither CPE nor PURL found for package: &{IsUnpackaged:false PackageName:end-of-stream PackageSPDXIdentifier:NPM-d4ec33708205e0aab97e PackageVersion:1.4.5 PackageFileName: PackageSupplier:<nil> PackageOriginator:<nil> PackageDownloadLocation:https://registry.npmjs.org/end-of-stream/-/end-of-stream-1.4.5.tgz FilesAnalyzed:false IsFilesAnalyzedTagPresent:true PackageVerificationCode:<nil> PackageChecksums:[{Algorithm:SHA512 Value:ooEGc6HP26xXq/N+GCGOT0JKCLDGrq2bQUZrQ7gyrJiZANJ/8YDTxTpQBXGMn+WbIQXNVpyWymm7KYVICQnyOg==}] PackageHomePage: PackageSourceInfo: PackageLicenseConcluded:NOASSERTION PackageLicenseInfoFromFiles:[] PackageLicenseDeclared:MIT PackageLicenseComments: PackageCopyrightText: PackageSummary: PackageDescription: PackageComment:runtime or transitive dependency PackageExternalReferences:[] PackageAttributionTexts:[] PrimaryPackagePurpose: ReleaseDate: BuiltDate: ValidUntilDate: Files:[] Annotations:[] hasFiles:[]}
Neither CPE nor PURL found for package: &{IsUnpackaged:false PackageName:env-paths PackageSPDXIdentifier:NPM-9377a67722c7b5216bbe PackageVersion:2.2.1 PackageFileName: PackageSupplier:<nil> PackageOriginator:<nil> PackageDownloadLocation:https://registry.npmjs.org/env-paths/-/env-paths-2.2.1.tgz FilesAnalyzed:false IsFilesAnalyzedTagPresent:true PackageVerificationCode:<nil> PackageChecksums:[{Algorithm:SHA512 Value:+h1lkLKhZMTYjog1VEpJNG7NZJWcuc2DDk/qsqSTRRCOXiLjeQ1d1/udrUGhqMxUgAlwKNZ0cf2uqan5GLuS2A==}] PackageHomePage: PackageSourceInfo: PackageLicenseConcluded:NOASSERTION PackageLicenseInfoFromFiles:[] PackageLicenseDeclared:MIT PackageLicenseComments: PackageCopyrightText: PackageSummary: PackageDescription: PackageComment:runtime or transitive dependency PackageExternalReferences:[] PackageAttributionTexts:[] PrimaryPackagePurpose: ReleaseDate: BuiltDate: ValidUntilDate: Files:[] Annotations:[] hasFiles:[]}
Neither CPE nor PURL found for package: &{IsUnpackaged:false PackageName:err-code PackageSPDXIdentifier:NPM-5e03035f19a278120767 PackageVersion:2.0.3 PackageFileName: PackageSupplier:<nil> PackageOriginator:<nil> PackageDownloadLocation:https://registry.npmjs.org/err-code/-/err-code-2.0.3.tgz FilesAnalyzed:false IsFilesAnalyzedTagPresent:true PackageVerificationCode:<nil> PackageChecksums:[{Algorithm:SHA512 Value:2bmlRpNKBxT/CRmPOlyISQpNj+qSeYvcym/uT0Jx2bMOlKLtSy1ZmLuVxSEKKyor/N5yhvp/ZiG1oE3DEYMSFA==}] PackageHomePage: PackageSourceInfo: PackageLicenseConcluded:NOASSERTION PackageLicenseInfoFromFiles:[] PackageLicenseDeclared:MIT PackageLicenseComments: PackageCopyrightText: PackageSummary: PackageDescription: PackageComment:runtime or transitive dependency PackageExternalReferences:[] PackageAttributionTexts:[] PrimaryPackagePurpose: ReleaseDate: BuiltDate: ValidUntilDate: Files:[] Annotations:[] hasFiles:[]}
Neither CPE nor PURL found for package: &{IsUnpackaged:false PackageName:error-ex PackageSPDXIdentifier:NPM-127c1bb0bca7dfded079 PackageVersion:1.3.4 PackageFileName: PackageSupplier:<nil> PackageOriginator:<nil> PackageDownloadLocation:https://registry.npmjs.org/error-ex/-/error-ex-1.3.4.tgz FilesAnalyzed:false IsFilesAnalyzedTagPresent:true PackageVerificationCode:<nil> PackageChecksums:[{Algorithm:SHA512 Value:sqQamAnR14VgCr1A618A3sGrygcpK+HEbenA/HiEAkkUwcZIIB/tgWqHFxWgOyDh4nB4JCRimh79dR5Ywc9MDQ==}] PackageHomePage: PackageSourceInfo: PackageLicenseConcluded:NOASSERTION PackageLicenseInfoFromFiles:[] PackageLicenseDeclared:MIT PackageLicenseComments: PackageCopyrightText: PackageSummary: PackageDescription: PackageComment:development dependency PackageExternalReferences:[] PackageAttributionTexts:[] PrimaryPackagePurpose: ReleaseDate: BuiltDate: ValidUntilDate: Files:[] Annotations:[] hasFiles:[]}
Neither CPE nor PURL found for package: &{IsUnpackaged:false PackageName:es-define-property PackageSPDXIdentifier:NPM-6a37646cc624feb00595 PackageVersion:1.0.1 PackageFileName: PackageSupplier:<nil> PackageOriginator:<nil> PackageDownloadLocation:https://registry.npmjs.org/es-define-property/-/es-define-property-1.0.1.tgz FilesAnalyzed:false IsFilesAnalyzedTagPresent:true PackageVerificationCode:<nil> PackageChecksums:[{Algorithm:SHA512 Value:e3nRfgfUZ4rNGL232gUgX06QNyyez04KdjFrF+LTRoOXmrOgFKDg4BCdsjW8EnT69eqdYGmRpJwiPVYNrCaW3g==}] PackageHomePage: PackageSourceInfo: PackageLicenseConcluded:NOASSERTION PackageLicenseInfoFromFiles:[] PackageLicenseDeclared:MIT PackageLicenseComments: PackageCopyrightText: PackageSummary: PackageDescription: PackageComment:runtime or transitive dependency PackageExternalReferences:[] PackageAttributionTexts:[] PrimaryPackagePurpose: ReleaseDate: BuiltDate: ValidUntilDate: Files:[] Annotations:[] hasFiles:[]}
Neither CPE nor PURL found for package: &{IsUnpackaged:false PackageName:es-errors PackageSPDXIdentifier:NPM-645b141d3027520f6920 PackageVersion:1.3.0 PackageFileName: PackageSupplier:<nil> PackageOriginator:<nil> PackageDownloadLocation:https://registry.npmjs.org/es-errors/-/es-errors-1.3.0.tgz FilesAnalyzed:false IsFilesAnalyzedTagPresent:true PackageVerificationCode:<nil> PackageChecksums:[{Algorithm:SHA512 Value:Zf5H2Kxt2xjTvbJvP2ZWLEICxA6j+hAmMzIlypy4xcBg1vKVnx89Wy0GbS+kf5cwCVFFzdCFh2XSCFNULS6csw==}] PackageHomePage: PackageSourceInfo: PackageLicenseConcluded:NOASSERTION PackageLicenseInfoFromFiles:[] PackageLicenseDeclared:MIT PackageLicenseComments: PackageCopyrightText: PackageSummary: PackageDescription: PackageComment:runtime or transitive dependency PackageExternalReferences:[] PackageAttributionTexts:[] PrimaryPackagePurpose: ReleaseDate: BuiltDate: ValidUntilDate: Files:[] Annotations:[] hasFiles:[]}
Neither CPE nor PURL found for package: &{IsUnpackaged:false PackageName:es-object-atoms PackageSPDXIdentifier:NPM-6c43e9e16513bd04b478 PackageVersion:1.1.2 PackageFileName: PackageSupplier:<nil> PackageOriginator:<nil> PackageDownloadLocation:https://registry.npmjs.org/es-object-atoms/-/es-object-atoms-1.1.2.tgz FilesAnalyzed:false IsFilesAnalyzedTagPresent:true PackageVerificationCode:<nil> PackageChecksums:[{Algorithm:SHA512 Value:HWcBoN6NileqtSydK2FqHbS/LoDd2pqrnQHLyJzBj4kOp/ky2MWMN694xOfkK8/SnUsW2DH7EfyVlydKCsm1Zw==}] PackageHomePage: PackageSourceInfo: PackageLicenseConcluded:NOASSERTION PackageLicenseInfoFromFiles:[] PackageLicenseDeclared:MIT PackageLicenseComments: PackageCopyrightText: PackageSummary: PackageDescription: PackageComment:runtime or transitive dependency PackageExternalReferences:[] PackageAttributionTexts:[] PrimaryPackagePurpose: ReleaseDate: BuiltDate: ValidUntilDate: Files:[] Annotations:[] hasFiles:[]}
Neither CPE nor PURL found for package: &{IsUnpackaged:false PackageName:es-set-tostringtag PackageSPDXIdentifier:NPM-26f2706fefe123e52285 PackageVersion:2.1.0 PackageFileName: PackageSupplier:<nil> PackageOriginator:<nil> PackageDownloadLocation:https://registry.npmjs.org/es-set-tostringtag/-/es-set-tostringtag-2.1.0.tgz FilesAnalyzed:false IsFilesAnalyzedTagPresent:true PackageVerificationCode:<nil> PackageChecksums:[{Algorithm:SHA512 Value:j6vWzfrGVfyXxge+O0x5sh6cvxAog0a/4Rdd2K36zCMV5eJ+/+tOAngRO8cODMNWbVRdVlmGZQL2YS3yR8bIUA==}] PackageHomePage: PackageSourceInfo: PackageLicenseConcluded:NOASSERTION PackageLicenseInfoFromFiles:[] PackageLicenseDeclared:MIT PackageLicenseComments: PackageCopyrightText: PackageSummary: PackageDescription: PackageComment:development dependency PackageExternalReferences:[] PackageAttributionTexts:[] PrimaryPackagePurpose: ReleaseDate: BuiltDate: ValidUntilDate: Files:[] Annotations:[] hasFiles:[]}
Neither CPE nor PURL found for package: &{IsUnpackaged:false PackageName:es6-error PackageSPDXIdentifier:NPM-0b7e0cdf33bff4ef696d PackageVersion:4.1.1 PackageFileName: PackageSupplier:<nil> PackageOriginator:<nil> PackageDownloadLocation:https://registry.npmjs.org/es6-error/-/es6-error-4.1.1.tgz FilesAnalyzed:false IsFilesAnalyzedTagPresent:true PackageVerificationCode:<nil> PackageChecksums:[{Algorithm:SHA512 Value:Um/+FxMr9CISWh0bi5Zv0iOD+4cFh5qLeks1qhAopKVAJw3drgKbKySikp7wGhDL0HPeaja0P5ULZrxLkniUVg==}] PackageHomePage: PackageSourceInfo: PackageLicenseConcluded:NOASSERTION PackageLicenseInfoFromFiles:[] PackageLicenseDeclared:MIT PackageLicenseComments: PackageCopyrightText: PackageSummary: PackageDescription: PackageComment:development dependency PackageExternalReferences:[] PackageAttributionTexts:[] PrimaryPackagePurpose: ReleaseDate: BuiltDate: ValidUntilDate: Files:[] Annotations:[] hasFiles:[]}
Neither CPE nor PURL found for package: &{IsUnpackaged:false PackageName:escalade PackageSPDXIdentifier:NPM-b3de18c50ccfaa74ff52 PackageVersion:3.2.0 PackageFileName: PackageSupplier:<nil> PackageOriginator:<nil> PackageDownloadLocation:https://registry.npmjs.org/escalade/-/escalade-3.2.0.tgz FilesAnalyzed:false IsFilesAnalyzedTagPresent:true PackageVerificationCode:<nil> PackageChecksums:[{Algorithm:SHA512 Value:WUj2qlxaQtO4g6Pq5c29GTcWGDyd8itL8zTlipgECz3JesAiiOKotd8JU6otB3PACgG6xkJUyVhboMS+bje/jA==}] PackageHomePage: PackageSourceInfo: PackageLicenseConcluded:NOASSERTION PackageLicenseInfoFromFiles:[] PackageLicenseDeclared:MIT PackageLicenseComments: PackageCopyrightText: PackageSummary: PackageDescription: PackageComment:runtime or transitive dependency PackageExternalReferences:[] PackageAttributionTexts:[] PrimaryPackagePurpose: ReleaseDate: BuiltDate: ValidUntilDate: Files:[] Annotations:[] hasFiles:[]}
Neither CPE nor PURL found for package: &{IsUnpackaged:false PackageName:escape-html PackageSPDXIdentifier:NPM-5463e0a52abb42be051f PackageVersion:1.0.3 PackageFileName: PackageSupplier:<nil> PackageOriginator:<nil> PackageDownloadLocation:https://registry.npmjs.org/escape-html/-/escape-html-1.0.3.tgz FilesAnalyzed:false IsFilesAnalyzedTagPresent:true PackageVerificationCode:<nil> PackageChecksums:[{Algorithm:SHA512 Value:NiSupZ4OeuGwr68lGIeym/ksIZMJodUGOSCZ/FSnTxcrekbvqrgdUxlJOMpijaKZVjAJrWrGs/6Jy8OMuyj9ow==}] PackageHomePage: PackageSourceInfo: PackageLicenseConcluded:NOASSERTION PackageLicenseInfoFromFiles:[] PackageLicenseDeclared:MIT PackageLicenseComments: PackageCopyrightText: PackageSummary: PackageDescription: PackageComment:runtime or transitive dependency PackageExternalReferences:[] PackageAttributionTexts:[] PrimaryPackagePurpose: ReleaseDate: BuiltDate: ValidUntilDate: Files:[] Annotations:[] hasFiles:[]}
Neither CPE nor PURL found for package: &{IsUnpackaged:false PackageName:escape-string-regexp PackageSPDXIdentifier:NPM-8c51af36cd574fcb38fb PackageVersion:4.0.0 PackageFileName: PackageSupplier:<nil> PackageOriginator:<nil> PackageDownloadLocation:https://registry.npmjs.org/escape-string-regexp/-/escape-string-regexp-4.0.0.tgz FilesAnalyzed:false IsFilesAnalyzedTagPresent:true PackageVerificationCode:<nil> PackageChecksums:[{Algorithm:SHA512 Value:TtpcNJ3XAzx3Gq8sWRzJaVajRs0uVxA2YAkdb1jm2YkPz4G6egUFAyA3n5vtEIZefPk5Wa4UXbKuS5fKkJWdgA==}] PackageHomePage: PackageSourceInfo: PackageLicenseConcluded:NOASSERTION PackageLicenseInfoFromFiles:[] PackageLicenseDeclared:MIT PackageLicenseComments: PackageCopyrightText: PackageSummary: PackageDescription: PackageComment:development dependency PackageExternalReferences:[] PackageAttributionTexts:[] PrimaryPackagePurpose: ReleaseDate: BuiltDate: ValidUntilDate: Files:[] Annotations:[] hasFiles:[]}
Neither CPE nor PURL found for package: &{IsUnpackaged:false PackageName:esprima PackageSPDXIdentifier:NPM-48204389e2519fd65c73 PackageVersion:4.0.1 PackageFileName: PackageSupplier:<nil> PackageOriginator:<nil> PackageDownloadLocation:https://registry.npmjs.org/esprima/-/esprima-4.0.1.tgz FilesAnalyzed:false IsFilesAnalyzedTagPresent:true PackageVerificationCode:<nil> PackageChecksums:[{Algorithm:SHA512 Value:eGuFFw7Upda+g4p+QHvnW0RyTX/SVeJBDM/gCtMARO0cLuT2HcEKnTPvhjV6aGeqrCB/sbNop0Kszm0jsaWU4A==}] PackageHomePage: PackageSourceInfo: PackageLicenseConcluded:NOASSERTION PackageLicenseInfoFromFiles:[] PackageLicenseDeclared:BSD-2-Clause PackageLicenseComments: PackageCopyrightText: PackageSummary: PackageDescription: PackageComment:development dependency PackageExternalReferences:[] PackageAttributionTexts:[] PrimaryPackagePurpose: ReleaseDate: BuiltDate: ValidUntilDate: Files:[] Annotations:[] hasFiles:[]}
Neither CPE nor PURL found for package: &{IsUnpackaged:false PackageName:etag PackageSPDXIdentifier:NPM-dfcb09916bd8554b4d5e PackageVersion:1.8.1 PackageFileName: PackageSupplier:<nil> PackageOriginator:<nil> PackageDownloadLocation:https://registry.npmjs.org/etag/-/etag-1.8.1.tgz FilesAnalyzed:false IsFilesAnalyzedTagPresent:true PackageVerificationCode:<nil> PackageChecksums:[{Algorithm:SHA512 Value:aIL5Fx7mawVa300al2BnEE4iNvo1qETxLrPI/o05L7z6go7fCw1J6EQmbK4FmJ2AS7kgVF/KEZWufBfdClMcPg==}] PackageHomePage: PackageSourceInfo: PackageLicenseConcluded:NOASSERTION PackageLicenseInfoFromFiles:[] PackageLicenseDeclared:MIT PackageLicenseComments: PackageCopyrightText: PackageSummary: PackageDescription: PackageComment:runtime or transitive dependency PackageExternalReferences:[] PackageAttributionTexts:[] PrimaryPackagePurpose: ReleaseDate: BuiltDate: ValidUntilDate: Files:[] Annotations:[] hasFiles:[]}
Neither CPE nor PURL found for package: &{IsUnpackaged:false PackageName:execa PackageSPDXIdentifier:NPM-4172423d3420d919e316 PackageVersion:5.1.1 PackageFileName: PackageSupplier:<nil> PackageOriginator:<nil> PackageDownloadLocation:https://registry.npmjs.org/execa/-/execa-5.1.1.tgz FilesAnalyzed:false IsFilesAnalyzedTagPresent:true PackageVerificationCode:<nil> PackageChecksums:[{Algorithm:SHA512 Value:8uSpZZocAZRBAPIEINJj3Lo9HyGitllczc27Eh5YYojjMFMn8yHMDMaUHE2Jqfq05D/wucwI4JGURyXt1vchyg==}] PackageHomePage: PackageSourceInfo: PackageLicenseConcluded:NOASSERTION PackageLicenseInfoFromFiles:[] PackageLicenseDeclared:MIT PackageLicenseComments: PackageCopyrightText: PackageSummary: PackageDescription: PackageComment:development dependency PackageExternalReferences:[] PackageAttributionTexts:[] PrimaryPackagePurpose: ReleaseDate: BuiltDate: ValidUntilDate: Files:[] Annotations:[] hasFiles:[]}
Neither CPE nor PURL found for package: &{IsUnpackaged:false PackageName:execa/node_modules/get-stream PackageSPDXIdentifier:NPM-4840c4ce640b426dd592 PackageVersion:6.0.1 PackageFileName: PackageSupplier:<nil> PackageOriginator:<nil> PackageDownloadLocation:https://registry.npmjs.org/get-stream/-/get-stream-6.0.1.tgz FilesAnalyzed:false IsFilesAnalyzedTagPresent:true PackageVerificationCode:<nil> PackageChecksums:[{Algorithm:SHA512 Value:ts6Wi+2j3jQjqi70w5AlN8DFnkSwC+MqmxEzdEALB2qXZYV3X/b1CTfgPLGJNMeAWxdPfU8FO1ms3NUfaHCPYg==}] PackageHomePage: PackageSourceInfo: PackageLicenseConcluded:NOASSERTION PackageLicenseInfoFromFiles:[] PackageLicenseDeclared:MIT PackageLicenseComments: PackageCopyrightText: PackageSummary: PackageDescription: PackageComment:development dependency PackageExternalReferences:[] PackageAttributionTexts:[] PrimaryPackagePurpose: ReleaseDate: BuiltDate: ValidUntilDate: Files:[] Annotations:[] hasFiles:[]}
Neither CPE nor PURL found for package: &{IsUnpackaged:false PackageName:exit PackageSPDXIdentifier:NPM-73da87a6299dff24d376 PackageVersion:0.1.2 PackageFileName: PackageSupplier:<nil> PackageOriginator:<nil> PackageDownloadLocation:https://registry.npmjs.org/exit/-/exit-0.1.2.tgz FilesAnalyzed:false IsFilesAnalyzedTagPresent:true PackageVerificationCode:<nil> PackageChecksums:[{Algorithm:SHA512 Value:Zk/eNKV2zbjpKzrsQ+n1G6poVbErQxJ0LBOJXaKZ1EViLzH+hrLu9cdXI4zw9dBQJslwBEpbQ2P1oS7nDxs6jQ==}] PackageHomePage: PackageSourceInfo: PackageLicenseConcluded:NOASSERTION PackageLicenseInfoFromFiles:[] PackageLicenseDeclared:NOASSERTION PackageLicenseComments: PackageCopyrightText: PackageSummary: PackageDescription: PackageComment:development dependency PackageExternalReferences:[] PackageAttributionTexts:[] PrimaryPackagePurpose: ReleaseDate: BuiltDate: ValidUntilDate: Files:[] Annotations:[] hasFiles:[]}
Neither CPE nor PURL found for package: &{IsUnpackaged:false PackageName:expand-template PackageSPDXIdentifier:NPM-46d3e73ca0d4a8c14e99 PackageVersion:2.0.3 PackageFileName: PackageSupplier:<nil> PackageOriginator:<nil> PackageDownloadLocation:https://registry.npmjs.org/expand-template/-/expand-template-2.0.3.tgz FilesAnalyzed:false IsFilesAnalyzedTagPresent:true PackageVerificationCode:<nil> PackageChecksums:[{Algorithm:SHA512 Value:XYfuKMvj4O35f/pOXLObndIRvyQ+/+6AhODh+OKWj9S9498pHHn/IMszH+gt0fBCRWMNfk1ZSp5x3AifmnI2vg==}] PackageHomePage: PackageSourceInfo: PackageLicenseConcluded:NOASSERTION PackageLicenseInfoFromFiles:[] PackageLicenseDeclared:(MIT OR WTFPL) PackageLicenseComments: PackageCopyrightText: PackageSummary: PackageDescription: PackageComment:runtime or transitive dependency PackageExternalReferences:[] PackageAttributionTexts:[] PrimaryPackagePurpose: ReleaseDate: BuiltDate: ValidUntilDate: Files:[] Annotations:[] hasFiles:[]}
Neither CPE nor PURL found for package: &{IsUnpackaged:false PackageName:expect PackageSPDXIdentifier:NPM-ad91f6abbf9d7326d28c PackageVersion:29.7.0 PackageFileName: PackageSupplier:<nil> PackageOriginator:<nil> PackageDownloadLocation:https://registry.npmjs.org/expect/-/expect-29.7.0.tgz FilesAnalyzed:false IsFilesAnalyzedTagPresent:true PackageVerificationCode:<nil> PackageChecksums:[{Algorithm:SHA512 Value:2Zks0hf1VLFYI1kbh0I5jP3KHHyCHpkfyHBzsSXRFgl/Bg9mWYfMW8oD+PdMPlEwy5HNsR9JutYy6pMeOh61nw==}] PackageHomePage: PackageSourceInfo: PackageLicenseConcluded:NOASSERTION PackageLicenseInfoFromFiles:[] PackageLicenseDeclared:MIT PackageLicenseComments: PackageCopyrightText: PackageSummary: PackageDescription: PackageComment:development dependency PackageExternalReferences:[] PackageAttributionTexts:[] PrimaryPackagePurpose: ReleaseDate: BuiltDate: ValidUntilDate: Files:[] Annotations:[] hasFiles:[]}
Neither CPE nor PURL found for package: &{IsUnpackaged:false PackageName:express PackageSPDXIdentifier:NPM-2eb2666b107ba3c90561 PackageVersion:4.22.2 PackageFileName: PackageSupplier:<nil> PackageOriginator:<nil> PackageDownloadLocation:https://registry.npmjs.org/express/-/express-4.22.2.tgz FilesAnalyzed:false IsFilesAnalyzedTagPresent:true PackageVerificationCode:<nil> PackageChecksums:[{Algorithm:SHA512 Value:IuL+Elrou2ZvCFHs18/CIzy2Nzvo25nZ1/D2eIZlz7c+QUayAcYoiM2BthCjs+EBHVpjYjcuLDAiCWgeIX3X1Q==}] PackageHomePage: PackageSourceInfo: PackageLicenseConcluded:NOASSERTION PackageLicenseInfoFromFiles:[] PackageLicenseDeclared:MIT PackageLicenseComments: PackageCopyrightText: PackageSummary: PackageDescription: PackageComment:runtime or transitive dependency PackageExternalReferences:[] PackageAttributionTexts:[] PrimaryPackagePurpose: ReleaseDate: BuiltDate: ValidUntilDate: Files:[] Annotations:[] hasFiles:[]}
Neither CPE nor PURL found for package: &{IsUnpackaged:false PackageName:express-rate-limit PackageSPDXIdentifier:NPM-d8297e7f9a10211f2052 PackageVersion:7.5.1 PackageFileName: PackageSupplier:<nil> PackageOriginator:<nil> PackageDownloadLocation:https://registry.npmjs.org/express-rate-limit/-/express-rate-limit-7.5.1.tgz FilesAnalyzed:false IsFilesAnalyzedTagPresent:true PackageVerificationCode:<nil> PackageChecksums:[{Algorithm:SHA512 Value:7iN8iPMDzOMHPUYllBEsQdWVB6fPDMPqwjBaFrgr4Jgr/+okjvzAy+UHlYYL/Vs0OsOrMkwS6PJDkFlJwoxUnw==}] PackageHomePage: PackageSourceInfo: PackageLicenseConcluded:NOASSERTION PackageLicenseInfoFromFiles:[] PackageLicenseDeclared:MIT PackageLicenseComments: PackageCopyrightText: PackageSummary: PackageDescription: PackageComment:runtime or transitive dependency PackageExternalReferences:[] PackageAttributionTexts:[] PrimaryPackagePurpose: ReleaseDate: BuiltDate: ValidUntilDate: Files:[] Annotations:[] hasFiles:[]}
Neither CPE nor PURL found for package: &{IsUnpackaged:false PackageName:express/node_modules/debug PackageSPDXIdentifier:NPM-ee1bd1b2cccacd321ab2 PackageVersion:2.6.9 PackageFileName: PackageSupplier:<nil> PackageOriginator:<nil> PackageDownloadLocation:https://registry.npmjs.org/debug/-/debug-2.6.9.tgz FilesAnalyzed:false IsFilesAnalyzedTagPresent:true PackageVerificationCode:<nil> PackageChecksums:[{Algorithm:SHA512 Value:bC7ElrdJaJnPbAP+1EotYvqZsb3ecl5wi6Bfi6BJTUcNowp6cvspg0jXznRTKDjm/E7AdgFBVeAPVMNcKGsHMA==}] PackageHomePage: PackageSourceInfo: PackageLicenseConcluded:NOASSERTION PackageLicenseInfoFromFiles:[] PackageLicenseDeclared:MIT PackageLicenseComments: PackageCopyrightText: PackageSummary: PackageDescription: PackageComment:runtime or transitive dependency PackageExternalReferences:[] PackageAttributionTexts:[] PrimaryPackagePurpose: ReleaseDate: BuiltDate: ValidUntilDate: Files:[] Annotations:[] hasFiles:[]}
Neither CPE nor PURL found for package: &{IsUnpackaged:false PackageName:express/node_modules/ms PackageSPDXIdentifier:NPM-844622f9594a77e32b8d PackageVersion:2.0.0 PackageFileName: PackageSupplier:<nil> PackageOriginator:<nil> PackageDownloadLocation:https://registry.npmjs.org/ms/-/ms-2.0.0.tgz FilesAnalyzed:false IsFilesAnalyzedTagPresent:true PackageVerificationCode:<nil> PackageChecksums:[{Algorithm:SHA512 Value:Tpp60P6IUJDTuOq/5Z8cdskzJujfwqfOTkrwIwj7IRISpnkJnT6SyJ4PCPnGMoFjC9ddhal5KVIYtAt97ix05A==}] PackageHomePage: PackageSourceInfo: PackageLicenseConcluded:NOASSERTION PackageLicenseInfoFromFiles:[] PackageLicenseDeclared:MIT PackageLicenseComments: PackageCopyrightText: PackageSummary: PackageDescription: PackageComment:runtime or transitive dependency PackageExternalReferences:[] PackageAttributionTexts:[] PrimaryPackagePurpose: ReleaseDate: BuiltDate: ValidUntilDate: Files:[] Annotations:[] hasFiles:[]}
Neither CPE nor PURL found for package: &{IsUnpackaged:false PackageName:extract-zip PackageSPDXIdentifier:NPM-cd53c4c875531243e6de PackageVersion:2.0.1 PackageFileName: PackageSupplier:<nil> PackageOriginator:<nil> PackageDownloadLocation:https://registry.npmjs.org/extract-zip/-/extract-zip-2.0.1.tgz FilesAnalyzed:false IsFilesAnalyzedTagPresent:true PackageVerificationCode:<nil> PackageChecksums:[{Algorithm:SHA512 Value:GDhU9ntwuKyGXdZBUgTIe+vXnWj0fppUEtMDL0+idd5Sta8TGpHssn/eusA9mrPr9qNDym6SxAYZjNvCn/9RBg==}] PackageHomePage: PackageSourceInfo: PackageLicenseConcluded:NOASSERTION PackageLicenseInfoFromFiles:[] PackageLicenseDeclared:BSD-2-Clause PackageLicenseComments: PackageCopyrightText: PackageSummary: PackageDescription: PackageComment:development dependency PackageExternalReferences:[] PackageAttributionTexts:[] PrimaryPackagePurpose: ReleaseDate: BuiltDate: ValidUntilDate: Files:[] Annotations:[] hasFiles:[]}
Neither CPE nor PURL found for package: &{IsUnpackaged:false PackageName:extsprintf PackageSPDXIdentifier:NPM-0418b40a1f6a27631a2f PackageVersion:1.4.1 PackageFileName: PackageSupplier:<nil> PackageOriginator:<nil> PackageDownloadLocation:https://registry.npmjs.org/extsprintf/-/extsprintf-1.4.1.tgz FilesAnalyzed:false IsFilesAnalyzedTagPresent:true PackageVerificationCode:<nil> PackageChecksums:[{Algorithm:SHA512 Value:Wrk35e8ydCKDj/ArClo1VrPVmN8zph5V4AtHwIuHhvMXsKf73UT3BOD+azBIW+3wOJ4FhEH7zyaJCFvChjYvMA==}] PackageHomePage: PackageSourceInfo: PackageLicenseConcluded:NOASSERTION PackageLicenseInfoFromFiles:[] PackageLicenseDeclared:MIT PackageLicenseComments: PackageCopyrightText: PackageSummary: PackageDescription: PackageComment:development dependency PackageExternalReferences:[] PackageAttributionTexts:[] PrimaryPackagePurpose: ReleaseDate: BuiltDate: ValidUntilDate: Files:[] Annotations:[] hasFiles:[]}
Neither CPE nor PURL found for package: &{IsUnpackaged:false PackageName:fast-deep-equal PackageSPDXIdentifier:NPM-60db03f2d9496a0b9ae9 PackageVersion:3.1.3 PackageFileName: PackageSupplier:<nil> PackageOriginator:<nil> PackageDownloadLocation:https://registry.npmjs.org/fast-deep-equal/-/fast-deep-equal-3.1.3.tgz FilesAnalyzed:false IsFilesAnalyzedTagPresent:true PackageVerificationCode:<nil> PackageChecksums:[{Algorithm:SHA512 Value:f3qQ9oQy9j2AhBe/H9VC91wLmKBCCU/gDOnKNAYG5hswO7BLKj09Hc5HYNz9cGI++xlpDCIgDaitVs03ATR84Q==}] PackageHomePage: PackageSourceInfo: PackageLicenseConcluded:NOASSERTION PackageLicenseInfoFromFiles:[] PackageLicenseDeclared:MIT PackageLicenseComments: PackageCopyrightText: PackageSummary: PackageDescription: PackageComment:development dependency PackageExternalReferences:[] PackageAttributionTexts:[] PrimaryPackagePurpose: ReleaseDate: BuiltDate: ValidUntilDate: Files:[] Annotations:[] hasFiles:[]}
Neither CPE nor PURL found for package: &{IsUnpackaged:false PackageName:fast-json-stable-stringify PackageSPDXIdentifier:NPM-a49874e94660e63ec8a7 PackageVersion:2.1.0 PackageFileName: PackageSupplier:<nil> PackageOriginator:<nil> PackageDownloadLocation:https://registry.npmjs.org/fast-json-stable-stringify/-/fast-json-stable-stringify-2.1.0.tgz FilesAnalyzed:false IsFilesAnalyzedTagPresent:true PackageVerificationCode:<nil> PackageChecksums:[{Algorithm:SHA512 Value:lhd/wF+Lk98HZoTCtlVraHtfh5XYijIjalXck7saUtuanSDyLMxnHhSXEDJqHxD7msR8D0uCmqlkwjCV8xvwHw==}] PackageHomePage: PackageSourceInfo: PackageLicenseConcluded:NOASSERTION PackageLicenseInfoFromFiles:[] PackageLicenseDeclared:MIT PackageLicenseComments: PackageCopyrightText: PackageSummary: PackageDescription: PackageComment:development dependency PackageExternalReferences:[] PackageAttributionTexts:[] PrimaryPackagePurpose: ReleaseDate: BuiltDate: ValidUntilDate: Files:[] Annotations:[] hasFiles:[]}
Neither CPE nor PURL found for package: &{IsUnpackaged:false PackageName:fb-watchman PackageSPDXIdentifier:NPM-754bfe963e3bb4a701a8 PackageVersion:2.0.2 PackageFileName: PackageSupplier:<nil> PackageOriginator:<nil> PackageDownloadLocation:https://registry.npmjs.org/fb-watchman/-/fb-watchman-2.0.2.tgz FilesAnalyzed:false IsFilesAnalyzedTagPresent:true PackageVerificationCode:<nil> PackageChecksums:[{Algorithm:SHA512 Value:p5161BqbuCaSnB8jIbzQHOlpgsPmK5rJVDfDKO91Axs5NC1uu3HRQm6wt9cd9/+GtQQIO53JdGXXoyDpTAsgYA==}] PackageHomePage: PackageSourceInfo: PackageLicenseConcluded:NOASSERTION PackageLicenseInfoFromFiles:[] PackageLicenseDeclared:Apache-2.0 PackageLicenseComments: PackageCopyrightText: PackageSummary: PackageDescription: PackageComment:development dependency PackageExternalReferences:[] PackageAttributionTexts:[] PrimaryPackagePurpose: ReleaseDate: BuiltDate: ValidUntilDate: Files:[] Annotations:[] hasFiles:[]}
Neither CPE nor PURL found for package: &{IsUnpackaged:false PackageName:fd-slicer PackageSPDXIdentifier:NPM-038375aebbd4821e935c PackageVersion:1.1.0 PackageFileName: PackageSupplier:<nil> PackageOriginator:<nil> PackageDownloadLocation:https://registry.npmjs.org/fd-slicer/-/fd-slicer-1.1.0.tgz FilesAnalyzed:false IsFilesAnalyzedTagPresent:true PackageVerificationCode:<nil> PackageChecksums:[{Algorithm:SHA512 Value:cE1qsB/VwyQozZ+q1dGxR8LBYNZeofhEdUNGSMbQD3Gw2lAzX9Zb3uIU6Ebc/Fmyjo9AWWfnn0AUCHqtevs/8g==}] PackageHomePage: PackageSourceInfo: PackageLicenseConcluded:NOASSERTION PackageLicenseInfoFromFiles:[] PackageLicenseDeclared:MIT PackageLicenseComments: PackageCopyrightText: PackageSummary: PackageDescription: PackageComment:development dependency PackageExternalReferences:[] PackageAttributionTexts:[] PrimaryPackagePurpose: ReleaseDate: BuiltDate: ValidUntilDate: Files:[] Annotations:[] hasFiles:[]}
Neither CPE nor PURL found for package: &{IsUnpackaged:false PackageName:file-uri-to-path PackageSPDXIdentifier:NPM-9eb41790b1cce0829afe PackageVersion:1.0.0 PackageFileName: PackageSupplier:<nil> PackageOriginator:<nil> PackageDownloadLocation:https://registry.npmjs.org/file-uri-to-path/-/file-uri-to-path-1.0.0.tgz FilesAnalyzed:false IsFilesAnalyzedTagPresent:true PackageVerificationCode:<nil> PackageChecksums:[{Algorithm:SHA512 Value:0Zt+s3L7Vf1biwWZ29aARiVYLx7iMGnEUl9x33fbB/j3jR81u/O2LbqK+Bm1CDSNDKVtJ/YjwY7TUd5SkeLQLw==}] PackageHomePage: PackageSourceInfo: PackageLicenseConcluded:NOASSERTION PackageLicenseInfoFromFiles:[] PackageLicenseDeclared:MIT PackageLicenseComments: PackageCopyrightText: PackageSummary: PackageDescription: PackageComment:runtime or transitive dependency PackageExternalReferences:[] PackageAttributionTexts:[] PrimaryPackagePurpose: ReleaseDate: BuiltDate: ValidUntilDate: Files:[] Annotations:[] hasFiles:[]}
Neither CPE nor PURL found for package: &{IsUnpackaged:false PackageName:filelist PackageSPDXIdentifier:NPM-1fe6e18aed51e731db32 PackageVersion:1.0.6 PackageFileName: PackageSupplier:<nil> PackageOriginator:<nil> PackageDownloadLocation:https://registry.npmjs.org/filelist/-/filelist-1.0.6.tgz FilesAnalyzed:false IsFilesAnalyzedTagPresent:true PackageVerificationCode:<nil> PackageChecksums:[{Algorithm:SHA512 Value:5giy2PkLYY1cP39p17Ech+2xlpTRL9HLspOfEgm0L6CwBXBTgsK5ou0JtzYuepxkaQ/tvhCFIJ5uXo0OrM2DxA==}] PackageHomePage: PackageSourceInfo: PackageLicenseConcluded:NOASSERTION PackageLicenseInfoFromFiles:[] PackageLicenseDeclared:Apache-2.0 PackageLicenseComments: PackageCopyrightText: PackageSummary: PackageDescription: PackageComment:development dependency PackageExternalReferences:[] PackageAttributionTexts:[] PrimaryPackagePurpose: ReleaseDate: BuiltDate: ValidUntilDate: Files:[] Annotations:[] hasFiles:[]}
Neither CPE nor PURL found for package: &{IsUnpackaged:false PackageName:fill-range PackageSPDXIdentifier:NPM-15fb888391f02c2a94f1 PackageVersion:7.1.1 PackageFileName: PackageSupplier:<nil> PackageOriginator:<nil> PackageDownloadLocation:https://registry.npmjs.org/fill-range/-/fill-range-7.1.1.tgz FilesAnalyzed:false IsFilesAnalyzedTagPresent:true PackageVerificationCode:<nil> PackageChecksums:[{Algorithm:SHA512 Value:YsGpe3WHLK8ZYi4tWDg2Jy3ebRz2rXowDxnld4bkQB00cc/1Zw9AWnC0i9ztDJitivtQvaI9KaLyKrc+hBW0yg==}] PackageHomePage: PackageSourceInfo: PackageLicenseConcluded:NOASSERTION PackageLicenseInfoFromFiles:[] PackageLicenseDeclared:MIT PackageLicenseComments: PackageCopyrightText: PackageSummary: PackageDescription: PackageComment:development dependency PackageExternalReferences:[] PackageAttributionTexts:[] PrimaryPackagePurpose: ReleaseDate: BuiltDate: ValidUntilDate: Files:[] Annotations:[] hasFiles:[]}
Neither CPE nor PURL found for package: &{IsUnpackaged:false PackageName:finalhandler PackageSPDXIdentifier:NPM-6a8f68137d3ef22da21c PackageVersion:1.3.2 PackageFileName: PackageSupplier:<nil> PackageOriginator:<nil> PackageDownloadLocation:https://registry.npmjs.org/finalhandler/-/finalhandler-1.3.2.tgz FilesAnalyzed:false IsFilesAnalyzedTagPresent:true PackageVerificationCode:<nil> PackageChecksums:[{Algorithm:SHA512 Value:aA4RyPcd3badbdABGDuTXCMTtOneUCAYH/gxoYRTZlIJdF0YPWuGqiAsIrhNnnqdXGswYk6dGujem4w80UJFhg==}] PackageHomePage: PackageSourceInfo: PackageLicenseConcluded:NOASSERTION PackageLicenseInfoFromFiles:[] PackageLicenseDeclared:MIT PackageLicenseComments: PackageCopyrightText: PackageSummary: PackageDescription: PackageComment:runtime or transitive dependency PackageExternalReferences:[] PackageAttributionTexts:[] PrimaryPackagePurpose: ReleaseDate: BuiltDate: ValidUntilDate: Files:[] Annotations:[] hasFiles:[]}
Neither CPE nor PURL found for package: &{IsUnpackaged:false PackageName:finalhandler/node_modules/debug PackageSPDXIdentifier:NPM-99f25b43b6e776cbf2c5 PackageVersion:2.6.9 PackageFileName: PackageSupplier:<nil> PackageOriginator:<nil> PackageDownloadLocation:https://registry.npmjs.org/debug/-/debug-2.6.9.tgz FilesAnalyzed:false IsFilesAnalyzedTagPresent:true PackageVerificationCode:<nil> PackageChecksums:[{Algorithm:SHA512 Value:bC7ElrdJaJnPbAP+1EotYvqZsb3ecl5wi6Bfi6BJTUcNowp6cvspg0jXznRTKDjm/E7AdgFBVeAPVMNcKGsHMA==}] PackageHomePage: PackageSourceInfo: PackageLicenseConcluded:NOASSERTION PackageLicenseInfoFromFiles:[] PackageLicenseDeclared:MIT PackageLicenseComments: PackageCopyrightText: PackageSummary: PackageDescription: PackageComment:runtime or transitive dependency PackageExternalReferences:[] PackageAttributionTexts:[] PrimaryPackagePurpose: ReleaseDate: BuiltDate: ValidUntilDate: Files:[] Annotations:[] hasFiles:[]}
Neither CPE nor PURL found for package: &{IsUnpackaged:false PackageName:finalhandler/node_modules/ms PackageSPDXIdentifier:NPM-e99de611c07b986b1c03 PackageVersion:2.0.0 PackageFileName: PackageSupplier:<nil> PackageOriginator:<nil> PackageDownloadLocation:https://registry.npmjs.org/ms/-/ms-2.0.0.tgz FilesAnalyzed:false IsFilesAnalyzedTagPresent:true PackageVerificationCode:<nil> PackageChecksums:[{Algorithm:SHA512 Value:Tpp60P6IUJDTuOq/5Z8cdskzJujfwqfOTkrwIwj7IRISpnkJnT6SyJ4PCPnGMoFjC9ddhal5KVIYtAt97ix05A==}] PackageHomePage: PackageSourceInfo: PackageLicenseConcluded:NOASSERTION PackageLicenseInfoFromFiles:[] PackageLicenseDeclared:MIT PackageLicenseComments: PackageCopyrightText: PackageSummary: PackageDescription: PackageComment:runtime or transitive dependency PackageExternalReferences:[] PackageAttributionTexts:[] PrimaryPackagePurpose: ReleaseDate: BuiltDate: ValidUntilDate: Files:[] Annotations:[] hasFiles:[]}
Neither CPE nor PURL found for package: &{IsUnpackaged:false PackageName:find-up PackageSPDXIdentifier:NPM-74ce100810414e8e243d PackageVersion:4.1.0 PackageFileName: PackageSupplier:<nil> PackageOriginator:<nil> PackageDownloadLocation:https://registry.npmjs.org/find-up/-/find-up-4.1.0.tgz FilesAnalyzed:false IsFilesAnalyzedTagPresent:true PackageVerificationCode:<nil> PackageChecksums:[{Algorithm:SHA512 Value:PpOwAdQ/YlXQ2vj8a3h8IipDuYRi3wceVQQGYWxNINccq40Anw7BlsEXCMbt1Zt+OLA6Fq9suIpIWD0OsnISlw==}] PackageHomePage: PackageSourceInfo: PackageLicenseConcluded:NOASSERTION PackageLicenseInfoFromFiles:[] PackageLicenseDeclared:MIT PackageLicenseComments: PackageCopyrightText: PackageSummary: PackageDescription: PackageComment:development dependency PackageExternalReferences:[] PackageAttributionTexts:[] PrimaryPackagePurpose: ReleaseDate: BuiltDate: ValidUntilDate: Files:[] Annotations:[] hasFiles:[]}
Neither CPE nor PURL found for package: &{IsUnpackaged:false PackageName:fingerprint-generator PackageSPDXIdentifier:NPM-b65d064709a76f3b99d9 PackageVersion:2.1.82 PackageFileName: PackageSupplier:<nil> PackageOriginator:<nil> PackageDownloadLocation:https://registry.npmjs.org/fingerprint-generator/-/fingerprint-generator-2.1.82.tgz FilesAnalyzed:false IsFilesAnalyzedTagPresent:true PackageVerificationCode:<nil> PackageChecksums:[{Algorithm:SHA512 Value:5Z/yCKW324pMyMarpIKe/QPdkrFWKNJv3ktdU+fXHri80+HAwNE6QhMvEvsMkK9Q8DeCXZlpPHV77UBa1nFb4A==}] PackageHomePage: PackageSourceInfo: PackageLicenseConcluded:NOASSERTION PackageLicenseInfoFromFiles:[] PackageLicenseDeclared:Apache-2.0 PackageLicenseComments: PackageCopyrightText: PackageSummary: PackageDescription: PackageComment:runtime or transitive dependency PackageExternalReferences:[] PackageAttributionTexts:[] PrimaryPackagePurpose: ReleaseDate: BuiltDate: ValidUntilDate: Files:[] Annotations:[] hasFiles:[]}
Neither CPE nor PURL found for package: &{IsUnpackaged:false PackageName:foreground-child PackageSPDXIdentifier:NPM-b5f87e26963e3fec25ff PackageVersion:3.3.1 PackageFileName: PackageSupplier:<nil> PackageOriginator:<nil> PackageDownloadLocation:https://registry.npmjs.org/foreground-child/-/foreground-child-3.3.1.tgz FilesAnalyzed:false IsFilesAnalyzedTagPresent:true PackageVerificationCode:<nil> PackageChecksums:[{Algorithm:SHA512 Value:gIXjKqtFuWEgzFRJA9WCQeSJLZDjgJUOMCMzxtvFq/37KojM1BFGufqsCy0r4qSQmYLsZYMeyRqzIWOMup03sw==}] PackageHomePage: PackageSourceInfo: PackageLicenseConcluded:NOASSERTION PackageLicenseInfoFromFiles:[] PackageLicenseDeclared:ISC PackageLicenseComments: PackageCopyrightText: PackageSummary: PackageDescription: PackageComment:development dependency PackageExternalReferences:[] PackageAttributionTexts:[] PrimaryPackagePurpose: ReleaseDate: BuiltDate: ValidUntilDate: Files:[] Annotations:[] hasFiles:[]}
Neither CPE nor PURL found for package: &{IsUnpackaged:false PackageName:foreground-child/node_modules/signal-exit PackageSPDXIdentifier:NPM-4a7b9c7675ee3aeccf69 PackageVersion:4.1.0 PackageFileName: PackageSupplier:<nil> PackageOriginator:<nil> PackageDownloadLocation:https://registry.npmjs.org/signal-exit/-/signal-exit-4.1.0.tgz FilesAnalyzed:false IsFilesAnalyzedTagPresent:true PackageVerificationCode:<nil> PackageChecksums:[{Algorithm:SHA512 Value:bzyZ1e88w9O1iNJbKnOlvYTrWPDl46O1bG0D3XInv+9tkPrxrN8jUUTiFlDkkmKWgn1M6CfIA13SuGqOa9Korw==}] PackageHomePage: PackageSourceInfo: PackageLicenseConcluded:NOASSERTION PackageLicenseInfoFromFiles:[] PackageLicenseDeclared:ISC PackageLicenseComments: PackageCopyrightText: PackageSummary: PackageDescription: PackageComment:development dependency PackageExternalReferences:[] PackageAttributionTexts:[] PrimaryPackagePurpose: ReleaseDate: BuiltDate: ValidUntilDate: Files:[] Annotations:[] hasFiles:[]}
Neither CPE nor PURL found for package: &{IsUnpackaged:false PackageName:form-data PackageSPDXIdentifier:NPM-fad64e0078d7adb66f13 PackageVersion:4.0.5 PackageFileName: PackageSupplier:<nil> PackageOriginator:<nil> PackageDownloadLocation:https://registry.npmjs.org/form-data/-/form-data-4.0.5.tgz FilesAnalyzed:false IsFilesAnalyzedTagPresent:true PackageVerificationCode:<nil> PackageChecksums:[{Algorithm:SHA512 Value:8RipRLol37bNs2bhoV67fiTEvdTrbMUYcFTiy3+wuuOnUog2QBHCZWXDRijWQfAkhBj2Uf5UnVaiWwA5vdd82w==}] PackageHomePage: PackageSourceInfo: PackageLicenseConcluded:NOASSERTION PackageLicenseInfoFromFiles:[] PackageLicenseDeclared:MIT PackageLicenseComments: PackageCopyrightText: PackageSummary: PackageDescription: PackageComment:development dependency PackageExternalReferences:[] PackageAttributionTexts:[] PrimaryPackagePurpose: ReleaseDate: BuiltDate: ValidUntilDate: Files:[] Annotations:[] hasFiles:[]}
Neither CPE nor PURL found for package: &{IsUnpackaged:false PackageName:forwarded PackageSPDXIdentifier:NPM-2d7f4275b09b041fd821 PackageVersion:0.2.0 PackageFileName: PackageSupplier:<nil> PackageOriginator:<nil> PackageDownloadLocation:https://registry.npmjs.org/forwarded/-/forwarded-0.2.0.tgz FilesAnalyzed:false IsFilesAnalyzedTagPresent:true PackageVerificationCode:<nil> PackageChecksums:[{Algorithm:SHA512 Value:buRG0fpBtRHSTCOASe6hD258tEubFoRLb4ZNA6NxMVHNw2gOcwHo9wyablzMzOA5z9xA9L1KNjk/Nt6MT9aYow==}] PackageHomePage: PackageSourceInfo: PackageLicenseConcluded:NOASSERTION PackageLicenseInfoFromFiles:[] PackageLicenseDeclared:MIT PackageLicenseComments: PackageCopyrightText: PackageSummary: PackageDescription: PackageComment:runtime or transitive dependency PackageExternalReferences:[] PackageAttributionTexts:[] PrimaryPackagePurpose: ReleaseDate: BuiltDate: ValidUntilDate: Files:[] Annotations:[] hasFiles:[]}
Neither CPE nor PURL found for package: &{IsUnpackaged:false PackageName:fresh PackageSPDXIdentifier:NPM-d7c677c373e09a5e9c7f PackageVersion:0.5.2 PackageFileName: PackageSupplier:<nil> PackageOriginator:<nil> PackageDownloadLocation:https://registry.npmjs.org/fresh/-/fresh-0.5.2.tgz FilesAnalyzed:false IsFilesAnalyzedTagPresent:true PackageVerificationCode:<nil> PackageChecksums:[{Algorithm:SHA512 Value:zJ2mQYM18rEFOudeV4GShTGIQ7RbzA7ozbU9I/XBpm7kqgMywgmylMwXHxZJmkVoYkna9d2pVXVXPdYTP9ej8Q==}] PackageHomePage: PackageSourceInfo: PackageLicenseConcluded:NOASSERTION PackageLicenseInfoFromFiles:[] PackageLicenseDeclared:MIT PackageLicenseComments: PackageCopyrightText: PackageSummary: PackageDescription: PackageComment:runtime or transitive dependency PackageExternalReferences:[] PackageAttributionTexts:[] PrimaryPackagePurpose: ReleaseDate: BuiltDate: ValidUntilDate: Files:[] Annotations:[] hasFiles:[]}
Neither CPE nor PURL found for package: &{IsUnpackaged:false PackageName:fs-constants PackageSPDXIdentifier:NPM-9961a9f7535cded379a7 PackageVersion:1.0.0 PackageFileName: PackageSupplier:<nil> PackageOriginator:<nil> PackageDownloadLocation:https://registry.npmjs.org/fs-constants/-/fs-constants-1.0.0.tgz FilesAnalyzed:false IsFilesAnalyzedTagPresent:true PackageVerificationCode:<nil> PackageChecksums:[{Algorithm:SHA512 Value:y6OAwoSIf7FyjMIv94u+b5rdheZEjzR63GTyZJm5qh4Bi+2YgwLCcI/fPFZkL5PSixOt6ZNKm+w+Hfp/Bciwow==}] PackageHomePage: PackageSourceInfo: PackageLicenseConcluded:NOASSERTION PackageLicenseInfoFromFiles:[] PackageLicenseDeclared:MIT PackageLicenseComments: PackageCopyrightText: PackageSummary: PackageDescription: PackageComment:runtime or transitive dependency PackageExternalReferences:[] PackageAttributionTexts:[] PrimaryPackagePurpose: ReleaseDate: BuiltDate: ValidUntilDate: Files:[] Annotations:[] hasFiles:[]}
Neither CPE nor PURL found for package: &{IsUnpackaged:false PackageName:fs-extra PackageSPDXIdentifier:NPM-968c94c7a6fd1dd1b957 PackageVersion:8.1.0 PackageFileName: PackageSupplier:<nil> PackageOriginator:<nil> PackageDownloadLocation:https://registry.npmjs.org/fs-extra/-/fs-extra-8.1.0.tgz FilesAnalyzed:false IsFilesAnalyzedTagPresent:true PackageVerificationCode:<nil> PackageChecksums:[{Algorithm:SHA512 Value:yhlQgA6mnOJUKOsRUFsgJdQCvkKhcz8tlZG5HBQfReYZy46OwLcY+Zia0mtdHsOo9y/hP+CxMN0TU9QxoOtG4g==}] PackageHomePage: PackageSourceInfo: PackageLicenseConcluded:NOASSERTION PackageLicenseInfoFromFiles:[] PackageLicenseDeclared:MIT PackageLicenseComments: PackageCopyrightText: PackageSummary: PackageDescription: PackageComment:development dependency PackageExternalReferences:[] PackageAttributionTexts:[] PrimaryPackagePurpose: ReleaseDate: BuiltDate: ValidUntilDate: Files:[] Annotations:[] hasFiles:[]}
Neither CPE nor PURL found for package: &{IsUnpackaged:false PackageName:fs-minipass PackageSPDXIdentifier:NPM-c2c405232aa58245a067 PackageVersion:2.1.0 PackageFileName: PackageSupplier:<nil> PackageOriginator:<nil> PackageDownloadLocation:https://registry.npmjs.org/fs-minipass/-/fs-minipass-2.1.0.tgz FilesAnalyzed:false IsFilesAnalyzedTagPresent:true PackageVerificationCode:<nil> PackageChecksums:[{Algorithm:SHA512 Value:V/JgOLFCS+R6Vcq0slCuaeWEdNC3ouDlJMNIsacH2VtALiu9mV4LPrHc5cDl8k5aw6J8jwgWWpiTo5RYhmIzvg==}] PackageHomePage: PackageSourceInfo: PackageLicenseConcluded:NOASSERTION PackageLicenseInfoFromFiles:[] PackageLicenseDeclared:ISC PackageLicenseComments: PackageCopyrightText: PackageSummary: PackageDescription: PackageComment:runtime or transitive dependency PackageExternalReferences:[] PackageAttributionTexts:[] PrimaryPackagePurpose: ReleaseDate: BuiltDate: ValidUntilDate: Files:[] Annotations:[] hasFiles:[]}
Neither CPE nor PURL found for package: &{IsUnpackaged:false PackageName:fs.realpath PackageSPDXIdentifier:NPM-19b1a53bad4db3fad74d PackageVersion:1.0.0 PackageFileName: PackageSupplier:<nil> PackageOriginator:<nil> PackageDownloadLocation:https://registry.npmjs.org/fs.realpath/-/fs.realpath-1.0.0.tgz FilesAnalyzed:false IsFilesAnalyzedTagPresent:true PackageVerificationCode:<nil> PackageChecksums:[{Algorithm:SHA512 Value:OO0pH2lK6a0hZnAdau5ItzHPI6pUlvI7jMVnxUQRtw4owF2wk8lOSabtGDCTP4Ggrg2MbGnWO9X8K1t4+fGMDw==}] PackageHomePage: PackageSourceInfo: PackageLicenseConcluded:NOASSERTION PackageLicenseInfoFromFiles:[] PackageLicenseDeclared:ISC PackageLicenseComments: PackageCopyrightText: PackageSummary: PackageDescription: PackageComment:runtime or transitive dependency PackageExternalReferences:[] PackageAttributionTexts:[] PrimaryPackagePurpose: ReleaseDate: BuiltDate: ValidUntilDate: Files:[] Annotations:[] hasFiles:[]}
Neither CPE nor PURL found for package: &{IsUnpackaged:false PackageName:fsevents PackageSPDXIdentifier:NPM-6dbcd7937292cf95f500 PackageVersion:2.3.3 PackageFileName: PackageSupplier:<nil> PackageOriginator:<nil> PackageDownloadLocation:https://registry.npmjs.org/fsevents/-/fsevents-2.3.3.tgz FilesAnalyzed:false IsFilesAnalyzedTagPresent:true PackageVerificationCode:<nil> PackageChecksums:[{Algorithm:SHA512 Value:5xoDfX+fL7faATnagmWPpbFtwh/R77WmMMqqHGS65C3vvB0YHrgF+B1YmZ3441tMj5n63k0212XNoJwzlhffQw==}] PackageHomePage: PackageSourceInfo: PackageLicenseConcluded:NOASSERTION PackageLicenseInfoFromFiles:[] PackageLicenseDeclared:MIT PackageLicenseComments: PackageCopyrightText: PackageSummary: PackageDescription: PackageComment:development dependency PackageExternalReferences:[] PackageAttributionTexts:[] PrimaryPackagePurpose: ReleaseDate: BuiltDate: ValidUntilDate: Files:[] Annotations:[] hasFiles:[]}
Neither CPE nor PURL found for package: &{IsUnpackaged:false PackageName:function-bind PackageSPDXIdentifier:NPM-83de3b394293d96fb3fe PackageVersion:1.1.2 PackageFileName: PackageSupplier:<nil> PackageOriginator:<nil> PackageDownloadLocation:https://registry.npmjs.org/function-bind/-/function-bind-1.1.2.tgz FilesAnalyzed:false IsFilesAnalyzedTagPresent:true PackageVerificationCode:<nil> PackageChecksums:[{Algorithm:SHA512 Value:7XHNxH7qX9xG5mIwxkhumTox/MIRNcOgDrxWsMt2pAr23WHp6MrRlN7FBSFpCpr+oVO0F744iUgR82nJMfG2SA==}] PackageHomePage: PackageSourceInfo: PackageLicenseConcluded:NOASSERTION PackageLicenseInfoFromFiles:[] PackageLicenseDeclared:MIT PackageLicenseComments: PackageCopyrightText: PackageSummary: PackageDescription: PackageComment:runtime or transitive dependency PackageExternalReferences:[] PackageAttributionTexts:[] PrimaryPackagePurpose: ReleaseDate: BuiltDate: ValidUntilDate: Files:[] Annotations:[] hasFiles:[]}
Neither CPE nor PURL found for package: &{IsUnpackaged:false PackageName:gauge PackageSPDXIdentifier:NPM-70753f0c3f6509d1f8e5 PackageVersion:4.0.4 PackageFileName: PackageSupplier:<nil> PackageOriginator:<nil> PackageDownloadLocation:https://registry.npmjs.org/gauge/-/gauge-4.0.4.tgz FilesAnalyzed:false IsFilesAnalyzedTagPresent:true PackageVerificationCode:<nil> PackageChecksums:[{Algorithm:SHA512 Value:f9m+BEN5jkg6a0fZjleidjN51VE1X+mPFQ2DJ0uv1V39oCLCbsGe6yjbBnp7eK7z/+GAon99a3nHuqbuuthyPg==}] PackageHomePage: PackageSourceInfo: PackageLicenseConcluded:NOASSERTION PackageLicenseInfoFromFiles:[] PackageLicenseDeclared:ISC PackageLicenseComments: PackageCopyrightText: PackageSummary: PackageDescription: PackageComment:runtime or transitive dependency PackageExternalReferences:[] PackageAttributionTexts:[] PrimaryPackagePurpose: ReleaseDate: BuiltDate: ValidUntilDate: Files:[] Annotations:[] hasFiles:[]}
Neither CPE nor PURL found for package: &{IsUnpackaged:false PackageName:generative-bayesian-network PackageSPDXIdentifier:NPM-8f6e3420fd5e0fdc6a6d PackageVersion:2.1.83 PackageFileName: PackageSupplier:<nil> PackageOriginator:<nil> PackageDownloadLocation:https://registry.npmjs.org/generative-bayesian-network/-/generative-bayesian-network-2.1.83.tgz FilesAnalyzed:false IsFilesAnalyzedTagPresent:true PackageVerificationCode:<nil> PackageChecksums:[{Algorithm:SHA512 Value:LssI9es+oUoezoHloFGw0Hts0YEfujjBOE8KNl70oBt4HPjD/4rpUqcgZ/M7RCmgKvkmCyPB2KWowyJHuKyhfw==}] PackageHomePage: PackageSourceInfo: PackageLicenseConcluded:NOASSERTION PackageLicenseInfoFromFiles:[] PackageLicenseDeclared:Apache-2.0 PackageLicenseComments: PackageCopyrightText: PackageSummary: PackageDescription: PackageComment:runtime or transitive dependency PackageExternalReferences:[] PackageAttributionTexts:[] PrimaryPackagePurpose: ReleaseDate: BuiltDate: ValidUntilDate: Files:[] Annotations:[] hasFiles:[]}
Neither CPE nor PURL found for package: &{IsUnpackaged:false PackageName:gensync PackageSPDXIdentifier:NPM-c49cbe8d63515db5596a PackageVersion:1.0.0-beta.2 PackageFileName: PackageSupplier:<nil> PackageOriginator:<nil> PackageDownloadLocation:https://registry.npmjs.org/gensync/-/gensync-1.0.0-beta.2.tgz FilesAnalyzed:false IsFilesAnalyzedTagPresent:true PackageVerificationCode:<nil> PackageChecksums:[{Algorithm:SHA512 Value:3hN7NaskYvMDLQY55gnW3NQ+mesEAepTqlg+VEbj7zzqEMBVNhzcGYYeqFo/TlYz6eQiFcp1HcsCZO+nGgS8zg==}] PackageHomePage: PackageSourceInfo: PackageLicenseConcluded:NOASSERTION PackageLicenseInfoFromFiles:[] PackageLicenseDeclared:MIT PackageLicenseComments: PackageCopyrightText: PackageSummary: PackageDescription: PackageComment:development dependency PackageExternalReferences:[] PackageAttributionTexts:[] PrimaryPackagePurpose: ReleaseDate: BuiltDate: ValidUntilDate: Files:[] Annotations:[] hasFiles:[]}
Neither CPE nor PURL found for package: &{IsUnpackaged:false PackageName:get-caller-file PackageSPDXIdentifier:NPM-127d623aeb8ebd58971a PackageVersion:2.0.5 PackageFileName: PackageSupplier:<nil> PackageOriginator:<nil> PackageDownloadLocation:https://registry.npmjs.org/get-caller-file/-/get-caller-file-2.0.5.tgz FilesAnalyzed:false IsFilesAnalyzedTagPresent:true PackageVerificationCode:<nil> PackageChecksums:[{Algorithm:SHA512 Value:DyFP3BM/3YHTQOCUL/w0OZHR0lpKeGrxotcHWcqNEdnltqFwXVfhEBQ94eIo34AfQpo0rGki4cyIiftY06h2Fg==}] PackageHomePage: PackageSourceInfo: PackageLicenseConcluded:NOASSERTION PackageLicenseInfoFromFiles:[] PackageLicenseDeclared:ISC PackageLicenseComments: PackageCopyrightText: PackageSummary: PackageDescription: PackageComment:development dependency PackageExternalReferences:[] PackageAttributionTexts:[] PrimaryPackagePurpose: ReleaseDate: BuiltDate: ValidUntilDate: Files:[] Annotations:[] hasFiles:[]}
Neither CPE nor PURL found for package: &{IsUnpackaged:false PackageName:get-intrinsic PackageSPDXIdentifier:NPM-ed58a6c65bdcf204ee65 PackageVersion:1.3.0 PackageFileName: PackageSupplier:<nil> PackageOriginator:<nil> PackageDownloadLocation:https://registry.npmjs.org/get-intrinsic/-/get-intrinsic-1.3.0.tgz FilesAnalyzed:false IsFilesAnalyzedTagPresent:true PackageVerificationCode:<nil> PackageChecksums:[{Algorithm:SHA512 Value:9fSjSaos/fRIVIp+xSJlE6lfwhES7LNtKaCBIamHsjr2na1BiABJPo0mOjjz8GJDURarmCPGqaiVg5mfjb98CQ==}] PackageHomePage: PackageSourceInfo: PackageLicenseConcluded:NOASSERTION PackageLicenseInfoFromFiles:[] PackageLicenseDeclared:MIT PackageLicenseComments: PackageCopyrightText: PackageSummary: PackageDescription: PackageComment:runtime or transitive dependency PackageExternalReferences:[] PackageAttributionTexts:[] PrimaryPackagePurpose: ReleaseDate: BuiltDate: ValidUntilDate: Files:[] Annotations:[] hasFiles:[]}
Neither CPE nor PURL found for package: &{IsUnpackaged:false PackageName:get-package-type PackageSPDXIdentifier:NPM-eaf9deb7bc2719e3f4e9 PackageVersion:0.1.0 PackageFileName: PackageSupplier:<nil> PackageOriginator:<nil> PackageDownloadLocation:https://registry.npmjs.org/get-package-type/-/get-package-type-0.1.0.tgz FilesAnalyzed:false IsFilesAnalyzedTagPresent:true PackageVerificationCode:<nil> PackageChecksums:[{Algorithm:SHA512 Value:pjzuKtY64GYfWizNAJ0fr9VqttZkNiK2iS430LtIHzjBEr6bX8Am2zm4sW4Ro5wjWW5cAlRL1qAMTcXbjNAO2Q==}] PackageHomePage: PackageSourceInfo: PackageLicenseConcluded:NOASSERTION PackageLicenseInfoFromFiles:[] PackageLicenseDeclared:MIT PackageLicenseComments: PackageCopyrightText: PackageSummary: PackageDescription: PackageComment:development dependency PackageExternalReferences:[] PackageAttributionTexts:[] PrimaryPackagePurpose: ReleaseDate: BuiltDate: ValidUntilDate: Files:[] Annotations:[] hasFiles:[]}
Neither CPE nor PURL found for package: &{IsUnpackaged:false PackageName:get-proto PackageSPDXIdentifier:NPM-abfbcfda1d91167af8b5 PackageVersion:1.0.1 PackageFileName: PackageSupplier:<nil> PackageOriginator:<nil> PackageDownloadLocation:https://registry.npmjs.org/get-proto/-/get-proto-1.0.1.tgz FilesAnalyzed:false IsFilesAnalyzedTagPresent:true PackageVerificationCode:<nil> PackageChecksums:[{Algorithm:SHA512 Value:sTSfBjoXBp89JvIKIefqw7U2CCebsc74kiY6awiGogKtoSGbgjYE/G/+l9sF3MWFPNc9IcoOC4ODfKHfxFmp0g==}] PackageHomePage: PackageSourceInfo: PackageLicenseConcluded:NOASSERTION PackageLicenseInfoFromFiles:[] PackageLicenseDeclared:MIT PackageLicenseComments: PackageCopyrightText: PackageSummary: PackageDescription: PackageComment:runtime or transitive dependency PackageExternalReferences:[] PackageAttributionTexts:[] PrimaryPackagePurpose: ReleaseDate: BuiltDate: ValidUntilDate: Files:[] Annotations:[] hasFiles:[]}
Neither CPE nor PURL found for package: &{IsUnpackaged:false PackageName:get-stream PackageSPDXIdentifier:NPM-6e46f89ed96a227fab07 PackageVersion:5.2.0 PackageFileName: PackageSupplier:<nil> PackageOriginator:<nil> PackageDownloadLocation:https://registry.npmjs.org/get-stream/-/get-stream-5.2.0.tgz FilesAnalyzed:false IsFilesAnalyzedTagPresent:true PackageVerificationCode:<nil> PackageChecksums:[{Algorithm:SHA512 Value:nBF+F1rAZVCu/p7rjzgA+Yb4lfYXrpl7a6VmJrU8wF9I1CKvP/QwPNZHnOlwbTkY6dvtFIzFMSyQXbLoTQPRpA==}] PackageHomePage: PackageSourceInfo: PackageLicenseConcluded:NOASSERTION PackageLicenseInfoFromFiles:[] PackageLicenseDeclared:MIT PackageLicenseComments: PackageCopyrightText: PackageSummary: PackageDescription: PackageComment:development dependency PackageExternalReferences:[] PackageAttributionTexts:[] PrimaryPackagePurpose: ReleaseDate: BuiltDate: ValidUntilDate: Files:[] Annotations:[] hasFiles:[]}
Neither CPE nor PURL found for package: &{IsUnpackaged:false PackageName:github-from-package PackageSPDXIdentifier:NPM-8cba969ea116f44491f4 PackageVersion:0.0.0 PackageFileName: PackageSupplier:<nil> PackageOriginator:<nil> PackageDownloadLocation:https://registry.npmjs.org/github-from-package/-/github-from-package-0.0.0.tgz FilesAnalyzed:false IsFilesAnalyzedTagPresent:true PackageVerificationCode:<nil> PackageChecksums:[{Algorithm:SHA512 Value:SyHy3T1v2NUXn29OsWdxmK6RwHD+vkj3v8en8AOBZ1wBQ/hCAQ5bAQTD02kW4W9tUp/3Qh6J8r9EvntiyCmOOw==}] PackageHomePage: PackageSourceInfo: PackageLicenseConcluded:NOASSERTION PackageLicenseInfoFromFiles:[] PackageLicenseDeclared:MIT PackageLicenseComments: PackageCopyrightText: PackageSummary: PackageDescription: PackageComment:runtime or transitive dependency PackageExternalReferences:[] PackageAttributionTexts:[] PrimaryPackagePurpose: ReleaseDate: BuiltDate: ValidUntilDate: Files:[] Annotations:[] hasFiles:[]}
Neither CPE nor PURL found for package: &{IsUnpackaged:false PackageName:glob PackageSPDXIdentifier:NPM-0ec232199c820c73bb56 PackageVersion:7.2.3 PackageFileName: PackageSupplier:<nil> PackageOriginator:<nil> PackageDownloadLocation:https://registry.npmjs.org/glob/-/glob-7.2.3.tgz FilesAnalyzed:false IsFilesAnalyzedTagPresent:true PackageVerificationCode:<nil> PackageChecksums:[{Algorithm:SHA512 Value:nFR0zLpU2YCaRxwoCJvL6UvCH2JFyFVIvwTLsIf21AuHlMskA1hhTdk+LlYJtOlYt9v6dvszD2BGRqBL+iQK9Q==}] PackageHomePage: PackageSourceInfo: PackageLicenseConcluded:NOASSERTION PackageLicenseInfoFromFiles:[] PackageLicenseDeclared:ISC PackageLicenseComments: PackageCopyrightText: PackageSummary: PackageDescription: PackageComment:runtime or transitive dependency PackageExternalReferences:[] PackageAttributionTexts:[] PrimaryPackagePurpose: ReleaseDate: BuiltDate: ValidUntilDate: Files:[] Annotations:[] hasFiles:[]}
Neither CPE nor PURL found for package: &{IsUnpackaged:false PackageName:glob/node_modules/brace-expansion PackageSPDXIdentifier:NPM-995bd9208298d427e2d6 PackageVersion:1.1.15 PackageFileName: PackageSupplier:<nil> PackageOriginator:<nil> PackageDownloadLocation:https://registry.npmjs.org/brace-expansion/-/brace-expansion-1.1.15.tgz FilesAnalyzed:false IsFilesAnalyzedTagPresent:true PackageVerificationCode:<nil> PackageChecksums:[{Algorithm:SHA512 Value:EwOCDEex4quD37XhqM3omwtMoJjr//isUZz1JopUNWms+4Z2ViyM/k1YIRePpoVNnQhENnxtFjLaxNHrT7xIUg==}] PackageHomePage: PackageSourceInfo: PackageLicenseConcluded:NOASSERTION PackageLicenseInfoFromFiles:[] PackageLicenseDeclared:MIT PackageLicenseComments: PackageCopyrightText: PackageSummary: PackageDescription: PackageComment:runtime or transitive dependency PackageExternalReferences:[] PackageAttributionTexts:[] PrimaryPackagePurpose: ReleaseDate: BuiltDate: ValidUntilDate: Files:[] Annotations:[] hasFiles:[]}
Neither CPE nor PURL found for package: &{IsUnpackaged:false PackageName:glob/node_modules/minimatch PackageSPDXIdentifier:NPM-c93fd50dacac3ebc39a0 PackageVersion:3.1.5 PackageFileName: PackageSupplier:<nil> PackageOriginator:<nil> PackageDownloadLocation:https://registry.npmjs.org/minimatch/-/minimatch-3.1.5.tgz FilesAnalyzed:false IsFilesAnalyzedTagPresent:true PackageVerificationCode:<nil> PackageChecksums:[{Algorithm:SHA512 Value:VgjWUsnnT6n+NUk6eZq77zeFdpW2LWDzP6zFGrCbHXiYNul5Dzqk2HHQ5uFH2DNW5Xbp8+jVzaeNt94ssEEl4w==}] PackageHomePage: PackageSourceInfo: PackageLicenseConcluded:NOASSERTION PackageLicenseInfoFromFiles:[] PackageLicenseDeclared:ISC PackageLicenseComments: PackageCopyrightText: PackageSummary: PackageDescription: PackageComment:runtime or transitive dependency PackageExternalReferences:[] PackageAttributionTexts:[] PrimaryPackagePurpose: ReleaseDate: BuiltDate: ValidUntilDate: Files:[] Annotations:[] hasFiles:[]}
Neither CPE nor PURL found for package: &{IsUnpackaged:false PackageName:global-agent PackageSPDXIdentifier:NPM-e7fd97842c9e9d87e73e PackageVersion:3.0.0 PackageFileName: PackageSupplier:<nil> PackageOriginator:<nil> PackageDownloadLocation:https://registry.npmjs.org/global-agent/-/global-agent-3.0.0.tgz FilesAnalyzed:false IsFilesAnalyzedTagPresent:true PackageVerificationCode:<nil> PackageChecksums:[{Algorithm:SHA512 Value:PT6XReJ+D07JvGoxQMkT6qji/jVNfX/h364XHZOWeRzy64sSFr+xJ5OX7LI3b4MPQzdL4H8Y8M0xzPpsVMwA8Q==}] PackageHomePage: PackageSourceInfo: PackageLicenseConcluded:NOASSERTION PackageLicenseInfoFromFiles:[] PackageLicenseDeclared:BSD-3-Clause PackageLicenseComments: PackageCopyrightText: PackageSummary: PackageDescription: PackageComment:development dependency PackageExternalReferences:[] PackageAttributionTexts:[] PrimaryPackagePurpose: ReleaseDate: BuiltDate: ValidUntilDate: Files:[] Annotations:[] hasFiles:[]}
Neither CPE nor PURL found for package: &{IsUnpackaged:false PackageName:global-agent/node_modules/semver PackageSPDXIdentifier:NPM-be8a3989fd97a16035f3 PackageVersion:7.8.2 PackageFileName: PackageSupplier:<nil> PackageOriginator:<nil> PackageDownloadLocation:https://registry.npmjs.org/semver/-/semver-7.8.2.tgz FilesAnalyzed:false IsFilesAnalyzedTagPresent:true PackageVerificationCode:<nil> PackageChecksums:[{Algorithm:SHA512 Value:c8jsqUZm3omBOI66G90z1Dyw5z622G8oLG+omfsHBJf3CWQTlOcwOjvOG6wtiNfW6anKm/eA39LMwMtMez2TiQ==}] PackageHomePage: PackageSourceInfo: PackageLicenseConcluded:NOASSERTION PackageLicenseInfoFromFiles:[] PackageLicenseDeclared:ISC PackageLicenseComments: PackageCopyrightText: PackageSummary: PackageDescription: PackageComment:development dependency PackageExternalReferences:[] PackageAttributionTexts:[] PrimaryPackagePurpose: ReleaseDate: BuiltDate: ValidUntilDate: Files:[] Annotations:[] hasFiles:[]}
Neither CPE nor PURL found for package: &{IsUnpackaged:false PackageName:globalthis PackageSPDXIdentifier:NPM-9d3a89fc658543d81565 PackageVersion:1.0.4 PackageFileName: PackageSupplier:<nil> PackageOriginator:<nil> PackageDownloadLocation:https://registry.npmjs.org/globalthis/-/globalthis-1.0.4.tgz FilesAnalyzed:false IsFilesAnalyzedTagPresent:true PackageVerificationCode:<nil> PackageChecksums:[{Algorithm:SHA512 Value:DpLKbNU4WylpxJykQujfCcwYWiV/Jhm50Goo0wrVILAv5jOr9d+H+UR3PhSCD2rCCEIg0uc+G+muBTwD54JhDQ==}] PackageHomePage: PackageSourceInfo: PackageLicenseConcluded:NOASSERTION PackageLicenseInfoFromFiles:[] PackageLicenseDeclared:MIT PackageLicenseComments: PackageCopyrightText: PackageSummary: PackageDescription: PackageComment:development dependency PackageExternalReferences:[] PackageAttributionTexts:[] PrimaryPackagePurpose: ReleaseDate: BuiltDate: ValidUntilDate: Files:[] Annotations:[] hasFiles:[]}
Neither CPE nor PURL found for package: &{IsUnpackaged:false PackageName:gopd PackageSPDXIdentifier:NPM-f757cb02c87ace6527b1 PackageVersion:1.2.0 PackageFileName: PackageSupplier:<nil> PackageOriginator:<nil> PackageDownloadLocation:https://registry.npmjs.org/gopd/-/gopd-1.2.0.tgz FilesAnalyzed:false IsFilesAnalyzedTagPresent:true PackageVerificationCode:<nil> PackageChecksums:[{Algorithm:SHA512 Value:ZUKRh6/kUFoAiTAtTYPZJ3hw9wNxx+BIBOijnlG9PnrJsCcSjs1wyyD6vJpaYtgnzDrKYRSqf3OO6Rfa93xsRg==}] PackageHomePage: PackageSourceInfo: PackageLicenseConcluded:NOASSERTION PackageLicenseInfoFromFiles:[] PackageLicenseDeclared:MIT PackageLicenseComments: PackageCopyrightText: PackageSummary: PackageDescription: PackageComment:runtime or transitive dependency PackageExternalReferences:[] PackageAttributionTexts:[] PrimaryPackagePurpose: ReleaseDate: BuiltDate: ValidUntilDate: Files:[] Annotations:[] hasFiles:[]}
Neither CPE nor PURL found for package: &{IsUnpackaged:false PackageName:got PackageSPDXIdentifier:NPM-850acf6b95064302fc96 PackageVersion:11.8.6 PackageFileName: PackageSupplier:<nil> PackageOriginator:<nil> PackageDownloadLocation:https://registry.npmjs.org/got/-/got-11.8.6.tgz FilesAnalyzed:false IsFilesAnalyzedTagPresent:true PackageVerificationCode:<nil> PackageChecksums:[{Algorithm:SHA512 Value:6tfZ91bOr7bOXnK7PRDCGBLa1H4U080YHNaAQ2KsMGlLEzRbk44nsZF2E1IeRc3vtJHPVbKCYgdFbaGO2ljd8g==}] PackageHomePage: PackageSourceInfo: PackageLicenseConcluded:NOASSERTION PackageLicenseInfoFromFiles:[] PackageLicenseDeclared:MIT PackageLicenseComments: PackageCopyrightText: PackageSummary: PackageDescription: PackageComment:development dependency PackageExternalReferences:[] PackageAttributionTexts:[] PrimaryPackagePurpose: ReleaseDate: BuiltDate: ValidUntilDate: Files:[] Annotations:[] hasFiles:[]}
Neither CPE nor PURL found for package: &{IsUnpackaged:false PackageName:graceful-fs PackageSPDXIdentifier:NPM-c0b8c47fbef7d28839a8 PackageVersion:4.2.11 PackageFileName: PackageSupplier:<nil> PackageOriginator:<nil> PackageDownloadLocation:https://registry.npmjs.org/graceful-fs/-/graceful-fs-4.2.11.tgz FilesAnalyzed:false IsFilesAnalyzedTagPresent:true PackageVerificationCode:<nil> PackageChecksums:[{Algorithm:SHA512 Value:RbJ5/jmFcNNCcDV5o9eTnBLJ/HszWV0P73bc+Ff4nS/rJj+YaS6IGyiOL0VoBYX+l1Wrl3k63h/KrH+nhJ0XvQ==}] PackageHomePage: PackageSourceInfo: PackageLicenseConcluded:NOASSERTION PackageLicenseInfoFromFiles:[] PackageLicenseDeclared:ISC PackageLicenseComments: PackageCopyrightText: PackageSummary: PackageDescription: PackageComment:runtime or transitive dependency PackageExternalReferences:[] PackageAttributionTexts:[] PrimaryPackagePurpose: ReleaseDate: BuiltDate: ValidUntilDate: Files:[] Annotations:[] hasFiles:[]}
Neither CPE nor PURL found for package: &{IsUnpackaged:false PackageName:has-flag PackageSPDXIdentifier:NPM-7ec819116728d891777e PackageVersion:4.0.0 PackageFileName: PackageSupplier:<nil> PackageOriginator:<nil> PackageDownloadLocation:https://registry.npmjs.org/has-flag/-/has-flag-4.0.0.tgz FilesAnalyzed:false IsFilesAnalyzedTagPresent:true PackageVerificationCode:<nil> PackageChecksums:[{Algorithm:SHA512 Value:EykJT/Q1KjTWctppgIAgfSO0tKVuZUjhgMr17kqTumMl6Afv3EISleU7qZUzoXDFTAHTDC4NOoG/ZxU3EvlMPQ==}] PackageHomePage: PackageSourceInfo: PackageLicenseConcluded:NOASSERTION PackageLicenseInfoFromFiles:[] PackageLicenseDeclared:MIT PackageLicenseComments: PackageCopyrightText: PackageSummary: PackageDescription: PackageComment:development dependency PackageExternalReferences:[] PackageAttributionTexts:[] PrimaryPackagePurpose: ReleaseDate: BuiltDate: ValidUntilDate: Files:[] Annotations:[] hasFiles:[]}
Neither CPE nor PURL found for package: &{IsUnpackaged:false PackageName:has-property-descriptors PackageSPDXIdentifier:NPM-4616611d5db8c73d2811 PackageVersion:1.0.2 PackageFileName: PackageSupplier:<nil> PackageOriginator:<nil> PackageDownloadLocation:https://registry.npmjs.org/has-property-descriptors/-/has-property-descriptors-1.0.2.tgz FilesAnalyzed:false IsFilesAnalyzedTagPresent:true PackageVerificationCode:<nil> PackageChecksums:[{Algorithm:SHA512 Value:55JNKuIW+vq4Ke1BjOTjM2YctQIvCT7GFzHwmfZPGo5wnrgkid0YQtnAleFSqumZm4az3n2BS+erby5ipJdgrg==}] PackageHomePage: PackageSourceInfo: PackageLicenseConcluded:NOASSERTION PackageLicenseInfoFromFiles:[] PackageLicenseDeclared:MIT PackageLicenseComments: PackageCopyrightText: PackageSummary: PackageDescription: PackageComment:development dependency PackageExternalReferences:[] PackageAttributionTexts:[] PrimaryPackagePurpose: ReleaseDate: BuiltDate: ValidUntilDate: Files:[] Annotations:[] hasFiles:[]}
Neither CPE nor PURL found for package: &{IsUnpackaged:false PackageName:has-symbols PackageSPDXIdentifier:NPM-c0d7b7b02fe7161b0035 PackageVersion:1.1.0 PackageFileName: PackageSupplier:<nil> PackageOriginator:<nil> PackageDownloadLocation:https://registry.npmjs.org/has-symbols/-/has-symbols-1.1.0.tgz FilesAnalyzed:false IsFilesAnalyzedTagPresent:true PackageVerificationCode:<nil> PackageChecksums:[{Algorithm:SHA512 Value:1cDNdwJ2Jaohmb3sg4OmKaMBwuC48sYni5HUw2DvsC8LjGTLK9h+eb1X6RyuOHe4hT0ULCW68iomhjUoKUqlPQ==}] PackageHomePage: PackageSourceInfo: PackageLicenseConcluded:NOASSERTION PackageLicenseInfoFromFiles:[] PackageLicenseDeclared:MIT PackageLicenseComments: PackageCopyrightText: PackageSummary: PackageDescription: PackageComment:runtime or transitive dependency PackageExternalReferences:[] PackageAttributionTexts:[] PrimaryPackagePurpose: ReleaseDate: BuiltDate: ValidUntilDate: Files:[] Annotations:[] hasFiles:[]}
Neither CPE nor PURL found for package: &{IsUnpackaged:false PackageName:has-tostringtag PackageSPDXIdentifier:NPM-e39d802569f1249ba086 PackageVersion:1.0.2 PackageFileName: PackageSupplier:<nil> PackageOriginator:<nil> PackageDownloadLocation:https://registry.npmjs.org/has-tostringtag/-/has-tostringtag-1.0.2.tgz FilesAnalyzed:false IsFilesAnalyzedTagPresent:true PackageVerificationCode:<nil> PackageChecksums:[{Algorithm:SHA512 Value:NqADB8VjPFLM2V0VvHUewwwsw0ZWBaIdgo+ieHtK3hasLz4qeCRjYcqfB6AQrBggRKppKF8L52/VqdVsO47Dlw==}] PackageHomePage: PackageSourceInfo: PackageLicenseConcluded:NOASSERTION PackageLicenseInfoFromFiles:[] PackageLicenseDeclared:MIT PackageLicenseComments: PackageCopyrightText: PackageSummary: PackageDescription: PackageComment:development dependency PackageExternalReferences:[] PackageAttributionTexts:[] PrimaryPackagePurpose: ReleaseDate: BuiltDate: ValidUntilDate: Files:[] Annotations:[] hasFiles:[]}
Neither CPE nor PURL found for package: &{IsUnpackaged:false PackageName:has-unicode PackageSPDXIdentifier:NPM-b9a84001b1c63f02a1fd PackageVersion:2.0.1 PackageFileName: PackageSupplier:<nil> PackageOriginator:<nil> PackageDownloadLocation:https://registry.npmjs.org/has-unicode/-/has-unicode-2.0.1.tgz FilesAnalyzed:false IsFilesAnalyzedTagPresent:true PackageVerificationCode:<nil> PackageChecksums:[{Algorithm:SHA512 Value:8Rf9Y83NBReMnx0gFzA8JImQACstCYWUplepDa9xprwwtmgEZUF0h/i5xSA625zB/I37EtrswSST6OXxwaaIJQ==}] PackageHomePage: PackageSourceInfo: PackageLicenseConcluded:NOASSERTION PackageLicenseInfoFromFiles:[] PackageLicenseDeclared:ISC PackageLicenseComments: PackageCopyrightText: PackageSummary: PackageDescription: PackageComment:runtime or transitive dependency PackageExternalReferences:[] PackageAttributionTexts:[] PrimaryPackagePurpose: ReleaseDate: BuiltDate: ValidUntilDate: Files:[] Annotations:[] hasFiles:[]}
Neither CPE nor PURL found for package: &{IsUnpackaged:false PackageName:hasown PackageSPDXIdentifier:NPM-ba2e3a5fbd1028da71e0 PackageVersion:2.0.4 PackageFileName: PackageSupplier:<nil> PackageOriginator:<nil> PackageDownloadLocation:https://registry.npmjs.org/hasown/-/hasown-2.0.4.tgz FilesAnalyzed:false IsFilesAnalyzedTagPresent:true PackageVerificationCode:<nil> PackageChecksums:[{Algorithm:SHA512 Value:T2UbfbBEF32wiepXIsMlTW9+dDYC6wMh/t/vYA4tuOMKqWz/n3vr1NFSxQiyP+zk2mXsoMA/i/7qV6LKut1t1A==}] PackageHomePage: PackageSourceInfo: PackageLicenseConcluded:NOASSERTION PackageLicenseInfoFromFiles:[] PackageLicenseDeclared:MIT PackageLicenseComments: PackageCopyrightText: PackageSummary: PackageDescription: PackageComment:runtime or transitive dependency PackageExternalReferences:[] PackageAttributionTexts:[] PrimaryPackagePurpose: ReleaseDate: BuiltDate: ValidUntilDate: Files:[] Annotations:[] hasFiles:[]}
Neither CPE nor PURL found for package: &{IsUnpackaged:false PackageName:header-generator PackageSPDXIdentifier:NPM-c8c2f1f0d4029c9a6a30 PackageVersion:2.1.82 PackageFileName: PackageSupplier:<nil> PackageOriginator:<nil> PackageDownloadLocation:https://registry.npmjs.org/header-generator/-/header-generator-2.1.82.tgz FilesAnalyzed:false IsFilesAnalyzedTagPresent:true PackageVerificationCode:<nil> PackageChecksums:[{Algorithm:SHA512 Value:4NjPB0+bAKjPoponSmTOkK58IEF2W22sOJA5O48k/MxbCZgOm+jrU4WVR53Z2I6xFgIPkVrQmKtt1LAbWtfqXw==}] PackageHomePage: PackageSourceInfo: PackageLicenseConcluded:NOASSERTION PackageLicenseInfoFromFiles:[] PackageLicenseDeclared:Apache-2.0 PackageLicenseComments: PackageCopyrightText: PackageSummary: PackageDescription: PackageComment:runtime or transitive dependency PackageExternalReferences:[] PackageAttributionTexts:[] PrimaryPackagePurpose: ReleaseDate: BuiltDate: ValidUntilDate: Files:[] Annotations:[] hasFiles:[]}
Neither CPE nor PURL found for package: &{IsUnpackaged:false PackageName:hosted-git-info PackageSPDXIdentifier:NPM-0bbde7ad055dbca0190e PackageVersion:4.1.0 PackageFileName: PackageSupplier:<nil> PackageOriginator:<nil> PackageDownloadLocation:https://registry.npmjs.org/hosted-git-info/-/hosted-git-info-4.1.0.tgz FilesAnalyzed:false IsFilesAnalyzedTagPresent:true PackageVerificationCode:<nil> PackageChecksums:[{Algorithm:SHA512 Value:kyCuEOWjJqZuDbRHzL8V93NzQhwIB71oFWSyzVo+KPZI+pnQPPxucdkrOZvkLRnrf5URsQM+IJ09Dw29cRALIA==}] PackageHomePage: PackageSourceInfo: PackageLicenseConcluded:NOASSERTION PackageLicenseInfoFromFiles:[] PackageLicenseDeclared:ISC PackageLicenseComments: PackageCopyrightText: PackageSummary: PackageDescription: PackageComment:development dependency PackageExternalReferences:[] PackageAttributionTexts:[] PrimaryPackagePurpose: ReleaseDate: BuiltDate: ValidUntilDate: Files:[] Annotations:[] hasFiles:[]}
Neither CPE nor PURL found for package: &{IsUnpackaged:false PackageName:html-escaper PackageSPDXIdentifier:NPM-d8e01e962a91e8cf203f PackageVersion:2.0.2 PackageFileName: PackageSupplier:<nil> PackageOriginator:<nil> PackageDownloadLocation:https://registry.npmjs.org/html-escaper/-/html-escaper-2.0.2.tgz FilesAnalyzed:false IsFilesAnalyzedTagPresent:true PackageVerificationCode:<nil> PackageChecksums:[{Algorithm:SHA512 Value:H2iMtd0I4Mt5eYiapRdIDjp+XzelXQ0tFE4JS7YFwFevXXMmOp9myNrUvCg0D6ws8iqkRPBfKHgbwig1SmlLfg==}] PackageHomePage: PackageSourceInfo: PackageLicenseConcluded:NOASSERTION PackageLicenseInfoFromFiles:[] PackageLicenseDeclared:MIT PackageLicenseComments: PackageCopyrightText: PackageSummary: PackageDescription: PackageComment:development dependency PackageExternalReferences:[] PackageAttributionTexts:[] PrimaryPackagePurpose: ReleaseDate: BuiltDate: ValidUntilDate: Files:[] Annotations:[] hasFiles:[]}
Neither CPE nor PURL found for package: &{IsUnpackaged:false PackageName:http-cache-semantics PackageSPDXIdentifier:NPM-97e3d5a6c4da6b9c901f PackageVersion:4.2.0 PackageFileName: PackageSupplier:<nil> PackageOriginator:<nil> PackageDownloadLocation:https://registry.npmjs.org/http-cache-semantics/-/http-cache-semantics-4.2.0.tgz FilesAnalyzed:false IsFilesAnalyzedTagPresent:true PackageVerificationCode:<nil> PackageChecksums:[{Algorithm:SHA512 Value:dTxcvPXqPvXBQpq5dUr6mEMJX4oIEFv6bwom3FDwKRDsuIjjJGANqhBuoAn9c1RQJIdAKav33ED65E2ys+87QQ==}] PackageHomePage: PackageSourceInfo: PackageLicenseConcluded:NOASSERTION PackageLicenseInfoFromFiles:[] PackageLicenseDeclared:BSD-2-Clause PackageLicenseComments: PackageCopyrightText: PackageSummary: PackageDescription: PackageComment:runtime or transitive dependency PackageExternalReferences:[] PackageAttributionTexts:[] PrimaryPackagePurpose: ReleaseDate: BuiltDate: ValidUntilDate: Files:[] Annotations:[] hasFiles:[]}
Neither CPE nor PURL found for package: &{IsUnpackaged:false PackageName:http-errors PackageSPDXIdentifier:NPM-707a89567e9b013efa55 PackageVersion:2.0.1 PackageFileName: PackageSupplier:<nil> PackageOriginator:<nil> PackageDownloadLocation:https://registry.npmjs.org/http-errors/-/http-errors-2.0.1.tgz FilesAnalyzed:false IsFilesAnalyzedTagPresent:true PackageVerificationCode:<nil> PackageChecksums:[{Algorithm:SHA512 Value:4FbRdAX+bSdmo4AUFuS0WNiPz8NgFt+r8ThgNWmlrjQjt1Q7ZR9+zTlce2859x4KSXrwIsaeTqDoKQmtP8pLmQ==}] PackageHomePage: PackageSourceInfo: PackageLicenseConcluded:NOASSERTION PackageLicenseInfoFromFiles:[] PackageLicenseDeclared:MIT PackageLicenseComments: PackageCopyrightText: PackageSummary: PackageDescription: PackageComment:runtime or transitive dependency PackageExternalReferences:[] PackageAttributionTexts:[] PrimaryPackagePurpose: ReleaseDate: BuiltDate: ValidUntilDate: Files:[] Annotations:[] hasFiles:[]}
Neither CPE nor PURL found for package: &{IsUnpackaged:false PackageName:http-proxy-agent PackageSPDXIdentifier:NPM-68ac264b10ad868898fa PackageVersion:5.0.0 PackageFileName: PackageSupplier:<nil> PackageOriginator:<nil> PackageDownloadLocation:https://registry.npmjs.org/http-proxy-agent/-/http-proxy-agent-5.0.0.tgz FilesAnalyzed:false IsFilesAnalyzedTagPresent:true PackageVerificationCode:<nil> PackageChecksums:[{Algorithm:SHA512 Value:n2hY8YdoRE1i7r6M0w9DIw5GgZN0G25P8zLCRQ8rjXtTU3vsNFBI/vWK/UIeE6g5MUUz6avwAPXmL6Fy9D/90w==}] PackageHomePage: PackageSourceInfo: PackageLicenseConcluded:NOASSERTION PackageLicenseInfoFromFiles:[] PackageLicenseDeclared:MIT PackageLicenseComments: PackageCopyrightText: PackageSummary: PackageDescription: PackageComment:development dependency PackageExternalReferences:[] PackageAttributionTexts:[] PrimaryPackagePurpose: ReleaseDate: BuiltDate: ValidUntilDate: Files:[] Annotations:[] hasFiles:[]}
Neither CPE nor PURL found for package: &{IsUnpackaged:false PackageName:http2-wrapper PackageSPDXIdentifier:NPM-b279e6da6cccb4066234 PackageVersion:1.0.3 PackageFileName: PackageSupplier:<nil> PackageOriginator:<nil> PackageDownloadLocation:https://registry.npmjs.org/http2-wrapper/-/http2-wrapper-1.0.3.tgz FilesAnalyzed:false IsFilesAnalyzedTagPresent:true PackageVerificationCode:<nil> PackageChecksums:[{Algorithm:SHA512 Value:V+23sDMr12Wnz7iTcDeJr3O6AIxlnvT/bmaAAAP/Xda35C90p9599p0F1eHR/N1KILWSoWVAiOMFjBBXaXSMxg==}] PackageHomePage: PackageSourceInfo: PackageLicenseConcluded:NOASSERTION PackageLicenseInfoFromFiles:[] PackageLicenseDeclared:MIT PackageLicenseComments: PackageCopyrightText: PackageSummary: PackageDescription: PackageComment:development dependency PackageExternalReferences:[] PackageAttributionTexts:[] PrimaryPackagePurpose: ReleaseDate: BuiltDate: ValidUntilDate: Files:[] Annotations:[] hasFiles:[]}
Neither CPE nor PURL found for package: &{IsUnpackaged:false PackageName:https-proxy-agent PackageSPDXIdentifier:NPM-acdc336da538f649ef08 PackageVersion:5.0.1 PackageFileName: PackageSupplier:<nil> PackageOriginator:<nil> PackageDownloadLocation:https://registry.npmjs.org/https-proxy-agent/-/https-proxy-agent-5.0.1.tgz FilesAnalyzed:false IsFilesAnalyzedTagPresent:true PackageVerificationCode:<nil> PackageChecksums:[{Algorithm:SHA512 Value:dFcAjpTQFgoLMzC2VwU+C/CbS7uRL0lWmxDITmqm7C+7F0Odmj6s9l6alZc6AELXhrnggM2CeWSXHGOdX2YtwA==}] PackageHomePage: PackageSourceInfo: PackageLicenseConcluded:NOASSERTION PackageLicenseInfoFromFiles:[] PackageLicenseDeclared:MIT PackageLicenseComments: PackageCopyrightText: PackageSummary: PackageDescription: PackageComment:runtime or transitive dependency PackageExternalReferences:[] PackageAttributionTexts:[] PrimaryPackagePurpose: ReleaseDate: BuiltDate: ValidUntilDate: Files:[] Annotations:[] hasFiles:[]}
Neither CPE nor PURL found for package: &{IsUnpackaged:false PackageName:human-signals PackageSPDXIdentifier:NPM-49d0a41c5a505634282f PackageVersion:2.1.0 PackageFileName: PackageSupplier:<nil> PackageOriginator:<nil> PackageDownloadLocation:https://registry.npmjs.org/human-signals/-/human-signals-2.1.0.tgz FilesAnalyzed:false IsFilesAnalyzedTagPresent:true PackageVerificationCode:<nil> PackageChecksums:[{Algorithm:SHA512 Value:B4FFZ6q/T2jhhksgkbEW3HBvWIfDW85snkQgawt07S7J5QXTk6BkNV+0yAeZrM5QpMAdYlocGoljn0sJ/WQkFw==}] PackageHomePage: PackageSourceInfo: PackageLicenseConcluded:NOASSERTION PackageLicenseInfoFromFiles:[] PackageLicenseDeclared:Apache-2.0 PackageLicenseComments: PackageCopyrightText: PackageSummary: PackageDescription: PackageComment:development dependency PackageExternalReferences:[] PackageAttributionTexts:[] PrimaryPackagePurpose: ReleaseDate: BuiltDate: ValidUntilDate: Files:[] Annotations:[] hasFiles:[]}
Neither CPE nor PURL found for package: &{IsUnpackaged:false PackageName:humanize-ms PackageSPDXIdentifier:NPM-34e5d376545fd68c6084 PackageVersion:1.2.1 PackageFileName: PackageSupplier:<nil> PackageOriginator:<nil> PackageDownloadLocation:https://registry.npmjs.org/humanize-ms/-/humanize-ms-1.2.1.tgz FilesAnalyzed:false IsFilesAnalyzedTagPresent:true PackageVerificationCode:<nil> PackageChecksums:[{Algorithm:SHA512 Value:Fl70vYtsAFb/C06PTS9dZBo7ihau+Tu/DNCk/OyHhea07S+aeMWpFFkUaXRa8fI+ScZbEI8dfSxwY7gxZ9SAVQ==}] PackageHomePage: PackageSourceInfo: PackageLicenseConcluded:NOASSERTION PackageLicenseInfoFromFiles:[] PackageLicenseDeclared:MIT PackageLicenseComments: PackageCopyrightText: PackageSummary: PackageDescription: PackageComment:runtime or transitive dependency PackageExternalReferences:[] PackageAttributionTexts:[] PrimaryPackagePurpose: ReleaseDate: BuiltDate: ValidUntilDate: Files:[] Annotations:[] hasFiles:[]}
Neither CPE nor PURL found for package: &{IsUnpackaged:false PackageName:iconv-corefoundation PackageSPDXIdentifier:NPM-efdf66387d9bb4b4422f PackageVersion:1.1.7 PackageFileName: PackageSupplier:<nil> PackageOriginator:<nil> PackageDownloadLocation:https://registry.npmjs.org/iconv-corefoundation/-/iconv-corefoundation-1.1.7.tgz FilesAnalyzed:false IsFilesAnalyzedTagPresent:true PackageVerificationCode:<nil> PackageChecksums:[{Algorithm:SHA512 Value:T10qvkw0zz4wnm560lOEg0PovVqUXuOFhhHAkixw8/sycy7TJt7v/RrkEKEQnAw2viPSJu6iAkErxnzR0g8PpQ==}] PackageHomePage: PackageSourceInfo: PackageLicenseConcluded:NOASSERTION PackageLicenseInfoFromFiles:[] PackageLicenseDeclared:MIT PackageLicenseComments: PackageCopyrightText: PackageSummary: PackageDescription: PackageComment:development dependency PackageExternalReferences:[] PackageAttributionTexts:[] PrimaryPackagePurpose: ReleaseDate: BuiltDate: ValidUntilDate: Files:[] Annotations:[] hasFiles:[]}
Neither CPE nor PURL found for package: &{IsUnpackaged:false PackageName:iconv-lite PackageSPDXIdentifier:NPM-7d9ca5eb7c6d1a6f1b3b PackageVersion:0.4.24 PackageFileName: PackageSupplier:<nil> PackageOriginator:<nil> PackageDownloadLocation:https://registry.npmjs.org/iconv-lite/-/iconv-lite-0.4.24.tgz FilesAnalyzed:false IsFilesAnalyzedTagPresent:true PackageVerificationCode:<nil> PackageChecksums:[{Algorithm:SHA512 Value:v3MXnZAcvnywkTUEZomIActle7RXXeedOR31wwl7VlyoXO4Qi9arvSenNQWne1TcRwhCL1HwLI21bEqdpj8/rA==}] PackageHomePage: PackageSourceInfo: PackageLicenseConcluded:NOASSERTION PackageLicenseInfoFromFiles:[] PackageLicenseDeclared:MIT PackageLicenseComments: PackageCopyrightText: PackageSummary: PackageDescription: PackageComment:runtime or transitive dependency PackageExternalReferences:[] PackageAttributionTexts:[] PrimaryPackagePurpose: ReleaseDate: BuiltDate: ValidUntilDate: Files:[] Annotations:[] hasFiles:[]}
Neither CPE nor PURL found for package: &{IsUnpackaged:false PackageName:ieee754 PackageSPDXIdentifier:NPM-926bd89d8cb0e458a159 PackageVersion:1.2.1 PackageFileName: PackageSupplier:<nil> PackageOriginator:<nil> PackageDownloadLocation:https://registry.npmjs.org/ieee754/-/ieee754-1.2.1.tgz FilesAnalyzed:false IsFilesAnalyzedTagPresent:true PackageVerificationCode:<nil> PackageChecksums:[{Algorithm:SHA512 Value:dcyqhDvX1C46lXZcVqCpK+FtMRQVdIMN6/Df5js2zouUsqG7I6sFxitIC+7KYK29KdXOLHdu9zL4sFnoVQnqaA==}] PackageHomePage: PackageSourceInfo: PackageLicenseConcluded:NOASSERTION PackageLicenseInfoFromFiles:[] PackageLicenseDeclared:BSD-3-Clause PackageLicenseComments: PackageCopyrightText: PackageSummary: PackageDescription: PackageComment:runtime or transitive dependency PackageExternalReferences:[] PackageAttributionTexts:[] PrimaryPackagePurpose: ReleaseDate: BuiltDate: ValidUntilDate: Files:[] Annotations:[] hasFiles:[]}
Neither CPE nor PURL found for package: &{IsUnpackaged:false PackageName:impit PackageSPDXIdentifier:NPM-54889159277dd059a0df PackageVersion:0.2.5 PackageFileName: PackageSupplier:<nil> PackageOriginator:<nil> PackageDownloadLocation:https://registry.npmjs.org/impit/-/impit-0.2.5.tgz FilesAnalyzed:false IsFilesAnalyzedTagPresent:true PackageVerificationCode:<nil> PackageChecksums:[{Algorithm:SHA512 Value:zi+It+ky5ER1M0TkO0a6n4cV2s6kDtbfbfY0k/nVeTYkauwdDyk1Gdve2vwV1wkXSMwAtAt56yHI/hI1lWZbQw==}] PackageHomePage: PackageSourceInfo: PackageLicenseConcluded:NOASSERTION PackageLicenseInfoFromFiles:[] PackageLicenseDeclared:MIT PackageLicenseComments: PackageCopyrightText: PackageSummary: PackageDescription: PackageComment:runtime or transitive dependency PackageExternalReferences:[] PackageAttributionTexts:[] PrimaryPackagePurpose: ReleaseDate: BuiltDate: ValidUntilDate: Files:[] Annotations:[] hasFiles:[]}
Neither CPE nor PURL found for package: &{IsUnpackaged:false PackageName:impit-darwin-arm64 PackageSPDXIdentifier:NPM-80d5186218efae2fc443 PackageVersion:0.2.5 PackageFileName: PackageSupplier:<nil> PackageOriginator:<nil> PackageDownloadLocation:https://registry.npmjs.org/impit-darwin-arm64/-/impit-darwin-arm64-0.2.5.tgz FilesAnalyzed:false IsFilesAnalyzedTagPresent:true PackageVerificationCode:<nil> PackageChecksums:[{Algorithm:SHA512 Value:QictYPl+K3vtQzORod8JWZKBUSZRmAcw07bGyf49rTOCouKGOT57bzDl/MZB7B461XjGPiIaB/lS36u449obKA==}] PackageHomePage: PackageSourceInfo: PackageLicenseConcluded:NOASSERTION PackageLicenseInfoFromFiles:[] PackageLicenseDeclared:MIT PackageLicenseComments: PackageCopyrightText: PackageSummary: PackageDescription: PackageComment:runtime or transitive dependency PackageExternalReferences:[] PackageAttributionTexts:[] PrimaryPackagePurpose: ReleaseDate: BuiltDate: ValidUntilDate: Files:[] Annotations:[] hasFiles:[]}
Neither CPE nor PURL found for package: &{IsUnpackaged:false PackageName:impit-darwin-x64 PackageSPDXIdentifier:NPM-fe98e1d8739648c59b6e PackageVersion:0.2.5 PackageFileName: PackageSupplier:<nil> PackageOriginator:<nil> PackageDownloadLocation:https://registry.npmjs.org/impit-darwin-x64/-/impit-darwin-x64-0.2.5.tgz FilesAnalyzed:false IsFilesAnalyzedTagPresent:true PackageVerificationCode:<nil> PackageChecksums:[{Algorithm:SHA512 Value:5OaIPbzPG//f4ZhTjZ8SAfMdTvvUZ6zl3csOX4ND/7d3aNci9AqYrj0rpKf3LovBmJPwwdTNh8w6KedeboBWCQ==}] PackageHomePage: PackageSourceInfo: PackageLicenseConcluded:NOASSERTION PackageLicenseInfoFromFiles:[] PackageLicenseDeclared:MIT PackageLicenseComments: PackageCopyrightText: PackageSummary: PackageDescription: PackageComment:runtime or transitive dependency PackageExternalReferences:[] PackageAttributionTexts:[] PrimaryPackagePurpose: ReleaseDate: BuiltDate: ValidUntilDate: Files:[] Annotations:[] hasFiles:[]}
Neither CPE nor PURL found for package: &{IsUnpackaged:false PackageName:impit-linux-x64-gnu PackageSPDXIdentifier:NPM-9b757f8cb3db6e38d890 PackageVersion:0.2.5 PackageFileName: PackageSupplier:<nil> PackageOriginator:<nil> PackageDownloadLocation:https://registry.npmjs.org/impit-linux-x64-gnu/-/impit-linux-x64-gnu-0.2.5.tgz FilesAnalyzed:false IsFilesAnalyzedTagPresent:true PackageVerificationCode:<nil> PackageChecksums:[{Algorithm:SHA512 Value:fyqYPK/iSpGC8Iz7JhE7IWVqtVhqJnGQ6P6az1i/Q/01KiYae4zosNn326DVUQ/zgPLaumHRwlPvuaaHEVyvmQ==}] PackageHomePage: PackageSourceInfo: PackageLicenseConcluded:NOASSERTION PackageLicenseInfoFromFiles:[] PackageLicenseDeclared:MIT PackageLicenseComments: PackageCopyrightText: PackageSummary: PackageDescription: PackageComment:runtime or transitive dependency PackageExternalReferences:[] PackageAttributionTexts:[] PrimaryPackagePurpose: ReleaseDate: BuiltDate: ValidUntilDate: Files:[] Annotations:[] hasFiles:[]}
Neither CPE nor PURL found for package: &{IsUnpackaged:false PackageName:impit-linux-x64-musl PackageSPDXIdentifier:NPM-1aa8399777e5aee81d15 PackageVersion:0.2.5 PackageFileName: PackageSupplier:<nil> PackageOriginator:<nil> PackageDownloadLocation:https://registry.npmjs.org/impit-linux-x64-musl/-/impit-linux-x64-musl-0.2.5.tgz FilesAnalyzed:false IsFilesAnalyzedTagPresent:true PackageVerificationCode:<nil> PackageChecksums:[{Algorithm:SHA512 Value:ypHUPbqkdRS1rYFCtxGkt+kkZ/sRQQcMQkWUbWr8LJPJdn8T0YuukwNr6xVcpA3GSlBXnOZ05H1Yiflv1Iyihg==}] PackageHomePage: PackageSourceInfo: PackageLicenseConcluded:NOASSERTION PackageLicenseInfoFromFiles:[] PackageLicenseDeclared:MIT PackageLicenseComments: PackageCopyrightText: PackageSummary: PackageDescription: PackageComment:runtime or transitive dependency PackageExternalReferences:[] PackageAttributionTexts:[] PrimaryPackagePurpose: ReleaseDate: BuiltDate: ValidUntilDate: Files:[] Annotations:[] hasFiles:[]}
Neither CPE nor PURL found for package: &{IsUnpackaged:false PackageName:impit-win32-arm64-msvc PackageSPDXIdentifier:NPM-921218a1ba97676643c7 PackageVersion:0.2.5 PackageFileName: PackageSupplier:<nil> PackageOriginator:<nil> PackageDownloadLocation:https://registry.npmjs.org/impit-win32-arm64-msvc/-/impit-win32-arm64-msvc-0.2.5.tgz FilesAnalyzed:false IsFilesAnalyzedTagPresent:true PackageVerificationCode:<nil> PackageChecksums:[{Algorithm:SHA512 Value:h2mNhIxNVzHAidFJuVzWDLqqU3ty5JkoTi2g+dRBQKj91SUJDh41wySSd9vzJL1ZPLlRfC80mRIjZVxMX+1hew==}] PackageHomePage: PackageSourceInfo: PackageLicenseConcluded:NOASSERTION PackageLicenseInfoFromFiles:[] PackageLicenseDeclared:MIT PackageLicenseComments: PackageCopyrightText: PackageSummary: PackageDescription: PackageComment:runtime or transitive dependency PackageExternalReferences:[] PackageAttributionTexts:[] PrimaryPackagePurpose: ReleaseDate: BuiltDate: ValidUntilDate: Files:[] Annotations:[] hasFiles:[]}
Neither CPE nor PURL found for package: &{IsUnpackaged:false PackageName:impit-win32-x64-msvc PackageSPDXIdentifier:NPM-88e8ff1846e5c290cfb4 PackageVersion:0.2.5 PackageFileName: PackageSupplier:<nil> PackageOriginator:<nil> PackageDownloadLocation:https://registry.npmjs.org/impit-win32-x64-msvc/-/impit-win32-x64-msvc-0.2.5.tgz FilesAnalyzed:false IsFilesAnalyzedTagPresent:true PackageVerificationCode:<nil> PackageChecksums:[{Algorithm:SHA512 Value:9REm5Q26vK5Sbf/zDfBKEud7FuyfbRHisc3rCHf0dOza6iZUvb1aK73AvMi1wABz57At6lH9AETlNmKn7savTQ==}] PackageHomePage: PackageSourceInfo: PackageLicenseConcluded:NOASSERTION PackageLicenseInfoFromFiles:[] PackageLicenseDeclared:MIT PackageLicenseComments: PackageCopyrightText: PackageSummary: PackageDescription: PackageComment:runtime or transitive dependency PackageExternalReferences:[] PackageAttributionTexts:[] PrimaryPackagePurpose: ReleaseDate: BuiltDate: ValidUntilDate: Files:[] Annotations:[] hasFiles:[]}
Neither CPE nor PURL found for package: &{IsUnpackaged:false PackageName:import-local PackageSPDXIdentifier:NPM-7d49a1bfeb34b58d0e0f PackageVersion:3.2.0 PackageFileName: PackageSupplier:<nil> PackageOriginator:<nil> PackageDownloadLocation:https://registry.npmjs.org/import-local/-/import-local-3.2.0.tgz FilesAnalyzed:false IsFilesAnalyzedTagPresent:true PackageVerificationCode:<nil> PackageChecksums:[{Algorithm:SHA512 Value:2SPlun1JUPWoM6t3F0dw0FkCF/jWY8kttcY4f599GLTSjh2OCuuhdTkJQsEcZzBqbXZGKMK2OqW1oZsjtf/gQA==}] PackageHomePage: PackageSourceInfo: PackageLicenseConcluded:NOASSERTION PackageLicenseInfoFromFiles:[] PackageLicenseDeclared:MIT PackageLicenseComments: PackageCopyrightText: PackageSummary: PackageDescription: PackageComment:development dependency PackageExternalReferences:[] PackageAttributionTexts:[] PrimaryPackagePurpose: ReleaseDate: BuiltDate: ValidUntilDate: Files:[] Annotations:[] hasFiles:[]}
Neither CPE nor PURL found for package: &{IsUnpackaged:false PackageName:imurmurhash PackageSPDXIdentifier:NPM-d1af6342e06cf4463a1e PackageVersion:0.1.4 PackageFileName: PackageSupplier:<nil> PackageOriginator:<nil> PackageDownloadLocation:https://registry.npmjs.org/imurmurhash/-/imurmurhash-0.1.4.tgz FilesAnalyzed:false IsFilesAnalyzedTagPresent:true PackageVerificationCode:<nil> PackageChecksums:[{Algorithm:SHA512 Value:JmXMZ6wuvDmLiHEml9ykzqO6lwFbof0GG4IkcGaENdCRDDmMVnny7s5HsIgHCbaq0w2MyPhDqkhTUgS2LU2PHA==}] PackageHomePage: PackageSourceInfo: PackageLicenseConcluded:NOASSERTION PackageLicenseInfoFromFiles:[] PackageLicenseDeclared:MIT PackageLicenseComments: PackageCopyrightText: PackageSummary: PackageDescription: PackageComment:runtime or transitive dependency PackageExternalReferences:[] PackageAttributionTexts:[] PrimaryPackagePurpose: ReleaseDate: BuiltDate: ValidUntilDate: Files:[] Annotations:[] hasFiles:[]}
Neither CPE nor PURL found for package: &{IsUnpackaged:false PackageName:indent-string PackageSPDXIdentifier:NPM-639bb661e0265bc01c13 PackageVersion:4.0.0 PackageFileName: PackageSupplier:<nil> PackageOriginator:<nil> PackageDownloadLocation:https://registry.npmjs.org/indent-string/-/indent-string-4.0.0.tgz FilesAnalyzed:false IsFilesAnalyzedTagPresent:true PackageVerificationCode:<nil> PackageChecksums:[{Algorithm:SHA512 Value:EdDDZu4A2OyIK7Lr/2zG+w5jmbuk1DVBnEwREQvBzspBJkCEbRa8GxU1lghYcaGJCnRWibjDXlq779X1/y5xwg==}] PackageHomePage: PackageSourceInfo: PackageLicenseConcluded:NOASSERTION PackageLicenseInfoFromFiles:[] PackageLicenseDeclared:MIT PackageLicenseComments: PackageCopyrightText: PackageSummary: PackageDescription: PackageComment:runtime or transitive dependency PackageExternalReferences:[] PackageAttributionTexts:[] PrimaryPackagePurpose: ReleaseDate: BuiltDate: ValidUntilDate: Files:[] Annotations:[] hasFiles:[]}
Neither CPE nor PURL found for package: &{IsUnpackaged:false PackageName:infer-owner PackageSPDXIdentifier:NPM-c7784364646fa4d24929 PackageVersion:1.0.4 PackageFileName: PackageSupplier:<nil> PackageOriginator:<nil> PackageDownloadLocation:https://registry.npmjs.org/infer-owner/-/infer-owner-1.0.4.tgz FilesAnalyzed:false IsFilesAnalyzedTagPresent:true PackageVerificationCode:<nil> PackageChecksums:[{Algorithm:SHA512 Value:IClj+Xz94+d7irH5qRyfJonOdfTzuDaifE6ZPWfx0N0+/ATZCbuTPq2prFl526urkQd90WyUKIh1DfBQ2hMz9A==}] PackageHomePage: PackageSourceInfo: PackageLicenseConcluded:NOASSERTION PackageLicenseInfoFromFiles:[] PackageLicenseDeclared:ISC PackageLicenseComments: PackageCopyrightText: PackageSummary: PackageDescription: PackageComment:runtime or transitive dependency PackageExternalReferences:[] PackageAttributionTexts:[] PrimaryPackagePurpose: ReleaseDate: BuiltDate: ValidUntilDate: Files:[] Annotations:[] hasFiles:[]}
Neither CPE nor PURL found for package: &{IsUnpackaged:false PackageName:inflight PackageSPDXIdentifier:NPM-58f7b00ba3c4a1d25ba2 PackageVersion:1.0.6 PackageFileName: PackageSupplier:<nil> PackageOriginator:<nil> PackageDownloadLocation:https://registry.npmjs.org/inflight/-/inflight-1.0.6.tgz FilesAnalyzed:false IsFilesAnalyzedTagPresent:true PackageVerificationCode:<nil> PackageChecksums:[{Algorithm:SHA512 Value:k92I/b08q4wvFscXCLvqfsHCrjrF7yiXsQuIVvVE7N82W3+aqpzuUdBbfhWcy/FZR3/4IgflMgKLOsvPDrGCJA==}] PackageHomePage: PackageSourceInfo: PackageLicenseConcluded:NOASSERTION PackageLicenseInfoFromFiles:[] PackageLicenseDeclared:ISC PackageLicenseComments: PackageCopyrightText: PackageSummary: PackageDescription: PackageComment:runtime or transitive dependency PackageExternalReferences:[] PackageAttributionTexts:[] PrimaryPackagePurpose: ReleaseDate: BuiltDate: ValidUntilDate: Files:[] Annotations:[] hasFiles:[]}
Neither CPE nor PURL found for package: &{IsUnpackaged:false PackageName:inherits PackageSPDXIdentifier:NPM-3eafa9bfb872baf192e8 PackageVersion:2.0.4 PackageFileName: PackageSupplier:<nil> PackageOriginator:<nil> PackageDownloadLocation:https://registry.npmjs.org/inherits/-/inherits-2.0.4.tgz FilesAnalyzed:false IsFilesAnalyzedTagPresent:true PackageVerificationCode:<nil> PackageChecksums:[{Algorithm:SHA512 Value:k/vGaX4/Yla3WzyMCvTQOXYeIHvqOKtnqBduzTHpzpQZzAskKMhZ2K+EnBiSM9zGSoIFeMpXKxa4dYeZIQqewQ==}] PackageHomePage: PackageSourceInfo: PackageLicenseConcluded:NOASSERTION PackageLicenseInfoFromFiles:[] PackageLicenseDeclared:ISC PackageLicenseComments: PackageCopyrightText: PackageSummary: PackageDescription: PackageComment:runtime or transitive dependency PackageExternalReferences:[] PackageAttributionTexts:[] PrimaryPackagePurpose: ReleaseDate: BuiltDate: ValidUntilDate: Files:[] Annotations:[] hasFiles:[]}
Neither CPE nor PURL found for package: &{IsUnpackaged:false PackageName:ini PackageSPDXIdentifier:NPM-2269ab4bd2e1fa90571f PackageVersion:1.3.8 PackageFileName: PackageSupplier:<nil> PackageOriginator:<nil> PackageDownloadLocation:https://registry.npmjs.org/ini/-/ini-1.3.8.tgz FilesAnalyzed:false IsFilesAnalyzedTagPresent:true PackageVerificationCode:<nil> PackageChecksums:[{Algorithm:SHA512 Value:JV/yugV2uzW5iMRSiZAyDtQd+nxtUnjeLt0acNdw98kKLrvuRVyB80tsREOE7yvGVgalhZ6RNXCmEHkUKBKxew==}] PackageHomePage: PackageSourceInfo: PackageLicenseConcluded:NOASSERTION PackageLicenseInfoFromFiles:[] PackageLicenseDeclared:ISC PackageLicenseComments: PackageCopyrightText: PackageSummary: PackageDescription: PackageComment:runtime or transitive dependency PackageExternalReferences:[] PackageAttributionTexts:[] PrimaryPackagePurpose: ReleaseDate: BuiltDate: ValidUntilDate: Files:[] Annotations:[] hasFiles:[]}
Neither CPE nor PURL found for package: &{IsUnpackaged:false PackageName:ip-address PackageSPDXIdentifier:NPM-10fdd28d247104acc12e PackageVersion:10.2.0 PackageFileName: PackageSupplier:<nil> PackageOriginator:<nil> PackageDownloadLocation:https://registry.npmjs.org/ip-address/-/ip-address-10.2.0.tgz FilesAnalyzed:false IsFilesAnalyzedTagPresent:true PackageVerificationCode:<nil> PackageChecksums:[{Algorithm:SHA512 Value:/+S6j4E9AHvW9SWMSEY9Xfy66O5PWvVEJ08O0y5JGyEKQpojb0K0GKpz/v5HJ/G0vi3D2sjGK78119oXZeE0qA==}] PackageHomePage: PackageSourceInfo: PackageLicenseConcluded:NOASSERTION PackageLicenseInfoFromFiles:[] PackageLicenseDeclared:MIT PackageLicenseComments: PackageCopyrightText: PackageSummary: PackageDescription: PackageComment:runtime or transitive dependency PackageExternalReferences:[] PackageAttributionTexts:[] PrimaryPackagePurpose: ReleaseDate: BuiltDate: ValidUntilDate: Files:[] Annotations:[] hasFiles:[]}
Neither CPE nor PURL found for package: &{IsUnpackaged:false PackageName:ipaddr.js PackageSPDXIdentifier:NPM-38a5a1606dbc89a9c65a PackageVersion:1.9.1 PackageFileName: PackageSupplier:<nil> PackageOriginator:<nil> PackageDownloadLocation:https://registry.npmjs.org/ipaddr.js/-/ipaddr.js-1.9.1.tgz FilesAnalyzed:false IsFilesAnalyzedTagPresent:true PackageVerificationCode:<nil> PackageChecksums:[{Algorithm:SHA512 Value:0KI/607xoxSToH7GjN1FfSbLoU0+btTicjsQSWQlh/hZykN8KpmMf7uYwPW3R+akZ6R/w18ZlXSHBYXiYUPO3g==}] PackageHomePage: PackageSourceInfo: PackageLicenseConcluded:NOASSERTION PackageLicenseInfoFromFiles:[] PackageLicenseDeclared:MIT PackageLicenseComments: PackageCopyrightText: PackageSummary: PackageDescription: PackageComment:runtime or transitive dependency PackageExternalReferences:[] PackageAttributionTexts:[] PrimaryPackagePurpose: ReleaseDate: BuiltDate: ValidUntilDate: Files:[] Annotations:[] hasFiles:[]}
Neither CPE nor PURL found for package: &{IsUnpackaged:false PackageName:is-arrayish PackageSPDXIdentifier:NPM-4c1d679c4938258d6641 PackageVersion:0.2.1 PackageFileName: PackageSupplier:<nil> PackageOriginator:<nil> PackageDownloadLocation:https://registry.npmjs.org/is-arrayish/-/is-arrayish-0.2.1.tgz FilesAnalyzed:false IsFilesAnalyzedTagPresent:true PackageVerificationCode:<nil> PackageChecksums:[{Algorithm:SHA512 Value:zz06S8t0ozoDXMG+ube26zeCTNXcKIPJZJi8hBrF4idCLms4CG9QtK7qBl1boi5ODzFpjswb5JPmHCbMpjaYzg==}] PackageHomePage: PackageSourceInfo: PackageLicenseConcluded:NOASSERTION PackageLicenseInfoFromFiles:[] PackageLicenseDeclared:MIT PackageLicenseComments: PackageCopyrightText: PackageSummary: PackageDescription: PackageComment:development dependency PackageExternalReferences:[] PackageAttributionTexts:[] PrimaryPackagePurpose: ReleaseDate: BuiltDate: ValidUntilDate: Files:[] Annotations:[] hasFiles:[]}
Neither CPE nor PURL found for package: &{IsUnpackaged:false PackageName:is-ci PackageSPDXIdentifier:NPM-8bc09c2b242617c195b7 PackageVersion:3.0.1 PackageFileName: PackageSupplier:<nil> PackageOriginator:<nil> PackageDownloadLocation:https://registry.npmjs.org/is-ci/-/is-ci-3.0.1.tgz FilesAnalyzed:false IsFilesAnalyzedTagPresent:true PackageVerificationCode:<nil> PackageChecksums:[{Algorithm:SHA512 Value:ZYvCgrefwqoQ6yTyYUbQu64HsITZ3NfKX1lzaEYdkTDcfKzzCI/wthRRYKkdjHKFVgNiXKAKm65Zo1pk2as/QQ==}] PackageHomePage: PackageSourceInfo: PackageLicenseConcluded:NOASSERTION PackageLicenseInfoFromFiles:[] PackageLicenseDeclared:MIT PackageLicenseComments: PackageCopyrightText: PackageSummary: PackageDescription: PackageComment:development dependency PackageExternalReferences:[] PackageAttributionTexts:[] PrimaryPackagePurpose: ReleaseDate: BuiltDate: ValidUntilDate: Files:[] Annotations:[] hasFiles:[]}
Neither CPE nor PURL found for package: &{IsUnpackaged:false PackageName:is-core-module PackageSPDXIdentifier:NPM-8bad60a1ffe7690b4fbe PackageVersion:2.16.2 PackageFileName: PackageSupplier:<nil> PackageOriginator:<nil> PackageDownloadLocation:https://registry.npmjs.org/is-core-module/-/is-core-module-2.16.2.tgz FilesAnalyzed:false IsFilesAnalyzedTagPresent:true PackageVerificationCode:<nil> PackageChecksums:[{Algorithm:SHA512 Value:evOr8xfXKxE6qSR0hSXL2r3sd7ALj8+7jQEUvPYcm5sgZFdJ+AYzT6yNmJenvIYQBgIGwfwz08sL8zoL7yq2BA==}] PackageHomePage: PackageSourceInfo: PackageLicenseConcluded:NOASSERTION PackageLicenseInfoFromFiles:[] PackageLicenseDeclared:MIT PackageLicenseComments: PackageCopyrightText: PackageSummary: PackageDescription: PackageComment:development dependency PackageExternalReferences:[] PackageAttributionTexts:[] PrimaryPackagePurpose: ReleaseDate: BuiltDate: ValidUntilDate: Files:[] Annotations:[] hasFiles:[]}
Neither CPE nor PURL found for package: &{IsUnpackaged:false PackageName:is-fullwidth-code-point PackageSPDXIdentifier:NPM-92233f6e171c09cb1354 PackageVersion:3.0.0 PackageFileName: PackageSupplier:<nil> PackageOriginator:<nil> PackageDownloadLocation:https://registry.npmjs.org/is-fullwidth-code-point/-/is-fullwidth-code-point-3.0.0.tgz FilesAnalyzed:false IsFilesAnalyzedTagPresent:true PackageVerificationCode:<nil> PackageChecksums:[{Algorithm:SHA512 Value:zymm5+u+sCsSWyD9qNaejV3DFvhCKclKdizYaJUuHA83RLjb7nSuGnddCHGv0hk+KY7BMAlsWeK4Ueg6EV6XQg==}] PackageHomePage: PackageSourceInfo: PackageLicenseConcluded:NOASSERTION PackageLicenseInfoFromFiles:[] PackageLicenseDeclared:MIT PackageLicenseComments: PackageCopyrightText: PackageSummary: PackageDescription: PackageComment:runtime or transitive dependency PackageExternalReferences:[] PackageAttributionTexts:[] PrimaryPackagePurpose: ReleaseDate: BuiltDate: ValidUntilDate: Files:[] Annotations:[] hasFiles:[]}
Neither CPE nor PURL found for package: &{IsUnpackaged:false PackageName:is-generator-fn PackageSPDXIdentifier:NPM-6dab7292dee2d023527b PackageVersion:2.1.0 PackageFileName: PackageSupplier:<nil> PackageOriginator:<nil> PackageDownloadLocation:https://registry.npmjs.org/is-generator-fn/-/is-generator-fn-2.1.0.tgz FilesAnalyzed:false IsFilesAnalyzedTagPresent:true PackageVerificationCode:<nil> PackageChecksums:[{Algorithm:SHA512 Value:cTIB4yPYL/Grw0EaSzASzg6bBy9gqCofvWN8okThAYIxKJZC+udlRAmGbM0XLeniEJSs8uEgHPGuHSe1XsOLSQ==}] PackageHomePage: PackageSourceInfo: PackageLicenseConcluded:NOASSERTION PackageLicenseInfoFromFiles:[] PackageLicenseDeclared:MIT PackageLicenseComments: PackageCopyrightText: PackageSummary: PackageDescription: PackageComment:development dependency PackageExternalReferences:[] PackageAttributionTexts:[] PrimaryPackagePurpose: ReleaseDate: BuiltDate: ValidUntilDate: Files:[] Annotations:[] hasFiles:[]}
Neither CPE nor PURL found for package: &{IsUnpackaged:false PackageName:is-lambda PackageSPDXIdentifier:NPM-570a6dde9aa2849b3cfe PackageVersion:1.0.1 PackageFileName: PackageSupplier:<nil> PackageOriginator:<nil> PackageDownloadLocation:https://registry.npmjs.org/is-lambda/-/is-lambda-1.0.1.tgz FilesAnalyzed:false IsFilesAnalyzedTagPresent:true PackageVerificationCode:<nil> PackageChecksums:[{Algorithm:SHA512 Value:z7CMFGNrENq5iFB9Bqo64Xk6Y9sg+epq1myIcdHaGnbMTYOxvzsEtdYqQUylB7LxfkvgrrjP32T6Ywciio9UIQ==}] PackageHomePage: PackageSourceInfo: PackageLicenseConcluded:NOASSERTION PackageLicenseInfoFromFiles:[] PackageLicenseDeclared:MIT PackageLicenseComments: PackageCopyrightText: PackageSummary: PackageDescription: PackageComment:runtime or transitive dependency PackageExternalReferences:[] PackageAttributionTexts:[] PrimaryPackagePurpose: ReleaseDate: BuiltDate: ValidUntilDate: Files:[] Annotations:[] hasFiles:[]}
Neither CPE nor PURL found for package: &{IsUnpackaged:false PackageName:is-number PackageSPDXIdentifier:NPM-08fd04d109dd1bfa520e PackageVersion:7.0.0 PackageFileName: PackageSupplier:<nil> PackageOriginator:<nil> PackageDownloadLocation:https://registry.npmjs.org/is-number/-/is-number-7.0.0.tgz FilesAnalyzed:false IsFilesAnalyzedTagPresent:true PackageVerificationCode:<nil> PackageChecksums:[{Algorithm:SHA512 Value:41Cifkg6e8TylSpdtTpeLVMqvSBEVzTttHvERD741+pnZ8ANv0004MRL43QKPDlK9cGvNp6NZWZUBlbGXYxxng==}] PackageHomePage: PackageSourceInfo: PackageLicenseConcluded:NOASSERTION PackageLicenseInfoFromFiles:[] PackageLicenseDeclared:MIT PackageLicenseComments: PackageCopyrightText: PackageSummary: PackageDescription: PackageComment:development dependency PackageExternalReferences:[] PackageAttributionTexts:[] PrimaryPackagePurpose: ReleaseDate: BuiltDate: ValidUntilDate: Files:[] Annotations:[] hasFiles:[]}
Neither CPE nor PURL found for package: &{IsUnpackaged:false PackageName:is-obj PackageSPDXIdentifier:NPM-13d85cb600aeafa23482 PackageVersion:2.0.0 PackageFileName: PackageSupplier:<nil> PackageOriginator:<nil> PackageDownloadLocation:https://registry.npmjs.org/is-obj/-/is-obj-2.0.0.tgz FilesAnalyzed:false IsFilesAnalyzedTagPresent:true PackageVerificationCode:<nil> PackageChecksums:[{Algorithm:SHA512 Value:drqDG3cbczxxEJRoOXcOjtdp1J/lyp1mNn0xaznRs8+muBhgQcrnbspox5X5fOw0HnMnbfDzvnEMEtqDEJEo8w==}] PackageHomePage: PackageSourceInfo: PackageLicenseConcluded:NOASSERTION PackageLicenseInfoFromFiles:[] PackageLicenseDeclared:MIT PackageLicenseComments: PackageCopyrightText: PackageSummary: PackageDescription: PackageComment:runtime or transitive dependency PackageExternalReferences:[] PackageAttributionTexts:[] PrimaryPackagePurpose: ReleaseDate: BuiltDate: ValidUntilDate: Files:[] Annotations:[] hasFiles:[]}
Neither CPE nor PURL found for package: &{IsUnpackaged:false PackageName:is-standalone-pwa PackageSPDXIdentifier:NPM-2e36d30c3449ef9156f8 PackageVersion:0.1.1 PackageFileName: PackageSupplier:<nil> PackageOriginator:<nil> PackageDownloadLocation:https://registry.npmjs.org/is-standalone-pwa/-/is-standalone-pwa-0.1.1.tgz FilesAnalyzed:false IsFilesAnalyzedTagPresent:true PackageVerificationCode:<nil> PackageChecksums:[{Algorithm:SHA512 Value:9Cbovsa52vNQCjdXOzeQq5CnCbAcRk05aU62K20WO372NrTv0NxibLFCK6lQ4/iZEFdEA3p3t2VNOn8AJ53F5g==}] PackageHomePage: PackageSourceInfo: PackageLicenseConcluded:NOASSERTION PackageLicenseInfoFromFiles:[] PackageLicenseDeclared:MIT PackageLicenseComments: PackageCopyrightText: PackageSummary: PackageDescription: PackageComment:runtime or transitive dependency PackageExternalReferences:[] PackageAttributionTexts:[] PrimaryPackagePurpose: ReleaseDate: BuiltDate: ValidUntilDate: Files:[] Annotations:[] hasFiles:[]}
Neither CPE nor PURL found for package: &{IsUnpackaged:false PackageName:is-stream PackageSPDXIdentifier:NPM-2166f48b0642bc276b61 PackageVersion:2.0.1 PackageFileName: PackageSupplier:<nil> PackageOriginator:<nil> PackageDownloadLocation:https://registry.npmjs.org/is-stream/-/is-stream-2.0.1.tgz FilesAnalyzed:false IsFilesAnalyzedTagPresent:true PackageVerificationCode:<nil> PackageChecksums:[{Algorithm:SHA512 Value:hFoiJiTl63nn+kstHGBtewWSKnQLpyb155KHheA1l39uvtO9nWIop1p3udqPcUd/xbF1VLMO4n7OI6p7RbngDg==}] PackageHomePage: PackageSourceInfo: PackageLicenseConcluded:NOASSERTION PackageLicenseInfoFromFiles:[] PackageLicenseDeclared:MIT PackageLicenseComments: PackageCopyrightText: PackageSummary: PackageDescription: PackageComment:development dependency PackageExternalReferences:[] PackageAttributionTexts:[] PrimaryPackagePurpose: ReleaseDate: BuiltDate: ValidUntilDate: Files:[] Annotations:[] hasFiles:[]}
Neither CPE nor PURL found for package: &{IsUnpackaged:false PackageName:isarray PackageSPDXIdentifier:NPM-dd5060a7691a8157c413 PackageVersion:1.0.0 PackageFileName: PackageSupplier:<nil> PackageOriginator:<nil> PackageDownloadLocation:https://registry.npmjs.org/isarray/-/isarray-1.0.0.tgz FilesAnalyzed:false IsFilesAnalyzedTagPresent:true PackageVerificationCode:<nil> PackageChecksums:[{Algorithm:SHA512 Value:VLghIWNM6ELQzo7zwmcg0NmTVyWKYjvIeM83yjp0wRDTmUnrM678fQbcKBo6n2CJEF0szoG//ytg+TKla89ALQ==}] PackageHomePage: PackageSourceInfo: PackageLicenseConcluded:NOASSERTION PackageLicenseInfoFromFiles:[] PackageLicenseDeclared:MIT PackageLicenseComments: PackageCopyrightText: PackageSummary: PackageDescription: PackageComment:development dependency PackageExternalReferences:[] PackageAttributionTexts:[] PrimaryPackagePurpose: ReleaseDate: BuiltDate: ValidUntilDate: Files:[] Annotations:[] hasFiles:[]}
Neither CPE nor PURL found for package: &{IsUnpackaged:false PackageName:isbinaryfile PackageSPDXIdentifier:NPM-1ee7003e0b1200f658e3 PackageVersion:5.0.7 PackageFileName: PackageSupplier:<nil> PackageOriginator:<nil> PackageDownloadLocation:https://registry.npmjs.org/isbinaryfile/-/isbinaryfile-5.0.7.tgz FilesAnalyzed:false IsFilesAnalyzedTagPresent:true PackageVerificationCode:<nil> PackageChecksums:[{Algorithm:SHA512 Value:gnWD14Jh3FzS3CPhF0AxNOJ8CxqeblPTADzI38r0wt8ZyQl5edpy75myt08EG2oKvpyiqSqsx+Wkz9vtkbTqYQ==}] PackageHomePage: PackageSourceInfo: PackageLicenseConcluded:NOASSERTION PackageLicenseInfoFromFiles:[] PackageLicenseDeclared:MIT PackageLicenseComments: PackageCopyrightText: PackageSummary: PackageDescription: PackageComment:development dependency PackageExternalReferences:[] PackageAttributionTexts:[] PrimaryPackagePurpose: ReleaseDate: BuiltDate: ValidUntilDate: Files:[] Annotations:[] hasFiles:[]}
Neither CPE nor PURL found for package: &{IsUnpackaged:false PackageName:isexe PackageSPDXIdentifier:NPM-2f62e711a6921973ef3f PackageVersion:2.0.0 PackageFileName: PackageSupplier:<nil> PackageOriginator:<nil> PackageDownloadLocation:https://registry.npmjs.org/isexe/-/isexe-2.0.0.tgz FilesAnalyzed:false IsFilesAnalyzedTagPresent:true PackageVerificationCode:<nil> PackageChecksums:[{Algorithm:SHA512 Value:RHxMLp9lnKHGHRng9QFhRCMbYAcVpn69smSGcq3f36xjgVVWThj4qqLbTLlq7Ssj8B+fIQ1EuCEGI2lKsyQeIw==}] PackageHomePage: PackageSourceInfo: PackageLicenseConcluded:NOASSERTION PackageLicenseInfoFromFiles:[] PackageLicenseDeclared:ISC PackageLicenseComments: PackageCopyrightText: PackageSummary: PackageDescription: PackageComment:runtime or transitive dependency PackageExternalReferences:[] PackageAttributionTexts:[] PrimaryPackagePurpose: ReleaseDate: BuiltDate: ValidUntilDate: Files:[] Annotations:[] hasFiles:[]}
Neither CPE nor PURL found for package: &{IsUnpackaged:false PackageName:istanbul-lib-coverage PackageSPDXIdentifier:NPM-38cf52c37a42e650b8bc PackageVersion:3.2.2 PackageFileName: PackageSupplier:<nil> PackageOriginator:<nil> PackageDownloadLocation:https://registry.npmjs.org/istanbul-lib-coverage/-/istanbul-lib-coverage-3.2.2.tgz FilesAnalyzed:false IsFilesAnalyzedTagPresent:true PackageVerificationCode:<nil> PackageChecksums:[{Algorithm:SHA512 Value:O8dpsF+r0WV/8MNRKfnmrtCWhuKjxrq2w+jpzBL5UZKTi2LeVWnWOmWRxFlesJONmc+wLAGvKQZEOanko0LFTg==}] PackageHomePage: PackageSourceInfo: PackageLicenseConcluded:NOASSERTION PackageLicenseInfoFromFiles:[] PackageLicenseDeclared:BSD-3-Clause PackageLicenseComments: PackageCopyrightText: PackageSummary: PackageDescription: PackageComment:development dependency PackageExternalReferences:[] PackageAttributionTexts:[] PrimaryPackagePurpose: ReleaseDate: BuiltDate: ValidUntilDate: Files:[] Annotations:[] hasFiles:[]}
Neither CPE nor PURL found for package: &{IsUnpackaged:false PackageName:istanbul-lib-instrument PackageSPDXIdentifier:NPM-d4788b5d0932df7208ee PackageVersion:6.0.3 PackageFileName: PackageSupplier:<nil> PackageOriginator:<nil> PackageDownloadLocation:https://registry.npmjs.org/istanbul-lib-instrument/-/istanbul-lib-instrument-6.0.3.tgz FilesAnalyzed:false IsFilesAnalyzedTagPresent:true PackageVerificationCode:<nil> PackageChecksums:[{Algorithm:SHA512 Value:Vtgk7L/R2JHyyGW07spoFlB8/lpjiOLTjMdms6AFMraYt3BaJauod/NGrfnVG/y4Ix1JEuMRPDPEj2ua+zz1/Q==}] PackageHomePage: PackageSourceInfo: PackageLicenseConcluded:NOASSERTION PackageLicenseInfoFromFiles:[] PackageLicenseDeclared:BSD-3-Clause PackageLicenseComments: PackageCopyrightText: PackageSummary: PackageDescription: PackageComment:development dependency PackageExternalReferences:[] PackageAttributionTexts:[] PrimaryPackagePurpose: ReleaseDate: BuiltDate: ValidUntilDate: Files:[] Annotations:[] hasFiles:[]}
Neither CPE nor PURL found for package: &{IsUnpackaged:false PackageName:istanbul-lib-instrument/node_modules/semver PackageSPDXIdentifier:NPM-aff0e9db35ac8cb8e805 PackageVersion:7.8.1 PackageFileName: PackageSupplier:<nil> PackageOriginator:<nil> PackageDownloadLocation:https://registry.npmjs.org/semver/-/semver-7.8.1.tgz FilesAnalyzed:false IsFilesAnalyzedTagPresent:true PackageVerificationCode:<nil> PackageChecksums:[{Algorithm:SHA512 Value:rkVq3IXh+4FDGch+KwzX3aV9W3kO54GyEgpvBzSyctDA6Xtd7RJQV1xmXbeQp5v7+VzLOfVqiutSE6GICgPFvg==}] PackageHomePage: PackageSourceInfo: PackageLicenseConcluded:NOASSERTION PackageLicenseInfoFromFiles:[] PackageLicenseDeclared:ISC PackageLicenseComments: PackageCopyrightText: PackageSummary: PackageDescription: PackageComment:development dependency PackageExternalReferences:[] PackageAttributionTexts:[] PrimaryPackagePurpose: ReleaseDate: BuiltDate: ValidUntilDate: Files:[] Annotations:[] hasFiles:[]}
Neither CPE nor PURL found for package: &{IsUnpackaged:false PackageName:istanbul-lib-report PackageSPDXIdentifier:NPM-96da7ca55e01a254d103 PackageVersion:3.0.1 PackageFileName: PackageSupplier:<nil> PackageOriginator:<nil> PackageDownloadLocation:https://registry.npmjs.org/istanbul-lib-report/-/istanbul-lib-report-3.0.1.tgz FilesAnalyzed:false IsFilesAnalyzedTagPresent:true PackageVerificationCode:<nil> PackageChecksums:[{Algorithm:SHA512 Value:GCfE1mtsHGOELCU8e/Z7YWzpmybrx/+dSTfLrvY8qRmaY6zXTKWn6WQIjaAFw069icm6GVMNkgu0NzI4iPZUNw==}] PackageHomePage: PackageSourceInfo: PackageLicenseConcluded:NOASSERTION PackageLicenseInfoFromFiles:[] PackageLicenseDeclared:BSD-3-Clause PackageLicenseComments: PackageCopyrightText: PackageSummary: PackageDescription: PackageComment:development dependency PackageExternalReferences:[] PackageAttributionTexts:[] PrimaryPackagePurpose: ReleaseDate: BuiltDate: ValidUntilDate: Files:[] Annotations:[] hasFiles:[]}
Neither CPE nor PURL found for package: &{IsUnpackaged:false PackageName:istanbul-lib-source-maps PackageSPDXIdentifier:NPM-85b922a7a8026791262e PackageVersion:4.0.1 PackageFileName: PackageSupplier:<nil> PackageOriginator:<nil> PackageDownloadLocation:https://registry.npmjs.org/istanbul-lib-source-maps/-/istanbul-lib-source-maps-4.0.1.tgz FilesAnalyzed:false IsFilesAnalyzedTagPresent:true PackageVerificationCode:<nil> PackageChecksums:[{Algorithm:SHA512 Value:n3s8EwkdFIJCG3BPKBYvskgXGoy88ARzvegkitk60NxRdwltLOTaH7CUiMRXvwYorl0Q712iEjcWB+fK/MrWVw==}] PackageHomePage: PackageSourceInfo: PackageLicenseConcluded:NOASSERTION PackageLicenseInfoFromFiles:[] PackageLicenseDeclared:BSD-3-Clause PackageLicenseComments: PackageCopyrightText: PackageSummary: PackageDescription: PackageComment:development dependency PackageExternalReferences:[] PackageAttributionTexts:[] PrimaryPackagePurpose: ReleaseDate: BuiltDate: ValidUntilDate: Files:[] Annotations:[] hasFiles:[]}
Neither CPE nor PURL found for package: &{IsUnpackaged:false PackageName:istanbul-reports PackageSPDXIdentifier:NPM-335cdf9731d4bee8df00 PackageVersion:3.2.0 PackageFileName: PackageSupplier:<nil> PackageOriginator:<nil> PackageDownloadLocation:https://registry.npmjs.org/istanbul-reports/-/istanbul-reports-3.2.0.tgz FilesAnalyzed:false IsFilesAnalyzedTagPresent:true PackageVerificationCode:<nil> PackageChecksums:[{Algorithm:SHA512 Value:HGYWWS/ehqTV3xN10i23tkPkpH46MLCIMFNCaaKNavAXTF1RkqxawEPtnjnGZ6XKSInBKkiOA5BKS+aZiY3AvA==}] PackageHomePage: PackageSourceInfo: PackageLicenseConcluded:NOASSERTION PackageLicenseInfoFromFiles:[] PackageLicenseDeclared:BSD-3-Clause PackageLicenseComments: PackageCopyrightText: PackageSummary: PackageDescription: PackageComment:development dependency PackageExternalReferences:[] PackageAttributionTexts:[] PrimaryPackagePurpose: ReleaseDate: BuiltDate: ValidUntilDate: Files:[] Annotations:[] hasFiles:[]}
Neither CPE nor PURL found for package: &{IsUnpackaged:false PackageName:jackspeak PackageSPDXIdentifier:NPM-20e7f6bd36b7d2d07c42 PackageVersion:3.4.3 PackageFileName: PackageSupplier:<nil> PackageOriginator:<nil> PackageDownloadLocation:https://registry.npmjs.org/jackspeak/-/jackspeak-3.4.3.tgz FilesAnalyzed:false IsFilesAnalyzedTagPresent:true PackageVerificationCode:<nil> PackageChecksums:[{Algorithm:SHA512 Value:OGlZQpz2yfahA/Rd1Y8Cd9SIEsqvXkLVoSw/cgwhnhFMDbsQFeZYoJJ7bIZBS9BcamUW96asq/npPWugM+RQBw==}] PackageHomePage: PackageSourceInfo: PackageLicenseConcluded:NOASSERTION PackageLicenseInfoFromFiles:[] PackageLicenseDeclared:BlueOak-1.0.0 PackageLicenseComments: PackageCopyrightText: PackageSummary: PackageDescription: PackageComment:development dependency PackageExternalReferences:[] PackageAttributionTexts:[] PrimaryPackagePurpose: ReleaseDate: BuiltDate: ValidUntilDate: Files:[] Annotations:[] hasFiles:[]}
Neither CPE nor PURL found for package: &{IsUnpackaged:false PackageName:jake PackageSPDXIdentifier:NPM-cfaff7803210120ff85e PackageVersion:10.9.4 PackageFileName: PackageSupplier:<nil> PackageOriginator:<nil> PackageDownloadLocation:https://registry.npmjs.org/jake/-/jake-10.9.4.tgz FilesAnalyzed:false IsFilesAnalyzedTagPresent:true PackageVerificationCode:<nil> PackageChecksums:[{Algorithm:SHA512 Value:wpHYzhxiVQL+IV05BLE2Xn34zW1S223hvjtqk0+gsPrwd/8JNLXJgZZM/iPFsYc1xyphF+6M6EvdE5E9MBGkDA==}] PackageHomePage: PackageSourceInfo: PackageLicenseConcluded:NOASSERTION PackageLicenseInfoFromFiles:[] PackageLicenseDeclared:Apache-2.0 PackageLicenseComments: PackageCopyrightText: PackageSummary: PackageDescription: PackageComment:development dependency PackageExternalReferences:[] PackageAttributionTexts:[] PrimaryPackagePurpose: ReleaseDate: BuiltDate: ValidUntilDate: Files:[] Annotations:[] hasFiles:[]}
Neither CPE nor PURL found for package: &{IsUnpackaged:false PackageName:jest PackageSPDXIdentifier:NPM-4824180d6488e74447a2 PackageVersion:29.7.0 PackageFileName: PackageSupplier:<nil> PackageOriginator:<nil> PackageDownloadLocation:https://registry.npmjs.org/jest/-/jest-29.7.0.tgz FilesAnalyzed:false IsFilesAnalyzedTagPresent:true PackageVerificationCode:<nil> PackageChecksums:[{Algorithm:SHA512 Value:NIy3oAFp9shda19hy4HK0HRTWKtPJmGdnvywu01nOqNC2vZg+Z+fvJDxpMQA88eb2I9EcafcdjYgsDthnYTvGw==}] PackageHomePage: PackageSourceInfo: PackageLicenseConcluded:NOASSERTION PackageLicenseInfoFromFiles:[] PackageLicenseDeclared:MIT PackageLicenseComments: PackageCopyrightText: PackageSummary: PackageDescription: PackageComment:development dependency PackageExternalReferences:[] PackageAttributionTexts:[] PrimaryPackagePurpose: ReleaseDate: BuiltDate: ValidUntilDate: Files:[] Annotations:[] hasFiles:[]}
Neither CPE nor PURL found for package: &{IsUnpackaged:false PackageName:jest-changed-files PackageSPDXIdentifier:NPM-722db707bf325702a1f7 PackageVersion:29.7.0 PackageFileName: PackageSupplier:<nil> PackageOriginator:<nil> PackageDownloadLocation:https://registry.npmjs.org/jest-changed-files/-/jest-changed-files-29.7.0.tgz FilesAnalyzed:false IsFilesAnalyzedTagPresent:true PackageVerificationCode:<nil> PackageChecksums:[{Algorithm:SHA512 Value:fEArFiwf1BpQ+4bXSprcDc3/x4HSzL4al2tozwVpDFpsxALjLYdyiIK4e5Vz66GQJIbXJ82+35PtysofptNX2w==}] PackageHomePage: PackageSourceInfo: PackageLicenseConcluded:NOASSERTION PackageLicenseInfoFromFiles:[] PackageLicenseDeclared:MIT PackageLicenseComments: PackageCopyrightText: PackageSummary: PackageDescription: PackageComment:development dependency PackageExternalReferences:[] PackageAttributionTexts:[] PrimaryPackagePurpose: ReleaseDate: BuiltDate: ValidUntilDate: Files:[] Annotations:[] hasFiles:[]}
Neither CPE nor PURL found for package: &{IsUnpackaged:false PackageName:jest-circus PackageSPDXIdentifier:NPM-89a6373b2b9516517779 PackageVersion:29.7.0 PackageFileName: PackageSupplier:<nil> PackageOriginator:<nil> PackageDownloadLocation:https://registry.npmjs.org/jest-circus/-/jest-circus-29.7.0.tgz FilesAnalyzed:false IsFilesAnalyzedTagPresent:true PackageVerificationCode:<nil> PackageChecksums:[{Algorithm:SHA512 Value:3E1nCMgipcTkCocFwM90XXQab9bS+GMsjdpmPrlelaxwD93Ad8iVEjX/vvHPdLPnFf+L40u+5+iutRdA1N9myw==}] PackageHomePage: PackageSourceInfo: PackageLicenseConcluded:NOASSERTION PackageLicenseInfoFromFiles:[] PackageLicenseDeclared:MIT PackageLicenseComments: PackageCopyrightText: PackageSummary: PackageDescription: PackageComment:development dependency PackageExternalReferences:[] PackageAttributionTexts:[] PrimaryPackagePurpose: ReleaseDate: BuiltDate: ValidUntilDate: Files:[] Annotations:[] hasFiles:[]}
Neither CPE nor PURL found for package: &{IsUnpackaged:false PackageName:jest-cli PackageSPDXIdentifier:NPM-53d8dff2661ea0bab80a PackageVersion:29.7.0 PackageFileName: PackageSupplier:<nil> PackageOriginator:<nil> PackageDownloadLocation:https://registry.npmjs.org/jest-cli/-/jest-cli-29.7.0.tgz FilesAnalyzed:false IsFilesAnalyzedTagPresent:true PackageVerificationCode:<nil> PackageChecksums:[{Algorithm:SHA512 Value:OVVobw2IubN/GSYsxETi+gOe7Ka59EFMR/twOU3Jb2GnKKeMGJB5SGUUrEz3SFVmJASUdZUzy83sLNNQ2gZslg==}] PackageHomePage: PackageSourceInfo: PackageLicenseConcluded:NOASSERTION PackageLicenseInfoFromFiles:[] PackageLicenseDeclared:MIT PackageLicenseComments: PackageCopyrightText: PackageSummary: PackageDescription: PackageComment:development dependency PackageExternalReferences:[] PackageAttributionTexts:[] PrimaryPackagePurpose: ReleaseDate: BuiltDate: ValidUntilDate: Files:[] Annotations:[] hasFiles:[]}
Neither CPE nor PURL found for package: &{IsUnpackaged:false PackageName:jest-config PackageSPDXIdentifier:NPM-a0920d5d171dbc683ac5 PackageVersion:29.7.0 PackageFileName: PackageSupplier:<nil> PackageOriginator:<nil> PackageDownloadLocation:https://registry.npmjs.org/jest-config/-/jest-config-29.7.0.tgz FilesAnalyzed:false IsFilesAnalyzedTagPresent:true PackageVerificationCode:<nil> PackageChecksums:[{Algorithm:SHA512 Value:uXbpfeQ7R6TZBqI3/TxCU4q4ttk3u0PJeC+E0zbfSoSjq6bJ7buBPxzQPL0ifrkY4DNu4JUdk0ImlBUYi840eQ==}] PackageHomePage: PackageSourceInfo: PackageLicenseConcluded:NOASSERTION PackageLicenseInfoFromFiles:[] PackageLicenseDeclared:MIT PackageLicenseComments: PackageCopyrightText: PackageSummary: PackageDescription: PackageComment:development dependency PackageExternalReferences:[] PackageAttributionTexts:[] PrimaryPackagePurpose: ReleaseDate: BuiltDate: ValidUntilDate: Files:[] Annotations:[] hasFiles:[]}
Neither CPE nor PURL found for package: &{IsUnpackaged:false PackageName:jest-diff PackageSPDXIdentifier:NPM-fcb497af742ee2626603 PackageVersion:29.7.0 PackageFileName: PackageSupplier:<nil> PackageOriginator:<nil> PackageDownloadLocation:https://registry.npmjs.org/jest-diff/-/jest-diff-29.7.0.tgz FilesAnalyzed:false IsFilesAnalyzedTagPresent:true PackageVerificationCode:<nil> PackageChecksums:[{Algorithm:SHA512 Value:LMIgiIrhigmPrs03JHpxUh2yISK3vLFPkAodPeo0+BuF7wA2FoQbkEg1u8gBYBThncu7e1oEDUfIXVuTqLRUjw==}] PackageHomePage: PackageSourceInfo: PackageLicenseConcluded:NOASSERTION PackageLicenseInfoFromFiles:[] PackageLicenseDeclared:MIT PackageLicenseComments: PackageCopyrightText: PackageSummary: PackageDescription: PackageComment:development dependency PackageExternalReferences:[] PackageAttributionTexts:[] PrimaryPackagePurpose: ReleaseDate: BuiltDate: ValidUntilDate: Files:[] Annotations:[] hasFiles:[]}
Neither CPE nor PURL found for package: &{IsUnpackaged:false PackageName:jest-docblock PackageSPDXIdentifier:NPM-fb98ac8668970f10a127 PackageVersion:29.7.0 PackageFileName: PackageSupplier:<nil> PackageOriginator:<nil> PackageDownloadLocation:https://registry.npmjs.org/jest-docblock/-/jest-docblock-29.7.0.tgz FilesAnalyzed:false IsFilesAnalyzedTagPresent:true PackageVerificationCode:<nil> PackageChecksums:[{Algorithm:SHA512 Value:q617Auw3A612guyaFgsbFeYpNP5t2aoUNLwBUbc/0kD1R4t9ixDbyFTHd1nok4epoVFpr7PmeWHrhvuV3XaJ4g==}] PackageHomePage: PackageSourceInfo: PackageLicenseConcluded:NOASSERTION PackageLicenseInfoFromFiles:[] PackageLicenseDeclared:MIT PackageLicenseComments: PackageCopyrightText: PackageSummary: PackageDescription: PackageComment:development dependency PackageExternalReferences:[] PackageAttributionTexts:[] PrimaryPackagePurpose: ReleaseDate: BuiltDate: ValidUntilDate: Files:[] Annotations:[] hasFiles:[]}
Neither CPE nor PURL found for package: &{IsUnpackaged:false PackageName:jest-each PackageSPDXIdentifier:NPM-525441daedc015f2e0aa PackageVersion:29.7.0 PackageFileName: PackageSupplier:<nil> PackageOriginator:<nil> PackageDownloadLocation:https://registry.npmjs.org/jest-each/-/jest-each-29.7.0.tgz FilesAnalyzed:false IsFilesAnalyzedTagPresent:true PackageVerificationCode:<nil> PackageChecksums:[{Algorithm:SHA512 Value:gns+Er14+ZrEoC5fhOfYCY1LOHHr0TI+rQUHZS8Ttw2l7gl+80eHc/gFf2Ktkw0+SIACDTeWvpFcv3B04VembQ==}] PackageHomePage: PackageSourceInfo: PackageLicenseConcluded:NOASSERTION PackageLicenseInfoFromFiles:[] PackageLicenseDeclared:MIT PackageLicenseComments: PackageCopyrightText: PackageSummary: PackageDescription: PackageComment:development dependency PackageExternalReferences:[] PackageAttributionTexts:[] PrimaryPackagePurpose: ReleaseDate: BuiltDate: ValidUntilDate: Files:[] Annotations:[] hasFiles:[]}
Neither CPE nor PURL found for package: &{IsUnpackaged:false PackageName:jest-environment-node PackageSPDXIdentifier:NPM-bc391851bd179df5cf12 PackageVersion:29.7.0 PackageFileName: PackageSupplier:<nil> PackageOriginator:<nil> PackageDownloadLocation:https://registry.npmjs.org/jest-environment-node/-/jest-environment-node-29.7.0.tgz FilesAnalyzed:false IsFilesAnalyzedTagPresent:true PackageVerificationCode:<nil> PackageChecksums:[{Algorithm:SHA512 Value:DOSwCRqXirTOyheM+4d5YZOrWcdu0LNZ87ewUoywbcb2XR4wKgqiG8vNeYwhjFMbEkfju7wx2GYH0P2gevGvFw==}] PackageHomePage: PackageSourceInfo: PackageLicenseConcluded:NOASSERTION PackageLicenseInfoFromFiles:[] PackageLicenseDeclared:MIT PackageLicenseComments: PackageCopyrightText: PackageSummary: PackageDescription: PackageComment:development dependency PackageExternalReferences:[] PackageAttributionTexts:[] PrimaryPackagePurpose: ReleaseDate: BuiltDate: ValidUntilDate: Files:[] Annotations:[] hasFiles:[]}
Neither CPE nor PURL found for package: &{IsUnpackaged:false PackageName:jest-get-type PackageSPDXIdentifier:NPM-c3b8dcfc69595dc45aa6 PackageVersion:29.6.3 PackageFileName: PackageSupplier:<nil> PackageOriginator:<nil> PackageDownloadLocation:https://registry.npmjs.org/jest-get-type/-/jest-get-type-29.6.3.tgz FilesAnalyzed:false IsFilesAnalyzedTagPresent:true PackageVerificationCode:<nil> PackageChecksums:[{Algorithm:SHA512 Value:zrteXnqYxfQh7l5FHyL38jL39di8H8rHoecLH3JNxH3BwOrBsNeabdap5e0I23lD4HHI8W5VFBZqG4Eaq5LNcw==}] PackageHomePage: PackageSourceInfo: PackageLicenseConcluded:NOASSERTION PackageLicenseInfoFromFiles:[] PackageLicenseDeclared:MIT PackageLicenseComments: PackageCopyrightText: PackageSummary: PackageDescription: PackageComment:development dependency PackageExternalReferences:[] PackageAttributionTexts:[] PrimaryPackagePurpose: ReleaseDate: BuiltDate: ValidUntilDate: Files:[] Annotations:[] hasFiles:[]}
Neither CPE nor PURL found for package: &{IsUnpackaged:false PackageName:jest-haste-map PackageSPDXIdentifier:NPM-a84cfe5c01134f3f3d16 PackageVersion:29.7.0 PackageFileName: PackageSupplier:<nil> PackageOriginator:<nil> PackageDownloadLocation:https://registry.npmjs.org/jest-haste-map/-/jest-haste-map-29.7.0.tgz FilesAnalyzed:false IsFilesAnalyzedTagPresent:true PackageVerificationCode:<nil> PackageChecksums:[{Algorithm:SHA512 Value:fP8u2pyfqx0K1rGn1R9pyE0/KTn+G7PxktWidOBTqFPLYX0b9ksaMFkhK5vrS3DVun09pckLdlx90QthlW7AmA==}] PackageHomePage: PackageSourceInfo: PackageLicenseConcluded:NOASSERTION PackageLicenseInfoFromFiles:[] PackageLicenseDeclared:MIT PackageLicenseComments: PackageCopyrightText: PackageSummary: PackageDescription: PackageComment:development dependency PackageExternalReferences:[] PackageAttributionTexts:[] PrimaryPackagePurpose: ReleaseDate: BuiltDate: ValidUntilDate: Files:[] Annotations:[] hasFiles:[]}
Neither CPE nor PURL found for package: &{IsUnpackaged:false PackageName:jest-leak-detector PackageSPDXIdentifier:NPM-6099369828487a12795e PackageVersion:29.7.0 PackageFileName: PackageSupplier:<nil> PackageOriginator:<nil> PackageDownloadLocation:https://registry.npmjs.org/jest-leak-detector/-/jest-leak-detector-29.7.0.tgz FilesAnalyzed:false IsFilesAnalyzedTagPresent:true PackageVerificationCode:<nil> PackageChecksums:[{Algorithm:SHA512 Value:kYA8IJcSYtST2BY9I+SMC32nDpBT3J2NvWJx8+JCuCdl/CR1I4EKUJROiP8XtCcxqgTTBGJNdbB1A8XRKbTetw==}] PackageHomePage: PackageSourceInfo: PackageLicenseConcluded:NOASSERTION PackageLicenseInfoFromFiles:[] PackageLicenseDeclared:MIT PackageLicenseComments: PackageCopyrightText: PackageSummary: PackageDescription: PackageComment:development dependency PackageExternalReferences:[] PackageAttributionTexts:[] PrimaryPackagePurpose: ReleaseDate: BuiltDate: ValidUntilDate: Files:[] Annotations:[] hasFiles:[]}
Neither CPE nor PURL found for package: &{IsUnpackaged:false PackageName:jest-matcher-utils PackageSPDXIdentifier:NPM-505562573b248e5272ef PackageVersion:29.7.0 PackageFileName: PackageSupplier:<nil> PackageOriginator:<nil> PackageDownloadLocation:https://registry.npmjs.org/jest-matcher-utils/-/jest-matcher-utils-29.7.0.tgz FilesAnalyzed:false IsFilesAnalyzedTagPresent:true PackageVerificationCode:<nil> PackageChecksums:[{Algorithm:SHA512 Value:sBkD+Xi9DtcChsI3L3u0+N0opgPYnCRPtGcQYrgXmR+hmt/fYfWAL0xRXYU8eWOdfuLgBe0YCW3AFtnRLagq/g==}] PackageHomePage: PackageSourceInfo: PackageLicenseConcluded:NOASSERTION PackageLicenseInfoFromFiles:[] PackageLicenseDeclared:MIT PackageLicenseComments: PackageCopyrightText: PackageSummary: PackageDescription: PackageComment:development dependency PackageExternalReferences:[] PackageAttributionTexts:[] PrimaryPackagePurpose: ReleaseDate: BuiltDate: ValidUntilDate: Files:[] Annotations:[] hasFiles:[]}
Neither CPE nor PURL found for package: &{IsUnpackaged:false PackageName:jest-message-util PackageSPDXIdentifier:NPM-aec793272b6849e3323c PackageVersion:29.7.0 PackageFileName: PackageSupplier:<nil> PackageOriginator:<nil> PackageDownloadLocation:https://registry.npmjs.org/jest-message-util/-/jest-message-util-29.7.0.tgz FilesAnalyzed:false IsFilesAnalyzedTagPresent:true PackageVerificationCode:<nil> PackageChecksums:[{Algorithm:SHA512 Value:GBEV4GRADeP+qtB2+6u61stea8mGcOT4mCtrYISZwfu9/ISHFJ/5zOMXYbpBE9RsS5+Gb63DW4FgmnKJ79Kf6w==}] PackageHomePage: PackageSourceInfo: PackageLicenseConcluded:NOASSERTION PackageLicenseInfoFromFiles:[] PackageLicenseDeclared:MIT PackageLicenseComments: PackageCopyrightText: PackageSummary: PackageDescription: PackageComment:development dependency PackageExternalReferences:[] PackageAttributionTexts:[] PrimaryPackagePurpose: ReleaseDate: BuiltDate: ValidUntilDate: Files:[] Annotations:[] hasFiles:[]}
Neither CPE nor PURL found for package: &{IsUnpackaged:false PackageName:jest-mock PackageSPDXIdentifier:NPM-d08aae44aa6d7d60db33 PackageVersion:29.7.0 PackageFileName: PackageSupplier:<nil> PackageOriginator:<nil> PackageDownloadLocation:https://registry.npmjs.org/jest-mock/-/jest-mock-29.7.0.tgz FilesAnalyzed:false IsFilesAnalyzedTagPresent:true PackageVerificationCode:<nil> PackageChecksums:[{Algorithm:SHA512 Value:ITOMZn+UkYS4ZFh83xYAOzWStloNzJFO2s8DWrE4lhtGD+AorgnbkiKERe4wQVBydIGPx059g6riW5Btp6Llnw==}] PackageHomePage: PackageSourceInfo: PackageLicenseConcluded:NOASSERTION PackageLicenseInfoFromFiles:[] PackageLicenseDeclared:MIT PackageLicenseComments: PackageCopyrightText: PackageSummary: PackageDescription: PackageComment:development dependency PackageExternalReferences:[] PackageAttributionTexts:[] PrimaryPackagePurpose: ReleaseDate: BuiltDate: ValidUntilDate: Files:[] Annotations:[] hasFiles:[]}
Neither CPE nor PURL found for package: &{IsUnpackaged:false PackageName:jest-pnp-resolver PackageSPDXIdentifier:NPM-a9ea87a1f0720c831ad4 PackageVersion:1.2.3 PackageFileName: PackageSupplier:<nil> PackageOriginator:<nil> PackageDownloadLocation:https://registry.npmjs.org/jest-pnp-resolver/-/jest-pnp-resolver-1.2.3.tgz FilesAnalyzed:false IsFilesAnalyzedTagPresent:true PackageVerificationCode:<nil> PackageChecksums:[{Algorithm:SHA512 Value:+3NpwQEnRoIBtx4fyhblQDPgJI0H1IEIkX7ShLUjPGA7TtUTvI1oiKi3SR4oBR0hQhQR80l4WAe5RrXBwWMA8w==}] PackageHomePage: PackageSourceInfo: PackageLicenseConcluded:NOASSERTION PackageLicenseInfoFromFiles:[] PackageLicenseDeclared:MIT PackageLicenseComments: PackageCopyrightText: PackageSummary: PackageDescription: PackageComment:development dependency PackageExternalReferences:[] PackageAttributionTexts:[] PrimaryPackagePurpose: ReleaseDate: BuiltDate: ValidUntilDate: Files:[] Annotations:[] hasFiles:[]}
Neither CPE nor PURL found for package: &{IsUnpackaged:false PackageName:jest-regex-util PackageSPDXIdentifier:NPM-f2f4d292f90b5c9143c5 PackageVersion:29.6.3 PackageFileName: PackageSupplier:<nil> PackageOriginator:<nil> PackageDownloadLocation:https://registry.npmjs.org/jest-regex-util/-/jest-regex-util-29.6.3.tgz FilesAnalyzed:false IsFilesAnalyzedTagPresent:true PackageVerificationCode:<nil> PackageChecksums:[{Algorithm:SHA512 Value:KJJBsRCyyLNWCNBOvZyRDnAIfUiRJ8v+hOBQYGn8gDyF3UegwiP4gwRR3/SDa42g1YbVycTidUF3rKjyLFDWbg==}] PackageHomePage: PackageSourceInfo: PackageLicenseConcluded:NOASSERTION PackageLicenseInfoFromFiles:[] PackageLicenseDeclared:MIT PackageLicenseComments: PackageCopyrightText: PackageSummary: PackageDescription: PackageComment:development dependency PackageExternalReferences:[] PackageAttributionTexts:[] PrimaryPackagePurpose: ReleaseDate: BuiltDate: ValidUntilDate: Files:[] Annotations:[] hasFiles:[]}
Neither CPE nor PURL found for package: &{IsUnpackaged:false PackageName:jest-resolve PackageSPDXIdentifier:NPM-53026fff7271e62724b4 PackageVersion:29.7.0 PackageFileName: PackageSupplier:<nil> PackageOriginator:<nil> PackageDownloadLocation:https://registry.npmjs.org/jest-resolve/-/jest-resolve-29.7.0.tgz FilesAnalyzed:false IsFilesAnalyzedTagPresent:true PackageVerificationCode:<nil> PackageChecksums:[{Algorithm:SHA512 Value:IOVhZSrg+UvVAshDSDtHyFCCBUl/Q3AAJv8iZ6ZjnZ74xzvwuzLXid9IIIPgTnY62SJjfuupMKZsZQRsCvxEgA==}] PackageHomePage: PackageSourceInfo: PackageLicenseConcluded:NOASSERTION PackageLicenseInfoFromFiles:[] PackageLicenseDeclared:MIT PackageLicenseComments: PackageCopyrightText: PackageSummary: PackageDescription: PackageComment:development dependency PackageExternalReferences:[] PackageAttributionTexts:[] PrimaryPackagePurpose: ReleaseDate: BuiltDate: ValidUntilDate: Files:[] Annotations:[] hasFiles:[]}
Neither CPE nor PURL found for package: &{IsUnpackaged:false PackageName:jest-resolve-dependencies PackageSPDXIdentifier:NPM-01b6433a35ae8d4baf8a PackageVersion:29.7.0 PackageFileName: PackageSupplier:<nil> PackageOriginator:<nil> PackageDownloadLocation:https://registry.npmjs.org/jest-resolve-dependencies/-/jest-resolve-dependencies-29.7.0.tgz FilesAnalyzed:false IsFilesAnalyzedTagPresent:true PackageVerificationCode:<nil> PackageChecksums:[{Algorithm:SHA512 Value:un0zD/6qxJ+S0et7WxeI3H5XSe9lTBBR7bOHCHXkKR6luG5mwDDlIzVQ0V5cZCuoTgEdcdwzTghYkTWfubi+nA==}] PackageHomePage: PackageSourceInfo: PackageLicenseConcluded:NOASSERTION PackageLicenseInfoFromFiles:[] PackageLicenseDeclared:MIT PackageLicenseComments: PackageCopyrightText: PackageSummary: PackageDescription: PackageComment:development dependency PackageExternalReferences:[] PackageAttributionTexts:[] PrimaryPackagePurpose: ReleaseDate: BuiltDate: ValidUntilDate: Files:[] Annotations:[] hasFiles:[]}
Neither CPE nor PURL found for package: &{IsUnpackaged:false PackageName:jest-runner PackageSPDXIdentifier:NPM-b2e28b0655e33f1aa272 PackageVersion:29.7.0 PackageFileName: PackageSupplier:<nil> PackageOriginator:<nil> PackageDownloadLocation:https://registry.npmjs.org/jest-runner/-/jest-runner-29.7.0.tgz FilesAnalyzed:false IsFilesAnalyzedTagPresent:true PackageVerificationCode:<nil> PackageChecksums:[{Algorithm:SHA512 Value:fsc4N6cPCAahybGBfTRcq5wFR6fpLznMg47sY5aDpsoejOcVYFb07AHuSnR0liMcPTgBsA3ZJL6kFOjPdoNipQ==}] PackageHomePage: PackageSourceInfo: PackageLicenseConcluded:NOASSERTION PackageLicenseInfoFromFiles:[] PackageLicenseDeclared:MIT PackageLicenseComments: PackageCopyrightText: PackageSummary: PackageDescription: PackageComment:development dependency PackageExternalReferences:[] PackageAttributionTexts:[] PrimaryPackagePurpose: ReleaseDate: BuiltDate: ValidUntilDate: Files:[] Annotations:[] hasFiles:[]}
Neither CPE nor PURL found for package: &{IsUnpackaged:false PackageName:jest-runner/node_modules/source-map-support PackageSPDXIdentifier:NPM-e8b25d1d7a519a3d7de0 PackageVersion:0.5.13 PackageFileName: PackageSupplier:<nil> PackageOriginator:<nil> PackageDownloadLocation:https://registry.npmjs.org/source-map-support/-/source-map-support-0.5.13.tgz FilesAnalyzed:false IsFilesAnalyzedTagPresent:true PackageVerificationCode:<nil> PackageChecksums:[{Algorithm:SHA512 Value:SHSKFHadjVA5oR4PPqhtAVdcBWwRYVd6g6cAXnIbRiIwc2EhPrTuKUBdSLvlEKyIP3GCf89fltvcZiP9MMFA1w==}] PackageHomePage: PackageSourceInfo: PackageLicenseConcluded:NOASSERTION PackageLicenseInfoFromFiles:[] PackageLicenseDeclared:MIT PackageLicenseComments: PackageCopyrightText: PackageSummary: PackageDescription: PackageComment:development dependency PackageExternalReferences:[] PackageAttributionTexts:[] PrimaryPackagePurpose: ReleaseDate: BuiltDate: ValidUntilDate: Files:[] Annotations:[] hasFiles:[]}
Neither CPE nor PURL found for package: &{IsUnpackaged:false PackageName:jest-runtime PackageSPDXIdentifier:NPM-26cd0394bbeddacb13f3 PackageVersion:29.7.0 PackageFileName: PackageSupplier:<nil> PackageOriginator:<nil> PackageDownloadLocation:https://registry.npmjs.org/jest-runtime/-/jest-runtime-29.7.0.tgz FilesAnalyzed:false IsFilesAnalyzedTagPresent:true PackageVerificationCode:<nil> PackageChecksums:[{Algorithm:SHA512 Value:gUnLjgwdGqW7B4LvOIkbKs9WGbn+QLqRQQ9juC6HndeDiezIwhDP+mhMwHWCEcfQ5RUXa6OPnFF8BJh5xegwwQ==}] PackageHomePage: PackageSourceInfo: PackageLicenseConcluded:NOASSERTION PackageLicenseInfoFromFiles:[] PackageLicenseDeclared:MIT PackageLicenseComments: PackageCopyrightText: PackageSummary: PackageDescription: PackageComment:development dependency PackageExternalReferences:[] PackageAttributionTexts:[] PrimaryPackagePurpose: ReleaseDate: BuiltDate: ValidUntilDate: Files:[] Annotations:[] hasFiles:[]}
Neither CPE nor PURL found for package: &{IsUnpackaged:false PackageName:jest-snapshot PackageSPDXIdentifier:NPM-6d1309f8e6148fbfef1f PackageVersion:29.7.0 PackageFileName: PackageSupplier:<nil> PackageOriginator:<nil> PackageDownloadLocation:https://registry.npmjs.org/jest-snapshot/-/jest-snapshot-29.7.0.tgz FilesAnalyzed:false IsFilesAnalyzedTagPresent:true PackageVerificationCode:<nil> PackageChecksums:[{Algorithm:SHA512 Value:Rm0BMWtxBcioHr1/OX5YCP8Uov4riHvKPknOGs804Zg9JGZgmIBkbtlxJC/7Z4msKYVbIJtfU+tKb8xlYNfdkw==}] PackageHomePage: PackageSourceInfo: PackageLicenseConcluded:NOASSERTION PackageLicenseInfoFromFiles:[] PackageLicenseDeclared:MIT PackageLicenseComments: PackageCopyrightText: PackageSummary: PackageDescription: PackageComment:development dependency PackageExternalReferences:[] PackageAttributionTexts:[] PrimaryPackagePurpose: ReleaseDate: BuiltDate: ValidUntilDate: Files:[] Annotations:[] hasFiles:[]}
Neither CPE nor PURL found for package: &{IsUnpackaged:false PackageName:jest-snapshot/node_modules/semver PackageSPDXIdentifier:NPM-30772d79a598e5c3e751 PackageVersion:7.8.1 PackageFileName: PackageSupplier:<nil> PackageOriginator:<nil> PackageDownloadLocation:https://registry.npmjs.org/semver/-/semver-7.8.1.tgz FilesAnalyzed:false IsFilesAnalyzedTagPresent:true PackageVerificationCode:<nil> PackageChecksums:[{Algorithm:SHA512 Value:rkVq3IXh+4FDGch+KwzX3aV9W3kO54GyEgpvBzSyctDA6Xtd7RJQV1xmXbeQp5v7+VzLOfVqiutSE6GICgPFvg==}] PackageHomePage: PackageSourceInfo: PackageLicenseConcluded:NOASSERTION PackageLicenseInfoFromFiles:[] PackageLicenseDeclared:ISC PackageLicenseComments: PackageCopyrightText: PackageSummary: PackageDescription: PackageComment:development dependency PackageExternalReferences:[] PackageAttributionTexts:[] PrimaryPackagePurpose: ReleaseDate: BuiltDate: ValidUntilDate: Files:[] Annotations:[] hasFiles:[]}
Neither CPE nor PURL found for package: &{IsUnpackaged:false PackageName:jest-util PackageSPDXIdentifier:NPM-b0b04804114e0b351469 PackageVersion:29.7.0 PackageFileName: PackageSupplier:<nil> PackageOriginator:<nil> PackageDownloadLocation:https://registry.npmjs.org/jest-util/-/jest-util-29.7.0.tgz FilesAnalyzed:false IsFilesAnalyzedTagPresent:true PackageVerificationCode:<nil> PackageChecksums:[{Algorithm:SHA512 Value:z6EbKajIpqGKU56y5KBUgy1dt1ihhQJgWzUlZHArA/+X2ad7Cb5iF+AK1EWVL/Bo7Rz9uurpqw6SiBCefUbCGA==}] PackageHomePage: PackageSourceInfo: PackageLicenseConcluded:NOASSERTION PackageLicenseInfoFromFiles:[] PackageLicenseDeclared:MIT PackageLicenseComments: PackageCopyrightText: PackageSummary: PackageDescription: PackageComment:development dependency PackageExternalReferences:[] PackageAttributionTexts:[] PrimaryPackagePurpose: ReleaseDate: BuiltDate: ValidUntilDate: Files:[] Annotations:[] hasFiles:[]}
Neither CPE nor PURL found for package: &{IsUnpackaged:false PackageName:jest-validate PackageSPDXIdentifier:NPM-c75f970a05bec9c1609d PackageVersion:29.7.0 PackageFileName: PackageSupplier:<nil> PackageOriginator:<nil> PackageDownloadLocation:https://registry.npmjs.org/jest-validate/-/jest-validate-29.7.0.tgz FilesAnalyzed:false IsFilesAnalyzedTagPresent:true PackageVerificationCode:<nil> PackageChecksums:[{Algorithm:SHA512 Value:ZB7wHqaRGVw/9hST/OuFUReG7M8vKeq0/J2egIGLdvjHCmYqGARhzXmtgi+gVeZ5uXFF219aOc3Ls2yLg27tkw==}] PackageHomePage: PackageSourceInfo: PackageLicenseConcluded:NOASSERTION PackageLicenseInfoFromFiles:[] PackageLicenseDeclared:MIT PackageLicenseComments: PackageCopyrightText: PackageSummary: PackageDescription: PackageComment:development dependency PackageExternalReferences:[] PackageAttributionTexts:[] PrimaryPackagePurpose: ReleaseDate: BuiltDate: ValidUntilDate: Files:[] Annotations:[] hasFiles:[]}
Neither CPE nor PURL found for package: &{IsUnpackaged:false PackageName:jest-validate/node_modules/camelcase PackageSPDXIdentifier:NPM-d74f7e1675c653025b11 PackageVersion:6.3.0 PackageFileName: PackageSupplier:<nil> PackageOriginator:<nil> PackageDownloadLocation:https://registry.npmjs.org/camelcase/-/camelcase-6.3.0.tgz FilesAnalyzed:false IsFilesAnalyzedTagPresent:true PackageVerificationCode:<nil> PackageChecksums:[{Algorithm:SHA512 Value:Gmy6FhYlCY7uOElZUSbxo2UCDH8owEk996gkbrpsgGtrJLM3J7jGxl9Ic7Qwwj4ivOE5AWZWRMecDdF7hqGjFA==}] PackageHomePage: PackageSourceInfo: PackageLicenseConcluded:NOASSERTION PackageLicenseInfoFromFiles:[] PackageLicenseDeclared:MIT PackageLicenseComments: PackageCopyrightText: PackageSummary: PackageDescription: PackageComment:development dependency PackageExternalReferences:[] PackageAttributionTexts:[] PrimaryPackagePurpose: ReleaseDate: BuiltDate: ValidUntilDate: Files:[] Annotations:[] hasFiles:[]}
Neither CPE nor PURL found for package: &{IsUnpackaged:false PackageName:jest-watcher PackageSPDXIdentifier:NPM-a4e739d58cb09400d19a PackageVersion:29.7.0 PackageFileName: PackageSupplier:<nil> PackageOriginator:<nil> PackageDownloadLocation:https://registry.npmjs.org/jest-watcher/-/jest-watcher-29.7.0.tgz FilesAnalyzed:false IsFilesAnalyzedTagPresent:true PackageVerificationCode:<nil> PackageChecksums:[{Algorithm:SHA512 Value:49Fg7WXkU3Vl2h6LbLtMQ/HyB6rXSIX7SqvBLQmssRBGN9I0PNvPmAmCWSOY6SOvrjhI/F7/bGAv9RtnsPA03g==}] PackageHomePage: PackageSourceInfo: PackageLicenseConcluded:NOASSERTION PackageLicenseInfoFromFiles:[] PackageLicenseDeclared:MIT PackageLicenseComments: PackageCopyrightText: PackageSummary: PackageDescription: PackageComment:development dependency PackageExternalReferences:[] PackageAttributionTexts:[] PrimaryPackagePurpose: ReleaseDate: BuiltDate: ValidUntilDate: Files:[] Annotations:[] hasFiles:[]}
Neither CPE nor PURL found for package: &{IsUnpackaged:false PackageName:jest-worker PackageSPDXIdentifier:NPM-c225a373ca99030b0d64 PackageVersion:29.7.0 PackageFileName: PackageSupplier:<nil> PackageOriginator:<nil> PackageDownloadLocation:https://registry.npmjs.org/jest-worker/-/jest-worker-29.7.0.tgz FilesAnalyzed:false IsFilesAnalyzedTagPresent:true PackageVerificationCode:<nil> PackageChecksums:[{Algorithm:SHA512 Value:eIz2msL/EzL9UFTFFx7jBTkeZfku0yUAyZZZmJ93H2TYEiroIx2PQjEXcwYtYl8zXCxb+PAmA2hLIt/6ZEkPHw==}] PackageHomePage: PackageSourceInfo: PackageLicenseConcluded:NOASSERTION PackageLicenseInfoFromFiles:[] PackageLicenseDeclared:MIT PackageLicenseComments: PackageCopyrightText: PackageSummary: PackageDescription: PackageComment:development dependency PackageExternalReferences:[] PackageAttributionTexts:[] PrimaryPackagePurpose: ReleaseDate: BuiltDate: ValidUntilDate: Files:[] Annotations:[] hasFiles:[]}
Neither CPE nor PURL found for package: &{IsUnpackaged:false PackageName:jest-worker/node_modules/supports-color PackageSPDXIdentifier:NPM-b524c10940536e2d5e34 PackageVersion:8.1.1 PackageFileName: PackageSupplier:<nil> PackageOriginator:<nil> PackageDownloadLocation:https://registry.npmjs.org/supports-color/-/supports-color-8.1.1.tgz FilesAnalyzed:false IsFilesAnalyzedTagPresent:true PackageVerificationCode:<nil> PackageChecksums:[{Algorithm:SHA512 Value:MpUEN2OodtUzxvKQl72cUF7RQ5EiHsGvSsVG0ia9c5RbWGL2CI4C7EpPS8UTBIplnlzZiNuV56w+FuNxy3ty2Q==}] PackageHomePage: PackageSourceInfo: PackageLicenseConcluded:NOASSERTION PackageLicenseInfoFromFiles:[] PackageLicenseDeclared:MIT PackageLicenseComments: PackageCopyrightText: PackageSummary: PackageDescription: PackageComment:development dependency PackageExternalReferences:[] PackageAttributionTexts:[] PrimaryPackagePurpose: ReleaseDate: BuiltDate: ValidUntilDate: Files:[] Annotations:[] hasFiles:[]}
Neither CPE nor PURL found for package: &{IsUnpackaged:false PackageName:js-tokens PackageSPDXIdentifier:NPM-f4371f095c6f087cf414 PackageVersion:4.0.0 PackageFileName: PackageSupplier:<nil> PackageOriginator:<nil> PackageDownloadLocation:https://registry.npmjs.org/js-tokens/-/js-tokens-4.0.0.tgz FilesAnalyzed:false IsFilesAnalyzedTagPresent:true PackageVerificationCode:<nil> PackageChecksums:[{Algorithm:SHA512 Value:RdJUflcE3cUzKiMqQgsCu06FPu9UdIJO0beYbPhHN4k6apgJtifcoCtT9bcxOpYBtpD2kCM6Sbzg4CausW/PKQ==}] PackageHomePage: PackageSourceInfo: PackageLicenseConcluded:NOASSERTION PackageLicenseInfoFromFiles:[] PackageLicenseDeclared:MIT PackageLicenseComments: PackageCopyrightText: PackageSummary: PackageDescription: PackageComment:development dependency PackageExternalReferences:[] PackageAttributionTexts:[] PrimaryPackagePurpose: ReleaseDate: BuiltDate: ValidUntilDate: Files:[] Annotations:[] hasFiles:[]}
Neither CPE nor PURL found for package: &{IsUnpackaged:false PackageName:js-yaml PackageSPDXIdentifier:NPM-1438118b5287ddde1710 PackageVersion:4.2.0 PackageFileName: PackageSupplier:<nil> PackageOriginator:<nil> PackageDownloadLocation:https://registry.npmjs.org/js-yaml/-/js-yaml-4.2.0.tgz FilesAnalyzed:false IsFilesAnalyzedTagPresent:true PackageVerificationCode:<nil> PackageChecksums:[{Algorithm:SHA512 Value:ePWsvanv0DWuDRsW8dnt+R4jQ31SCRCQ7hhNcPXZPsoBZiemuZNYGf7adZdqX2D86j6rvKp3RpCxVTSb8WQlOw==}] PackageHomePage: PackageSourceInfo: PackageLicenseConcluded:NOASSERTION PackageLicenseInfoFromFiles:[] PackageLicenseDeclared:MIT PackageLicenseComments: PackageCopyrightText: PackageSummary: PackageDescription: PackageComment:runtime or transitive dependency PackageExternalReferences:[] PackageAttributionTexts:[] PrimaryPackagePurpose: ReleaseDate: BuiltDate: ValidUntilDate: Files:[] Annotations:[] hasFiles:[]}
Neither CPE nor PURL found for package: &{IsUnpackaged:false PackageName:jsesc PackageSPDXIdentifier:NPM-ea0becb009dc00e5116c PackageVersion:3.1.0 PackageFileName: PackageSupplier:<nil> PackageOriginator:<nil> PackageDownloadLocation:https://registry.npmjs.org/jsesc/-/jsesc-3.1.0.tgz FilesAnalyzed:false IsFilesAnalyzedTagPresent:true PackageVerificationCode:<nil> PackageChecksums:[{Algorithm:SHA512 Value:/sM3dO2FOzXjKQhJuo0Q173wf2KOo8t4I8vHy6lF9poUp7bKT0/NHE8fPX23PwfhnykfqnC2xRxOnVw5XuGIaA==}] PackageHomePage: PackageSourceInfo: PackageLicenseConcluded:NOASSERTION PackageLicenseInfoFromFiles:[] PackageLicenseDeclared:MIT PackageLicenseComments: PackageCopyrightText: PackageSummary: PackageDescription: PackageComment:development dependency PackageExternalReferences:[] PackageAttributionTexts:[] PrimaryPackagePurpose: ReleaseDate: BuiltDate: ValidUntilDate: Files:[] Annotations:[] hasFiles:[]}
Neither CPE nor PURL found for package: &{IsUnpackaged:false PackageName:json-buffer PackageSPDXIdentifier:NPM-adbc921fc34de3b1dd43 PackageVersion:3.0.1 PackageFileName: PackageSupplier:<nil> PackageOriginator:<nil> PackageDownloadLocation:https://registry.npmjs.org/json-buffer/-/json-buffer-3.0.1.tgz FilesAnalyzed:false IsFilesAnalyzedTagPresent:true PackageVerificationCode:<nil> PackageChecksums:[{Algorithm:SHA512 Value:4bV5BfR2mqfQTJm+V5tPPdf+ZpuhiIvTuAB5g8kcrXOZpTT/QwwVRWBywX1ozr6lEuPdbHxwaJlm9G6mI2sfSQ==}] PackageHomePage: PackageSourceInfo: PackageLicenseConcluded:NOASSERTION PackageLicenseInfoFromFiles:[] PackageLicenseDeclared:MIT PackageLicenseComments: PackageCopyrightText: PackageSummary: PackageDescription: PackageComment:development dependency PackageExternalReferences:[] PackageAttributionTexts:[] PrimaryPackagePurpose: ReleaseDate: BuiltDate: ValidUntilDate: Files:[] Annotations:[] hasFiles:[]}
Neither CPE nor PURL found for package: &{IsUnpackaged:false PackageName:json-parse-even-better-errors PackageSPDXIdentifier:NPM-936d44f89505eb2fa60a PackageVersion:2.3.1 PackageFileName: PackageSupplier:<nil> PackageOriginator:<nil> PackageDownloadLocation:https://registry.npmjs.org/json-parse-even-better-errors/-/json-parse-even-better-errors-2.3.1.tgz FilesAnalyzed:false IsFilesAnalyzedTagPresent:true PackageVerificationCode:<nil> PackageChecksums:[{Algorithm:SHA512 Value:xyFwyhro/JEof6Ghe2iz2NcXoj2sloNsWr/XsERDK/oiPCfaNhl5ONfp+jQdAZRQQ0IJWNzH9zIZF7li91kh2w==}] PackageHomePage: PackageSourceInfo: PackageLicenseConcluded:NOASSERTION PackageLicenseInfoFromFiles:[] PackageLicenseDeclared:MIT PackageLicenseComments: PackageCopyrightText: PackageSummary: PackageDescription: PackageComment:development dependency PackageExternalReferences:[] PackageAttributionTexts:[] PrimaryPackagePurpose: ReleaseDate: BuiltDate: ValidUntilDate: Files:[] Annotations:[] hasFiles:[]}
Neither CPE nor PURL found for package: &{IsUnpackaged:false PackageName:json-schema-traverse PackageSPDXIdentifier:NPM-224390b164849450598f PackageVersion:0.4.1 PackageFileName: PackageSupplier:<nil> PackageOriginator:<nil> PackageDownloadLocation:https://registry.npmjs.org/json-schema-traverse/-/json-schema-traverse-0.4.1.tgz FilesAnalyzed:false IsFilesAnalyzedTagPresent:true PackageVerificationCode:<nil> PackageChecksums:[{Algorithm:SHA512 Value:xbbCH5dCYU5T8LcEhhuh7HJ88HXuW3qsI3Y0zOZFKfZEHcpWiHU/Jxzk629Brsab/mMiHQti9wMP+845RPe3Vg==}] PackageHomePage: PackageSourceInfo: PackageLicenseConcluded:NOASSERTION PackageLicenseInfoFromFiles:[] PackageLicenseDeclared:MIT PackageLicenseComments: PackageCopyrightText: PackageSummary: PackageDescription: PackageComment:development dependency PackageExternalReferences:[] PackageAttributionTexts:[] PrimaryPackagePurpose: ReleaseDate: BuiltDate: ValidUntilDate: Files:[] Annotations:[] hasFiles:[]}
Neither CPE nor PURL found for package: &{IsUnpackaged:false PackageName:json-stringify-safe PackageSPDXIdentifier:NPM-ad337aeec9f91005b9c1 PackageVersion:5.0.1 PackageFileName: PackageSupplier:<nil> PackageOriginator:<nil> PackageDownloadLocation:https://registry.npmjs.org/json-stringify-safe/-/json-stringify-safe-5.0.1.tgz FilesAnalyzed:false IsFilesAnalyzedTagPresent:true PackageVerificationCode:<nil> PackageChecksums:[{Algorithm:SHA512 Value:ZClg6AaYvamvYEE82d3Iyd3vSSIjQ+odgjaTzRuO3s7toCdFKczob2i0zCh7JE8kWn17yvAWhUVxvqGwUalsRA==}] PackageHomePage: PackageSourceInfo: PackageLicenseConcluded:NOASSERTION PackageLicenseInfoFromFiles:[] PackageLicenseDeclared:ISC PackageLicenseComments: PackageCopyrightText: PackageSummary: PackageDescription: PackageComment:development dependency PackageExternalReferences:[] PackageAttributionTexts:[] PrimaryPackagePurpose: ReleaseDate: BuiltDate: ValidUntilDate: Files:[] Annotations:[] hasFiles:[]}
Neither CPE nor PURL found for package: &{IsUnpackaged:false PackageName:json5 PackageSPDXIdentifier:NPM-16281c6ea25e0cec4bc0 PackageVersion:2.2.3 PackageFileName: PackageSupplier:<nil> PackageOriginator:<nil> PackageDownloadLocation:https://registry.npmjs.org/json5/-/json5-2.2.3.tgz FilesAnalyzed:false IsFilesAnalyzedTagPresent:true PackageVerificationCode:<nil> PackageChecksums:[{Algorithm:SHA512 Value:XmOWe7eyHYH14cLdVPoyg+GOH3rYX++KpzrylJwSW98t3Nk+U8XOl8FWKOgwtzdb8lXGf6zYwDUzeHMWfxasyg==}] PackageHomePage: PackageSourceInfo: PackageLicenseConcluded:NOASSERTION PackageLicenseInfoFromFiles:[] PackageLicenseDeclared:MIT PackageLicenseComments: PackageCopyrightText: PackageSummary: PackageDescription: PackageComment:development dependency PackageExternalReferences:[] PackageAttributionTexts:[] PrimaryPackagePurpose: ReleaseDate: BuiltDate: ValidUntilDate: Files:[] Annotations:[] hasFiles:[]}
Neither CPE nor PURL found for package: &{IsUnpackaged:false PackageName:jsonfile PackageSPDXIdentifier:NPM-ee6699687d879e2655eb PackageVersion:4.0.0 PackageFileName: PackageSupplier:<nil> PackageOriginator:<nil> PackageDownloadLocation:https://registry.npmjs.org/jsonfile/-/jsonfile-4.0.0.tgz FilesAnalyzed:false IsFilesAnalyzedTagPresent:true PackageVerificationCode:<nil> PackageChecksums:[{Algorithm:SHA512 Value:m6F1R3z8jjlf2imQHS2Qez5sjKWQzbuuhuJ/FKYFRZvPE3PuHcSMVZzfsLhGVOkfd20obL5SWEBew5ShlquNxg==}] PackageHomePage: PackageSourceInfo: PackageLicenseConcluded:NOASSERTION PackageLicenseInfoFromFiles:[] PackageLicenseDeclared:MIT PackageLicenseComments: PackageCopyrightText: PackageSummary: PackageDescription: PackageComment:development dependency PackageExternalReferences:[] PackageAttributionTexts:[] PrimaryPackagePurpose: ReleaseDate: BuiltDate: ValidUntilDate: Files:[] Annotations:[] hasFiles:[]}
Neither CPE nor PURL found for package: &{IsUnpackaged:false PackageName:keyv PackageSPDXIdentifier:NPM-b44ddb67514f56771598 PackageVersion:4.5.4 PackageFileName: PackageSupplier:<nil> PackageOriginator:<nil> PackageDownloadLocation:https://registry.npmjs.org/keyv/-/keyv-4.5.4.tgz FilesAnalyzed:false IsFilesAnalyzedTagPresent:true PackageVerificationCode:<nil> PackageChecksums:[{Algorithm:SHA512 Value:oxVHkHR/EJf2CNXnWxRLW6mg7JyCCUcG0DtEGmL2ctUo1PNTin1PUil+r/+4r5MpVgC/fn1kjsx7mjSujKqIpw==}] PackageHomePage: PackageSourceInfo: PackageLicenseConcluded:NOASSERTION PackageLicenseInfoFromFiles:[] PackageLicenseDeclared:MIT PackageLicenseComments: PackageCopyrightText: PackageSummary: PackageDescription: PackageComment:development dependency PackageExternalReferences:[] PackageAttributionTexts:[] PrimaryPackagePurpose: ReleaseDate: BuiltDate: ValidUntilDate: Files:[] Annotations:[] hasFiles:[]}
Neither CPE nor PURL found for package: &{IsUnpackaged:false PackageName:kleur PackageSPDXIdentifier:NPM-0839798c3337007c735f PackageVersion:3.0.3 PackageFileName: PackageSupplier:<nil> PackageOriginator:<nil> PackageDownloadLocation:https://registry.npmjs.org/kleur/-/kleur-3.0.3.tgz FilesAnalyzed:false IsFilesAnalyzedTagPresent:true PackageVerificationCode:<nil> PackageChecksums:[{Algorithm:SHA512 Value:eTIzlVOSUR+JxdDFepEYcBMtZ9Qqdef+rnzWdRZuMbOywu5tO2w2N7rqjoANZ5k9vywhL6Br1VRjUIgTQx4E8w==}] PackageHomePage: PackageSourceInfo: PackageLicenseConcluded:NOASSERTION PackageLicenseInfoFromFiles:[] PackageLicenseDeclared:MIT PackageLicenseComments: PackageCopyrightText: PackageSummary: PackageDescription: PackageComment:development dependency PackageExternalReferences:[] PackageAttributionTexts:[] PrimaryPackagePurpose: ReleaseDate: BuiltDate: ValidUntilDate: Files:[] Annotations:[] hasFiles:[]}
Neither CPE nor PURL found for package: &{IsUnpackaged:false PackageName:language-subtag-registry PackageSPDXIdentifier:NPM-c3fd8ca72c916e3e1cf9 PackageVersion:0.3.23 PackageFileName: PackageSupplier:<nil> PackageOriginator:<nil> PackageDownloadLocation:https://registry.npmjs.org/language-subtag-registry/-/language-subtag-registry-0.3.23.tgz FilesAnalyzed:false IsFilesAnalyzedTagPresent:true PackageVerificationCode:<nil> PackageChecksums:[{Algorithm:SHA512 Value:0K65Lea881pHotoGEa5gDlMxt3pctLi2RplBb7Ezh4rRdLEOtgi7n4EwK9lamnUCkKBqaeKRVebTq6BAxSkpXQ==}] PackageHomePage: PackageSourceInfo: PackageLicenseConcluded:NOASSERTION PackageLicenseInfoFromFiles:[] PackageLicenseDeclared:CC0-1.0 PackageLicenseComments: PackageCopyrightText: PackageSummary: PackageDescription: PackageComment:runtime or transitive dependency PackageExternalReferences:[] PackageAttributionTexts:[] PrimaryPackagePurpose: ReleaseDate: BuiltDate: ValidUntilDate: Files:[] Annotations:[] hasFiles:[]}
Neither CPE nor PURL found for package: &{IsUnpackaged:false PackageName:language-tags PackageSPDXIdentifier:NPM-8c42073ece15a227845e PackageVersion:2.1.0 PackageFileName: PackageSupplier:<nil> PackageOriginator:<nil> PackageDownloadLocation:https://registry.npmjs.org/language-tags/-/language-tags-2.1.0.tgz FilesAnalyzed:false IsFilesAnalyzedTagPresent:true PackageVerificationCode:<nil> PackageChecksums:[{Algorithm:SHA512 Value:D4CgpyCt+61f6z2jHjJS1OmZPviAWM57iJ9OKdFFWSNgS7Udj9QVWqyGs/cveVNF57XpZmhSvMdVIV5mjLA7Vg==}] PackageHomePage: PackageSourceInfo: PackageLicenseConcluded:NOASSERTION PackageLicenseInfoFromFiles:[] PackageLicenseDeclared:MIT PackageLicenseComments: PackageCopyrightText: PackageSummary: PackageDescription: PackageComment:runtime or transitive dependency PackageExternalReferences:[] PackageAttributionTexts:[] PrimaryPackagePurpose: ReleaseDate: BuiltDate: ValidUntilDate: Files:[] Annotations:[] hasFiles:[]}
Neither CPE nor PURL found for package: &{IsUnpackaged:false PackageName:lazy-val PackageSPDXIdentifier:NPM-2af6baeefd9ea5f86941 PackageVersion:1.0.5 PackageFileName: PackageSupplier:<nil> PackageOriginator:<nil> PackageDownloadLocation:https://registry.npmjs.org/lazy-val/-/lazy-val-1.0.5.tgz FilesAnalyzed:false IsFilesAnalyzedTagPresent:true PackageVerificationCode:<nil> PackageChecksums:[{Algorithm:SHA512 Value:0/BnGCCfyUMkBpeDgWihanIAF9JmZhHBgUhEqzvf+adhNGLoP6TaiI5oF8oyb3I45P+PcnrqihSf01M0l0G5+Q==}] PackageHomePage: PackageSourceInfo: PackageLicenseConcluded:NOASSERTION PackageLicenseInfoFromFiles:[] PackageLicenseDeclared:MIT PackageLicenseComments: PackageCopyrightText: PackageSummary: PackageDescription: PackageComment:runtime or transitive dependency PackageExternalReferences:[] PackageAttributionTexts:[] PrimaryPackagePurpose: ReleaseDate: BuiltDate: ValidUntilDate: Files:[] Annotations:[] hasFiles:[]}
Neither CPE nor PURL found for package: &{IsUnpackaged:false PackageName:lazystream PackageSPDXIdentifier:NPM-b49199dbebfcabe551ec PackageVersion:1.0.1 PackageFileName: PackageSupplier:<nil> PackageOriginator:<nil> PackageDownloadLocation:https://registry.npmjs.org/lazystream/-/lazystream-1.0.1.tgz FilesAnalyzed:false IsFilesAnalyzedTagPresent:true PackageVerificationCode:<nil> PackageChecksums:[{Algorithm:SHA512 Value:b94GiNHQNy6JNTrt5w6zNyffMrNkXZb3KTkCZJb2V1xaEGCk093vkZ2jk3tpaeP33/OiXC+WvK9AxUebnf5nbw==}] PackageHomePage: PackageSourceInfo: PackageLicenseConcluded:NOASSERTION PackageLicenseInfoFromFiles:[] PackageLicenseDeclared:MIT PackageLicenseComments: PackageCopyrightText: PackageSummary: PackageDescription: PackageComment:development dependency PackageExternalReferences:[] PackageAttributionTexts:[] PrimaryPackagePurpose: ReleaseDate: BuiltDate: ValidUntilDate: Files:[] Annotations:[] hasFiles:[]}
Neither CPE nor PURL found for package: &{IsUnpackaged:false PackageName:lazystream/node_modules/readable-stream PackageSPDXIdentifier:NPM-cc9b30bdd3afa9361b5a PackageVersion:2.3.8 PackageFileName: PackageSupplier:<nil> PackageOriginator:<nil> PackageDownloadLocation:https://registry.npmjs.org/readable-stream/-/readable-stream-2.3.8.tgz FilesAnalyzed:false IsFilesAnalyzedTagPresent:true PackageVerificationCode:<nil> PackageChecksums:[{Algorithm:SHA512 Value:8p0AUk4XODgIewSi0l8Epjs+EVnWiK7NoDIEGU0HhE7+ZyY8D1IMY7odu5lRrFXGg71L15KG8QrPmum45RTtdA==}] PackageHomePage: PackageSourceInfo: PackageLicenseConcluded:NOASSERTION PackageLicenseInfoFromFiles:[] PackageLicenseDeclared:MIT PackageLicenseComments: PackageCopyrightText: PackageSummary: PackageDescription: PackageComment:development dependency PackageExternalReferences:[] PackageAttributionTexts:[] PrimaryPackagePurpose: ReleaseDate: BuiltDate: ValidUntilDate: Files:[] Annotations:[] hasFiles:[]}
Neither CPE nor PURL found for package: &{IsUnpackaged:false PackageName:lazystream/node_modules/safe-buffer PackageSPDXIdentifier:NPM-66e9ccd338b53aefb7f8 PackageVersion:5.1.2 PackageFileName: PackageSupplier:<nil> PackageOriginator:<nil> PackageDownloadLocation:https://registry.npmjs.org/safe-buffer/-/safe-buffer-5.1.2.tgz FilesAnalyzed:false IsFilesAnalyzedTagPresent:true PackageVerificationCode:<nil> PackageChecksums:[{Algorithm:SHA512 Value:Gd2UZBJDkXlY7GbJxfsE8/nvKkUEU1G38c1siN6QP6a9PT9MmHB8GnpscSmMJSoF8LOIrt8ud/wPtojys4G6+g==}] PackageHomePage: PackageSourceInfo: PackageLicenseConcluded:NOASSERTION PackageLicenseInfoFromFiles:[] PackageLicenseDeclared:MIT PackageLicenseComments: PackageCopyrightText: PackageSummary: PackageDescription: PackageComment:development dependency PackageExternalReferences:[] PackageAttributionTexts:[] PrimaryPackagePurpose: ReleaseDate: BuiltDate: ValidUntilDate: Files:[] Annotations:[] hasFiles:[]}
Neither CPE nor PURL found for package: &{IsUnpackaged:false PackageName:lazystream/node_modules/string_decoder PackageSPDXIdentifier:NPM-a0ab699e37f295965d76 PackageVersion:1.1.1 PackageFileName: PackageSupplier:<nil> PackageOriginator:<nil> PackageDownloadLocation:https://registry.npmjs.org/string_decoder/-/string_decoder-1.1.1.tgz FilesAnalyzed:false IsFilesAnalyzedTagPresent:true PackageVerificationCode:<nil> PackageChecksums:[{Algorithm:SHA512 Value:n/ShnvDi6FHbbVfviro+WojiFzv+s8MPMHBczVePfUpDJLwoLT0ht1l4YwBCbi8pJAveEEdnkHyPyTP/mzRfwg==}] PackageHomePage: PackageSourceInfo: PackageLicenseConcluded:NOASSERTION PackageLicenseInfoFromFiles:[] PackageLicenseDeclared:MIT PackageLicenseComments: PackageCopyrightText: PackageSummary: PackageDescription: PackageComment:development dependency PackageExternalReferences:[] PackageAttributionTexts:[] PrimaryPackagePurpose: ReleaseDate: BuiltDate: ValidUntilDate: Files:[] Annotations:[] hasFiles:[]}
Neither CPE nor PURL found for package: &{IsUnpackaged:false PackageName:leven PackageSPDXIdentifier:NPM-b2d1c2ae5fc14d260c8d PackageVersion:3.1.0 PackageFileName: PackageSupplier:<nil> PackageOriginator:<nil> PackageDownloadLocation:https://registry.npmjs.org/leven/-/leven-3.1.0.tgz FilesAnalyzed:false IsFilesAnalyzedTagPresent:true PackageVerificationCode:<nil> PackageChecksums:[{Algorithm:SHA512 Value:qsda+H8jTaUaN/x5vzW2rzc+8Rw4TAQ/4KjB46IwK5VH+IlVeeeje/EoZRpiXvIqjFgK84QffqPztGI3VBLG1A==}] PackageHomePage: PackageSourceInfo: PackageLicenseConcluded:NOASSERTION PackageLicenseInfoFromFiles:[] PackageLicenseDeclared:MIT PackageLicenseComments: PackageCopyrightText: PackageSummary: PackageDescription: PackageComment:development dependency PackageExternalReferences:[] PackageAttributionTexts:[] PrimaryPackagePurpose: ReleaseDate: BuiltDate: ValidUntilDate: Files:[] Annotations:[] hasFiles:[]}
Neither CPE nor PURL found for package: &{IsUnpackaged:false PackageName:lines-and-columns PackageSPDXIdentifier:NPM-361c70640ce162f12761 PackageVersion:1.2.4 PackageFileName: PackageSupplier:<nil> PackageOriginator:<nil> PackageDownloadLocation:https://registry.npmjs.org/lines-and-columns/-/lines-and-columns-1.2.4.tgz FilesAnalyzed:false IsFilesAnalyzedTagPresent:true PackageVerificationCode:<nil> PackageChecksums:[{Algorithm:SHA512 Value:7ylylesZQ/PV29jhEDl3Ufjo6ZX7gCqJr5F7PKrqc93v7fzSymt1BpwEU8nAUXs8qzzvqhbjhK5QZg6Mt/HkBg==}] PackageHomePage: PackageSourceInfo: PackageLicenseConcluded:NOASSERTION PackageLicenseInfoFromFiles:[] PackageLicenseDeclared:MIT PackageLicenseComments: PackageCopyrightText: PackageSummary: PackageDescription: PackageComment:development dependency PackageExternalReferences:[] PackageAttributionTexts:[] PrimaryPackagePurpose: ReleaseDate: BuiltDate: ValidUntilDate: Files:[] Annotations:[] hasFiles:[]}
Neither CPE nor PURL found for package: &{IsUnpackaged:false PackageName:locate-path PackageSPDXIdentifier:NPM-e9f2708c39497f4d96ed PackageVersion:5.0.0 PackageFileName: PackageSupplier:<nil> PackageOriginator:<nil> PackageDownloadLocation:https://registry.npmjs.org/locate-path/-/locate-path-5.0.0.tgz FilesAnalyzed:false IsFilesAnalyzedTagPresent:true PackageVerificationCode:<nil> PackageChecksums:[{Algorithm:SHA512 Value:t7hw9pI+WvuwNJXwk5zVHpyhIqzg2qTlklJOf0mVxGSbe3Fp2VieZcduNYjaLDoy6p9uGpQEGWG87WpMKlNq8g==}] PackageHomePage: PackageSourceInfo: PackageLicenseConcluded:NOASSERTION PackageLicenseInfoFromFiles:[] PackageLicenseDeclared:MIT PackageLicenseComments: PackageCopyrightText: PackageSummary: PackageDescription: PackageComment:development dependency PackageExternalReferences:[] PackageAttributionTexts:[] PrimaryPackagePurpose: ReleaseDate: BuiltDate: ValidUntilDate: Files:[] Annotations:[] hasFiles:[]}
Neither CPE nor PURL found for package: &{IsUnpackaged:false PackageName:lodash PackageSPDXIdentifier:NPM-02c5607a9d3316c6c04f PackageVersion:4.18.1 PackageFileName: PackageSupplier:<nil> PackageOriginator:<nil> PackageDownloadLocation:https://registry.npmjs.org/lodash/-/lodash-4.18.1.tgz FilesAnalyzed:false IsFilesAnalyzedTagPresent:true PackageVerificationCode:<nil> PackageChecksums:[{Algorithm:SHA512 Value:dMInicTPVE8d1e5otfwmmjlxkZoUpiVLwyeTdUsi/Caj/gfzzblBcCE5sRHV/AsjuCmxWrte2TNGSYuCeCq+0Q==}] PackageHomePage: PackageSourceInfo: PackageLicenseConcluded:NOASSERTION PackageLicenseInfoFromFiles:[] PackageLicenseDeclared:MIT PackageLicenseComments: PackageCopyrightText: PackageSummary: PackageDescription: PackageComment:development dependency PackageExternalReferences:[] PackageAttributionTexts:[] PrimaryPackagePurpose: ReleaseDate: BuiltDate: ValidUntilDate: Files:[] Annotations:[] hasFiles:[]}
Neither CPE nor PURL found for package: &{IsUnpackaged:false PackageName:lodash.defaults PackageSPDXIdentifier:NPM-4863ac6cc907bb27640d PackageVersion:4.2.0 PackageFileName: PackageSupplier:<nil> PackageOriginator:<nil> PackageDownloadLocation:https://registry.npmjs.org/lodash.defaults/-/lodash.defaults-4.2.0.tgz FilesAnalyzed:false IsFilesAnalyzedTagPresent:true PackageVerificationCode:<nil> PackageChecksums:[{Algorithm:SHA512 Value:qjxPLHd3r5DnsdGacqOMU6pb/avJzdh9tFX2ymgoZE27BmjXrNy/y4LoaiTeAb+O3gL8AfpJGtqfX/ae2leYYQ==}] PackageHomePage: PackageSourceInfo: PackageLicenseConcluded:NOASSERTION PackageLicenseInfoFromFiles:[] PackageLicenseDeclared:MIT PackageLicenseComments: PackageCopyrightText: PackageSummary: PackageDescription: PackageComment:development dependency PackageExternalReferences:[] PackageAttributionTexts:[] PrimaryPackagePurpose: ReleaseDate: BuiltDate: ValidUntilDate: Files:[] Annotations:[] hasFiles:[]}
Neither CPE nor PURL found for package: &{IsUnpackaged:false PackageName:lodash.difference PackageSPDXIdentifier:NPM-98f496e3d40224953657 PackageVersion:4.5.0 PackageFileName: PackageSupplier:<nil> PackageOriginator:<nil> PackageDownloadLocation:https://registry.npmjs.org/lodash.difference/-/lodash.difference-4.5.0.tgz FilesAnalyzed:false IsFilesAnalyzedTagPresent:true PackageVerificationCode:<nil> PackageChecksums:[{Algorithm:SHA512 Value:dS2j+W26TQ7taQBGN8Lbbq04ssV3emRw4NY58WErlTO29pIqS0HmoT5aJ9+TUQ1N3G+JOZSji4eugsWwGp9yPA==}] PackageHomePage: PackageSourceInfo: PackageLicenseConcluded:NOASSERTION PackageLicenseInfoFromFiles:[] PackageLicenseDeclared:MIT PackageLicenseComments: PackageCopyrightText: PackageSummary: PackageDescription: PackageComment:development dependency PackageExternalReferences:[] PackageAttributionTexts:[] PrimaryPackagePurpose: ReleaseDate: BuiltDate: ValidUntilDate: Files:[] Annotations:[] hasFiles:[]}
Neither CPE nor PURL found for package: &{IsUnpackaged:false PackageName:lodash.escaperegexp PackageSPDXIdentifier:NPM-a08a5f1d4a473824718a PackageVersion:4.1.2 PackageFileName: PackageSupplier:<nil> PackageOriginator:<nil> PackageDownloadLocation:https://registry.npmjs.org/lodash.escaperegexp/-/lodash.escaperegexp-4.1.2.tgz FilesAnalyzed:false IsFilesAnalyzedTagPresent:true PackageVerificationCode:<nil> PackageChecksums:[{Algorithm:SHA512 Value:TM9YBvyC84ZxE3rgfefxUWiQKLilstD6k7PTGt6wfbtXF8ixIJLOL3VYyV/z+ZiPLsVxAsKAFVwWlWeb2Y8Yyw==}] PackageHomePage: PackageSourceInfo: PackageLicenseConcluded:NOASSERTION PackageLicenseInfoFromFiles:[] PackageLicenseDeclared:MIT PackageLicenseComments: PackageCopyrightText: PackageSummary: PackageDescription: PackageComment:runtime or transitive dependency PackageExternalReferences:[] PackageAttributionTexts:[] PrimaryPackagePurpose: ReleaseDate: BuiltDate: ValidUntilDate: Files:[] Annotations:[] hasFiles:[]}
Neither CPE nor PURL found for package: &{IsUnpackaged:false PackageName:lodash.flatten PackageSPDXIdentifier:NPM-286cc0e83ed35cfb176a PackageVersion:4.4.0 PackageFileName: PackageSupplier:<nil> PackageOriginator:<nil> PackageDownloadLocation:https://registry.npmjs.org/lodash.flatten/-/lodash.flatten-4.4.0.tgz FilesAnalyzed:false IsFilesAnalyzedTagPresent:true PackageVerificationCode:<nil> PackageChecksums:[{Algorithm:SHA512 Value:C5N2Z3DgnnKr0LOpv/hKCgKdb7ZZwafIrsesve6lmzvZIRZRGaZ/l6Q8+2W7NaT+ZwO3fFlSCzCzrDCFdJfZ4g==}] PackageHomePage: PackageSourceInfo: PackageLicenseConcluded:NOASSERTION PackageLicenseInfoFromFiles:[] PackageLicenseDeclared:MIT PackageLicenseComments: PackageCopyrightText: PackageSummary: PackageDescription: PackageComment:development dependency PackageExternalReferences:[] PackageAttributionTexts:[] PrimaryPackagePurpose: ReleaseDate: BuiltDate: ValidUntilDate: Files:[] Annotations:[] hasFiles:[]}
Neither CPE nor PURL found for package: &{IsUnpackaged:false PackageName:lodash.isequal PackageSPDXIdentifier:NPM-106d21203734183e15a9 PackageVersion:4.5.0 PackageFileName: PackageSupplier:<nil> PackageOriginator:<nil> PackageDownloadLocation:https://registry.npmjs.org/lodash.isequal/-/lodash.isequal-4.5.0.tgz FilesAnalyzed:false IsFilesAnalyzedTagPresent:true PackageVerificationCode:<nil> PackageChecksums:[{Algorithm:SHA512 Value:pDo3lu8Jhfjqls6GkMgpahsF9kCyayhgykjyLMNFTKWrpVdAQtYyB4muAMWozBB4ig/dtWAmsMxLEI8wuz+DYQ==}] PackageHomePage: PackageSourceInfo: PackageLicenseConcluded:NOASSERTION PackageLicenseInfoFromFiles:[] PackageLicenseDeclared:MIT PackageLicenseComments: PackageCopyrightText: PackageSummary: PackageDescription: PackageComment:runtime or transitive dependency PackageExternalReferences:[] PackageAttributionTexts:[] PrimaryPackagePurpose: ReleaseDate: BuiltDate: ValidUntilDate: Files:[] Annotations:[] hasFiles:[]}
Neither CPE nor PURL found for package: &{IsUnpackaged:false PackageName:lodash.isplainobject PackageSPDXIdentifier:NPM-96316781a230b8a73d32 PackageVersion:4.0.6 PackageFileName: PackageSupplier:<nil> PackageOriginator:<nil> PackageDownloadLocation:https://registry.npmjs.org/lodash.isplainobject/-/lodash.isplainobject-4.0.6.tgz FilesAnalyzed:false IsFilesAnalyzedTagPresent:true PackageVerificationCode:<nil> PackageChecksums:[{Algorithm:SHA512 Value:oSXzaWypCMHkPC3NvBEaPHf0KsA5mvPrOPgQWDsbg8n7orZ290M0BmC/jgRZ4vcJ6DTAhjrsSYgdsW/F+MFOBA==}] PackageHomePage: PackageSourceInfo: PackageLicenseConcluded:NOASSERTION PackageLicenseInfoFromFiles:[] PackageLicenseDeclared:MIT PackageLicenseComments: PackageCopyrightText: PackageSummary: PackageDescription: PackageComment:development dependency PackageExternalReferences:[] PackageAttributionTexts:[] PrimaryPackagePurpose: ReleaseDate: BuiltDate: ValidUntilDate: Files:[] Annotations:[] hasFiles:[]}
Neither CPE nor PURL found for package: &{IsUnpackaged:false PackageName:lodash.union PackageSPDXIdentifier:NPM-e8cf40a2f7a5e87800cd PackageVersion:4.6.0 PackageFileName: PackageSupplier:<nil> PackageOriginator:<nil> PackageDownloadLocation:https://registry.npmjs.org/lodash.union/-/lodash.union-4.6.0.tgz FilesAnalyzed:false IsFilesAnalyzedTagPresent:true PackageVerificationCode:<nil> PackageChecksums:[{Algorithm:SHA512 Value:c4pB2CdGrGdjMKYLA+XiRDO7Y0PRQbm/Gzg8qMj+QH+pFVAoTp5sBpO0odL3FjoPCGjK96p6qsP+yQoiLoOBcw==}] PackageHomePage: PackageSourceInfo: PackageLicenseConcluded:NOASSERTION PackageLicenseInfoFromFiles:[] PackageLicenseDeclared:MIT PackageLicenseComments: PackageCopyrightText: PackageSummary: PackageDescription: PackageComment:development dependency PackageExternalReferences:[] PackageAttributionTexts:[] PrimaryPackagePurpose: ReleaseDate: BuiltDate: ValidUntilDate: Files:[] Annotations:[] hasFiles:[]}
Neither CPE nor PURL found for package: &{IsUnpackaged:false PackageName:lowercase-keys PackageSPDXIdentifier:NPM-1071c53ae28d9a2711a8 PackageVersion:2.0.0 PackageFileName: PackageSupplier:<nil> PackageOriginator:<nil> PackageDownloadLocation:https://registry.npmjs.org/lowercase-keys/-/lowercase-keys-2.0.0.tgz FilesAnalyzed:false IsFilesAnalyzedTagPresent:true PackageVerificationCode:<nil> PackageChecksums:[{Algorithm:SHA512 Value:tqNXrS78oMOE73NMxK4EMLQsQowWf8jKooH9g7xPavRT706R6bkQJ6DY2Te7QukaZsulxa30wQ7bk0pm4XiHmA==}] PackageHomePage: PackageSourceInfo: PackageLicenseConcluded:NOASSERTION PackageLicenseInfoFromFiles:[] PackageLicenseDeclared:MIT PackageLicenseComments: PackageCopyrightText: PackageSummary: PackageDescription: PackageComment:development dependency PackageExternalReferences:[] PackageAttributionTexts:[] PrimaryPackagePurpose: ReleaseDate: BuiltDate: ValidUntilDate: Files:[] Annotations:[] hasFiles:[]}
Neither CPE nor PURL found for package: &{IsUnpackaged:false PackageName:lru-cache PackageSPDXIdentifier:NPM-938513411a6603ce2933 PackageVersion:6.0.0 PackageFileName: PackageSupplier:<nil> PackageOriginator:<nil> PackageDownloadLocation:https://registry.npmjs.org/lru-cache/-/lru-cache-6.0.0.tgz FilesAnalyzed:false IsFilesAnalyzedTagPresent:true PackageVerificationCode:<nil> PackageChecksums:[{Algorithm:SHA512 Value:Jo6dJ04CmSjuznwJSS3pUeWmd/H0ffTlkXXgwZi+eq1UCmqQwCh+eLsYOYCwY991i2Fah4h1BEMCx4qThGbsiA==}] PackageHomePage: PackageSourceInfo: PackageLicenseConcluded:NOASSERTION PackageLicenseInfoFromFiles:[] PackageLicenseDeclared:ISC PackageLicenseComments: PackageCopyrightText: PackageSummary: PackageDescription: PackageComment:runtime or transitive dependency PackageExternalReferences:[] PackageAttributionTexts:[] PrimaryPackagePurpose: ReleaseDate: BuiltDate: ValidUntilDate: Files:[] Annotations:[] hasFiles:[]}
Neither CPE nor PURL found for package: &{IsUnpackaged:false PackageName:make-dir PackageSPDXIdentifier:NPM-95ee411cff217b916ee5 PackageVersion:4.0.0 PackageFileName: PackageSupplier:<nil> PackageOriginator:<nil> PackageDownloadLocation:https://registry.npmjs.org/make-dir/-/make-dir-4.0.0.tgz FilesAnalyzed:false IsFilesAnalyzedTagPresent:true PackageVerificationCode:<nil> PackageChecksums:[{Algorithm:SHA512 Value:hXdUTZYIVOt1Ex//jAQi+wTZZpUpwBj/0QsOzqegb3rGMMeJiSEu5xLHnYfBrRV4RH2+OCSOO95Is/7x1WJ4bw==}] PackageHomePage: PackageSourceInfo: PackageLicenseConcluded:NOASSERTION PackageLicenseInfoFromFiles:[] PackageLicenseDeclared:MIT PackageLicenseComments: PackageCopyrightText: PackageSummary: PackageDescription: PackageComment:development dependency PackageExternalReferences:[] PackageAttributionTexts:[] PrimaryPackagePurpose: ReleaseDate: BuiltDate: ValidUntilDate: Files:[] Annotations:[] hasFiles:[]}
Neither CPE nor PURL found for package: &{IsUnpackaged:false PackageName:make-dir/node_modules/semver PackageSPDXIdentifier:NPM-df1868f9780dfdcd4cd6 PackageVersion:7.8.1 PackageFileName: PackageSupplier:<nil> PackageOriginator:<nil> PackageDownloadLocation:https://registry.npmjs.org/semver/-/semver-7.8.1.tgz FilesAnalyzed:false IsFilesAnalyzedTagPresent:true PackageVerificationCode:<nil> PackageChecksums:[{Algorithm:SHA512 Value:rkVq3IXh+4FDGch+KwzX3aV9W3kO54GyEgpvBzSyctDA6Xtd7RJQV1xmXbeQp5v7+VzLOfVqiutSE6GICgPFvg==}] PackageHomePage: PackageSourceInfo: PackageLicenseConcluded:NOASSERTION PackageLicenseInfoFromFiles:[] PackageLicenseDeclared:ISC PackageLicenseComments: PackageCopyrightText: PackageSummary: PackageDescription: PackageComment:development dependency PackageExternalReferences:[] PackageAttributionTexts:[] PrimaryPackagePurpose: ReleaseDate: BuiltDate: ValidUntilDate: Files:[] Annotations:[] hasFiles:[]}
Neither CPE nor PURL found for package: &{IsUnpackaged:false PackageName:make-fetch-happen PackageSPDXIdentifier:NPM-522d59e824e31d19c1a1 PackageVersion:9.1.0 PackageFileName: PackageSupplier:<nil> PackageOriginator:<nil> PackageDownloadLocation:https://registry.npmjs.org/make-fetch-happen/-/make-fetch-happen-9.1.0.tgz FilesAnalyzed:false IsFilesAnalyzedTagPresent:true PackageVerificationCode:<nil> PackageChecksums:[{Algorithm:SHA512 Value:+zopwDy7DNknmwPQplem5lAZX/eCOzSvSNNcSKm5eVwTkOBzoktEfXsa9L23J/GIRhxRsaxzkPEhrJEpE2F4Gg==}] PackageHomePage: PackageSourceInfo: PackageLicenseConcluded:NOASSERTION PackageLicenseInfoFromFiles:[] PackageLicenseDeclared:ISC PackageLicenseComments: PackageCopyrightText: PackageSummary: PackageDescription: PackageComment:runtime or transitive dependency PackageExternalReferences:[] PackageAttributionTexts:[] PrimaryPackagePurpose: ReleaseDate: BuiltDate: ValidUntilDate: Files:[] Annotations:[] hasFiles:[]}
Neither CPE nor PURL found for package: &{IsUnpackaged:false PackageName:make-fetch-happen/node_modules/@tootallnate/once PackageSPDXIdentifier:NPM-f738b6f2a1c44d3146b7 PackageVersion:1.1.2 PackageFileName: PackageSupplier:<nil> PackageOriginator:<nil> PackageDownloadLocation:https://registry.npmjs.org/@tootallnate/once/-/once-1.1.2.tgz FilesAnalyzed:false IsFilesAnalyzedTagPresent:true PackageVerificationCode:<nil> PackageChecksums:[{Algorithm:SHA512 Value:RbzJvlNzmRq5c3O09UipeuXno4tA1FE6ikOjxZK0tuxVv3412l64l5t1W5pj4+rJq9vpkm/kwiR07aZXnsKPxw==}] PackageHomePage: PackageSourceInfo: PackageLicenseConcluded:NOASSERTION PackageLicenseInfoFromFiles:[] PackageLicenseDeclared:MIT PackageLicenseComments: PackageCopyrightText: PackageSummary: PackageDescription: PackageComment:runtime or transitive dependency PackageExternalReferences:[] PackageAttributionTexts:[] PrimaryPackagePurpose: ReleaseDate: BuiltDate: ValidUntilDate: Files:[] Annotations:[] hasFiles:[]}
Neither CPE nor PURL found for package: &{IsUnpackaged:false PackageName:make-fetch-happen/node_modules/http-proxy-agent PackageSPDXIdentifier:NPM-8e5aac105f4954132725 PackageVersion:4.0.1 PackageFileName: PackageSupplier:<nil> PackageOriginator:<nil> PackageDownloadLocation:https://registry.npmjs.org/http-proxy-agent/-/http-proxy-agent-4.0.1.tgz FilesAnalyzed:false IsFilesAnalyzedTagPresent:true PackageVerificationCode:<nil> PackageChecksums:[{Algorithm:SHA512 Value:k0zdNgqWTGA6aeIRVpvfVob4fL52dTfaehylg0Y4UvSySvOq/Y+BOyPrgpUrA7HylqvU8vIZGsRuXmspskV0Tg==}] PackageHomePage: PackageSourceInfo: PackageLicenseConcluded:NOASSERTION PackageLicenseInfoFromFiles:[] PackageLicenseDeclared:MIT PackageLicenseComments: PackageCopyrightText: PackageSummary: PackageDescription: PackageComment:runtime or transitive dependency PackageExternalReferences:[] PackageAttributionTexts:[] PrimaryPackagePurpose: ReleaseDate: BuiltDate: ValidUntilDate: Files:[] Annotations:[] hasFiles:[]}
Neither CPE nor PURL found for package: &{IsUnpackaged:false PackageName:makeerror PackageSPDXIdentifier:NPM-e8be44f187229f076f7b PackageVersion:1.0.12 PackageFileName: PackageSupplier:<nil> PackageOriginator:<nil> PackageDownloadLocation:https://registry.npmjs.org/makeerror/-/makeerror-1.0.12.tgz FilesAnalyzed:false IsFilesAnalyzedTagPresent:true PackageVerificationCode:<nil> PackageChecksums:[{Algorithm:SHA512 Value:JmqCvUhmt43madlpFzG4BQzG2Z3m6tvQDNKdClZnO3VbIudJYmxsT0FNJMeiB2+JTSlTQTSbU8QdesVmwJcmLg==}] PackageHomePage: PackageSourceInfo: PackageLicenseConcluded:NOASSERTION PackageLicenseInfoFromFiles:[] PackageLicenseDeclared:BSD-3-Clause PackageLicenseComments: PackageCopyrightText: PackageSummary: PackageDescription: PackageComment:development dependency PackageExternalReferences:[] PackageAttributionTexts:[] PrimaryPackagePurpose: ReleaseDate: BuiltDate: ValidUntilDate: Files:[] Annotations:[] hasFiles:[]}
Neither CPE nor PURL found for package: &{IsUnpackaged:false PackageName:matcher PackageSPDXIdentifier:NPM-84f59a93f092d17150c7 PackageVersion:3.0.0 PackageFileName: PackageSupplier:<nil> PackageOriginator:<nil> PackageDownloadLocation:https://registry.npmjs.org/matcher/-/matcher-3.0.0.tgz FilesAnalyzed:false IsFilesAnalyzedTagPresent:true PackageVerificationCode:<nil> PackageChecksums:[{Algorithm:SHA512 Value:OkeDaAZ/bQCxeFAozM55PKcKU0yJMPGifLwV4Qgjitu+5MoAfSQN4lsLJeXZ1b8w0x+/Emda6MZgXS1jvsapng==}] PackageHomePage: PackageSourceInfo: PackageLicenseConcluded:NOASSERTION PackageLicenseInfoFromFiles:[] PackageLicenseDeclared:MIT PackageLicenseComments: PackageCopyrightText: PackageSummary: PackageDescription: PackageComment:development dependency PackageExternalReferences:[] PackageAttributionTexts:[] PrimaryPackagePurpose: ReleaseDate: BuiltDate: ValidUntilDate: Files:[] Annotations:[] hasFiles:[]}
Neither CPE nor PURL found for package: &{IsUnpackaged:false PackageName:math-intrinsics PackageSPDXIdentifier:NPM-f585fed67bcee1ccc26f PackageVersion:1.1.0 PackageFileName: PackageSupplier:<nil> PackageOriginator:<nil> PackageDownloadLocation:https://registry.npmjs.org/math-intrinsics/-/math-intrinsics-1.1.0.tgz FilesAnalyzed:false IsFilesAnalyzedTagPresent:true PackageVerificationCode:<nil> PackageChecksums:[{Algorithm:SHA512 Value:/IXtbwEk5HTPyEwyKX6hGkYXxM9nbj64B+ilVJnC/R6B0pH5G4V3b0pVbL7DBj4tkhBAppbQUlf6F6Xl9LHu1g==}] PackageHomePage: PackageSourceInfo: PackageLicenseConcluded:NOASSERTION PackageLicenseInfoFromFiles:[] PackageLicenseDeclared:MIT PackageLicenseComments: PackageCopyrightText: PackageSummary: PackageDescription: PackageComment:runtime or transitive dependency PackageExternalReferences:[] PackageAttributionTexts:[] PrimaryPackagePurpose: ReleaseDate: BuiltDate: ValidUntilDate: Files:[] Annotations:[] hasFiles:[]}
Neither CPE nor PURL found for package: &{IsUnpackaged:false PackageName:maxmind PackageSPDXIdentifier:NPM-eb978337963eb06efc9d PackageVersion:4.3.29 PackageFileName: PackageSupplier:<nil> PackageOriginator:<nil> PackageDownloadLocation:https://registry.npmjs.org/maxmind/-/maxmind-4.3.29.tgz FilesAnalyzed:false IsFilesAnalyzedTagPresent:true PackageVerificationCode:<nil> PackageChecksums:[{Algorithm:SHA512 Value:Vxx0rh7omBekjZnsDxpw35SrGGM3Uy7NoIKWzZlvh3UcjihGaySR8n+YSQ8YBseCvhEn+yehA98rZkTDW+uhPw==}] PackageHomePage: PackageSourceInfo: PackageLicenseConcluded:NOASSERTION PackageLicenseInfoFromFiles:[] PackageLicenseDeclared:MIT PackageLicenseComments: PackageCopyrightText: PackageSummary: PackageDescription: PackageComment:runtime or transitive dependency PackageExternalReferences:[] PackageAttributionTexts:[] PrimaryPackagePurpose: ReleaseDate: BuiltDate: ValidUntilDate: Files:[] Annotations:[] hasFiles:[]}
Neither CPE nor PURL found for package: &{IsUnpackaged:false PackageName:media-typer PackageSPDXIdentifier:NPM-fa74be298a38f8f93514 PackageVersion:0.3.0 PackageFileName: PackageSupplier:<nil> PackageOriginator:<nil> PackageDownloadLocation:https://registry.npmjs.org/media-typer/-/media-typer-0.3.0.tgz FilesAnalyzed:false IsFilesAnalyzedTagPresent:true PackageVerificationCode:<nil> PackageChecksums:[{Algorithm:SHA512 Value:dq+qelQ9akHpcOl/gUVRTxVIOkAJ1wR3QAvb4RsVjS8oVoFjDGTc679wJYmUmknUF5HwMLOgb5O+a3KxfWapPQ==}] PackageHomePage: PackageSourceInfo: PackageLicenseConcluded:NOASSERTION PackageLicenseInfoFromFiles:[] PackageLicenseDeclared:MIT PackageLicenseComments: PackageCopyrightText: PackageSummary: PackageDescription: PackageComment:runtime or transitive dependency PackageExternalReferences:[] PackageAttributionTexts:[] PrimaryPackagePurpose: ReleaseDate: BuiltDate: ValidUntilDate: Files:[] Annotations:[] hasFiles:[]}
Neither CPE nor PURL found for package: &{IsUnpackaged:false PackageName:merge-descriptors PackageSPDXIdentifier:NPM-0dc27d83f406152460cc PackageVersion:1.0.3 PackageFileName: PackageSupplier:<nil> PackageOriginator:<nil> PackageDownloadLocation:https://registry.npmjs.org/merge-descriptors/-/merge-descriptors-1.0.3.tgz FilesAnalyzed:false IsFilesAnalyzedTagPresent:true PackageVerificationCode:<nil> PackageChecksums:[{Algorithm:SHA512 Value:gaNvAS7TZ897/rVaZ0nMtAyxNyi/pdbjbAwUpFQpN70GqnVfOiXpeUUMKRBmzXaSQ8DdTX4/0ms62r2K+hE6mQ==}] PackageHomePage: PackageSourceInfo: PackageLicenseConcluded:NOASSERTION PackageLicenseInfoFromFiles:[] PackageLicenseDeclared:MIT PackageLicenseComments: PackageCopyrightText: PackageSummary: PackageDescription: PackageComment:runtime or transitive dependency PackageExternalReferences:[] PackageAttributionTexts:[] PrimaryPackagePurpose: ReleaseDate: BuiltDate: ValidUntilDate: Files:[] Annotations:[] hasFiles:[]}
Neither CPE nor PURL found for package: &{IsUnpackaged:false PackageName:merge-stream PackageSPDXIdentifier:NPM-df06bda70cbfe392ea02 PackageVersion:2.0.0 PackageFileName: PackageSupplier:<nil> PackageOriginator:<nil> PackageDownloadLocation:https://registry.npmjs.org/merge-stream/-/merge-stream-2.0.0.tgz FilesAnalyzed:false IsFilesAnalyzedTagPresent:true PackageVerificationCode:<nil> PackageChecksums:[{Algorithm:SHA512 Value:abv/qOcuPfk3URPfDzmZU1LKmuw8kT+0nIHvKrKgFrwifol/doWcdA4ZqsWQ8ENrFKkd67Mfpo/LovbIUsbt3w==}] PackageHomePage: PackageSourceInfo: PackageLicenseConcluded:NOASSERTION PackageLicenseInfoFromFiles:[] PackageLicenseDeclared:MIT PackageLicenseComments: PackageCopyrightText: PackageSummary: PackageDescription: PackageComment:development dependency PackageExternalReferences:[] PackageAttributionTexts:[] PrimaryPackagePurpose: ReleaseDate: BuiltDate: ValidUntilDate: Files:[] Annotations:[] hasFiles:[]}
Neither CPE nor PURL found for package: &{IsUnpackaged:false PackageName:methods PackageSPDXIdentifier:NPM-d2f0af2174fefc260353 PackageVersion:1.1.2 PackageFileName: PackageSupplier:<nil> PackageOriginator:<nil> PackageDownloadLocation:https://registry.npmjs.org/methods/-/methods-1.1.2.tgz FilesAnalyzed:false IsFilesAnalyzedTagPresent:true PackageVerificationCode:<nil> PackageChecksums:[{Algorithm:SHA512 Value:iclAHeNqNm68zFtnZ0e+1L2yUIdvzNoauKU4WBA3VvH/vPFieF7qfRlwUZU+DA9P9bPXIS90ulxoUoCH23sV2w==}] PackageHomePage: PackageSourceInfo: PackageLicenseConcluded:NOASSERTION PackageLicenseInfoFromFiles:[] PackageLicenseDeclared:MIT PackageLicenseComments: PackageCopyrightText: PackageSummary: PackageDescription: PackageComment:runtime or transitive dependency PackageExternalReferences:[] PackageAttributionTexts:[] PrimaryPackagePurpose: ReleaseDate: BuiltDate: ValidUntilDate: Files:[] Annotations:[] hasFiles:[]}
Neither CPE nor PURL found for package: &{IsUnpackaged:false PackageName:micromatch PackageSPDXIdentifier:NPM-b2e59867d4ce279f073e PackageVersion:4.0.8 PackageFileName: PackageSupplier:<nil> PackageOriginator:<nil> PackageDownloadLocation:https://registry.npmjs.org/micromatch/-/micromatch-4.0.8.tgz FilesAnalyzed:false IsFilesAnalyzedTagPresent:true PackageVerificationCode:<nil> PackageChecksums:[{Algorithm:SHA512 Value:PXwfBhYu0hBCPw8Dn0E+WDYb7af3dSLVWKi3HGv84IdF4TyFoC0ysxFd0Goxw7nSv4T/PzEJQxsYsEiFCKo2BA==}] PackageHomePage: PackageSourceInfo: PackageLicenseConcluded:NOASSERTION PackageLicenseInfoFromFiles:[] PackageLicenseDeclared:MIT PackageLicenseComments: PackageCopyrightText: PackageSummary: PackageDescription: PackageComment:development dependency PackageExternalReferences:[] PackageAttributionTexts:[] PrimaryPackagePurpose: ReleaseDate: BuiltDate: ValidUntilDate: Files:[] Annotations:[] hasFiles:[]}
Neither CPE nor PURL found for package: &{IsUnpackaged:false PackageName:mime PackageSPDXIdentifier:NPM-9b48af8a381b3c30ce0e PackageVersion:1.6.0 PackageFileName: PackageSupplier:<nil> PackageOriginator:<nil> PackageDownloadLocation:https://registry.npmjs.org/mime/-/mime-1.6.0.tgz FilesAnalyzed:false IsFilesAnalyzedTagPresent:true PackageVerificationCode:<nil> PackageChecksums:[{Algorithm:SHA512 Value:x0Vn8spI+wuJ1O6S7gnbaQg8Pxh4NNHb7KSINmEWKiPE4RKOplvijn+NkmYmmRgP68mc70j2EbeTFRsrswaQeg==}] PackageHomePage: PackageSourceInfo: PackageLicenseConcluded:NOASSERTION PackageLicenseInfoFromFiles:[] PackageLicenseDeclared:MIT PackageLicenseComments: PackageCopyrightText: PackageSummary: PackageDescription: PackageComment:runtime or transitive dependency PackageExternalReferences:[] PackageAttributionTexts:[] PrimaryPackagePurpose: ReleaseDate: BuiltDate: ValidUntilDate: Files:[] Annotations:[] hasFiles:[]}
Neither CPE nor PURL found for package: &{IsUnpackaged:false PackageName:mime-db PackageSPDXIdentifier:NPM-7cfa78c6359b5b06cbb7 PackageVersion:1.52.0 PackageFileName: PackageSupplier:<nil> PackageOriginator:<nil> PackageDownloadLocation:https://registry.npmjs.org/mime-db/-/mime-db-1.52.0.tgz FilesAnalyzed:false IsFilesAnalyzedTagPresent:true PackageVerificationCode:<nil> PackageChecksums:[{Algorithm:SHA512 Value:sPU4uV7dYlvtWJxwwxHD0PuihVNiE7TyAbQ5SWxDCB9mUYvOgroQOwYQQOKPJ8CIbE+1ETVlOoK1UC2nU3gYvg==}] PackageHomePage: PackageSourceInfo: PackageLicenseConcluded:NOASSERTION PackageLicenseInfoFromFiles:[] PackageLicenseDeclared:MIT PackageLicenseComments: PackageCopyrightText: PackageSummary: PackageDescription: PackageComment:runtime or transitive dependency PackageExternalReferences:[] PackageAttributionTexts:[] PrimaryPackagePurpose: ReleaseDate: BuiltDate: ValidUntilDate: Files:[] Annotations:[] hasFiles:[]}
Neither CPE nor PURL found for package: &{IsUnpackaged:false PackageName:mime-types PackageSPDXIdentifier:NPM-a4d3481c7c7fa681b0c2 PackageVersion:2.1.35 PackageFileName: PackageSupplier:<nil> PackageOriginator:<nil> PackageDownloadLocation:https://registry.npmjs.org/mime-types/-/mime-types-2.1.35.tgz FilesAnalyzed:false IsFilesAnalyzedTagPresent:true PackageVerificationCode:<nil> PackageChecksums:[{Algorithm:SHA512 Value:ZDY+bPm5zTTF+YpCrAU9nK0UgICYPT0QtT1NZWFv4s++TNkcgVaT0g6+4R2uI4MjQjzysHB1zxuWL50hzaeXiw==}] PackageHomePage: PackageSourceInfo: PackageLicenseConcluded:NOASSERTION PackageLicenseInfoFromFiles:[] PackageLicenseDeclared:MIT PackageLicenseComments: PackageCopyrightText: PackageSummary: PackageDescription: PackageComment:runtime or transitive dependency PackageExternalReferences:[] PackageAttributionTexts:[] PrimaryPackagePurpose: ReleaseDate: BuiltDate: ValidUntilDate: Files:[] Annotations:[] hasFiles:[]}
Neither CPE nor PURL found for package: &{IsUnpackaged:false PackageName:mimic-fn PackageSPDXIdentifier:NPM-5cdd2e226cc15411692a PackageVersion:2.1.0 PackageFileName: PackageSupplier:<nil> PackageOriginator:<nil> PackageDownloadLocation:https://registry.npmjs.org/mimic-fn/-/mimic-fn-2.1.0.tgz FilesAnalyzed:false IsFilesAnalyzedTagPresent:true PackageVerificationCode:<nil> PackageChecksums:[{Algorithm:SHA512 Value:OqbOk5oEQeAZ8WXWydlu9HJjz9WVdEIvamMCcXmuqUYjTknH/sqsWvhQ3vgwKFRR1HpjvNBKQ37nbJgYzGqGcg==}] PackageHomePage: PackageSourceInfo: PackageLicenseConcluded:NOASSERTION PackageLicenseInfoFromFiles:[] PackageLicenseDeclared:MIT PackageLicenseComments: PackageCopyrightText: PackageSummary: PackageDescription: PackageComment:development dependency PackageExternalReferences:[] PackageAttributionTexts:[] PrimaryPackagePurpose: ReleaseDate: BuiltDate: ValidUntilDate: Files:[] Annotations:[] hasFiles:[]}
Neither CPE nor PURL found for package: &{IsUnpackaged:false PackageName:mimic-response PackageSPDXIdentifier:NPM-5e9658c8783408f83c2a PackageVersion:1.0.1 PackageFileName: PackageSupplier:<nil> PackageOriginator:<nil> PackageDownloadLocation:https://registry.npmjs.org/mimic-response/-/mimic-response-1.0.1.tgz FilesAnalyzed:false IsFilesAnalyzedTagPresent:true PackageVerificationCode:<nil> PackageChecksums:[{Algorithm:SHA512 Value:j5EctnkH7amfV/q5Hgmoal1g2QHFJRraOtmx0JpIqkxhBhI/lJSl1nMpQ45hVarwNETOoWEimndZ4QK0RHxuxQ==}] PackageHomePage: PackageSourceInfo: PackageLicenseConcluded:NOASSERTION PackageLicenseInfoFromFiles:[] PackageLicenseDeclared:MIT PackageLicenseComments: PackageCopyrightText: PackageSummary: PackageDescription: PackageComment:development dependency PackageExternalReferences:[] PackageAttributionTexts:[] PrimaryPackagePurpose: ReleaseDate: BuiltDate: ValidUntilDate: Files:[] Annotations:[] hasFiles:[]}
Neither CPE nor PURL found for package: &{IsUnpackaged:false PackageName:minimatch PackageSPDXIdentifier:NPM-60f550de635dbd81ceb0 PackageVersion:5.1.9 PackageFileName: PackageSupplier:<nil> PackageOriginator:<nil> PackageDownloadLocation:https://registry.npmjs.org/minimatch/-/minimatch-5.1.9.tgz FilesAnalyzed:false IsFilesAnalyzedTagPresent:true PackageVerificationCode:<nil> PackageChecksums:[{Algorithm:SHA512 Value:7o1wEA2RyMP7Iu7GNba9vc0RWWGACJOCZBJX2GJWip0ikV+wcOsgVuY9uE8CPiyQhkGFSlhuSkZPavN7u1c2Fw==}] PackageHomePage: PackageSourceInfo: PackageLicenseConcluded:NOASSERTION PackageLicenseInfoFromFiles:[] PackageLicenseDeclared:ISC PackageLicenseComments: PackageCopyrightText: PackageSummary: PackageDescription: PackageComment:development dependency PackageExternalReferences:[] PackageAttributionTexts:[] PrimaryPackagePurpose: ReleaseDate: BuiltDate: ValidUntilDate: Files:[] Annotations:[] hasFiles:[]}
Neither CPE nor PURL found for package: &{IsUnpackaged:false PackageName:minimist PackageSPDXIdentifier:NPM-8162d302efd0533ce00f PackageVersion:1.2.8 PackageFileName: PackageSupplier:<nil> PackageOriginator:<nil> PackageDownloadLocation:https://registry.npmjs.org/minimist/-/minimist-1.2.8.tgz FilesAnalyzed:false IsFilesAnalyzedTagPresent:true PackageVerificationCode:<nil> PackageChecksums:[{Algorithm:SHA512 Value:2yyAR8qBkN3YuheJanUpWC5U3bb5osDywNB8RzDVlDwDHbocAJveqqj1u8+SVD7jkWT4yvsHCpWqqWqAxb0zCA==}] PackageHomePage: PackageSourceInfo: PackageLicenseConcluded:NOASSERTION PackageLicenseInfoFromFiles:[] PackageLicenseDeclared:MIT PackageLicenseComments: PackageCopyrightText: PackageSummary: PackageDescription: PackageComment:runtime or transitive dependency PackageExternalReferences:[] PackageAttributionTexts:[] PrimaryPackagePurpose: ReleaseDate: BuiltDate: ValidUntilDate: Files:[] Annotations:[] hasFiles:[]}
Neither CPE nor PURL found for package: &{IsUnpackaged:false PackageName:minipass PackageSPDXIdentifier:NPM-6659995a0bae79f2075c PackageVersion:3.3.6 PackageFileName: PackageSupplier:<nil> PackageOriginator:<nil> PackageDownloadLocation:https://registry.npmjs.org/minipass/-/minipass-3.3.6.tgz FilesAnalyzed:false IsFilesAnalyzedTagPresent:true PackageVerificationCode:<nil> PackageChecksums:[{Algorithm:SHA512 Value:DxiNidxSEK+tHG6zOIklvNOwm3hvCrbUrdtzY74U6HKTJxvIDfOUL5W5P2Ghd3DTkhhKPYGqeNUIh5qcM4YBfw==}] PackageHomePage: PackageSourceInfo: PackageLicenseConcluded:NOASSERTION PackageLicenseInfoFromFiles:[] PackageLicenseDeclared:ISC PackageLicenseComments: PackageCopyrightText: PackageSummary: PackageDescription: PackageComment:runtime or transitive dependency PackageExternalReferences:[] PackageAttributionTexts:[] PrimaryPackagePurpose: ReleaseDate: BuiltDate: ValidUntilDate: Files:[] Annotations:[] hasFiles:[]}
Neither CPE nor PURL found for package: &{IsUnpackaged:false PackageName:minipass-collect PackageSPDXIdentifier:NPM-00968517f1c611ac58d0 PackageVersion:1.0.2 PackageFileName: PackageSupplier:<nil> PackageOriginator:<nil> PackageDownloadLocation:https://registry.npmjs.org/minipass-collect/-/minipass-collect-1.0.2.tgz FilesAnalyzed:false IsFilesAnalyzedTagPresent:true PackageVerificationCode:<nil> PackageChecksums:[{Algorithm:SHA512 Value:6T6lH0H8OG9kITm/Jm6tdooIbogG9e0tLgpY6mphXSm/A9u8Nq1ryBG+Qspiub9LjWlBPsPS3tWQ/Botq4FdxA==}] PackageHomePage: PackageSourceInfo: PackageLicenseConcluded:NOASSERTION PackageLicenseInfoFromFiles:[] PackageLicenseDeclared:ISC PackageLicenseComments: PackageCopyrightText: PackageSummary: PackageDescription: PackageComment:runtime or transitive dependency PackageExternalReferences:[] PackageAttributionTexts:[] PrimaryPackagePurpose: ReleaseDate: BuiltDate: ValidUntilDate: Files:[] Annotations:[] hasFiles:[]}
Neither CPE nor PURL found for package: &{IsUnpackaged:false PackageName:minipass-fetch PackageSPDXIdentifier:NPM-77656f7768c2b638e78e PackageVersion:1.4.1 PackageFileName: PackageSupplier:<nil> PackageOriginator:<nil> PackageDownloadLocation:https://registry.npmjs.org/minipass-fetch/-/minipass-fetch-1.4.1.tgz FilesAnalyzed:false IsFilesAnalyzedTagPresent:true PackageVerificationCode:<nil> PackageChecksums:[{Algorithm:SHA512 Value:CGH1eblLq26Y15+Azk7ey4xh0J/XfJfrCox5LDJiKqI2Q2iwOLOKrlmIaODiSQS8d18jalF6y2K2ePUm0CmShw==}] PackageHomePage: PackageSourceInfo: PackageLicenseConcluded:NOASSERTION PackageLicenseInfoFromFiles:[] PackageLicenseDeclared:MIT PackageLicenseComments: PackageCopyrightText: PackageSummary: PackageDescription: PackageComment:runtime or transitive dependency PackageExternalReferences:[] PackageAttributionTexts:[] PrimaryPackagePurpose: ReleaseDate: BuiltDate: ValidUntilDate: Files:[] Annotations:[] hasFiles:[]}
Neither CPE nor PURL found for package: &{IsUnpackaged:false PackageName:minipass-flush PackageSPDXIdentifier:NPM-98f08011627eb8a657f3 PackageVersion:1.0.7 PackageFileName: PackageSupplier:<nil> PackageOriginator:<nil> PackageDownloadLocation:https://registry.npmjs.org/minipass-flush/-/minipass-flush-1.0.7.tgz FilesAnalyzed:false IsFilesAnalyzedTagPresent:true PackageVerificationCode:<nil> PackageChecksums:[{Algorithm:SHA512 Value:TbqTz9cUwWyHS2Dy89P3ocAGUGxKjjLuR9z8w4WUTGAVgEj17/4nhgo2Du56i0Fm3Pm30g4iA8Lcqctc76jCzA==}] PackageHomePage: PackageSourceInfo: PackageLicenseConcluded:NOASSERTION PackageLicenseInfoFromFiles:[] PackageLicenseDeclared:BlueOak-1.0.0 PackageLicenseComments: PackageCopyrightText: PackageSummary: PackageDescription: PackageComment:runtime or transitive dependency PackageExternalReferences:[] PackageAttributionTexts:[] PrimaryPackagePurpose: ReleaseDate: BuiltDate: ValidUntilDate: Files:[] Annotations:[] hasFiles:[]}
Neither CPE nor PURL found for package: &{IsUnpackaged:false PackageName:minipass-pipeline PackageSPDXIdentifier:NPM-844335dc7f994ce9f23d PackageVersion:1.2.4 PackageFileName: PackageSupplier:<nil> PackageOriginator:<nil> PackageDownloadLocation:https://registry.npmjs.org/minipass-pipeline/-/minipass-pipeline-1.2.4.tgz FilesAnalyzed:false IsFilesAnalyzedTagPresent:true PackageVerificationCode:<nil> PackageChecksums:[{Algorithm:SHA512 Value:xuIq7cIOt09RPRJ19gdi4b+RiNvDFYe5JH+ggNvBqGqpQXcru3PcRmOZuHBKWK1Txf9+cQ+HMVN4d6z46LZP7A==}] PackageHomePage: PackageSourceInfo: PackageLicenseConcluded:NOASSERTION PackageLicenseInfoFromFiles:[] PackageLicenseDeclared:ISC PackageLicenseComments: PackageCopyrightText: PackageSummary: PackageDescription: PackageComment:runtime or transitive dependency PackageExternalReferences:[] PackageAttributionTexts:[] PrimaryPackagePurpose: ReleaseDate: BuiltDate: ValidUntilDate: Files:[] Annotations:[] hasFiles:[]}
Neither CPE nor PURL found for package: &{IsUnpackaged:false PackageName:minipass-sized PackageSPDXIdentifier:NPM-10c277abf873bc96dd55 PackageVersion:1.0.3 PackageFileName: PackageSupplier:<nil> PackageOriginator:<nil> PackageDownloadLocation:https://registry.npmjs.org/minipass-sized/-/minipass-sized-1.0.3.tgz FilesAnalyzed:false IsFilesAnalyzedTagPresent:true PackageVerificationCode:<nil> PackageChecksums:[{Algorithm:SHA512 Value:MbkQQ2CTiBMlA2Dm/5cY+9SWFEN8pzzOXi6rlM5Xxq0Yqbda5ZQy9sU75a673FE9ZK0Zsbr6Y5iP6u9nktfg2g==}] PackageHomePage: PackageSourceInfo: PackageLicenseConcluded:NOASSERTION PackageLicenseInfoFromFiles:[] PackageLicenseDeclared:ISC PackageLicenseComments: PackageCopyrightText: PackageSummary: PackageDescription: PackageComment:runtime or transitive dependency PackageExternalReferences:[] PackageAttributionTexts:[] PrimaryPackagePurpose: ReleaseDate: BuiltDate: ValidUntilDate: Files:[] Annotations:[] hasFiles:[]}
Neither CPE nor PURL found for package: &{IsUnpackaged:false PackageName:minizlib PackageSPDXIdentifier:NPM-cce17959eefb79a78461 PackageVersion:2.1.2 PackageFileName: PackageSupplier:<nil> PackageOriginator:<nil> PackageDownloadLocation:https://registry.npmjs.org/minizlib/-/minizlib-2.1.2.tgz FilesAnalyzed:false IsFilesAnalyzedTagPresent:true PackageVerificationCode:<nil> PackageChecksums:[{Algorithm:SHA512 Value:bAxsR8BVfj60DWXHE3u30oHzfl4G7khkSuPW+qvpd7jFRHm7dLxOjUk1EHACJ/hxLY8phGJ0YhYHZo7jil7Qdg==}] PackageHomePage: PackageSourceInfo: PackageLicenseConcluded:NOASSERTION PackageLicenseInfoFromFiles:[] PackageLicenseDeclared:MIT PackageLicenseComments: PackageCopyrightText: PackageSummary: PackageDescription: PackageComment:runtime or transitive dependency PackageExternalReferences:[] PackageAttributionTexts:[] PrimaryPackagePurpose: ReleaseDate: BuiltDate: ValidUntilDate: Files:[] Annotations:[] hasFiles:[]}
Neither CPE nor PURL found for package: &{IsUnpackaged:false PackageName:mkdirp PackageSPDXIdentifier:NPM-f34eebd27506e3aa07ba PackageVersion:1.0.4 PackageFileName: PackageSupplier:<nil> PackageOriginator:<nil> PackageDownloadLocation:https://registry.npmjs.org/mkdirp/-/mkdirp-1.0.4.tgz FilesAnalyzed:false IsFilesAnalyzedTagPresent:true PackageVerificationCode:<nil> PackageChecksums:[{Algorithm:SHA512 Value:vVqVZQyf3WLx2Shd0qJ9xuvqgAyKPLAiqITEtqW0oIUjzo3PePDd6fW9iFz30ef7Ysp/oiWqbhszeGWW2T6Gzw==}] PackageHomePage: PackageSourceInfo: PackageLicenseConcluded:NOASSERTION PackageLicenseInfoFromFiles:[] PackageLicenseDeclared:MIT PackageLicenseComments: PackageCopyrightText: PackageSummary: PackageDescription: PackageComment:runtime or transitive dependency PackageExternalReferences:[] PackageAttributionTexts:[] PrimaryPackagePurpose: ReleaseDate: BuiltDate: ValidUntilDate: Files:[] Annotations:[] hasFiles:[]}
Neither CPE nor PURL found for package: &{IsUnpackaged:false PackageName:mkdirp-classic PackageSPDXIdentifier:NPM-e79cc875152b50c2eb57 PackageVersion:0.5.3 PackageFileName: PackageSupplier:<nil> PackageOriginator:<nil> PackageDownloadLocation:https://registry.npmjs.org/mkdirp-classic/-/mkdirp-classic-0.5.3.tgz FilesAnalyzed:false IsFilesAnalyzedTagPresent:true PackageVerificationCode:<nil> PackageChecksums:[{Algorithm:SHA512 Value:gKLcREMhtuZRwRAfqP3RFW+TK4JqApVBtOIftVgjuABpAtpxhPGaDcfvbhNvD0B8iD1oUr/txX35NjcaY6Ns/A==}] PackageHomePage: PackageSourceInfo: PackageLicenseConcluded:NOASSERTION PackageLicenseInfoFromFiles:[] PackageLicenseDeclared:MIT PackageLicenseComments: PackageCopyrightText: PackageSummary: PackageDescription: PackageComment:runtime or transitive dependency PackageExternalReferences:[] PackageAttributionTexts:[] PrimaryPackagePurpose: ReleaseDate: BuiltDate: ValidUntilDate: Files:[] Annotations:[] hasFiles:[]}
Neither CPE nor PURL found for package: &{IsUnpackaged:false PackageName:mmdb-lib PackageSPDXIdentifier:NPM-3f2a3a37fe73ff6e0f78 PackageVersion:2.2.1 PackageFileName: PackageSupplier:<nil> PackageOriginator:<nil> PackageDownloadLocation:https://registry.npmjs.org/mmdb-lib/-/mmdb-lib-2.2.1.tgz FilesAnalyzed:false IsFilesAnalyzedTagPresent:true PackageVerificationCode:<nil> PackageChecksums:[{Algorithm:SHA512 Value:DXO4L9W+08T+A7h5+xdT32l7IMot8z7WOH+7C1Maol571PnktQ8un7Ni4CyPFp4H+vht/FDA5/tpjRvWMFQDMw==}] PackageHomePage: PackageSourceInfo: PackageLicenseConcluded:NOASSERTION PackageLicenseInfoFromFiles:[] PackageLicenseDeclared:MIT PackageLicenseComments: PackageCopyrightText: PackageSummary: PackageDescription: PackageComment:runtime or transitive dependency PackageExternalReferences:[] PackageAttributionTexts:[] PrimaryPackagePurpose: ReleaseDate: BuiltDate: ValidUntilDate: Files:[] Annotations:[] hasFiles:[]}
Neither CPE nor PURL found for package: &{IsUnpackaged:false PackageName:ms PackageSPDXIdentifier:NPM-2083576c5af805492764 PackageVersion:2.1.3 PackageFileName: PackageSupplier:<nil> PackageOriginator:<nil> PackageDownloadLocation:https://registry.npmjs.org/ms/-/ms-2.1.3.tgz FilesAnalyzed:false IsFilesAnalyzedTagPresent:true PackageVerificationCode:<nil> PackageChecksums:[{Algorithm:SHA512 Value:6FlzubTLZG3J2a/NVCAleEhjzq5oxgHyaCU9yYXvcLsvoVaHJq/s5xXI6/XXP6tz7R9xAOtHnSO/tXtF3WRTlA==}] PackageHomePage: PackageSourceInfo: PackageLicenseConcluded:NOASSERTION PackageLicenseInfoFromFiles:[] PackageLicenseDeclared:MIT PackageLicenseComments: PackageCopyrightText: PackageSummary: PackageDescription: PackageComment:runtime or transitive dependency PackageExternalReferences:[] PackageAttributionTexts:[] PrimaryPackagePurpose: ReleaseDate: BuiltDate: ValidUntilDate: Files:[] Annotations:[] hasFiles:[]}
Neither CPE nor PURL found for package: &{IsUnpackaged:false PackageName:napi-build-utils PackageSPDXIdentifier:NPM-4446cbf58ee41dfc4c30 PackageVersion:2.0.0 PackageFileName: PackageSupplier:<nil> PackageOriginator:<nil> PackageDownloadLocation:https://registry.npmjs.org/napi-build-utils/-/napi-build-utils-2.0.0.tgz FilesAnalyzed:false IsFilesAnalyzedTagPresent:true PackageVerificationCode:<nil> PackageChecksums:[{Algorithm:SHA512 Value:GEbrYkbfF7MoNaoh2iGG84Mnf/WZfB0GdGEsM8wz7Expx/LlWf5U8t9nvJKXSp3qr5IsEbK04cBGhol/KwOsWA==}] PackageHomePage: PackageSourceInfo: PackageLicenseConcluded:NOASSERTION PackageLicenseInfoFromFiles:[] PackageLicenseDeclared:MIT PackageLicenseComments: PackageCopyrightText: PackageSummary: PackageDescription: PackageComment:runtime or transitive dependency PackageExternalReferences:[] PackageAttributionTexts:[] PrimaryPackagePurpose: ReleaseDate: BuiltDate: ValidUntilDate: Files:[] Annotations:[] hasFiles:[]}
Neither CPE nor PURL found for package: &{IsUnpackaged:false PackageName:natural-compare PackageSPDXIdentifier:NPM-de1347ea1b99e6688958 PackageVersion:1.4.0 PackageFileName: PackageSupplier:<nil> PackageOriginator:<nil> PackageDownloadLocation:https://registry.npmjs.org/natural-compare/-/natural-compare-1.4.0.tgz FilesAnalyzed:false IsFilesAnalyzedTagPresent:true PackageVerificationCode:<nil> PackageChecksums:[{Algorithm:SHA512 Value:OWND8ei3VtNC9h7V60qff3SVobHr996CTwgxubgyQYEpg290h9J0buyECNNJexkFm5sOajh5G116RYA1c8ZMSw==}] PackageHomePage: PackageSourceInfo: PackageLicenseConcluded:NOASSERTION PackageLicenseInfoFromFiles:[] PackageLicenseDeclared:MIT PackageLicenseComments: PackageCopyrightText: PackageSummary: PackageDescription: PackageComment:development dependency PackageExternalReferences:[] PackageAttributionTexts:[] PrimaryPackagePurpose: ReleaseDate: BuiltDate: ValidUntilDate: Files:[] Annotations:[] hasFiles:[]}
Neither CPE nor PURL found for package: &{IsUnpackaged:false PackageName:negotiator PackageSPDXIdentifier:NPM-e3856213d8f0a7d28cd4 PackageVersion:0.6.3 PackageFileName: PackageSupplier:<nil> PackageOriginator:<nil> PackageDownloadLocation:https://registry.npmjs.org/negotiator/-/negotiator-0.6.3.tgz FilesAnalyzed:false IsFilesAnalyzedTagPresent:true PackageVerificationCode:<nil> PackageChecksums:[{Algorithm:SHA512 Value:+EUsqGPLsM+j/zdChZjsnX51g4XrHFOIXwfnCVPGlQk/k5giakcKsuxCObBRu6DSm9opw/O6slWbJdghQM4bBg==}] PackageHomePage: PackageSourceInfo: PackageLicenseConcluded:NOASSERTION PackageLicenseInfoFromFiles:[] PackageLicenseDeclared:MIT PackageLicenseComments: PackageCopyrightText: PackageSummary: PackageDescription: PackageComment:runtime or transitive dependency PackageExternalReferences:[] PackageAttributionTexts:[] PrimaryPackagePurpose: ReleaseDate: BuiltDate: ValidUntilDate: Files:[] Annotations:[] hasFiles:[]}
Neither CPE nor PURL found for package: &{IsUnpackaged:false PackageName:node-abi PackageSPDXIdentifier:NPM-e5a786fed2c4db9da2e3 PackageVersion:3.92.0 PackageFileName: PackageSupplier:<nil> PackageOriginator:<nil> PackageDownloadLocation:https://registry.npmjs.org/node-abi/-/node-abi-3.92.0.tgz FilesAnalyzed:false IsFilesAnalyzedTagPresent:true PackageVerificationCode:<nil> PackageChecksums:[{Algorithm:SHA512 Value:KdHvFWZjEKDf0cakgFjebl371GPsISX2oZHcuyKqM7DtogIsHrqKeLTo8wBHxaXRAQlY2PsPlZmfo+9ZCxEREQ==}] PackageHomePage: PackageSourceInfo: PackageLicenseConcluded:NOASSERTION PackageLicenseInfoFromFiles:[] PackageLicenseDeclared:MIT PackageLicenseComments: PackageCopyrightText: PackageSummary: PackageDescription: PackageComment:runtime or transitive dependency PackageExternalReferences:[] PackageAttributionTexts:[] PrimaryPackagePurpose: ReleaseDate: BuiltDate: ValidUntilDate: Files:[] Annotations:[] hasFiles:[]}
Neither CPE nor PURL found for package: &{IsUnpackaged:false PackageName:node-abi/node_modules/semver PackageSPDXIdentifier:NPM-8c63fa15f5b4ec078c83 PackageVersion:7.8.2 PackageFileName: PackageSupplier:<nil> PackageOriginator:<nil> PackageDownloadLocation:https://registry.npmjs.org/semver/-/semver-7.8.2.tgz FilesAnalyzed:false IsFilesAnalyzedTagPresent:true PackageVerificationCode:<nil> PackageChecksums:[{Algorithm:SHA512 Value:c8jsqUZm3omBOI66G90z1Dyw5z622G8oLG+omfsHBJf3CWQTlOcwOjvOG6wtiNfW6anKm/eA39LMwMtMez2TiQ==}] PackageHomePage: PackageSourceInfo: PackageLicenseConcluded:NOASSERTION PackageLicenseInfoFromFiles:[] PackageLicenseDeclared:ISC PackageLicenseComments: PackageCopyrightText: PackageSummary: PackageDescription: PackageComment:runtime or transitive dependency PackageExternalReferences:[] PackageAttributionTexts:[] PrimaryPackagePurpose: ReleaseDate: BuiltDate: ValidUntilDate: Files:[] Annotations:[] hasFiles:[]}
Neither CPE nor PURL found for package: &{IsUnpackaged:false PackageName:node-addon-api PackageSPDXIdentifier:NPM-0afe74c2fde7e3039f1e PackageVersion:1.7.2 PackageFileName: PackageSupplier:<nil> PackageOriginator:<nil> PackageDownloadLocation:https://registry.npmjs.org/node-addon-api/-/node-addon-api-1.7.2.tgz FilesAnalyzed:false IsFilesAnalyzedTagPresent:true PackageVerificationCode:<nil> PackageChecksums:[{Algorithm:SHA512 Value:ibPK3iA+vaY1eEjESkQkM0BbCqFOaZMiXRTtdB0u7b4djtY6JnsjvPdUHVMg6xQt3B8fpTTWHI9A+ADjM9frzg==}] PackageHomePage: PackageSourceInfo: PackageLicenseConcluded:NOASSERTION PackageLicenseInfoFromFiles:[] PackageLicenseDeclared:MIT PackageLicenseComments: PackageCopyrightText: PackageSummary: PackageDescription: PackageComment:development dependency PackageExternalReferences:[] PackageAttributionTexts:[] PrimaryPackagePurpose: ReleaseDate: BuiltDate: ValidUntilDate: Files:[] Annotations:[] hasFiles:[]}
Neither CPE nor PURL found for package: &{IsUnpackaged:false PackageName:node-gyp PackageSPDXIdentifier:NPM-f63e3df1118ad920c261 PackageVersion:8.4.1 PackageFileName: PackageSupplier:<nil> PackageOriginator:<nil> PackageDownloadLocation:https://registry.npmjs.org/node-gyp/-/node-gyp-8.4.1.tgz FilesAnalyzed:false IsFilesAnalyzedTagPresent:true PackageVerificationCode:<nil> PackageChecksums:[{Algorithm:SHA512 Value:olTJRgUtAb/hOXG0E93wZDs5YiJlgbXxTwQAFHyNlRsXQnYzUaF2aGgujZbw+hR8aF4ZG/rST57bWMWD16jr9w==}] PackageHomePage: PackageSourceInfo: PackageLicenseConcluded:NOASSERTION PackageLicenseInfoFromFiles:[] PackageLicenseDeclared:MIT PackageLicenseComments: PackageCopyrightText: PackageSummary: PackageDescription: PackageComment:runtime or transitive dependency PackageExternalReferences:[] PackageAttributionTexts:[] PrimaryPackagePurpose: ReleaseDate: BuiltDate: ValidUntilDate: Files:[] Annotations:[] hasFiles:[]}
Neither CPE nor PURL found for package: &{IsUnpackaged:false PackageName:node-gyp/node_modules/semver PackageSPDXIdentifier:NPM-572aba372346f7f43df3 PackageVersion:7.8.2 PackageFileName: PackageSupplier:<nil> PackageOriginator:<nil> PackageDownloadLocation:https://registry.npmjs.org/semver/-/semver-7.8.2.tgz FilesAnalyzed:false IsFilesAnalyzedTagPresent:true PackageVerificationCode:<nil> PackageChecksums:[{Algorithm:SHA512 Value:c8jsqUZm3omBOI66G90z1Dyw5z622G8oLG+omfsHBJf3CWQTlOcwOjvOG6wtiNfW6anKm/eA39LMwMtMez2TiQ==}] PackageHomePage: PackageSourceInfo: PackageLicenseConcluded:NOASSERTION PackageLicenseInfoFromFiles:[] PackageLicenseDeclared:ISC PackageLicenseComments: PackageCopyrightText: PackageSummary: PackageDescription: PackageComment:runtime or transitive dependency PackageExternalReferences:[] PackageAttributionTexts:[] PrimaryPackagePurpose: ReleaseDate: BuiltDate: ValidUntilDate: Files:[] Annotations:[] hasFiles:[]}
Neither CPE nor PURL found for package: &{IsUnpackaged:false PackageName:node-int64 PackageSPDXIdentifier:NPM-4508c73f8a89cb1e99ee PackageVersion:0.4.0 PackageFileName: PackageSupplier:<nil> PackageOriginator:<nil> PackageDownloadLocation:https://registry.npmjs.org/node-int64/-/node-int64-0.4.0.tgz FilesAnalyzed:false IsFilesAnalyzedTagPresent:true PackageVerificationCode:<nil> PackageChecksums:[{Algorithm:SHA512 Value:O5lz91xSOeoXP6DulyHfllpq+Eg00MWitZIbtPfoSEvqIHdl5gfcY6hYzDWnj0qD5tz52PI08u9qUvSVeUBeHw==}] PackageHomePage: PackageSourceInfo: PackageLicenseConcluded:NOASSERTION PackageLicenseInfoFromFiles:[] PackageLicenseDeclared:MIT PackageLicenseComments: PackageCopyrightText: PackageSummary: PackageDescription: PackageComment:development dependency PackageExternalReferences:[] PackageAttributionTexts:[] PrimaryPackagePurpose: ReleaseDate: BuiltDate: ValidUntilDate: Files:[] Annotations:[] hasFiles:[]}
Neither CPE nor PURL found for package: &{IsUnpackaged:false PackageName:node-releases PackageSPDXIdentifier:NPM-2f902c512a0ade87dd45 PackageVersion:2.0.46 PackageFileName: PackageSupplier:<nil> PackageOriginator:<nil> PackageDownloadLocation:https://registry.npmjs.org/node-releases/-/node-releases-2.0.46.tgz FilesAnalyzed:false IsFilesAnalyzedTagPresent:true PackageVerificationCode:<nil> PackageChecksums:[{Algorithm:SHA512 Value:GYVXHE2KnrzAfsAjl4uP++evGFCrAU1jta4ubEjIG7YWt/64Gqv66a30yKwWczVjA6j3bM4nBwH7Pk1JmDHaxQ==}] PackageHomePage: PackageSourceInfo: PackageLicenseConcluded:NOASSERTION PackageLicenseInfoFromFiles:[] PackageLicenseDeclared:MIT PackageLicenseComments: PackageCopyrightText: PackageSummary: PackageDescription: PackageComment:runtime or transitive dependency PackageExternalReferences:[] PackageAttributionTexts:[] PrimaryPackagePurpose: ReleaseDate: BuiltDate: ValidUntilDate: Files:[] Annotations:[] hasFiles:[]}
Neither CPE nor PURL found for package: &{IsUnpackaged:false PackageName:nopt PackageSPDXIdentifier:NPM-fbf206ce137e18ded381 PackageVersion:5.0.0 PackageFileName: PackageSupplier:<nil> PackageOriginator:<nil> PackageDownloadLocation:https://registry.npmjs.org/nopt/-/nopt-5.0.0.tgz FilesAnalyzed:false IsFilesAnalyzedTagPresent:true PackageVerificationCode:<nil> PackageChecksums:[{Algorithm:SHA512 Value:Tbj67rffqceeLpcRXrT7vKAN8CwfPeIBgM7E6iBkmKLV7bEMwpGgYLGv0jACUsECaa/vuxP0IjEont6umdMgtQ==}] PackageHomePage: PackageSourceInfo: PackageLicenseConcluded:NOASSERTION PackageLicenseInfoFromFiles:[] PackageLicenseDeclared:ISC PackageLicenseComments: PackageCopyrightText: PackageSummary: PackageDescription: PackageComment:runtime or transitive dependency PackageExternalReferences:[] PackageAttributionTexts:[] PrimaryPackagePurpose: ReleaseDate: BuiltDate: ValidUntilDate: Files:[] Annotations:[] hasFiles:[]}
Neither CPE nor PURL found for package: &{IsUnpackaged:false PackageName:normalize-path PackageSPDXIdentifier:NPM-171055f24996c926b429 PackageVersion:3.0.0 PackageFileName: PackageSupplier:<nil> PackageOriginator:<nil> PackageDownloadLocation:https://registry.npmjs.org/normalize-path/-/normalize-path-3.0.0.tgz FilesAnalyzed:false IsFilesAnalyzedTagPresent:true PackageVerificationCode:<nil> PackageChecksums:[{Algorithm:SHA512 Value:6eZs5Ls3WtCisHWp9S2GUy8dqkpGi4BVSz3GaqiE6ezub0512ESztXUwUB6C6IKbQkY2Pnb/mD4WYojCRwcwLA==}] PackageHomePage: PackageSourceInfo: PackageLicenseConcluded:NOASSERTION PackageLicenseInfoFromFiles:[] PackageLicenseDeclared:MIT PackageLicenseComments: PackageCopyrightText: PackageSummary: PackageDescription: PackageComment:development dependency PackageExternalReferences:[] PackageAttributionTexts:[] PrimaryPackagePurpose: ReleaseDate: BuiltDate: ValidUntilDate: Files:[] Annotations:[] hasFiles:[]}
Neither CPE nor PURL found for package: &{IsUnpackaged:false PackageName:normalize-url PackageSPDXIdentifier:NPM-019552e3b08987487724 PackageVersion:6.1.0 PackageFileName: PackageSupplier:<nil> PackageOriginator:<nil> PackageDownloadLocation:https://registry.npmjs.org/normalize-url/-/normalize-url-6.1.0.tgz FilesAnalyzed:false IsFilesAnalyzedTagPresent:true PackageVerificationCode:<nil> PackageChecksums:[{Algorithm:SHA512 Value:DlL+XwOy3NxAQ8xuC0okPgK46iuVNAK01YN7RueYBqqFeGsBjV9XmCAzAdgt+667bCl5kPh9EqKKDwnaPG1I7A==}] PackageHomePage: PackageSourceInfo: PackageLicenseConcluded:NOASSERTION PackageLicenseInfoFromFiles:[] PackageLicenseDeclared:MIT PackageLicenseComments: PackageCopyrightText: PackageSummary: PackageDescription: PackageComment:development dependency PackageExternalReferences:[] PackageAttributionTexts:[] PrimaryPackagePurpose: ReleaseDate: BuiltDate: ValidUntilDate: Files:[] Annotations:[] hasFiles:[]}
Neither CPE nor PURL found for package: &{IsUnpackaged:false PackageName:npm-run-path PackageSPDXIdentifier:NPM-b21248abecb88119fcf2 PackageVersion:4.0.1 PackageFileName: PackageSupplier:<nil> PackageOriginator:<nil> PackageDownloadLocation:https://registry.npmjs.org/npm-run-path/-/npm-run-path-4.0.1.tgz FilesAnalyzed:false IsFilesAnalyzedTagPresent:true PackageVerificationCode:<nil> PackageChecksums:[{Algorithm:SHA512 Value:S48WzZW777zhNIrn7gxOlISNAqi9ZC/uQFnRdbeIHhZhCA6UqpkOT8T1G7BvfdgP4Er8gF4sUbaS0i7QvIfCWw==}] PackageHomePage: PackageSourceInfo: PackageLicenseConcluded:NOASSERTION PackageLicenseInfoFromFiles:[] PackageLicenseDeclared:MIT PackageLicenseComments: PackageCopyrightText: PackageSummary: PackageDescription: PackageComment:development dependency PackageExternalReferences:[] PackageAttributionTexts:[] PrimaryPackagePurpose: ReleaseDate: BuiltDate: ValidUntilDate: Files:[] Annotations:[] hasFiles:[]}
Neither CPE nor PURL found for package: &{IsUnpackaged:false PackageName:npmlog PackageSPDXIdentifier:NPM-b38de45ffbd6e31d1e76 PackageVersion:6.0.2 PackageFileName: PackageSupplier:<nil> PackageOriginator:<nil> PackageDownloadLocation:https://registry.npmjs.org/npmlog/-/npmlog-6.0.2.tgz FilesAnalyzed:false IsFilesAnalyzedTagPresent:true PackageVerificationCode:<nil> PackageChecksums:[{Algorithm:SHA512 Value:/vBvz5Jfr9dT/aFWd0FIRf+T/Q2WBsLENygUaFUqstqsycmZAP/t5BvFJTK0viFmSUxiUKTUplWy5vt+rvKIxg==}] PackageHomePage: PackageSourceInfo: PackageLicenseConcluded:NOASSERTION PackageLicenseInfoFromFiles:[] PackageLicenseDeclared:ISC PackageLicenseComments: PackageCopyrightText: PackageSummary: PackageDescription: PackageComment:runtime or transitive dependency PackageExternalReferences:[] PackageAttributionTexts:[] PrimaryPackagePurpose: ReleaseDate: BuiltDate: ValidUntilDate: Files:[] Annotations:[] hasFiles:[]}
Neither CPE nor PURL found for package: &{IsUnpackaged:false PackageName:object-inspect PackageSPDXIdentifier:NPM-ecbef7226b7af9b6efde PackageVersion:1.13.4 PackageFileName: PackageSupplier:<nil> PackageOriginator:<nil> PackageDownloadLocation:https://registry.npmjs.org/object-inspect/-/object-inspect-1.13.4.tgz FilesAnalyzed:false IsFilesAnalyzedTagPresent:true PackageVerificationCode:<nil> PackageChecksums:[{Algorithm:SHA512 Value:W67iLl4J2EXEGTbfeHCffrjDfitvLANg0UlX3wFUUSTx92KXRFegMHUVgSqE+wvhAbi4WqjGg9czysTV2Epbew==}] PackageHomePage: PackageSourceInfo: PackageLicenseConcluded:NOASSERTION PackageLicenseInfoFromFiles:[] PackageLicenseDeclared:MIT PackageLicenseComments: PackageCopyrightText: PackageSummary: PackageDescription: PackageComment:runtime or transitive dependency PackageExternalReferences:[] PackageAttributionTexts:[] PrimaryPackagePurpose: ReleaseDate: BuiltDate: ValidUntilDate: Files:[] Annotations:[] hasFiles:[]}
Neither CPE nor PURL found for package: &{IsUnpackaged:false PackageName:object-keys PackageSPDXIdentifier:NPM-e9aac5890f5f1c6f8d56 PackageVersion:1.1.1 PackageFileName: PackageSupplier:<nil> PackageOriginator:<nil> PackageDownloadLocation:https://registry.npmjs.org/object-keys/-/object-keys-1.1.1.tgz FilesAnalyzed:false IsFilesAnalyzedTagPresent:true PackageVerificationCode:<nil> PackageChecksums:[{Algorithm:SHA512 Value:NuAESUOUMrlIXOfHKzD6bpPu3tYt3xvjNdRIQ+FeT0lNb4K8WR70CaDxhuNguS2XG+GjkyMwOzsN5ZktImfhLA==}] PackageHomePage: PackageSourceInfo: PackageLicenseConcluded:NOASSERTION PackageLicenseInfoFromFiles:[] PackageLicenseDeclared:MIT PackageLicenseComments: PackageCopyrightText: PackageSummary: PackageDescription: PackageComment:development dependency PackageExternalReferences:[] PackageAttributionTexts:[] PrimaryPackagePurpose: ReleaseDate: BuiltDate: ValidUntilDate: Files:[] Annotations:[] hasFiles:[]}
Neither CPE nor PURL found for package: &{IsUnpackaged:false PackageName:on-finished PackageSPDXIdentifier:NPM-d3c391e10faad1d82190 PackageVersion:2.4.1 PackageFileName: PackageSupplier:<nil> PackageOriginator:<nil> PackageDownloadLocation:https://registry.npmjs.org/on-finished/-/on-finished-2.4.1.tgz FilesAnalyzed:false IsFilesAnalyzedTagPresent:true PackageVerificationCode:<nil> PackageChecksums:[{Algorithm:SHA512 Value:oVlzkg3ENAhCk2zdv7IJwd/QUD4z2RxRwpkcGY8psCVcCYZNq4wYnVWALHM+brtuJjePWiYF/ClmuDr8Ch5+kg==}] PackageHomePage: PackageSourceInfo: PackageLicenseConcluded:NOASSERTION PackageLicenseInfoFromFiles:[] PackageLicenseDeclared:MIT PackageLicenseComments: PackageCopyrightText: PackageSummary: PackageDescription: PackageComment:runtime or transitive dependency PackageExternalReferences:[] PackageAttributionTexts:[] PrimaryPackagePurpose: ReleaseDate: BuiltDate: ValidUntilDate: Files:[] Annotations:[] hasFiles:[]}
Neither CPE nor PURL found for package: &{IsUnpackaged:false PackageName:once PackageSPDXIdentifier:NPM-d0d1303998dfae04e4f8 PackageVersion:1.4.0 PackageFileName: PackageSupplier:<nil> PackageOriginator:<nil> PackageDownloadLocation:https://registry.npmjs.org/once/-/once-1.4.0.tgz FilesAnalyzed:false IsFilesAnalyzedTagPresent:true PackageVerificationCode:<nil> PackageChecksums:[{Algorithm:SHA512 Value:lNaJgI+2Q5URQBkccEKHTQOPaXdUxnZZElQTZY0MFUAuaEqe1E+Nyvgdz/aIyNi6Z9MzO5dv1H8n58/GELp3+w==}] PackageHomePage: PackageSourceInfo: PackageLicenseConcluded:NOASSERTION PackageLicenseInfoFromFiles:[] PackageLicenseDeclared:ISC PackageLicenseComments: PackageCopyrightText: PackageSummary: PackageDescription: PackageComment:runtime or transitive dependency PackageExternalReferences:[] PackageAttributionTexts:[] PrimaryPackagePurpose: ReleaseDate: BuiltDate: ValidUntilDate: Files:[] Annotations:[] hasFiles:[]}
Neither CPE nor PURL found for package: &{IsUnpackaged:false PackageName:onetime PackageSPDXIdentifier:NPM-5a35b0b7c7570756939e PackageVersion:5.1.2 PackageFileName: PackageSupplier:<nil> PackageOriginator:<nil> PackageDownloadLocation:https://registry.npmjs.org/onetime/-/onetime-5.1.2.tgz FilesAnalyzed:false IsFilesAnalyzedTagPresent:true PackageVerificationCode:<nil> PackageChecksums:[{Algorithm:SHA512 Value:kbpaSSGJTWdAY5KPVeMOKXSrPtr8C8C7wodJbcsd51jRnmD+GZu8Y0VoU6Dm5Z4vWr0Ig/1NKuWRKf7j5aaYSg==}] PackageHomePage: PackageSourceInfo: PackageLicenseConcluded:NOASSERTION PackageLicenseInfoFromFiles:[] PackageLicenseDeclared:MIT PackageLicenseComments: PackageCopyrightText: PackageSummary: PackageDescription: PackageComment:development dependency PackageExternalReferences:[] PackageAttributionTexts:[] PrimaryPackagePurpose: ReleaseDate: BuiltDate: ValidUntilDate: Files:[] Annotations:[] hasFiles:[]}
Neither CPE nor PURL found for package: &{IsUnpackaged:false PackageName:ow PackageSPDXIdentifier:NPM-6995ee10178b228bfa40 PackageVersion:0.28.2 PackageFileName: PackageSupplier:<nil> PackageOriginator:<nil> PackageDownloadLocation:https://registry.npmjs.org/ow/-/ow-0.28.2.tgz FilesAnalyzed:false IsFilesAnalyzedTagPresent:true PackageVerificationCode:<nil> PackageChecksums:[{Algorithm:SHA512 Value:dD4UpyBh/9m4X2NVjA+73/ZPBRF+uF4zIMFvvQsabMiEK8x41L3rQ8EENOi35kyyoaJwNxEeJcP6Fj1H4U409Q==}] PackageHomePage: PackageSourceInfo: PackageLicenseConcluded:NOASSERTION PackageLicenseInfoFromFiles:[] PackageLicenseDeclared:MIT PackageLicenseComments: PackageCopyrightText: PackageSummary: PackageDescription: PackageComment:runtime or transitive dependency PackageExternalReferences:[] PackageAttributionTexts:[] PrimaryPackagePurpose: ReleaseDate: BuiltDate: ValidUntilDate: Files:[] Annotations:[] hasFiles:[]}
Neither CPE nor PURL found for package: &{IsUnpackaged:false PackageName:p-cancelable PackageSPDXIdentifier:NPM-bcbe1e772e9475e7e1fc PackageVersion:2.1.1 PackageFileName: PackageSupplier:<nil> PackageOriginator:<nil> PackageDownloadLocation:https://registry.npmjs.org/p-cancelable/-/p-cancelable-2.1.1.tgz FilesAnalyzed:false IsFilesAnalyzedTagPresent:true PackageVerificationCode:<nil> PackageChecksums:[{Algorithm:SHA512 Value:BZOr3nRQHOntUjTrH8+Lh54smKHoHyur8We1V8DSMVrl5A2malOOwuJRnKRDjSnkoeBh4at6BwEnb5I7Jl31wg==}] PackageHomePage: PackageSourceInfo: PackageLicenseConcluded:NOASSERTION PackageLicenseInfoFromFiles:[] PackageLicenseDeclared:MIT PackageLicenseComments: PackageCopyrightText: PackageSummary: PackageDescription: PackageComment:development dependency PackageExternalReferences:[] PackageAttributionTexts:[] PrimaryPackagePurpose: ReleaseDate: BuiltDate: ValidUntilDate: Files:[] Annotations:[] hasFiles:[]}
Neither CPE nor PURL found for package: &{IsUnpackaged:false PackageName:p-limit PackageSPDXIdentifier:NPM-c16cf2138c211e8ccc28 PackageVersion:3.1.0 PackageFileName: PackageSupplier:<nil> PackageOriginator:<nil> PackageDownloadLocation:https://registry.npmjs.org/p-limit/-/p-limit-3.1.0.tgz FilesAnalyzed:false IsFilesAnalyzedTagPresent:true PackageVerificationCode:<nil> PackageChecksums:[{Algorithm:SHA512 Value:TYOanM3wGwNGsZN2cVTYPArw454xnXj5qmWF1bEoAc4+cU/ol7GVh7odevjp1FNHduHc3KZMcFduxU5Xc6uJRQ==}] PackageHomePage: PackageSourceInfo: PackageLicenseConcluded:NOASSERTION PackageLicenseInfoFromFiles:[] PackageLicenseDeclared:MIT PackageLicenseComments: PackageCopyrightText: PackageSummary: PackageDescription: PackageComment:development dependency PackageExternalReferences:[] PackageAttributionTexts:[] PrimaryPackagePurpose: ReleaseDate: BuiltDate: ValidUntilDate: Files:[] Annotations:[] hasFiles:[]}
Neither CPE nor PURL found for package: &{IsUnpackaged:false PackageName:p-locate PackageSPDXIdentifier:NPM-f87e22add58ae6205287 PackageVersion:4.1.0 PackageFileName: PackageSupplier:<nil> PackageOriginator:<nil> PackageDownloadLocation:https://registry.npmjs.org/p-locate/-/p-locate-4.1.0.tgz FilesAnalyzed:false IsFilesAnalyzedTagPresent:true PackageVerificationCode:<nil> PackageChecksums:[{Algorithm:SHA512 Value:R79ZZ/0wAxKGu3oYMlz8jy/kbhsNrS7SKZ7PxEHBgJ5+F2mtFW2fK2cOtBh1cHYkQsbzFV7I+EoRKe6Yt0oK7A==}] PackageHomePage: PackageSourceInfo: PackageLicenseConcluded:NOASSERTION PackageLicenseInfoFromFiles:[] PackageLicenseDeclared:MIT PackageLicenseComments: PackageCopyrightText: PackageSummary: PackageDescription: PackageComment:development dependency PackageExternalReferences:[] PackageAttributionTexts:[] PrimaryPackagePurpose: ReleaseDate: BuiltDate: ValidUntilDate: Files:[] Annotations:[] hasFiles:[]}
Neither CPE nor PURL found for package: &{IsUnpackaged:false PackageName:p-locate/node_modules/p-limit PackageSPDXIdentifier:NPM-a1d45fc7a22b40224199 PackageVersion:2.3.0 PackageFileName: PackageSupplier:<nil> PackageOriginator:<nil> PackageDownloadLocation:https://registry.npmjs.org/p-limit/-/p-limit-2.3.0.tgz FilesAnalyzed:false IsFilesAnalyzedTagPresent:true PackageVerificationCode:<nil> PackageChecksums:[{Algorithm:SHA512 Value://88mFWSJx8lxCzwdAABTJL2MyWB12+eIY7MDL2SqLmAkeKU9qxRvWuSyTjm3FUmpBEMuFfckAIqEaVGUDxb6w==}] PackageHomePage: PackageSourceInfo: PackageLicenseConcluded:NOASSERTION PackageLicenseInfoFromFiles:[] PackageLicenseDeclared:MIT PackageLicenseComments: PackageCopyrightText: PackageSummary: PackageDescription: PackageComment:development dependency PackageExternalReferences:[] PackageAttributionTexts:[] PrimaryPackagePurpose: ReleaseDate: BuiltDate: ValidUntilDate: Files:[] Annotations:[] hasFiles:[]}
Neither CPE nor PURL found for package: &{IsUnpackaged:false PackageName:p-map PackageSPDXIdentifier:NPM-65d0e5efc799027d685c PackageVersion:4.0.0 PackageFileName: PackageSupplier:<nil> PackageOriginator:<nil> PackageDownloadLocation:https://registry.npmjs.org/p-map/-/p-map-4.0.0.tgz FilesAnalyzed:false IsFilesAnalyzedTagPresent:true PackageVerificationCode:<nil> PackageChecksums:[{Algorithm:SHA512 Value:/bjOqmgETBYB5BoEeGVea8dmvHb2m9GLy1E9W43yeyfP6QQCZGFNa+XRceJEuDB6zqr+gKpIAmlLebMpykw/MQ==}] PackageHomePage: PackageSourceInfo: PackageLicenseConcluded:NOASSERTION PackageLicenseInfoFromFiles:[] PackageLicenseDeclared:MIT PackageLicenseComments: PackageCopyrightText: PackageSummary: PackageDescription: PackageComment:runtime or transitive dependency PackageExternalReferences:[] PackageAttributionTexts:[] PrimaryPackagePurpose: ReleaseDate: BuiltDate: ValidUntilDate: Files:[] Annotations:[] hasFiles:[]}
Neither CPE nor PURL found for package: &{IsUnpackaged:false PackageName:p-try PackageSPDXIdentifier:NPM-4eefc14d89a19b6b1139 PackageVersion:2.2.0 PackageFileName: PackageSupplier:<nil> PackageOriginator:<nil> PackageDownloadLocation:https://registry.npmjs.org/p-try/-/p-try-2.2.0.tgz FilesAnalyzed:false IsFilesAnalyzedTagPresent:true PackageVerificationCode:<nil> PackageChecksums:[{Algorithm:SHA512 Value:R4nPAVTAU0B9D35/Gk3uJf/7XYbQcyohSKdvAxIRSNghFl4e71hVoGnBNQz9cWaXxO2I10KTC+3jMdvvoKw6dQ==}] PackageHomePage: PackageSourceInfo: PackageLicenseConcluded:NOASSERTION PackageLicenseInfoFromFiles:[] PackageLicenseDeclared:MIT PackageLicenseComments: PackageCopyrightText: PackageSummary: PackageDescription: PackageComment:development dependency PackageExternalReferences:[] PackageAttributionTexts:[] PrimaryPackagePurpose: ReleaseDate: BuiltDate: ValidUntilDate: Files:[] Annotations:[] hasFiles:[]}
Neither CPE nor PURL found for package: &{IsUnpackaged:false PackageName:package-json-from-dist PackageSPDXIdentifier:NPM-45184b2933ad20ea8c0f PackageVersion:1.0.1 PackageFileName: PackageSupplier:<nil> PackageOriginator:<nil> PackageDownloadLocation:https://registry.npmjs.org/package-json-from-dist/-/package-json-from-dist-1.0.1.tgz FilesAnalyzed:false IsFilesAnalyzedTagPresent:true PackageVerificationCode:<nil> PackageChecksums:[{Algorithm:SHA512 Value:UEZIS3/by4OC8vL3P2dTXRETpebLI2NiI5vIrjaD/5UtrkFX/tNbwjTSRAGC/+7CAo2pIcBaRgWmcBBHcsaCIw==}] PackageHomePage: PackageSourceInfo: PackageLicenseConcluded:NOASSERTION PackageLicenseInfoFromFiles:[] PackageLicenseDeclared:BlueOak-1.0.0 PackageLicenseComments: PackageCopyrightText: PackageSummary: PackageDescription: PackageComment:development dependency PackageExternalReferences:[] PackageAttributionTexts:[] PrimaryPackagePurpose: ReleaseDate: BuiltDate: ValidUntilDate: Files:[] Annotations:[] hasFiles:[]}
Neither CPE nor PURL found for package: &{IsUnpackaged:false PackageName:parse-json PackageSPDXIdentifier:NPM-733108d734e2df2ea992 PackageVersion:5.2.0 PackageFileName: PackageSupplier:<nil> PackageOriginator:<nil> PackageDownloadLocation:https://registry.npmjs.org/parse-json/-/parse-json-5.2.0.tgz FilesAnalyzed:false IsFilesAnalyzedTagPresent:true PackageVerificationCode:<nil> PackageChecksums:[{Algorithm:SHA512 Value:ayCKvm/phCGxOkYRSCM82iDwct8/EonSEgCSxWxD7ve6jHggsFl4fZVQBPRNgQoKiuV/odhFrGzQXZwbifC8Rg==}] PackageHomePage: PackageSourceInfo: PackageLicenseConcluded:NOASSERTION PackageLicenseInfoFromFiles:[] PackageLicenseDeclared:MIT PackageLicenseComments: PackageCopyrightText: PackageSummary: PackageDescription: PackageComment:development dependency PackageExternalReferences:[] PackageAttributionTexts:[] PrimaryPackagePurpose: ReleaseDate: BuiltDate: ValidUntilDate: Files:[] Annotations:[] hasFiles:[]}
Neither CPE nor PURL found for package: &{IsUnpackaged:false PackageName:parseurl PackageSPDXIdentifier:NPM-c3fdd1b6fb725cb30e8f PackageVersion:1.3.3 PackageFileName: PackageSupplier:<nil> PackageOriginator:<nil> PackageDownloadLocation:https://registry.npmjs.org/parseurl/-/parseurl-1.3.3.tgz FilesAnalyzed:false IsFilesAnalyzedTagPresent:true PackageVerificationCode:<nil> PackageChecksums:[{Algorithm:SHA512 Value:CiyeOxFT/JZyN5m0z9PfXw4SCBJ6Sygz1Dpl0wqjlhDEGGBP1GnsUVEL0p63hoG1fcj3fHynXi9NYO4nWOL+qQ==}] PackageHomePage: PackageSourceInfo: PackageLicenseConcluded:NOASSERTION PackageLicenseInfoFromFiles:[] PackageLicenseDeclared:MIT PackageLicenseComments: PackageCopyrightText: PackageSummary: PackageDescription: PackageComment:runtime or transitive dependency PackageExternalReferences:[] PackageAttributionTexts:[] PrimaryPackagePurpose: ReleaseDate: BuiltDate: ValidUntilDate: Files:[] Annotations:[] hasFiles:[]}
Neither CPE nor PURL found for package: &{IsUnpackaged:false PackageName:path-exists PackageSPDXIdentifier:NPM-3ae48f237e1a4424a3b1 PackageVersion:4.0.0 PackageFileName: PackageSupplier:<nil> PackageOriginator:<nil> PackageDownloadLocation:https://registry.npmjs.org/path-exists/-/path-exists-4.0.0.tgz FilesAnalyzed:false IsFilesAnalyzedTagPresent:true PackageVerificationCode:<nil> PackageChecksums:[{Algorithm:SHA512 Value:ak9Qy5Q7jYb2Wwcey5Fpvg2KoAc/ZIhLSLOSBmRmygPsGwkVVt0fZa0qrtMz+m6tJTAHfZQ8FnmB4MG4LWy7/w==}] PackageHomePage: PackageSourceInfo: PackageLicenseConcluded:NOASSERTION PackageLicenseInfoFromFiles:[] PackageLicenseDeclared:MIT PackageLicenseComments: PackageCopyrightText: PackageSummary: PackageDescription: PackageComment:development dependency PackageExternalReferences:[] PackageAttributionTexts:[] PrimaryPackagePurpose: ReleaseDate: BuiltDate: ValidUntilDate: Files:[] Annotations:[] hasFiles:[]}
Neither CPE nor PURL found for package: &{IsUnpackaged:false PackageName:path-is-absolute PackageSPDXIdentifier:NPM-4e27c6801c87897a2e35 PackageVersion:1.0.1 PackageFileName: PackageSupplier:<nil> PackageOriginator:<nil> PackageDownloadLocation:https://registry.npmjs.org/path-is-absolute/-/path-is-absolute-1.0.1.tgz FilesAnalyzed:false IsFilesAnalyzedTagPresent:true PackageVerificationCode:<nil> PackageChecksums:[{Algorithm:SHA512 Value:AVbw3UJ2e9bq64vSaS9Am0fje1Pa8pbGqTTsmXfaIiMpnr5DlDhfJOuLj9Sf95ZPVDAUerDfEk88MPmPe7UCQg==}] PackageHomePage: PackageSourceInfo: PackageLicenseConcluded:NOASSERTION PackageLicenseInfoFromFiles:[] PackageLicenseDeclared:MIT PackageLicenseComments: PackageCopyrightText: PackageSummary: PackageDescription: PackageComment:runtime or transitive dependency PackageExternalReferences:[] PackageAttributionTexts:[] PrimaryPackagePurpose: ReleaseDate: BuiltDate: ValidUntilDate: Files:[] Annotations:[] hasFiles:[]}
Neither CPE nor PURL found for package: &{IsUnpackaged:false PackageName:path-key PackageSPDXIdentifier:NPM-e1a2a032096ace66b422 PackageVersion:3.1.1 PackageFileName: PackageSupplier:<nil> PackageOriginator:<nil> PackageDownloadLocation:https://registry.npmjs.org/path-key/-/path-key-3.1.1.tgz FilesAnalyzed:false IsFilesAnalyzedTagPresent:true PackageVerificationCode:<nil> PackageChecksums:[{Algorithm:SHA512 Value:ojmeN0qd+y0jszEtoY48r0Peq5dwMEkIlCOu6Q5f41lfkswXuKtYrhgoTpLnyIcHm24Uhqx+5Tqm2InSwLhE6Q==}] PackageHomePage: PackageSourceInfo: PackageLicenseConcluded:NOASSERTION PackageLicenseInfoFromFiles:[] PackageLicenseDeclared:MIT PackageLicenseComments: PackageCopyrightText: PackageSummary: PackageDescription: PackageComment:development dependency PackageExternalReferences:[] PackageAttributionTexts:[] PrimaryPackagePurpose: ReleaseDate: BuiltDate: ValidUntilDate: Files:[] Annotations:[] hasFiles:[]}
Neither CPE nor PURL found for package: &{IsUnpackaged:false PackageName:path-parse PackageSPDXIdentifier:NPM-bb7410d6076ae1fa5693 PackageVersion:1.0.7 PackageFileName: PackageSupplier:<nil> PackageOriginator:<nil> PackageDownloadLocation:https://registry.npmjs.org/path-parse/-/path-parse-1.0.7.tgz FilesAnalyzed:false IsFilesAnalyzedTagPresent:true PackageVerificationCode:<nil> PackageChecksums:[{Algorithm:SHA512 Value:LDJzPVEEEPR+y48z93A0Ed0yXb8pAByGWo/k5YYdYgpY2/2EsOsksJrq7lOHxryrVOn1ejG6oAp8ahvOIQD8sw==}] PackageHomePage: PackageSourceInfo: PackageLicenseConcluded:NOASSERTION PackageLicenseInfoFromFiles:[] PackageLicenseDeclared:MIT PackageLicenseComments: PackageCopyrightText: PackageSummary: PackageDescription: PackageComment:development dependency PackageExternalReferences:[] PackageAttributionTexts:[] PrimaryPackagePurpose: ReleaseDate: BuiltDate: ValidUntilDate: Files:[] Annotations:[] hasFiles:[]}
Neither CPE nor PURL found for package: &{IsUnpackaged:false PackageName:path-scurry PackageSPDXIdentifier:NPM-60e55f26f68d8b7ffa53 PackageVersion:1.11.1 PackageFileName: PackageSupplier:<nil> PackageOriginator:<nil> PackageDownloadLocation:https://registry.npmjs.org/path-scurry/-/path-scurry-1.11.1.tgz FilesAnalyzed:false IsFilesAnalyzedTagPresent:true PackageVerificationCode:<nil> PackageChecksums:[{Algorithm:SHA512 Value:Xa4Nw17FS9ApQFJ9umLiJS4orGjm7ZzwUrwamcGQuHSzDyth9boKDaycYdDcZDuqYATXw4HFXgaqWTctW/v1HA==}] PackageHomePage: PackageSourceInfo: PackageLicenseConcluded:NOASSERTION PackageLicenseInfoFromFiles:[] PackageLicenseDeclared:BlueOak-1.0.0 PackageLicenseComments: PackageCopyrightText: PackageSummary: PackageDescription: PackageComment:development dependency PackageExternalReferences:[] PackageAttributionTexts:[] PrimaryPackagePurpose: ReleaseDate: BuiltDate: ValidUntilDate: Files:[] Annotations:[] hasFiles:[]}
Neither CPE nor PURL found for package: &{IsUnpackaged:false PackageName:path-scurry/node_modules/lru-cache PackageSPDXIdentifier:NPM-1582e8cc604b7965ad00 PackageVersion:10.4.3 PackageFileName: PackageSupplier:<nil> PackageOriginator:<nil> PackageDownloadLocation:https://registry.npmjs.org/lru-cache/-/lru-cache-10.4.3.tgz FilesAnalyzed:false IsFilesAnalyzedTagPresent:true PackageVerificationCode:<nil> PackageChecksums:[{Algorithm:SHA512 Value:JNAzZcXrCt42VGLuYz0zfAzDfAvJWW6AfYlDBQyDV5DClI2m5sAmK+OIO7s59XfsRsWHp02jAJrRadPRGTt6SQ==}] PackageHomePage: PackageSourceInfo: PackageLicenseConcluded:NOASSERTION PackageLicenseInfoFromFiles:[] PackageLicenseDeclared:ISC PackageLicenseComments: PackageCopyrightText: PackageSummary: PackageDescription: PackageComment:development dependency PackageExternalReferences:[] PackageAttributionTexts:[] PrimaryPackagePurpose: ReleaseDate: BuiltDate: ValidUntilDate: Files:[] Annotations:[] hasFiles:[]}
Neither CPE nor PURL found for package: &{IsUnpackaged:false PackageName:path-scurry/node_modules/minipass PackageSPDXIdentifier:NPM-83d13e019b49a9adfeab PackageVersion:7.1.3 PackageFileName: PackageSupplier:<nil> PackageOriginator:<nil> PackageDownloadLocation:https://registry.npmjs.org/minipass/-/minipass-7.1.3.tgz FilesAnalyzed:false IsFilesAnalyzedTagPresent:true PackageVerificationCode:<nil> PackageChecksums:[{Algorithm:SHA512 Value:tEBHqDnIoM/1rXME1zgka9g6Q2lcoCkxHLuc7ODJ5BxbP5d4c2Z5cGgtXAku59200Cx7diuHTOYfSBD8n6mm8A==}] PackageHomePage: PackageSourceInfo: PackageLicenseConcluded:NOASSERTION PackageLicenseInfoFromFiles:[] PackageLicenseDeclared:BlueOak-1.0.0 PackageLicenseComments: PackageCopyrightText: PackageSummary: PackageDescription: PackageComment:development dependency PackageExternalReferences:[] PackageAttributionTexts:[] PrimaryPackagePurpose: ReleaseDate: BuiltDate: ValidUntilDate: Files:[] Annotations:[] hasFiles:[]}
Neither CPE nor PURL found for package: &{IsUnpackaged:false PackageName:path-to-regexp PackageSPDXIdentifier:NPM-d250fb65d6f3492e5803 PackageVersion:0.1.13 PackageFileName: PackageSupplier:<nil> PackageOriginator:<nil> PackageDownloadLocation:https://registry.npmjs.org/path-to-regexp/-/path-to-regexp-0.1.13.tgz FilesAnalyzed:false IsFilesAnalyzedTagPresent:true PackageVerificationCode:<nil> PackageChecksums:[{Algorithm:SHA512 Value:A/AGNMFN3c8bOlvV9RreMdrv7jsmF9XIfDeCd87+I8RNg6s78BhJxMu69NEMHBSJFxKidViTEdruRwEk/WIKqA==}] PackageHomePage: PackageSourceInfo: PackageLicenseConcluded:NOASSERTION PackageLicenseInfoFromFiles:[] PackageLicenseDeclared:MIT PackageLicenseComments: PackageCopyrightText: PackageSummary: PackageDescription: PackageComment:runtime or transitive dependency PackageExternalReferences:[] PackageAttributionTexts:[] PrimaryPackagePurpose: ReleaseDate: BuiltDate: ValidUntilDate: Files:[] Annotations:[] hasFiles:[]}
Neither CPE nor PURL found for package: &{IsUnpackaged:false PackageName:pend PackageSPDXIdentifier:NPM-5280e611ad1ea9399386 PackageVersion:1.2.0 PackageFileName: PackageSupplier:<nil> PackageOriginator:<nil> PackageDownloadLocation:https://registry.npmjs.org/pend/-/pend-1.2.0.tgz FilesAnalyzed:false IsFilesAnalyzedTagPresent:true PackageVerificationCode:<nil> PackageChecksums:[{Algorithm:SHA512 Value:F3asv42UuXchdzt+xXqfW1OGlVBe+mxa2mqI0pg5yAHZPvFmY3Y6drSf/GQ1A86WgWEN9Kzh/WrgKa6iGcHXLg==}] PackageHomePage: PackageSourceInfo: PackageLicenseConcluded:NOASSERTION PackageLicenseInfoFromFiles:[] PackageLicenseDeclared:MIT PackageLicenseComments: PackageCopyrightText: PackageSummary: PackageDescription: PackageComment:development dependency PackageExternalReferences:[] PackageAttributionTexts:[] PrimaryPackagePurpose: ReleaseDate: BuiltDate: ValidUntilDate: Files:[] Annotations:[] hasFiles:[]}
Neither CPE nor PURL found for package: &{IsUnpackaged:false PackageName:picocolors PackageSPDXIdentifier:NPM-7c5f372425355293c448 PackageVersion:1.1.1 PackageFileName: PackageSupplier:<nil> PackageOriginator:<nil> PackageDownloadLocation:https://registry.npmjs.org/picocolors/-/picocolors-1.1.1.tgz FilesAnalyzed:false IsFilesAnalyzedTagPresent:true PackageVerificationCode:<nil> PackageChecksums:[{Algorithm:SHA512 Value:xceH2snhtb5M9liqDsmEw56le376mTZkEX/jEb/RxNFyegNul7eNslCXP9FDj/Lcu0X8KEyMceP2ntpaHrDEVA==}] PackageHomePage: PackageSourceInfo: PackageLicenseConcluded:NOASSERTION PackageLicenseInfoFromFiles:[] PackageLicenseDeclared:ISC PackageLicenseComments: PackageCopyrightText: PackageSummary: PackageDescription: PackageComment:runtime or transitive dependency PackageExternalReferences:[] PackageAttributionTexts:[] PrimaryPackagePurpose: ReleaseDate: BuiltDate: ValidUntilDate: Files:[] Annotations:[] hasFiles:[]}
Neither CPE nor PURL found for package: &{IsUnpackaged:false PackageName:picomatch PackageSPDXIdentifier:NPM-6522bf8f898611f46729 PackageVersion:2.3.2 PackageFileName: PackageSupplier:<nil> PackageOriginator:<nil> PackageDownloadLocation:https://registry.npmjs.org/picomatch/-/picomatch-2.3.2.tgz FilesAnalyzed:false IsFilesAnalyzedTagPresent:true PackageVerificationCode:<nil> PackageChecksums:[{Algorithm:SHA512 Value:V7+vQEJ06Z+c5tSye8S+nHUfI51xoXIXjHQ99cQtKUkQqqO1kO/KCJUfZXuB47h/YBlDhah2H3hdUGXn8ie0oA==}] PackageHomePage: PackageSourceInfo: PackageLicenseConcluded:NOASSERTION PackageLicenseInfoFromFiles:[] PackageLicenseDeclared:MIT PackageLicenseComments: PackageCopyrightText: PackageSummary: PackageDescription: PackageComment:development dependency PackageExternalReferences:[] PackageAttributionTexts:[] PrimaryPackagePurpose: ReleaseDate: BuiltDate: ValidUntilDate: Files:[] Annotations:[] hasFiles:[]}
Neither CPE nor PURL found for package: &{IsUnpackaged:false PackageName:pirates PackageSPDXIdentifier:NPM-67f7e95d77fd694597c3 PackageVersion:4.0.7 PackageFileName: PackageSupplier:<nil> PackageOriginator:<nil> PackageDownloadLocation:https://registry.npmjs.org/pirates/-/pirates-4.0.7.tgz FilesAnalyzed:false IsFilesAnalyzedTagPresent:true PackageVerificationCode:<nil> PackageChecksums:[{Algorithm:SHA512 Value:TfySrs/5nm8fQJDcBDuUng3VOUKsd7S+zqvbOTiGXHfxX4wK31ard+hoNuvkicM/2YFzlpDgABOevKSsB4G/FA==}] PackageHomePage: PackageSourceInfo: PackageLicenseConcluded:NOASSERTION PackageLicenseInfoFromFiles:[] PackageLicenseDeclared:MIT PackageLicenseComments: PackageCopyrightText: PackageSummary: PackageDescription: PackageComment:development dependency PackageExternalReferences:[] PackageAttributionTexts:[] PrimaryPackagePurpose: ReleaseDate: BuiltDate: ValidUntilDate: Files:[] Annotations:[] hasFiles:[]}
Neither CPE nor PURL found for package: &{IsUnpackaged:false PackageName:pkg-dir PackageSPDXIdentifier:NPM-a42aa767ba7dc89c83c6 PackageVersion:4.2.0 PackageFileName: PackageSupplier:<nil> PackageOriginator:<nil> PackageDownloadLocation:https://registry.npmjs.org/pkg-dir/-/pkg-dir-4.2.0.tgz FilesAnalyzed:false IsFilesAnalyzedTagPresent:true PackageVerificationCode:<nil> PackageChecksums:[{Algorithm:SHA512 Value:HRDzbaKjC+AOWVXxAU/x54COGeIv9eb+6CkDSQoNTt4XyWoIJvuPsXizxu/Fr23EiekbtZwmh1IcIG/l/a10GQ==}] PackageHomePage: PackageSourceInfo: PackageLicenseConcluded:NOASSERTION PackageLicenseInfoFromFiles:[] PackageLicenseDeclared:MIT PackageLicenseComments: PackageCopyrightText: PackageSummary: PackageDescription: PackageComment:development dependency PackageExternalReferences:[] PackageAttributionTexts:[] PrimaryPackagePurpose: ReleaseDate: BuiltDate: ValidUntilDate: Files:[] Annotations:[] hasFiles:[]}
Neither CPE nor PURL found for package: &{IsUnpackaged:false PackageName:playwright PackageSPDXIdentifier:NPM-e9699bde89789a7ef236 PackageVersion:1.60.0 PackageFileName: PackageSupplier:<nil> PackageOriginator:<nil> PackageDownloadLocation:https://registry.npmjs.org/playwright/-/playwright-1.60.0.tgz FilesAnalyzed:false IsFilesAnalyzedTagPresent:true PackageVerificationCode:<nil> PackageChecksums:[{Algorithm:SHA512 Value:hheHdokM8cdqCb0lcE3s+zT4t4W+vvjpGxsZlDnikarzx8tSzMebh3UiFtgqwFwnTnjYQcsyMF8ei2mCO/tpeA==}] PackageHomePage: PackageSourceInfo: PackageLicenseConcluded:NOASSERTION PackageLicenseInfoFromFiles:[] PackageLicenseDeclared:Apache-2.0 PackageLicenseComments: PackageCopyrightText: PackageSummary: PackageDescription: PackageComment:runtime or transitive dependency PackageExternalReferences:[] PackageAttributionTexts:[] PrimaryPackagePurpose: ReleaseDate: BuiltDate: ValidUntilDate: Files:[] Annotations:[] hasFiles:[]}
Neither CPE nor PURL found for package: &{IsUnpackaged:false PackageName:playwright-core PackageSPDXIdentifier:NPM-1152b278c7fe15a16871 PackageVersion:1.60.0 PackageFileName: PackageSupplier:<nil> PackageOriginator:<nil> PackageDownloadLocation:https://registry.npmjs.org/playwright-core/-/playwright-core-1.60.0.tgz FilesAnalyzed:false IsFilesAnalyzedTagPresent:true PackageVerificationCode:<nil> PackageChecksums:[{Algorithm:SHA512 Value:9bW6zvX/m0lEbgTKJ6YppOKx8H3VOPBMOCFh2irXFOT4BbHgrx5hPjwJYLT40Lu+4qtD36qKc/Hn56StUW57IA==}] PackageHomePage: PackageSourceInfo: PackageLicenseConcluded:NOASSERTION PackageLicenseInfoFromFiles:[] PackageLicenseDeclared:Apache-2.0 PackageLicenseComments: PackageCopyrightText: PackageSummary: PackageDescription: PackageComment:runtime or transitive dependency PackageExternalReferences:[] PackageAttributionTexts:[] PrimaryPackagePurpose: ReleaseDate: BuiltDate: ValidUntilDate: Files:[] Annotations:[] hasFiles:[]}
Neither CPE nor PURL found for package: &{IsUnpackaged:false PackageName:playwright/node_modules/fsevents PackageSPDXIdentifier:NPM-6b4619dff6244da7ba34 PackageVersion:2.3.2 PackageFileName: PackageSupplier:<nil> PackageOriginator:<nil> PackageDownloadLocation:https://registry.npmjs.org/fsevents/-/fsevents-2.3.2.tgz FilesAnalyzed:false IsFilesAnalyzedTagPresent:true PackageVerificationCode:<nil> PackageChecksums:[{Algorithm:SHA512 Value:xiqMQR4xAeHTuB9uWm+fFRcIOgKBMiOBP+eXiyT7jsgVCq1bkVygt00oASowB7EdtpOHaaPgKt812P9ab+DDKA==}] PackageHomePage: PackageSourceInfo: PackageLicenseConcluded:NOASSERTION PackageLicenseInfoFromFiles:[] PackageLicenseDeclared:MIT PackageLicenseComments: PackageCopyrightText: PackageSummary: PackageDescription: PackageComment:runtime or transitive dependency PackageExternalReferences:[] PackageAttributionTexts:[] PrimaryPackagePurpose: ReleaseDate: BuiltDate: ValidUntilDate: Files:[] Annotations:[] hasFiles:[]}
Neither CPE nor PURL found for package: &{IsUnpackaged:false PackageName:plist PackageSPDXIdentifier:NPM-34f101c77defd4577c69 PackageVersion:3.1.1 PackageFileName: PackageSupplier:<nil> PackageOriginator:<nil> PackageDownloadLocation:https://registry.npmjs.org/plist/-/plist-3.1.1.tgz FilesAnalyzed:false IsFilesAnalyzedTagPresent:true PackageVerificationCode:<nil> PackageChecksums:[{Algorithm:SHA512 Value:ZIfcLJC+7E7FBFnDxm9MPmt7D+DidyQ26lewieO75AdhA2ayMtsJSES0iWzqJQbcVRSrTufQoy0DR94xHue0oA==}] PackageHomePage: PackageSourceInfo: PackageLicenseConcluded:NOASSERTION PackageLicenseInfoFromFiles:[] PackageLicenseDeclared:MIT PackageLicenseComments: PackageCopyrightText: PackageSummary: PackageDescription: PackageComment:development dependency PackageExternalReferences:[] PackageAttributionTexts:[] PrimaryPackagePurpose: ReleaseDate: BuiltDate: ValidUntilDate: Files:[] Annotations:[] hasFiles:[]}
Neither CPE nor PURL found for package: &{IsUnpackaged:false PackageName:prebuild-install PackageSPDXIdentifier:NPM-034b3dd1336ef871b8a3 PackageVersion:7.1.3 PackageFileName: PackageSupplier:<nil> PackageOriginator:<nil> PackageDownloadLocation:https://registry.npmjs.org/prebuild-install/-/prebuild-install-7.1.3.tgz FilesAnalyzed:false IsFilesAnalyzedTagPresent:true PackageVerificationCode:<nil> PackageChecksums:[{Algorithm:SHA512 Value:8Mf2cbV7x1cXPUILADGI3wuhfqWvtiLA1iclTDbFRZkgRQS0NqsPZphna9V+HyTEadheuPmjaJMsbzKQFOzLug==}] PackageHomePage: PackageSourceInfo: PackageLicenseConcluded:NOASSERTION PackageLicenseInfoFromFiles:[] PackageLicenseDeclared:MIT PackageLicenseComments: PackageCopyrightText: PackageSummary: PackageDescription: PackageComment:runtime or transitive dependency PackageExternalReferences:[] PackageAttributionTexts:[] PrimaryPackagePurpose: ReleaseDate: BuiltDate: ValidUntilDate: Files:[] Annotations:[] hasFiles:[]}
Neither CPE nor PURL found for package: &{IsUnpackaged:false PackageName:pretty-format PackageSPDXIdentifier:NPM-b06d130e8dbd7970a640 PackageVersion:29.7.0 PackageFileName: PackageSupplier:<nil> PackageOriginator:<nil> PackageDownloadLocation:https://registry.npmjs.org/pretty-format/-/pretty-format-29.7.0.tgz FilesAnalyzed:false IsFilesAnalyzedTagPresent:true PackageVerificationCode:<nil> PackageChecksums:[{Algorithm:SHA512 Value:Pdlw/oPxN+aXdmM9R00JVC9WVFoCLTKJvDVLgmJ+qAffBMxsV85l/Lu7sNx4zSzPyoL2euImuEwHhOXdEgNFZQ==}] PackageHomePage: PackageSourceInfo: PackageLicenseConcluded:NOASSERTION PackageLicenseInfoFromFiles:[] PackageLicenseDeclared:MIT PackageLicenseComments: PackageCopyrightText: PackageSummary: PackageDescription: PackageComment:development dependency PackageExternalReferences:[] PackageAttributionTexts:[] PrimaryPackagePurpose: ReleaseDate: BuiltDate: ValidUntilDate: Files:[] Annotations:[] hasFiles:[]}
Neither CPE nor PURL found for package: &{IsUnpackaged:false PackageName:pretty-format/node_modules/ansi-styles PackageSPDXIdentifier:NPM-e9bd3a0730a0d05b5ace PackageVersion:5.2.0 PackageFileName: PackageSupplier:<nil> PackageOriginator:<nil> PackageDownloadLocation:https://registry.npmjs.org/ansi-styles/-/ansi-styles-5.2.0.tgz FilesAnalyzed:false IsFilesAnalyzedTagPresent:true PackageVerificationCode:<nil> PackageChecksums:[{Algorithm:SHA512 Value:Cxwpt2SfTzTtXcfOlzGEee8O+c+MmUgGrNiBcXnuWxuFJHe6a5Hz7qwhwe5OgaSYI0IJvkLqWX1ASG+cJOkEiA==}] PackageHomePage: PackageSourceInfo: PackageLicenseConcluded:NOASSERTION PackageLicenseInfoFromFiles:[] PackageLicenseDeclared:MIT PackageLicenseComments: PackageCopyrightText: PackageSummary: PackageDescription: PackageComment:development dependency PackageExternalReferences:[] PackageAttributionTexts:[] PrimaryPackagePurpose: ReleaseDate: BuiltDate: ValidUntilDate: Files:[] Annotations:[] hasFiles:[]}
Neither CPE nor PURL found for package: &{IsUnpackaged:false PackageName:process-nextick-args PackageSPDXIdentifier:NPM-449a33b1fb1386db92b4 PackageVersion:2.0.1 PackageFileName: PackageSupplier:<nil> PackageOriginator:<nil> PackageDownloadLocation:https://registry.npmjs.org/process-nextick-args/-/process-nextick-args-2.0.1.tgz FilesAnalyzed:false IsFilesAnalyzedTagPresent:true PackageVerificationCode:<nil> PackageChecksums:[{Algorithm:SHA512 Value:3ouUOpQhtgrbOa17J7+uxOTpITYWaGP7/AhoR3+A+/1e9skrzelGi/dXzEYyvbxubEF6Wn2ypscTKiKJFFn1ag==}] PackageHomePage: PackageSourceInfo: PackageLicenseConcluded:NOASSERTION PackageLicenseInfoFromFiles:[] PackageLicenseDeclared:MIT PackageLicenseComments: PackageCopyrightText: PackageSummary: PackageDescription: PackageComment:development dependency PackageExternalReferences:[] PackageAttributionTexts:[] PrimaryPackagePurpose: ReleaseDate: BuiltDate: ValidUntilDate: Files:[] Annotations:[] hasFiles:[]}
Neither CPE nor PURL found for package: &{IsUnpackaged:false PackageName:progress PackageSPDXIdentifier:NPM-b598d996665da76d1044 PackageVersion:2.0.3 PackageFileName: PackageSupplier:<nil> PackageOriginator:<nil> PackageDownloadLocation:https://registry.npmjs.org/progress/-/progress-2.0.3.tgz FilesAnalyzed:false IsFilesAnalyzedTagPresent:true PackageVerificationCode:<nil> PackageChecksums:[{Algorithm:SHA512 Value:7PiHtLll5LdnKIMw100I+8xJXR5gW2QwWYkT6iJva0bXitZKa/XMrSbdmg3r2Xnaidz9Qumd0VPaMrZlF9V9sA==}] PackageHomePage: PackageSourceInfo: PackageLicenseConcluded:NOASSERTION PackageLicenseInfoFromFiles:[] PackageLicenseDeclared:MIT PackageLicenseComments: PackageCopyrightText: PackageSummary: PackageDescription: PackageComment:runtime or transitive dependency PackageExternalReferences:[] PackageAttributionTexts:[] PrimaryPackagePurpose: ReleaseDate: BuiltDate: ValidUntilDate: Files:[] Annotations:[] hasFiles:[]}
Neither CPE nor PURL found for package: &{IsUnpackaged:false PackageName:promise-inflight PackageSPDXIdentifier:NPM-9fdc1365723e7f67ee77 PackageVersion:1.0.1 PackageFileName: PackageSupplier:<nil> PackageOriginator:<nil> PackageDownloadLocation:https://registry.npmjs.org/promise-inflight/-/promise-inflight-1.0.1.tgz FilesAnalyzed:false IsFilesAnalyzedTagPresent:true PackageVerificationCode:<nil> PackageChecksums:[{Algorithm:SHA512 Value:6zWPyEOFaQBJYcGMHBKTKJ3u6TBsnMFOIZSa6ce1e/ZrrsOlnHRHbabMjLiBYKp+n44X9eUI6VUPaukCXHuG4g==}] PackageHomePage: PackageSourceInfo: PackageLicenseConcluded:NOASSERTION PackageLicenseInfoFromFiles:[] PackageLicenseDeclared:ISC PackageLicenseComments: PackageCopyrightText: PackageSummary: PackageDescription: PackageComment:runtime or transitive dependency PackageExternalReferences:[] PackageAttributionTexts:[] PrimaryPackagePurpose: ReleaseDate: BuiltDate: ValidUntilDate: Files:[] Annotations:[] hasFiles:[]}
Neither CPE nor PURL found for package: &{IsUnpackaged:false PackageName:promise-retry PackageSPDXIdentifier:NPM-44fe814781fdcdc856ac PackageVersion:2.0.1 PackageFileName: PackageSupplier:<nil> PackageOriginator:<nil> PackageDownloadLocation:https://registry.npmjs.org/promise-retry/-/promise-retry-2.0.1.tgz FilesAnalyzed:false IsFilesAnalyzedTagPresent:true PackageVerificationCode:<nil> PackageChecksums:[{Algorithm:SHA512 Value:y+WKFlBR8BGXnsNlIHFGPZmyDf3DFMoLhaflAnyZgV6rG6xu+JwesTo2Q9R6XwYmtmwAFCkAk3e35jEdoeh/3g==}] PackageHomePage: PackageSourceInfo: PackageLicenseConcluded:NOASSERTION PackageLicenseInfoFromFiles:[] PackageLicenseDeclared:MIT PackageLicenseComments: PackageCopyrightText: PackageSummary: PackageDescription: PackageComment:runtime or transitive dependency PackageExternalReferences:[] PackageAttributionTexts:[] PrimaryPackagePurpose: ReleaseDate: BuiltDate: ValidUntilDate: Files:[] Annotations:[] hasFiles:[]}
Neither CPE nor PURL found for package: &{IsUnpackaged:false PackageName:prompts PackageSPDXIdentifier:NPM-162b650bec9947cd1ded PackageVersion:2.4.2 PackageFileName: PackageSupplier:<nil> PackageOriginator:<nil> PackageDownloadLocation:https://registry.npmjs.org/prompts/-/prompts-2.4.2.tgz FilesAnalyzed:false IsFilesAnalyzedTagPresent:true PackageVerificationCode:<nil> PackageChecksums:[{Algorithm:SHA512 Value:NxNv/kLguCA7p3jE8oL2aEBsrJWgAakBpgmgK6lpPWV+WuOmY6r2/zbAVnP+T8bQlA0nzHXSJSJW0Hq7ylaD2Q==}] PackageHomePage: PackageSourceInfo: PackageLicenseConcluded:NOASSERTION PackageLicenseInfoFromFiles:[] PackageLicenseDeclared:MIT PackageLicenseComments: PackageCopyrightText: PackageSummary: PackageDescription: PackageComment:development dependency PackageExternalReferences:[] PackageAttributionTexts:[] PrimaryPackagePurpose: ReleaseDate: BuiltDate: ValidUntilDate: Files:[] Annotations:[] hasFiles:[]}
Neither CPE nor PURL found for package: &{IsUnpackaged:false PackageName:proxy-addr PackageSPDXIdentifier:NPM-7b128e3d41d39ecb1a40 PackageVersion:2.0.7 PackageFileName: PackageSupplier:<nil> PackageOriginator:<nil> PackageDownloadLocation:https://registry.npmjs.org/proxy-addr/-/proxy-addr-2.0.7.tgz FilesAnalyzed:false IsFilesAnalyzedTagPresent:true PackageVerificationCode:<nil> PackageChecksums:[{Algorithm:SHA512 Value:llQsMLSUDUPT44jdrU/O37qlnifitDP+ZwrmmZcoSKyLKvtZxpyV0n2/bD/N4tBAAZ/gJEdZU7KMraoK1+XYAg==}] PackageHomePage: PackageSourceInfo: PackageLicenseConcluded:NOASSERTION PackageLicenseInfoFromFiles:[] PackageLicenseDeclared:MIT PackageLicenseComments: PackageCopyrightText: PackageSummary: PackageDescription: PackageComment:runtime or transitive dependency PackageExternalReferences:[] PackageAttributionTexts:[] PrimaryPackagePurpose: ReleaseDate: BuiltDate: ValidUntilDate: Files:[] Annotations:[] hasFiles:[]}
Neither CPE nor PURL found for package: &{IsUnpackaged:false PackageName:pump PackageSPDXIdentifier:NPM-b9b847105813a63ec5c1 PackageVersion:3.0.4 PackageFileName: PackageSupplier:<nil> PackageOriginator:<nil> PackageDownloadLocation:https://registry.npmjs.org/pump/-/pump-3.0.4.tgz FilesAnalyzed:false IsFilesAnalyzedTagPresent:true PackageVerificationCode:<nil> PackageChecksums:[{Algorithm:SHA512 Value:VS7sjc6KR7e1ukRFhQSY5LM2uBWAUPiOPa/A3mkKmiMwSmRFUITt0xuj+/lesgnCv+dPIEYlkzrcyXgquIHMcA==}] PackageHomePage: PackageSourceInfo: PackageLicenseConcluded:NOASSERTION PackageLicenseInfoFromFiles:[] PackageLicenseDeclared:MIT PackageLicenseComments: PackageCopyrightText: PackageSummary: PackageDescription: PackageComment:runtime or transitive dependency PackageExternalReferences:[] PackageAttributionTexts:[] PrimaryPackagePurpose: ReleaseDate: BuiltDate: ValidUntilDate: Files:[] Annotations:[] hasFiles:[]}
Neither CPE nor PURL found for package: &{IsUnpackaged:false PackageName:punycode PackageSPDXIdentifier:NPM-3fe331f5536b72438f24 PackageVersion:2.3.1 PackageFileName: PackageSupplier:<nil> PackageOriginator:<nil> PackageDownloadLocation:https://registry.npmjs.org/punycode/-/punycode-2.3.1.tgz FilesAnalyzed:false IsFilesAnalyzedTagPresent:true PackageVerificationCode:<nil> PackageChecksums:[{Algorithm:SHA512 Value:vYt7UD1U9Wg6138shLtLOvdAu+8DsC/ilFtEVHcH+wydcSpNE20AfSOduf6MkRFahL5FY7X1oU7nKVZFtfq8Fg==}] PackageHomePage: PackageSourceInfo: PackageLicenseConcluded:NOASSERTION PackageLicenseInfoFromFiles:[] PackageLicenseDeclared:MIT PackageLicenseComments: PackageCopyrightText: PackageSummary: PackageDescription: PackageComment:development dependency PackageExternalReferences:[] PackageAttributionTexts:[] PrimaryPackagePurpose: ReleaseDate: BuiltDate: ValidUntilDate: Files:[] Annotations:[] hasFiles:[]}
Neither CPE nor PURL found for package: &{IsUnpackaged:false PackageName:pure-rand PackageSPDXIdentifier:NPM-3e5a62651bfbd347df85 PackageVersion:6.1.0 PackageFileName: PackageSupplier:<nil> PackageOriginator:<nil> PackageDownloadLocation:https://registry.npmjs.org/pure-rand/-/pure-rand-6.1.0.tgz FilesAnalyzed:false IsFilesAnalyzedTagPresent:true PackageVerificationCode:<nil> PackageChecksums:[{Algorithm:SHA512 Value:bVWawvoZoBYpp6yIoQtQXHZjmz35RSVHnUOTefl8Vcjr8snTPY1wnpSPMWekcFwbxI6gtmT7rSYPFvz71ldiOA==}] PackageHomePage: PackageSourceInfo: PackageLicenseConcluded:NOASSERTION PackageLicenseInfoFromFiles:[] PackageLicenseDeclared:MIT PackageLicenseComments: PackageCopyrightText: PackageSummary: PackageDescription: PackageComment:development dependency PackageExternalReferences:[] PackageAttributionTexts:[] PrimaryPackagePurpose: ReleaseDate: BuiltDate: ValidUntilDate: Files:[] Annotations:[] hasFiles:[]}
Neither CPE nor PURL found for package: &{IsUnpackaged:false PackageName:qs PackageSPDXIdentifier:NPM-f41e0645d0326d5fc38d PackageVersion:6.15.2 PackageFileName: PackageSupplier:<nil> PackageOriginator:<nil> PackageDownloadLocation:https://registry.npmjs.org/qs/-/qs-6.15.2.tgz FilesAnalyzed:false IsFilesAnalyzedTagPresent:true PackageVerificationCode:<nil> PackageChecksums:[{Algorithm:SHA512 Value:Rzq0KEyX/w/tEybncDgdkZrJgVUsUMk3xjh3t5bv3S1HTAtg+uOYt72+ZfwiQwKdysThkTBdL/rTi6HDmX9Ddw==}] PackageHomePage: PackageSourceInfo: PackageLicenseConcluded:NOASSERTION PackageLicenseInfoFromFiles:[] PackageLicenseDeclared:BSD-3-Clause PackageLicenseComments: PackageCopyrightText: PackageSummary: PackageDescription: PackageComment:runtime or transitive dependency PackageExternalReferences:[] PackageAttributionTexts:[] PrimaryPackagePurpose: ReleaseDate: BuiltDate: ValidUntilDate: Files:[] Annotations:[] hasFiles:[]}
Neither CPE nor PURL found for package: &{IsUnpackaged:false PackageName:quick-lru PackageSPDXIdentifier:NPM-8f4d9751e91da4c395d0 PackageVersion:5.1.1 PackageFileName: PackageSupplier:<nil> PackageOriginator:<nil> PackageDownloadLocation:https://registry.npmjs.org/quick-lru/-/quick-lru-5.1.1.tgz FilesAnalyzed:false IsFilesAnalyzedTagPresent:true PackageVerificationCode:<nil> PackageChecksums:[{Algorithm:SHA512 Value:WuyALRjWPDGtt/wzJiadO5AXY+8hZ80hVpe6MyivgraREW751X3SbhRvG3eLKOYN+8VEvqLcf3wdnt44Z4S4SA==}] PackageHomePage: PackageSourceInfo: PackageLicenseConcluded:NOASSERTION PackageLicenseInfoFromFiles:[] PackageLicenseDeclared:MIT PackageLicenseComments: PackageCopyrightText: PackageSummary: PackageDescription: PackageComment:development dependency PackageExternalReferences:[] PackageAttributionTexts:[] PrimaryPackagePurpose: ReleaseDate: BuiltDate: ValidUntilDate: Files:[] Annotations:[] hasFiles:[]}
Neither CPE nor PURL found for package: &{IsUnpackaged:false PackageName:range-parser PackageSPDXIdentifier:NPM-e973789240fef3c00f35 PackageVersion:1.2.1 PackageFileName: PackageSupplier:<nil> PackageOriginator:<nil> PackageDownloadLocation:https://registry.npmjs.org/range-parser/-/range-parser-1.2.1.tgz FilesAnalyzed:false IsFilesAnalyzedTagPresent:true PackageVerificationCode:<nil> PackageChecksums:[{Algorithm:SHA512 Value:Hrgsx+orqoygnmhFbKaHE6c296J+HTAQXoxEF6gNupROmmGJRoyzfG3ccAveqCBrwr/2yxQ5BVd/GTl5agOwSg==}] PackageHomePage: PackageSourceInfo: PackageLicenseConcluded:NOASSERTION PackageLicenseInfoFromFiles:[] PackageLicenseDeclared:MIT PackageLicenseComments: PackageCopyrightText: PackageSummary: PackageDescription: PackageComment:runtime or transitive dependency PackageExternalReferences:[] PackageAttributionTexts:[] PrimaryPackagePurpose: ReleaseDate: BuiltDate: ValidUntilDate: Files:[] Annotations:[] hasFiles:[]}
Neither CPE nor PURL found for package: &{IsUnpackaged:false PackageName:raw-body PackageSPDXIdentifier:NPM-9c93854d539cb3b58b04 PackageVersion:2.5.3 PackageFileName: PackageSupplier:<nil> PackageOriginator:<nil> PackageDownloadLocation:https://registry.npmjs.org/raw-body/-/raw-body-2.5.3.tgz FilesAnalyzed:false IsFilesAnalyzedTagPresent:true PackageVerificationCode:<nil> PackageChecksums:[{Algorithm:SHA512 Value:s4VSOf6yN0rvbRZGxs8Om5CWj6seneMwK3oDb4lWDH0UPhWcxwOWw5+qk24bxq87szX1ydrwylIOp2uG1ojUpA==}] PackageHomePage: PackageSourceInfo: PackageLicenseConcluded:NOASSERTION PackageLicenseInfoFromFiles:[] PackageLicenseDeclared:MIT PackageLicenseComments: PackageCopyrightText: PackageSummary: PackageDescription: PackageComment:runtime or transitive dependency PackageExternalReferences:[] PackageAttributionTexts:[] PrimaryPackagePurpose: ReleaseDate: BuiltDate: ValidUntilDate: Files:[] Annotations:[] hasFiles:[]}
Neither CPE nor PURL found for package: &{IsUnpackaged:false PackageName:rc PackageSPDXIdentifier:NPM-0dd705bd5862b4c60ed8 PackageVersion:1.2.8 PackageFileName: PackageSupplier:<nil> PackageOriginator:<nil> PackageDownloadLocation:https://registry.npmjs.org/rc/-/rc-1.2.8.tgz FilesAnalyzed:false IsFilesAnalyzedTagPresent:true PackageVerificationCode:<nil> PackageChecksums:[{Algorithm:SHA512 Value:y3bGgqKj3QBdxLbLkomlohkvsA8gdAiUQlSBJnBhfn+BPxg4bc62d8TcBW15wavDfgexCgccckhcZvywyQYPOw==}] PackageHomePage: PackageSourceInfo: PackageLicenseConcluded:NOASSERTION PackageLicenseInfoFromFiles:[] PackageLicenseDeclared:(BSD-2-Clause OR MIT OR Apache-2.0) PackageLicenseComments: PackageCopyrightText: PackageSummary: PackageDescription: PackageComment:runtime or transitive dependency PackageExternalReferences:[] PackageAttributionTexts:[] PrimaryPackagePurpose: ReleaseDate: BuiltDate: ValidUntilDate: Files:[] Annotations:[] hasFiles:[]}
Neither CPE nor PURL found for package: &{IsUnpackaged:false PackageName:rc/node_modules/strip-json-comments PackageSPDXIdentifier:NPM-ce2e495f9f3869a4b7bc PackageVersion:2.0.1 PackageFileName: PackageSupplier:<nil> PackageOriginator:<nil> PackageDownloadLocation:https://registry.npmjs.org/strip-json-comments/-/strip-json-comments-2.0.1.tgz FilesAnalyzed:false IsFilesAnalyzedTagPresent:true PackageVerificationCode:<nil> PackageChecksums:[{Algorithm:SHA512 Value:4gB8na07fecVVkOI6Rs4e7T6NOTki5EmL7TUduTs6bu3EdnSycntVJ4re8kgZA+wx9IueI2Y11bfbgwtzuE0KQ==}] PackageHomePage: PackageSourceInfo: PackageLicenseConcluded:NOASSERTION PackageLicenseInfoFromFiles:[] PackageLicenseDeclared:MIT PackageLicenseComments: PackageCopyrightText: PackageSummary: PackageDescription: PackageComment:runtime or transitive dependency PackageExternalReferences:[] PackageAttributionTexts:[] PrimaryPackagePurpose: ReleaseDate: BuiltDate: ValidUntilDate: Files:[] Annotations:[] hasFiles:[]}
Neither CPE nor PURL found for package: &{IsUnpackaged:false PackageName:react-is PackageSPDXIdentifier:NPM-d22d315bace8e6af7981 PackageVersion:18.3.1 PackageFileName: PackageSupplier:<nil> PackageOriginator:<nil> PackageDownloadLocation:https://registry.npmjs.org/react-is/-/react-is-18.3.1.tgz FilesAnalyzed:false IsFilesAnalyzedTagPresent:true PackageVerificationCode:<nil> PackageChecksums:[{Algorithm:SHA512 Value:/LLMVyas0ljjAtoYiPqYiL8VWXzUUdThrmU5+n20DZv+a+ClRoevUzw5JxU+Ieh5/c87ytoTBV9G1FiKfNJdmg==}] PackageHomePage: PackageSourceInfo: PackageLicenseConcluded:NOASSERTION PackageLicenseInfoFromFiles:[] PackageLicenseDeclared:MIT PackageLicenseComments: PackageCopyrightText: PackageSummary: PackageDescription: PackageComment:development dependency PackageExternalReferences:[] PackageAttributionTexts:[] PrimaryPackagePurpose: ReleaseDate: BuiltDate: ValidUntilDate: Files:[] Annotations:[] hasFiles:[]}
Neither CPE nor PURL found for package: &{IsUnpackaged:false PackageName:read-config-file PackageSPDXIdentifier:NPM-8a823752019b22cc0b23 PackageVersion:6.3.2 PackageFileName: PackageSupplier:<nil> PackageOriginator:<nil> PackageDownloadLocation:https://registry.npmjs.org/read-config-file/-/read-config-file-6.3.2.tgz FilesAnalyzed:false IsFilesAnalyzedTagPresent:true PackageVerificationCode:<nil> PackageChecksums:[{Algorithm:SHA512 Value:M80lpCjnE6Wt6zb98DoW8WHR09nzMSpu8XHtPkiTHrJ5Az9CybfeQhTJ8D7saeBHpGhLPIVyA8lcL6ZmdKwY6Q==}] PackageHomePage: PackageSourceInfo: PackageLicenseConcluded:NOASSERTION PackageLicenseInfoFromFiles:[] PackageLicenseDeclared:MIT PackageLicenseComments: PackageCopyrightText: PackageSummary: PackageDescription: PackageComment:development dependency PackageExternalReferences:[] PackageAttributionTexts:[] PrimaryPackagePurpose: ReleaseDate: BuiltDate: ValidUntilDate: Files:[] Annotations:[] hasFiles:[]}
Neither CPE nor PURL found for package: &{IsUnpackaged:false PackageName:readable-stream PackageSPDXIdentifier:NPM-fc0849dcbb2c65cee81c PackageVersion:3.6.2 PackageFileName: PackageSupplier:<nil> PackageOriginator:<nil> PackageDownloadLocation:https://registry.npmjs.org/readable-stream/-/readable-stream-3.6.2.tgz FilesAnalyzed:false IsFilesAnalyzedTagPresent:true PackageVerificationCode:<nil> PackageChecksums:[{Algorithm:SHA512 Value:9u/sniCrY3D5WdsERHzHE4G2YCXqoG5FTHUiCC4SIbr6XcLZBY05ya9EKjYek9O5xOAwjGq+1JdGBAS7Q9ScoA==}] PackageHomePage: PackageSourceInfo: PackageLicenseConcluded:NOASSERTION PackageLicenseInfoFromFiles:[] PackageLicenseDeclared:MIT PackageLicenseComments: PackageCopyrightText: PackageSummary: PackageDescription: PackageComment:runtime or transitive dependency PackageExternalReferences:[] PackageAttributionTexts:[] PrimaryPackagePurpose: ReleaseDate: BuiltDate: ValidUntilDate: Files:[] Annotations:[] hasFiles:[]}
Neither CPE nor PURL found for package: &{IsUnpackaged:false PackageName:readdir-glob PackageSPDXIdentifier:NPM-963174360b3480c9309b PackageVersion:1.1.3 PackageFileName: PackageSupplier:<nil> PackageOriginator:<nil> PackageDownloadLocation:https://registry.npmjs.org/readdir-glob/-/readdir-glob-1.1.3.tgz FilesAnalyzed:false IsFilesAnalyzedTagPresent:true PackageVerificationCode:<nil> PackageChecksums:[{Algorithm:SHA512 Value:v05I2k7xN8zXvPD9N+z/uhXPaj0sUFCe2rcWZIpBsqxfP7xXFQ0tipAd/wjj1YxWyWtUS5IDJpOG82JKt2EAVA==}] PackageHomePage: PackageSourceInfo: PackageLicenseConcluded:NOASSERTION PackageLicenseInfoFromFiles:[] PackageLicenseDeclared:Apache-2.0 PackageLicenseComments: PackageCopyrightText: PackageSummary: PackageDescription: PackageComment:development dependency PackageExternalReferences:[] PackageAttributionTexts:[] PrimaryPackagePurpose: ReleaseDate: BuiltDate: ValidUntilDate: Files:[] Annotations:[] hasFiles:[]}
Neither CPE nor PURL found for package: &{IsUnpackaged:false PackageName:require-directory PackageSPDXIdentifier:NPM-5ac5f9cb1cb4ba110ae3 PackageVersion:2.1.1 PackageFileName: PackageSupplier:<nil> PackageOriginator:<nil> PackageDownloadLocation:https://registry.npmjs.org/require-directory/-/require-directory-2.1.1.tgz FilesAnalyzed:false IsFilesAnalyzedTagPresent:true PackageVerificationCode:<nil> PackageChecksums:[{Algorithm:SHA512 Value:fGxEI7+wsG9xrvdjsrlmL22OMTTiHRwAMroiEeMgq8gzoLC/PQr7RsRDSTLUg/bZAZtF+TVIkHc6/4RIKrui+Q==}] PackageHomePage: PackageSourceInfo: PackageLicenseConcluded:NOASSERTION PackageLicenseInfoFromFiles:[] PackageLicenseDeclared:MIT PackageLicenseComments: PackageCopyrightText: PackageSummary: PackageDescription: PackageComment:development dependency PackageExternalReferences:[] PackageAttributionTexts:[] PrimaryPackagePurpose: ReleaseDate: BuiltDate: ValidUntilDate: Files:[] Annotations:[] hasFiles:[]}
Neither CPE nor PURL found for package: &{IsUnpackaged:false PackageName:resolve PackageSPDXIdentifier:NPM-bacbd0cff46e308fa34a PackageVersion:1.22.12 PackageFileName: PackageSupplier:<nil> PackageOriginator:<nil> PackageDownloadLocation:https://registry.npmjs.org/resolve/-/resolve-1.22.12.tgz FilesAnalyzed:false IsFilesAnalyzedTagPresent:true PackageVerificationCode:<nil> PackageChecksums:[{Algorithm:SHA512 Value:TyeJ1zif53BPfHootBGwPRYT1RUt6oGWsaQr8UyZW/eAm9bKoijtvruSDEmZHm92CwS9nj7/fWttqPCgzep8CA==}] PackageHomePage: PackageSourceInfo: PackageLicenseConcluded:NOASSERTION PackageLicenseInfoFromFiles:[] PackageLicenseDeclared:MIT PackageLicenseComments: PackageCopyrightText: PackageSummary: PackageDescription: PackageComment:development dependency PackageExternalReferences:[] PackageAttributionTexts:[] PrimaryPackagePurpose: ReleaseDate: BuiltDate: ValidUntilDate: Files:[] Annotations:[] hasFiles:[]}
Neither CPE nor PURL found for package: &{IsUnpackaged:false PackageName:resolve-alpn PackageSPDXIdentifier:NPM-636ca46ba37c63c457e1 PackageVersion:1.2.1 PackageFileName: PackageSupplier:<nil> PackageOriginator:<nil> PackageDownloadLocation:https://registry.npmjs.org/resolve-alpn/-/resolve-alpn-1.2.1.tgz FilesAnalyzed:false IsFilesAnalyzedTagPresent:true PackageVerificationCode:<nil> PackageChecksums:[{Algorithm:SHA512 Value:0a1F4l73/ZFZOakJnQ3FvkJ2+gSTQWz/r2KE5OdDY0TxPm5h4GkqkWWfM47T7HsbnOtcJVEF4epCVy6u7Q3K+g==}] PackageHomePage: PackageSourceInfo: PackageLicenseConcluded:NOASSERTION PackageLicenseInfoFromFiles:[] PackageLicenseDeclared:MIT PackageLicenseComments: PackageCopyrightText: PackageSummary: PackageDescription: PackageComment:development dependency PackageExternalReferences:[] PackageAttributionTexts:[] PrimaryPackagePurpose: ReleaseDate: BuiltDate: ValidUntilDate: Files:[] Annotations:[] hasFiles:[]}
Neither CPE nor PURL found for package: &{IsUnpackaged:false PackageName:resolve-cwd PackageSPDXIdentifier:NPM-4025843abb51fb1ef143 PackageVersion:3.0.0 PackageFileName: PackageSupplier:<nil> PackageOriginator:<nil> PackageDownloadLocation:https://registry.npmjs.org/resolve-cwd/-/resolve-cwd-3.0.0.tgz FilesAnalyzed:false IsFilesAnalyzedTagPresent:true PackageVerificationCode:<nil> PackageChecksums:[{Algorithm:SHA512 Value:OrZaX2Mb+rJCpH/6CpSqt9xFVpN++x01XnN2ie9g6P5/3xelLAkXWVADpdz1IHD/KFfEXyE6V0U01OQ3UO2rEg==}] PackageHomePage: PackageSourceInfo: PackageLicenseConcluded:NOASSERTION PackageLicenseInfoFromFiles:[] PackageLicenseDeclared:MIT PackageLicenseComments: PackageCopyrightText: PackageSummary: PackageDescription: PackageComment:development dependency PackageExternalReferences:[] PackageAttributionTexts:[] PrimaryPackagePurpose: ReleaseDate: BuiltDate: ValidUntilDate: Files:[] Annotations:[] hasFiles:[]}
Neither CPE nor PURL found for package: &{IsUnpackaged:false PackageName:resolve-from PackageSPDXIdentifier:NPM-3fc664d5b09bf13ea609 PackageVersion:5.0.0 PackageFileName: PackageSupplier:<nil> PackageOriginator:<nil> PackageDownloadLocation:https://registry.npmjs.org/resolve-from/-/resolve-from-5.0.0.tgz FilesAnalyzed:false IsFilesAnalyzedTagPresent:true PackageVerificationCode:<nil> PackageChecksums:[{Algorithm:SHA512 Value:qYg9KP24dD5qka9J47d0aVky0N+b4fTU89LN9iDnjB5waksiC49rvMB0PrUJQGoTmH50XPiqOvAjDfaijGxYZw==}] PackageHomePage: PackageSourceInfo: PackageLicenseConcluded:NOASSERTION PackageLicenseInfoFromFiles:[] PackageLicenseDeclared:MIT PackageLicenseComments: PackageCopyrightText: PackageSummary: PackageDescription: PackageComment:development dependency PackageExternalReferences:[] PackageAttributionTexts:[] PrimaryPackagePurpose: ReleaseDate: BuiltDate: ValidUntilDate: Files:[] Annotations:[] hasFiles:[]}
Neither CPE nor PURL found for package: &{IsUnpackaged:false PackageName:resolve.exports PackageSPDXIdentifier:NPM-51331f819b61a655d366 PackageVersion:2.0.3 PackageFileName: PackageSupplier:<nil> PackageOriginator:<nil> PackageDownloadLocation:https://registry.npmjs.org/resolve.exports/-/resolve.exports-2.0.3.tgz FilesAnalyzed:false IsFilesAnalyzedTagPresent:true PackageVerificationCode:<nil> PackageChecksums:[{Algorithm:SHA512 Value:OcXjMsGdhL4XnbShKpAcSqPMzQoYkYyhbEaeSko47MjRP9NfEQMhZkXL1DoFlt9LWQn4YttrdnV6X2OiyzBi+A==}] PackageHomePage: PackageSourceInfo: PackageLicenseConcluded:NOASSERTION PackageLicenseInfoFromFiles:[] PackageLicenseDeclared:MIT PackageLicenseComments: PackageCopyrightText: PackageSummary: PackageDescription: PackageComment:development dependency PackageExternalReferences:[] PackageAttributionTexts:[] PrimaryPackagePurpose: ReleaseDate: BuiltDate: ValidUntilDate: Files:[] Annotations:[] hasFiles:[]}
Neither CPE nor PURL found for package: &{IsUnpackaged:false PackageName:responselike PackageSPDXIdentifier:NPM-98fb068c755e5b81bfc7 PackageVersion:2.0.1 PackageFileName: PackageSupplier:<nil> PackageOriginator:<nil> PackageDownloadLocation:https://registry.npmjs.org/responselike/-/responselike-2.0.1.tgz FilesAnalyzed:false IsFilesAnalyzedTagPresent:true PackageVerificationCode:<nil> PackageChecksums:[{Algorithm:SHA512 Value:4gl03wn3hj1HP3yzgdI7d3lCkF95F21Pz4BPGvKHinyQzALR5CapwC8yIi0Rh58DEMQ/SguC03wFj2k0M/mHhw==}] PackageHomePage: PackageSourceInfo: PackageLicenseConcluded:NOASSERTION PackageLicenseInfoFromFiles:[] PackageLicenseDeclared:MIT PackageLicenseComments: PackageCopyrightText: PackageSummary: PackageDescription: PackageComment:development dependency PackageExternalReferences:[] PackageAttributionTexts:[] PrimaryPackagePurpose: ReleaseDate: BuiltDate: ValidUntilDate: Files:[] Annotations:[] hasFiles:[]}
Neither CPE nor PURL found for package: &{IsUnpackaged:false PackageName:retry PackageSPDXIdentifier:NPM-9c9488d55d14179427b4 PackageVersion:0.12.0 PackageFileName: PackageSupplier:<nil> PackageOriginator:<nil> PackageDownloadLocation:https://registry.npmjs.org/retry/-/retry-0.12.0.tgz FilesAnalyzed:false IsFilesAnalyzedTagPresent:true PackageVerificationCode:<nil> PackageChecksums:[{Algorithm:SHA512 Value:9LkiTwjUh6rT555DtE9rTX+BKByPfrMzEAtnlEtdEwr3Nkffwiihqe2bWADg+OQRjt9gl6ICdmB/ZFDCGAtSow==}] PackageHomePage: PackageSourceInfo: PackageLicenseConcluded:NOASSERTION PackageLicenseInfoFromFiles:[] PackageLicenseDeclared:MIT PackageLicenseComments: PackageCopyrightText: PackageSummary: PackageDescription: PackageComment:runtime or transitive dependency PackageExternalReferences:[] PackageAttributionTexts:[] PrimaryPackagePurpose: ReleaseDate: BuiltDate: ValidUntilDate: Files:[] Annotations:[] hasFiles:[]}
Neither CPE nor PURL found for package: &{IsUnpackaged:false PackageName:rimraf PackageSPDXIdentifier:NPM-8580b0fc7123ae7741c7 PackageVersion:3.0.2 PackageFileName: PackageSupplier:<nil> PackageOriginator:<nil> PackageDownloadLocation:https://registry.npmjs.org/rimraf/-/rimraf-3.0.2.tgz FilesAnalyzed:false IsFilesAnalyzedTagPresent:true PackageVerificationCode:<nil> PackageChecksums:[{Algorithm:SHA512 Value:JZkJMZkAGFFPP2YqXZXPbMlMBgsxzE8ILs4lMIX/2o0L9UBw9O/Y3o6wFw/i9YLapcUJWwqbi3kdxIPdC62TIA==}] PackageHomePage: PackageSourceInfo: PackageLicenseConcluded:NOASSERTION PackageLicenseInfoFromFiles:[] PackageLicenseDeclared:ISC PackageLicenseComments: PackageCopyrightText: PackageSummary: PackageDescription: PackageComment:runtime or transitive dependency PackageExternalReferences:[] PackageAttributionTexts:[] PrimaryPackagePurpose: ReleaseDate: BuiltDate: ValidUntilDate: Files:[] Annotations:[] hasFiles:[]}
Neither CPE nor PURL found for package: &{IsUnpackaged:false PackageName:roarr PackageSPDXIdentifier:NPM-5dfdd46de9db159e1f27 PackageVersion:2.15.4 PackageFileName: PackageSupplier:<nil> PackageOriginator:<nil> PackageDownloadLocation:https://registry.npmjs.org/roarr/-/roarr-2.15.4.tgz FilesAnalyzed:false IsFilesAnalyzedTagPresent:true PackageVerificationCode:<nil> PackageChecksums:[{Algorithm:SHA512 Value:CHhPh+UNHD2GTXNYhPWLnU8ONHdI+5DI+4EYIAOaiD63rHeYlZvyh8P+in5999TTSFgUYuKUAjzRI4mdh/p+2A==}] PackageHomePage: PackageSourceInfo: PackageLicenseConcluded:NOASSERTION PackageLicenseInfoFromFiles:[] PackageLicenseDeclared:BSD-3-Clause PackageLicenseComments: PackageCopyrightText: PackageSummary: PackageDescription: PackageComment:development dependency PackageExternalReferences:[] PackageAttributionTexts:[] PrimaryPackagePurpose: ReleaseDate: BuiltDate: ValidUntilDate: Files:[] Annotations:[] hasFiles:[]}
Neither CPE nor PURL found for package: &{IsUnpackaged:false PackageName:safe-buffer PackageSPDXIdentifier:NPM-952cf236ee56e7de5ea7 PackageVersion:5.2.1 PackageFileName: PackageSupplier:<nil> PackageOriginator:<nil> PackageDownloadLocation:https://registry.npmjs.org/safe-buffer/-/safe-buffer-5.2.1.tgz FilesAnalyzed:false IsFilesAnalyzedTagPresent:true PackageVerificationCode:<nil> PackageChecksums:[{Algorithm:SHA512 Value:rp3So07KcdmmKbGvgaNxQSJr7bGVSVk5S9Eq1F+ppbRo70+YeaDxkw5Dd8NPN+GD6bjnYm2VuPuCXmpuYvmCXQ==}] PackageHomePage: PackageSourceInfo: PackageLicenseConcluded:NOASSERTION PackageLicenseInfoFromFiles:[] PackageLicenseDeclared:MIT PackageLicenseComments: PackageCopyrightText: PackageSummary: PackageDescription: PackageComment:runtime or transitive dependency PackageExternalReferences:[] PackageAttributionTexts:[] PrimaryPackagePurpose: ReleaseDate: BuiltDate: ValidUntilDate: Files:[] Annotations:[] hasFiles:[]}
Neither CPE nor PURL found for package: &{IsUnpackaged:false PackageName:safer-buffer PackageSPDXIdentifier:NPM-2fb14d3728e4ebf313be PackageVersion:2.1.2 PackageFileName: PackageSupplier:<nil> PackageOriginator:<nil> PackageDownloadLocation:https://registry.npmjs.org/safer-buffer/-/safer-buffer-2.1.2.tgz FilesAnalyzed:false IsFilesAnalyzedTagPresent:true PackageVerificationCode:<nil> PackageChecksums:[{Algorithm:SHA512 Value:YZo3K82SD7Riyi0E1EQPojLz7kpepnSQI9IyPbHHg1XXXevb5dJI7tpyN2ADxGcQbHG7vcyRHk0cbwqcQriUtg==}] PackageHomePage: PackageSourceInfo: PackageLicenseConcluded:NOASSERTION PackageLicenseInfoFromFiles:[] PackageLicenseDeclared:MIT PackageLicenseComments: PackageCopyrightText: PackageSummary: PackageDescription: PackageComment:runtime or transitive dependency PackageExternalReferences:[] PackageAttributionTexts:[] PrimaryPackagePurpose: ReleaseDate: BuiltDate: ValidUntilDate: Files:[] Annotations:[] hasFiles:[]}
Neither CPE nor PURL found for package: &{IsUnpackaged:false PackageName:sanitize-filename PackageSPDXIdentifier:NPM-0cc326da80976821cd86 PackageVersion:1.6.4 PackageFileName: PackageSupplier:<nil> PackageOriginator:<nil> PackageDownloadLocation:https://registry.npmjs.org/sanitize-filename/-/sanitize-filename-1.6.4.tgz FilesAnalyzed:false IsFilesAnalyzedTagPresent:true PackageVerificationCode:<nil> PackageChecksums:[{Algorithm:SHA512 Value:9ZyI08PsvdQl2r/bBIGubpVdR3RR9sY6RDiWFPreA21C/EFlQhmgo20UZlNjZMMZNubusLhAQozkA0Od5J21Eg==}] PackageHomePage: PackageSourceInfo: PackageLicenseConcluded:NOASSERTION PackageLicenseInfoFromFiles:[] PackageLicenseDeclared:WTFPL OR ISC PackageLicenseComments: PackageCopyrightText: PackageSummary: PackageDescription: PackageComment:development dependency PackageExternalReferences:[] PackageAttributionTexts:[] PrimaryPackagePurpose: ReleaseDate: BuiltDate: ValidUntilDate: Files:[] Annotations:[] hasFiles:[]}
Neither CPE nor PURL found for package: &{IsUnpackaged:false PackageName:sax PackageSPDXIdentifier:NPM-107f7613b843498150ac PackageVersion:1.6.0 PackageFileName: PackageSupplier:<nil> PackageOriginator:<nil> PackageDownloadLocation:https://registry.npmjs.org/sax/-/sax-1.6.0.tgz FilesAnalyzed:false IsFilesAnalyzedTagPresent:true PackageVerificationCode:<nil> PackageChecksums:[{Algorithm:SHA512 Value:6R3J5M4AcbtLUdZmRv2SygeVaM7IhrLXu9BmnOGmmACak8fiUtOsYNWUS4uK7upbmHIBbLBeFeI//477BKLBzA==}] PackageHomePage: PackageSourceInfo: PackageLicenseConcluded:NOASSERTION PackageLicenseInfoFromFiles:[] PackageLicenseDeclared:BlueOak-1.0.0 PackageLicenseComments: PackageCopyrightText: PackageSummary: PackageDescription: PackageComment:runtime or transitive dependency PackageExternalReferences:[] PackageAttributionTexts:[] PrimaryPackagePurpose: ReleaseDate: BuiltDate: ValidUntilDate: Files:[] Annotations:[] hasFiles:[]}
Neither CPE nor PURL found for package: &{IsUnpackaged:false PackageName:seedrandom PackageSPDXIdentifier:NPM-183b164051e0789e95ca PackageVersion:3.0.5 PackageFileName: PackageSupplier:<nil> PackageOriginator:<nil> PackageDownloadLocation:https://registry.npmjs.org/seedrandom/-/seedrandom-3.0.5.tgz FilesAnalyzed:false IsFilesAnalyzedTagPresent:true PackageVerificationCode:<nil> PackageChecksums:[{Algorithm:SHA512 Value:8OwmbklUNzwezjGInmZ+2clQmExQPvomqjL7LFqOYqtmuxRgQYqOD3mHaU+MvZn5FLUeVxVfQjwLZW/n/JFuqg==}] PackageHomePage: PackageSourceInfo: PackageLicenseConcluded:NOASSERTION PackageLicenseInfoFromFiles:[] PackageLicenseDeclared:MIT PackageLicenseComments: PackageCopyrightText: PackageSummary: PackageDescription: PackageComment:runtime or transitive dependency PackageExternalReferences:[] PackageAttributionTexts:[] PrimaryPackagePurpose: ReleaseDate: BuiltDate: ValidUntilDate: Files:[] Annotations:[] hasFiles:[]}
Neither CPE nor PURL found for package: &{IsUnpackaged:false PackageName:semver PackageSPDXIdentifier:NPM-8b8f657069cf84b7ca93 PackageVersion:6.3.1 PackageFileName: PackageSupplier:<nil> PackageOriginator:<nil> PackageDownloadLocation:https://registry.npmjs.org/semver/-/semver-6.3.1.tgz FilesAnalyzed:false IsFilesAnalyzedTagPresent:true PackageVerificationCode:<nil> PackageChecksums:[{Algorithm:SHA512 Value:BR7VvDCVHO+q2xBEWskxS6DJE1qRnb7DxzUrogb71CWoSficBxYsiAGd+Kl0mmq/MprG9yArRkyrQxTO6XjMzA==}] PackageHomePage: PackageSourceInfo: PackageLicenseConcluded:NOASSERTION PackageLicenseInfoFromFiles:[] PackageLicenseDeclared:ISC PackageLicenseComments: PackageCopyrightText: PackageSummary: PackageDescription: PackageComment:development dependency PackageExternalReferences:[] PackageAttributionTexts:[] PrimaryPackagePurpose: ReleaseDate: BuiltDate: ValidUntilDate: Files:[] Annotations:[] hasFiles:[]}
Neither CPE nor PURL found for package: &{IsUnpackaged:false PackageName:semver-compare PackageSPDXIdentifier:NPM-530748765374c2c5633f PackageVersion:1.0.0 PackageFileName: PackageSupplier:<nil> PackageOriginator:<nil> PackageDownloadLocation:https://registry.npmjs.org/semver-compare/-/semver-compare-1.0.0.tgz FilesAnalyzed:false IsFilesAnalyzedTagPresent:true PackageVerificationCode:<nil> PackageChecksums:[{Algorithm:SHA512 Value:YM3/ITh2MJ5MtzaM429anh+x2jiLVjqILF4m4oyQB18W7Ggea7BfqdH/wGMK7dDiMghv/6WG7znWMwUDzJiXow==}] PackageHomePage: PackageSourceInfo: PackageLicenseConcluded:NOASSERTION PackageLicenseInfoFromFiles:[] PackageLicenseDeclared:MIT PackageLicenseComments: PackageCopyrightText: PackageSummary: PackageDescription: PackageComment:development dependency PackageExternalReferences:[] PackageAttributionTexts:[] PrimaryPackagePurpose: ReleaseDate: BuiltDate: ValidUntilDate: Files:[] Annotations:[] hasFiles:[]}
Neither CPE nor PURL found for package: &{IsUnpackaged:false PackageName:send PackageSPDXIdentifier:NPM-0d467089a061b8657f4a PackageVersion:0.19.2 PackageFileName: PackageSupplier:<nil> PackageOriginator:<nil> PackageDownloadLocation:https://registry.npmjs.org/send/-/send-0.19.2.tgz FilesAnalyzed:false IsFilesAnalyzedTagPresent:true PackageVerificationCode:<nil> PackageChecksums:[{Algorithm:SHA512 Value:VMbMxbDeehAxpOtWJXlcUS5E8iXh6QmN+BkRX1GARS3wRaXEEgzCcB10gTQazO42tpNIya8xIyNx8fll1OFPrg==}] PackageHomePage: PackageSourceInfo: PackageLicenseConcluded:NOASSERTION PackageLicenseInfoFromFiles:[] PackageLicenseDeclared:MIT PackageLicenseComments: PackageCopyrightText: PackageSummary: PackageDescription: PackageComment:runtime or transitive dependency PackageExternalReferences:[] PackageAttributionTexts:[] PrimaryPackagePurpose: ReleaseDate: BuiltDate: ValidUntilDate: Files:[] Annotations:[] hasFiles:[]}
Neither CPE nor PURL found for package: &{IsUnpackaged:false PackageName:send/node_modules/debug PackageSPDXIdentifier:NPM-e1ede176ff0c7cfb8916 PackageVersion:2.6.9 PackageFileName: PackageSupplier:<nil> PackageOriginator:<nil> PackageDownloadLocation:https://registry.npmjs.org/debug/-/debug-2.6.9.tgz FilesAnalyzed:false IsFilesAnalyzedTagPresent:true PackageVerificationCode:<nil> PackageChecksums:[{Algorithm:SHA512 Value:bC7ElrdJaJnPbAP+1EotYvqZsb3ecl5wi6Bfi6BJTUcNowp6cvspg0jXznRTKDjm/E7AdgFBVeAPVMNcKGsHMA==}] PackageHomePage: PackageSourceInfo: PackageLicenseConcluded:NOASSERTION PackageLicenseInfoFromFiles:[] PackageLicenseDeclared:MIT PackageLicenseComments: PackageCopyrightText: PackageSummary: PackageDescription: PackageComment:runtime or transitive dependency PackageExternalReferences:[] PackageAttributionTexts:[] PrimaryPackagePurpose: ReleaseDate: BuiltDate: ValidUntilDate: Files:[] Annotations:[] hasFiles:[]}
Neither CPE nor PURL found for package: &{IsUnpackaged:false PackageName:send/node_modules/debug/node_modules/ms PackageSPDXIdentifier:NPM-59914ac24828d1199e23 PackageVersion:2.0.0 PackageFileName: PackageSupplier:<nil> PackageOriginator:<nil> PackageDownloadLocation:https://registry.npmjs.org/ms/-/ms-2.0.0.tgz FilesAnalyzed:false IsFilesAnalyzedTagPresent:true PackageVerificationCode:<nil> PackageChecksums:[{Algorithm:SHA512 Value:Tpp60P6IUJDTuOq/5Z8cdskzJujfwqfOTkrwIwj7IRISpnkJnT6SyJ4PCPnGMoFjC9ddhal5KVIYtAt97ix05A==}] PackageHomePage: PackageSourceInfo: PackageLicenseConcluded:NOASSERTION PackageLicenseInfoFromFiles:[] PackageLicenseDeclared:MIT PackageLicenseComments: PackageCopyrightText: PackageSummary: PackageDescription: PackageComment:runtime or transitive dependency PackageExternalReferences:[] PackageAttributionTexts:[] PrimaryPackagePurpose: ReleaseDate: BuiltDate: ValidUntilDate: Files:[] Annotations:[] hasFiles:[]}
Neither CPE nor PURL found for package: &{IsUnpackaged:false PackageName:serialize-error PackageSPDXIdentifier:NPM-9c366876abb37a5295f4 PackageVersion:7.0.1 PackageFileName: PackageSupplier:<nil> PackageOriginator:<nil> PackageDownloadLocation:https://registry.npmjs.org/serialize-error/-/serialize-error-7.0.1.tgz FilesAnalyzed:false IsFilesAnalyzedTagPresent:true PackageVerificationCode:<nil> PackageChecksums:[{Algorithm:SHA512 Value:8I8TjW5KMOKsZQTvoxjuSIa7foAwPWGOts+6o7sgjz41/qMD9VQHEDxi6PBvK2l0MXUmqZyNpUK+T2tQaaElvw==}] PackageHomePage: PackageSourceInfo: PackageLicenseConcluded:NOASSERTION PackageLicenseInfoFromFiles:[] PackageLicenseDeclared:MIT PackageLicenseComments: PackageCopyrightText: PackageSummary: PackageDescription: PackageComment:development dependency PackageExternalReferences:[] PackageAttributionTexts:[] PrimaryPackagePurpose: ReleaseDate: BuiltDate: ValidUntilDate: Files:[] Annotations:[] hasFiles:[]}
Neither CPE nor PURL found for package: &{IsUnpackaged:false PackageName:serialize-error/node_modules/type-fest PackageSPDXIdentifier:NPM-e18405568e6ae6503225 PackageVersion:0.13.1 PackageFileName: PackageSupplier:<nil> PackageOriginator:<nil> PackageDownloadLocation:https://registry.npmjs.org/type-fest/-/type-fest-0.13.1.tgz FilesAnalyzed:false IsFilesAnalyzedTagPresent:true PackageVerificationCode:<nil> PackageChecksums:[{Algorithm:SHA512 Value:34R7HTnG0XIJcBSn5XhDd7nNFPRcXYRZrBB2O2jdKqYODldSzBAqzsWoZYYvduky73toYS/ESqxPvkDf/F0XMg==}] PackageHomePage: PackageSourceInfo: PackageLicenseConcluded:NOASSERTION PackageLicenseInfoFromFiles:[] PackageLicenseDeclared:(MIT OR CC0-1.0) PackageLicenseComments: PackageCopyrightText: PackageSummary: PackageDescription: PackageComment:development dependency PackageExternalReferences:[] PackageAttributionTexts:[] PrimaryPackagePurpose: ReleaseDate: BuiltDate: ValidUntilDate: Files:[] Annotations:[] hasFiles:[]}
Neither CPE nor PURL found for package: &{IsUnpackaged:false PackageName:serve-static PackageSPDXIdentifier:NPM-035e918aebb5d7e572b9 PackageVersion:1.16.3 PackageFileName: PackageSupplier:<nil> PackageOriginator:<nil> PackageDownloadLocation:https://registry.npmjs.org/serve-static/-/serve-static-1.16.3.tgz FilesAnalyzed:false IsFilesAnalyzedTagPresent:true PackageVerificationCode:<nil> PackageChecksums:[{Algorithm:SHA512 Value:x0RTqQel6g5SY7Lg6ZreMmsOzncHFU7nhnRWkKgWuMTu5NN0DR5oruckMqRvacAN9d5w6ARnRBXl9xhDCgfMeA==}] PackageHomePage: PackageSourceInfo: PackageLicenseConcluded:NOASSERTION PackageLicenseInfoFromFiles:[] PackageLicenseDeclared:MIT PackageLicenseComments: PackageCopyrightText: PackageSummary: PackageDescription: PackageComment:runtime or transitive dependency PackageExternalReferences:[] PackageAttributionTexts:[] PrimaryPackagePurpose: ReleaseDate: BuiltDate: ValidUntilDate: Files:[] Annotations:[] hasFiles:[]}
Neither CPE nor PURL found for package: &{IsUnpackaged:false PackageName:set-blocking PackageSPDXIdentifier:NPM-d10823126ec31b1e665e PackageVersion:2.0.0 PackageFileName: PackageSupplier:<nil> PackageOriginator:<nil> PackageDownloadLocation:https://registry.npmjs.org/set-blocking/-/set-blocking-2.0.0.tgz FilesAnalyzed:false IsFilesAnalyzedTagPresent:true PackageVerificationCode:<nil> PackageChecksums:[{Algorithm:SHA512 Value:KiKBS8AnWGEyLzofFfmvKwpdPzqiy16LvQfK3yv/fVH7Bj13/wl3JSR1J+rfgRE9q7xUJK4qvgS8raSOeLUehw==}] PackageHomePage: PackageSourceInfo: PackageLicenseConcluded:NOASSERTION PackageLicenseInfoFromFiles:[] PackageLicenseDeclared:ISC PackageLicenseComments: PackageCopyrightText: PackageSummary: PackageDescription: PackageComment:runtime or transitive dependency PackageExternalReferences:[] PackageAttributionTexts:[] PrimaryPackagePurpose: ReleaseDate: BuiltDate: ValidUntilDate: Files:[] Annotations:[] hasFiles:[]}
Neither CPE nor PURL found for package: &{IsUnpackaged:false PackageName:setprototypeof PackageSPDXIdentifier:NPM-7787a1d3bc2f39b65d75 PackageVersion:1.2.0 PackageFileName: PackageSupplier:<nil> PackageOriginator:<nil> PackageDownloadLocation:https://registry.npmjs.org/setprototypeof/-/setprototypeof-1.2.0.tgz FilesAnalyzed:false IsFilesAnalyzedTagPresent:true PackageVerificationCode:<nil> PackageChecksums:[{Algorithm:SHA512 Value:E5LDX7Wrp85Kil5bhZv46j8jOeboKq5JMmYM3gVGdGH8xFpPWXUMsNrlODCrkoxMEeNi/XZIwuRvY4XNwYMJpw==}] PackageHomePage: PackageSourceInfo: PackageLicenseConcluded:NOASSERTION PackageLicenseInfoFromFiles:[] PackageLicenseDeclared:ISC PackageLicenseComments: PackageCopyrightText: PackageSummary: PackageDescription: PackageComment:runtime or transitive dependency PackageExternalReferences:[] PackageAttributionTexts:[] PrimaryPackagePurpose: ReleaseDate: BuiltDate: ValidUntilDate: Files:[] Annotations:[] hasFiles:[]}
Neither CPE nor PURL found for package: &{IsUnpackaged:false PackageName:shebang-command PackageSPDXIdentifier:NPM-a9cba97b71b818fb0a49 PackageVersion:2.0.0 PackageFileName: PackageSupplier:<nil> PackageOriginator:<nil> PackageDownloadLocation:https://registry.npmjs.org/shebang-command/-/shebang-command-2.0.0.tgz FilesAnalyzed:false IsFilesAnalyzedTagPresent:true PackageVerificationCode:<nil> PackageChecksums:[{Algorithm:SHA512 Value:kHxr2zZpYtdmrN1qDjrrX/Z1rR1kG8Dx+gkpK1G4eXmvXswmcE1hTWBWYUzlraYw1/yZp6YuDY77YtvbN0dmDA==}] PackageHomePage: PackageSourceInfo: PackageLicenseConcluded:NOASSERTION PackageLicenseInfoFromFiles:[] PackageLicenseDeclared:MIT PackageLicenseComments: PackageCopyrightText: PackageSummary: PackageDescription: PackageComment:development dependency PackageExternalReferences:[] PackageAttributionTexts:[] PrimaryPackagePurpose: ReleaseDate: BuiltDate: ValidUntilDate: Files:[] Annotations:[] hasFiles:[]}
Neither CPE nor PURL found for package: &{IsUnpackaged:false PackageName:shebang-regex PackageSPDXIdentifier:NPM-849fb37298f1c4dcdeb6 PackageVersion:3.0.0 PackageFileName: PackageSupplier:<nil> PackageOriginator:<nil> PackageDownloadLocation:https://registry.npmjs.org/shebang-regex/-/shebang-regex-3.0.0.tgz FilesAnalyzed:false IsFilesAnalyzedTagPresent:true PackageVerificationCode:<nil> PackageChecksums:[{Algorithm:SHA512 Value:7++dFhtcx3353uBaq8DDR4NuxBetBzC7ZQOhmTQInHEd6bSrXdiEyzCvG07Z44UYdLShWUyXt5M/yhz8ekcb1A==}] PackageHomePage: PackageSourceInfo: PackageLicenseConcluded:NOASSERTION PackageLicenseInfoFromFiles:[] PackageLicenseDeclared:MIT PackageLicenseComments: PackageCopyrightText: PackageSummary: PackageDescription: PackageComment:development dependency PackageExternalReferences:[] PackageAttributionTexts:[] PrimaryPackagePurpose: ReleaseDate: BuiltDate: ValidUntilDate: Files:[] Annotations:[] hasFiles:[]}
Neither CPE nor PURL found for package: &{IsUnpackaged:false PackageName:side-channel PackageSPDXIdentifier:NPM-21c10b3ca7022f8429a1 PackageVersion:1.1.0 PackageFileName: PackageSupplier:<nil> PackageOriginator:<nil> PackageDownloadLocation:https://registry.npmjs.org/side-channel/-/side-channel-1.1.0.tgz FilesAnalyzed:false IsFilesAnalyzedTagPresent:true PackageVerificationCode:<nil> PackageChecksums:[{Algorithm:SHA512 Value:ZX99e6tRweoUXqR+VBrslhda51Nh5MTQwou5tnUDgbtyM0dBgmhEDtWGP/xbKn6hqfPRHujUNwz5fy/wbbhnpw==}] PackageHomePage: PackageSourceInfo: PackageLicenseConcluded:NOASSERTION PackageLicenseInfoFromFiles:[] PackageLicenseDeclared:MIT PackageLicenseComments: PackageCopyrightText: PackageSummary: PackageDescription: PackageComment:runtime or transitive dependency PackageExternalReferences:[] PackageAttributionTexts:[] PrimaryPackagePurpose: ReleaseDate: BuiltDate: ValidUntilDate: Files:[] Annotations:[] hasFiles:[]}
Neither CPE nor PURL found for package: &{IsUnpackaged:false PackageName:side-channel-list PackageSPDXIdentifier:NPM-2e2f4a17d827779e4bfa PackageVersion:1.0.1 PackageFileName: PackageSupplier:<nil> PackageOriginator:<nil> PackageDownloadLocation:https://registry.npmjs.org/side-channel-list/-/side-channel-list-1.0.1.tgz FilesAnalyzed:false IsFilesAnalyzedTagPresent:true PackageVerificationCode:<nil> PackageChecksums:[{Algorithm:SHA512 Value:mjn/0bi/oUURjc5Xl7IaWi/OJJJumuoJFQJfDDyO46+hBWsfaVM65TBHq2eoZBhzl9EchxOijpkbRC8SVBQU0w==}] PackageHomePage: PackageSourceInfo: PackageLicenseConcluded:NOASSERTION PackageLicenseInfoFromFiles:[] PackageLicenseDeclared:MIT PackageLicenseComments: PackageCopyrightText: PackageSummary: PackageDescription: PackageComment:runtime or transitive dependency PackageExternalReferences:[] PackageAttributionTexts:[] PrimaryPackagePurpose: ReleaseDate: BuiltDate: ValidUntilDate: Files:[] Annotations:[] hasFiles:[]}
Neither CPE nor PURL found for package: &{IsUnpackaged:false PackageName:side-channel-map PackageSPDXIdentifier:NPM-fbcd0551973fc2c681cc PackageVersion:1.0.1 PackageFileName: PackageSupplier:<nil> PackageOriginator:<nil> PackageDownloadLocation:https://registry.npmjs.org/side-channel-map/-/side-channel-map-1.0.1.tgz FilesAnalyzed:false IsFilesAnalyzedTagPresent:true PackageVerificationCode:<nil> PackageChecksums:[{Algorithm:SHA512 Value:VCjCNfgMsby3tTdo02nbjtM/ewra6jPHmpThenkTYh8pG9ucZ/1P8So4u4FGBek/BjpOVsDCMoLA/iuBKIFXRA==}] PackageHomePage: PackageSourceInfo: PackageLicenseConcluded:NOASSERTION PackageLicenseInfoFromFiles:[] PackageLicenseDeclared:MIT PackageLicenseComments: PackageCopyrightText: PackageSummary: PackageDescription: PackageComment:runtime or transitive dependency PackageExternalReferences:[] PackageAttributionTexts:[] PrimaryPackagePurpose: ReleaseDate: BuiltDate: ValidUntilDate: Files:[] Annotations:[] hasFiles:[]}
Neither CPE nor PURL found for package: &{IsUnpackaged:false PackageName:side-channel-weakmap PackageSPDXIdentifier:NPM-9d9dd0c0dbaa99213232 PackageVersion:1.0.2 PackageFileName: PackageSupplier:<nil> PackageOriginator:<nil> PackageDownloadLocation:https://registry.npmjs.org/side-channel-weakmap/-/side-channel-weakmap-1.0.2.tgz FilesAnalyzed:false IsFilesAnalyzedTagPresent:true PackageVerificationCode:<nil> PackageChecksums:[{Algorithm:SHA512 Value:WPS/HvHQTYnHisLo9McqBHOJk2FkHO/tlpvldyrnem4aeQp4hai3gythswg6p01oSoTl58rcpiFAjF2br2Ak2A==}] PackageHomePage: PackageSourceInfo: PackageLicenseConcluded:NOASSERTION PackageLicenseInfoFromFiles:[] PackageLicenseDeclared:MIT PackageLicenseComments: PackageCopyrightText: PackageSummary: PackageDescription: PackageComment:runtime or transitive dependency PackageExternalReferences:[] PackageAttributionTexts:[] PrimaryPackagePurpose: ReleaseDate: BuiltDate: ValidUntilDate: Files:[] Annotations:[] hasFiles:[]}
Neither CPE nor PURL found for package: &{IsUnpackaged:false PackageName:signal-exit PackageSPDXIdentifier:NPM-5ad551060d44370794e7 PackageVersion:3.0.7 PackageFileName: PackageSupplier:<nil> PackageOriginator:<nil> PackageDownloadLocation:https://registry.npmjs.org/signal-exit/-/signal-exit-3.0.7.tgz FilesAnalyzed:false IsFilesAnalyzedTagPresent:true PackageVerificationCode:<nil> PackageChecksums:[{Algorithm:SHA512 Value:wnD2ZE+l+SPC/uoS0vXeE9L1+0wuaMqKlfz9AMUo38JsyLSBWSFcHR1Rri62LZc12vLr1gb3jl7iwQhgwpAbGQ==}] PackageHomePage: PackageSourceInfo: PackageLicenseConcluded:NOASSERTION PackageLicenseInfoFromFiles:[] PackageLicenseDeclared:ISC PackageLicenseComments: PackageCopyrightText: PackageSummary: PackageDescription: PackageComment:runtime or transitive dependency PackageExternalReferences:[] PackageAttributionTexts:[] PrimaryPackagePurpose: ReleaseDate: BuiltDate: ValidUntilDate: Files:[] Annotations:[] hasFiles:[]}
Neither CPE nor PURL found for package: &{IsUnpackaged:false PackageName:simple-concat PackageSPDXIdentifier:NPM-7e08f893385d0a6d7059 PackageVersion:1.0.1 PackageFileName: PackageSupplier:<nil> PackageOriginator:<nil> PackageDownloadLocation:https://registry.npmjs.org/simple-concat/-/simple-concat-1.0.1.tgz FilesAnalyzed:false IsFilesAnalyzedTagPresent:true PackageVerificationCode:<nil> PackageChecksums:[{Algorithm:SHA512 Value:cSFtAPtRhljv69IK0hTVZQ+OfE9nePi/rtJmw5UjHeVyVroEqJXP1sFztKUy1qU+xvz3u/sfYJLa947b7nAN2Q==}] PackageHomePage: PackageSourceInfo: PackageLicenseConcluded:NOASSERTION PackageLicenseInfoFromFiles:[] PackageLicenseDeclared:MIT PackageLicenseComments: PackageCopyrightText: PackageSummary: PackageDescription: PackageComment:runtime or transitive dependency PackageExternalReferences:[] PackageAttributionTexts:[] PrimaryPackagePurpose: ReleaseDate: BuiltDate: ValidUntilDate: Files:[] Annotations:[] hasFiles:[]}
Neither CPE nor PURL found for package: &{IsUnpackaged:false PackageName:simple-get PackageSPDXIdentifier:NPM-c2c12990b6319daff653 PackageVersion:4.0.1 PackageFileName: PackageSupplier:<nil> PackageOriginator:<nil> PackageDownloadLocation:https://registry.npmjs.org/simple-get/-/simple-get-4.0.1.tgz FilesAnalyzed:false IsFilesAnalyzedTagPresent:true PackageVerificationCode:<nil> PackageChecksums:[{Algorithm:SHA512 Value:brv7p5WgH0jmQJr1ZDDfKDOSeWWg+OVypG99A/5vYGPqJ6pxiaHLy8nxtFjBA7oMa01ebA9gfh1uMCFqOuXxvA==}] PackageHomePage: PackageSourceInfo: PackageLicenseConcluded:NOASSERTION PackageLicenseInfoFromFiles:[] PackageLicenseDeclared:MIT PackageLicenseComments: PackageCopyrightText: PackageSummary: PackageDescription: PackageComment:runtime or transitive dependency PackageExternalReferences:[] PackageAttributionTexts:[] PrimaryPackagePurpose: ReleaseDate: BuiltDate: ValidUntilDate: Files:[] Annotations:[] hasFiles:[]}
Neither CPE nor PURL found for package: &{IsUnpackaged:false PackageName:simple-update-notifier PackageSPDXIdentifier:NPM-54ead1b047d5268de237 PackageVersion:2.0.0 PackageFileName: PackageSupplier:<nil> PackageOriginator:<nil> PackageDownloadLocation:https://registry.npmjs.org/simple-update-notifier/-/simple-update-notifier-2.0.0.tgz FilesAnalyzed:false IsFilesAnalyzedTagPresent:true PackageVerificationCode:<nil> PackageChecksums:[{Algorithm:SHA512 Value:a2B9Y0KlNXl9u/vsW6sTIu9vGEpfKu2wRV6l1H3XEas/0gUIzGzBoP/IouTcUQbm9JWZLH3COxyn03TYlFax6w==}] PackageHomePage: PackageSourceInfo: PackageLicenseConcluded:NOASSERTION PackageLicenseInfoFromFiles:[] PackageLicenseDeclared:MIT PackageLicenseComments: PackageCopyrightText: PackageSummary: PackageDescription: PackageComment:development dependency PackageExternalReferences:[] PackageAttributionTexts:[] PrimaryPackagePurpose: ReleaseDate: BuiltDate: ValidUntilDate: Files:[] Annotations:[] hasFiles:[]}
Neither CPE nor PURL found for package: &{IsUnpackaged:false PackageName:simple-update-notifier/node_modules/semver PackageSPDXIdentifier:NPM-faa8cedee5278502cb4c PackageVersion:7.8.2 PackageFileName: PackageSupplier:<nil> PackageOriginator:<nil> PackageDownloadLocation:https://registry.npmjs.org/semver/-/semver-7.8.2.tgz FilesAnalyzed:false IsFilesAnalyzedTagPresent:true PackageVerificationCode:<nil> PackageChecksums:[{Algorithm:SHA512 Value:c8jsqUZm3omBOI66G90z1Dyw5z622G8oLG+omfsHBJf3CWQTlOcwOjvOG6wtiNfW6anKm/eA39LMwMtMez2TiQ==}] PackageHomePage: PackageSourceInfo: PackageLicenseConcluded:NOASSERTION PackageLicenseInfoFromFiles:[] PackageLicenseDeclared:ISC PackageLicenseComments: PackageCopyrightText: PackageSummary: PackageDescription: PackageComment:development dependency PackageExternalReferences:[] PackageAttributionTexts:[] PrimaryPackagePurpose: ReleaseDate: BuiltDate: ValidUntilDate: Files:[] Annotations:[] hasFiles:[]}
Neither CPE nor PURL found for package: &{IsUnpackaged:false PackageName:sisteransi PackageSPDXIdentifier:NPM-3bb5133564f8acc90fbe PackageVersion:1.0.5 PackageFileName: PackageSupplier:<nil> PackageOriginator:<nil> PackageDownloadLocation:https://registry.npmjs.org/sisteransi/-/sisteransi-1.0.5.tgz FilesAnalyzed:false IsFilesAnalyzedTagPresent:true PackageVerificationCode:<nil> PackageChecksums:[{Algorithm:SHA512 Value:bLGGlR1QxBcynn2d5YmDX4MGjlZvy2MRBDRNHLJ8VI6l6+9FUiyTFNJ0IveOSP0bcXgVDPRcfGqA0pjaqUpfVg==}] PackageHomePage: PackageSourceInfo: PackageLicenseConcluded:NOASSERTION PackageLicenseInfoFromFiles:[] PackageLicenseDeclared:MIT PackageLicenseComments: PackageCopyrightText: PackageSummary: PackageDescription: PackageComment:development dependency PackageExternalReferences:[] PackageAttributionTexts:[] PrimaryPackagePurpose: ReleaseDate: BuiltDate: ValidUntilDate: Files:[] Annotations:[] hasFiles:[]}
Neither CPE nor PURL found for package: &{IsUnpackaged:false PackageName:slash PackageSPDXIdentifier:NPM-57b0bff95803c70021c3 PackageVersion:3.0.0 PackageFileName: PackageSupplier:<nil> PackageOriginator:<nil> PackageDownloadLocation:https://registry.npmjs.org/slash/-/slash-3.0.0.tgz FilesAnalyzed:false IsFilesAnalyzedTagPresent:true PackageVerificationCode:<nil> PackageChecksums:[{Algorithm:SHA512 Value:g9Q1haeby36OSStwb4ntCGGGaKsaVSjQ68fBxoQcutl5fS1vuY18H3wSt3jFyFtrkx+Kz0V1G85A4MyAdDMi2Q==}] PackageHomePage: PackageSourceInfo: PackageLicenseConcluded:NOASSERTION PackageLicenseInfoFromFiles:[] PackageLicenseDeclared:MIT PackageLicenseComments: PackageCopyrightText: PackageSummary: PackageDescription: PackageComment:development dependency PackageExternalReferences:[] PackageAttributionTexts:[] PrimaryPackagePurpose: ReleaseDate: BuiltDate: ValidUntilDate: Files:[] Annotations:[] hasFiles:[]}
Neither CPE nor PURL found for package: &{IsUnpackaged:false PackageName:slice-ansi PackageSPDXIdentifier:NPM-d7dfe25739dc117efe1d PackageVersion:3.0.0 PackageFileName: PackageSupplier:<nil> PackageOriginator:<nil> PackageDownloadLocation:https://registry.npmjs.org/slice-ansi/-/slice-ansi-3.0.0.tgz FilesAnalyzed:false IsFilesAnalyzedTagPresent:true PackageVerificationCode:<nil> PackageChecksums:[{Algorithm:SHA512 Value:pSyv7bSTC7ig9Dcgbw9AuRNUb5k5V6oDudjZoMBSr13qpLBG7tB+zgCkARjq7xIUgdz5P1Qe8u+rSGdouOOIyQ==}] PackageHomePage: PackageSourceInfo: PackageLicenseConcluded:NOASSERTION PackageLicenseInfoFromFiles:[] PackageLicenseDeclared:MIT PackageLicenseComments: PackageCopyrightText: PackageSummary: PackageDescription: PackageComment:development dependency PackageExternalReferences:[] PackageAttributionTexts:[] PrimaryPackagePurpose: ReleaseDate: BuiltDate: ValidUntilDate: Files:[] Annotations:[] hasFiles:[]}
Neither CPE nor PURL found for package: &{IsUnpackaged:false PackageName:smart-buffer PackageSPDXIdentifier:NPM-bc8fbee089eb9cddf673 PackageVersion:4.2.0 PackageFileName: PackageSupplier:<nil> PackageOriginator:<nil> PackageDownloadLocation:https://registry.npmjs.org/smart-buffer/-/smart-buffer-4.2.0.tgz FilesAnalyzed:false IsFilesAnalyzedTagPresent:true PackageVerificationCode:<nil> PackageChecksums:[{Algorithm:SHA512 Value:94hK0Hh8rPqQl2xXc3HsaBoOXKV20MToPkcXvwbISWLEs+64sBq5kFgn2kJDHb1Pry9yrP0dxrCI9RRci7RXKg==}] PackageHomePage: PackageSourceInfo: PackageLicenseConcluded:NOASSERTION PackageLicenseInfoFromFiles:[] PackageLicenseDeclared:MIT PackageLicenseComments: PackageCopyrightText: PackageSummary: PackageDescription: PackageComment:runtime or transitive dependency PackageExternalReferences:[] PackageAttributionTexts:[] PrimaryPackagePurpose: ReleaseDate: BuiltDate: ValidUntilDate: Files:[] Annotations:[] hasFiles:[]}
Neither CPE nor PURL found for package: &{IsUnpackaged:false PackageName:socks PackageSPDXIdentifier:NPM-d403b00b9f091afcb89d PackageVersion:2.8.9 PackageFileName: PackageSupplier:<nil> PackageOriginator:<nil> PackageDownloadLocation:https://registry.npmjs.org/socks/-/socks-2.8.9.tgz FilesAnalyzed:false IsFilesAnalyzedTagPresent:true PackageVerificationCode:<nil> PackageChecksums:[{Algorithm:SHA512 Value:LJhUYUvItdQ0LkJTmPeaEObWXAqFyfmP85x0tch/ez9cahmhlBBLbIqDFnvBnUJGagb0JbIQrkBs1wJ+yRYpEw==}] PackageHomePage: PackageSourceInfo: PackageLicenseConcluded:NOASSERTION PackageLicenseInfoFromFiles:[] PackageLicenseDeclared:MIT PackageLicenseComments: PackageCopyrightText: PackageSummary: PackageDescription: PackageComment:runtime or transitive dependency PackageExternalReferences:[] PackageAttributionTexts:[] PrimaryPackagePurpose: ReleaseDate: BuiltDate: ValidUntilDate: Files:[] Annotations:[] hasFiles:[]}
Neither CPE nor PURL found for package: &{IsUnpackaged:false PackageName:socks-proxy-agent PackageSPDXIdentifier:NPM-c4658b60819dd47e92c8 PackageVersion:6.2.1 PackageFileName: PackageSupplier:<nil> PackageOriginator:<nil> PackageDownloadLocation:https://registry.npmjs.org/socks-proxy-agent/-/socks-proxy-agent-6.2.1.tgz FilesAnalyzed:false IsFilesAnalyzedTagPresent:true PackageVerificationCode:<nil> PackageChecksums:[{Algorithm:SHA512 Value:a6KW9G+6B3nWZ1yB8G7pJwL3ggLy1uTzKAgCb7ttblwqdz9fMGJUuTy3uFzEP48FAs9FLILlmzDlE2JJhVQaXQ==}] PackageHomePage: PackageSourceInfo: PackageLicenseConcluded:NOASSERTION PackageLicenseInfoFromFiles:[] PackageLicenseDeclared:MIT PackageLicenseComments: PackageCopyrightText: PackageSummary: PackageDescription: PackageComment:runtime or transitive dependency PackageExternalReferences:[] PackageAttributionTexts:[] PrimaryPackagePurpose: ReleaseDate: BuiltDate: ValidUntilDate: Files:[] Annotations:[] hasFiles:[]}
Neither CPE nor PURL found for package: &{IsUnpackaged:false PackageName:source-map PackageSPDXIdentifier:NPM-55fb2b4a8e114a26cce0 PackageVersion:0.6.1 PackageFileName: PackageSupplier:<nil> PackageOriginator:<nil> PackageDownloadLocation:https://registry.npmjs.org/source-map/-/source-map-0.6.1.tgz FilesAnalyzed:false IsFilesAnalyzedTagPresent:true PackageVerificationCode:<nil> PackageChecksums:[{Algorithm:SHA512 Value:UjgapumWlbMhkBgzT7Ykc5YXUT46F0iKu8SGXq0bcwP5dz/h0Plj6enJqjz1Zbq2l5WaqYnrVbwWOWMyF3F47g==}] PackageHomePage: PackageSourceInfo: PackageLicenseConcluded:NOASSERTION PackageLicenseInfoFromFiles:[] PackageLicenseDeclared:BSD-3-Clause PackageLicenseComments: PackageCopyrightText: PackageSummary: PackageDescription: PackageComment:development dependency PackageExternalReferences:[] PackageAttributionTexts:[] PrimaryPackagePurpose: ReleaseDate: BuiltDate: ValidUntilDate: Files:[] Annotations:[] hasFiles:[]}
Neither CPE nor PURL found for package: &{IsUnpackaged:false PackageName:source-map-support PackageSPDXIdentifier:NPM-51292ddf8fc7ef77f970 PackageVersion:0.5.21 PackageFileName: PackageSupplier:<nil> PackageOriginator:<nil> PackageDownloadLocation:https://registry.npmjs.org/source-map-support/-/source-map-support-0.5.21.tgz FilesAnalyzed:false IsFilesAnalyzedTagPresent:true PackageVerificationCode:<nil> PackageChecksums:[{Algorithm:SHA512 Value:uBHU3L3czsIyYXKX88fdrGovxdSCoTGDRZ6SYXtSRxLZUzHg5P/66Ht6uoUlHu9EZod+inXhKo3qQgwXUT/y1w==}] PackageHomePage: PackageSourceInfo: PackageLicenseConcluded:NOASSERTION PackageLicenseInfoFromFiles:[] PackageLicenseDeclared:MIT PackageLicenseComments: PackageCopyrightText: PackageSummary: PackageDescription: PackageComment:development dependency PackageExternalReferences:[] PackageAttributionTexts:[] PrimaryPackagePurpose: ReleaseDate: BuiltDate: ValidUntilDate: Files:[] Annotations:[] hasFiles:[]}
Neither CPE nor PURL found for package: &{IsUnpackaged:false PackageName:sprintf-js PackageSPDXIdentifier:NPM-d8b6ff1ba6436283de68 PackageVersion:1.1.3 PackageFileName: PackageSupplier:<nil> PackageOriginator:<nil> PackageDownloadLocation:https://registry.npmjs.org/sprintf-js/-/sprintf-js-1.1.3.tgz FilesAnalyzed:false IsFilesAnalyzedTagPresent:true PackageVerificationCode:<nil> PackageChecksums:[{Algorithm:SHA512 Value:Oo+0REFV59/rz3gfJNKQiBlwfHaSESl1pcGyABQsnnIfWOFt6JNj5gCog2U6MLZ//IGYD+nA8nI+mTShREReaA==}] PackageHomePage: PackageSourceInfo: PackageLicenseConcluded:NOASSERTION PackageLicenseInfoFromFiles:[] PackageLicenseDeclared:BSD-3-Clause PackageLicenseComments: PackageCopyrightText: PackageSummary: PackageDescription: PackageComment:development dependency PackageExternalReferences:[] PackageAttributionTexts:[] PrimaryPackagePurpose: ReleaseDate: BuiltDate: ValidUntilDate: Files:[] Annotations:[] hasFiles:[]}
Neither CPE nor PURL found for package: &{IsUnpackaged:false PackageName:sqlite3 PackageSPDXIdentifier:NPM-583ac8ee474bc3c09a7a PackageVersion:5.1.7 PackageFileName: PackageSupplier:<nil> PackageOriginator:<nil> PackageDownloadLocation:https://registry.npmjs.org/sqlite3/-/sqlite3-5.1.7.tgz FilesAnalyzed:false IsFilesAnalyzedTagPresent:true PackageVerificationCode:<nil> PackageChecksums:[{Algorithm:SHA512 Value:GGIyOiFaG+TUra3JIfkI/zGP8yZYLPQ0pl1bH+ODjiX57sPhrLU5sQJn1y9bDKZUFYkX1crlrPfSYt0BKKdkog==}] PackageHomePage: PackageSourceInfo: PackageLicenseConcluded:NOASSERTION PackageLicenseInfoFromFiles:[] PackageLicenseDeclared:BSD-3-Clause PackageLicenseComments: PackageCopyrightText: PackageSummary: PackageDescription: PackageComment:runtime or transitive dependency PackageExternalReferences:[] PackageAttributionTexts:[] PrimaryPackagePurpose: ReleaseDate: BuiltDate: ValidUntilDate: Files:[] Annotations:[] hasFiles:[]}
Neither CPE nor PURL found for package: &{IsUnpackaged:false PackageName:sqlite3/node_modules/node-addon-api PackageSPDXIdentifier:NPM-ea4a07aa3fb47a27051a PackageVersion:7.1.1 PackageFileName: PackageSupplier:<nil> PackageOriginator:<nil> PackageDownloadLocation:https://registry.npmjs.org/node-addon-api/-/node-addon-api-7.1.1.tgz FilesAnalyzed:false IsFilesAnalyzedTagPresent:true PackageVerificationCode:<nil> PackageChecksums:[{Algorithm:SHA512 Value:5m3bsyrjFWE1xf7nz7YXdN4udnVtXK6/Yfgn5qnahL6bCkf2yKt4k3nuTKAtT4r3IG8JNR2ncsIMdZuAzJjHQQ==}] PackageHomePage: PackageSourceInfo: PackageLicenseConcluded:NOASSERTION PackageLicenseInfoFromFiles:[] PackageLicenseDeclared:MIT PackageLicenseComments: PackageCopyrightText: PackageSummary: PackageDescription: PackageComment:runtime or transitive dependency PackageExternalReferences:[] PackageAttributionTexts:[] PrimaryPackagePurpose: ReleaseDate: BuiltDate: ValidUntilDate: Files:[] Annotations:[] hasFiles:[]}
Neither CPE nor PURL found for package: &{IsUnpackaged:false PackageName:ssri PackageSPDXIdentifier:NPM-8bc82a6848154ea044a4 PackageVersion:8.0.1 PackageFileName: PackageSupplier:<nil> PackageOriginator:<nil> PackageDownloadLocation:https://registry.npmjs.org/ssri/-/ssri-8.0.1.tgz FilesAnalyzed:false IsFilesAnalyzedTagPresent:true PackageVerificationCode:<nil> PackageChecksums:[{Algorithm:SHA512 Value:97qShzy1AiyxvPNIkLWoGua7xoQzzPjQ0HAH4B0rWKo7SZ6USuPcrUiAFrws0UH8RrbWmgq3LMTObhPIHbbBeQ==}] PackageHomePage: PackageSourceInfo: PackageLicenseConcluded:NOASSERTION PackageLicenseInfoFromFiles:[] PackageLicenseDeclared:ISC PackageLicenseComments: PackageCopyrightText: PackageSummary: PackageDescription: PackageComment:runtime or transitive dependency PackageExternalReferences:[] PackageAttributionTexts:[] PrimaryPackagePurpose: ReleaseDate: BuiltDate: ValidUntilDate: Files:[] Annotations:[] hasFiles:[]}
Neither CPE nor PURL found for package: &{IsUnpackaged:false PackageName:stack-utils PackageSPDXIdentifier:NPM-25bc8454a8337cc63450 PackageVersion:2.0.6 PackageFileName: PackageSupplier:<nil> PackageOriginator:<nil> PackageDownloadLocation:https://registry.npmjs.org/stack-utils/-/stack-utils-2.0.6.tgz FilesAnalyzed:false IsFilesAnalyzedTagPresent:true PackageVerificationCode:<nil> PackageChecksums:[{Algorithm:SHA512 Value:XlkWvfIm6RmsWtNJx+uqtKLS8eqFbxUg0ZzLXqY0caEy9l7hruX8IpiDnjsLavoBgqCCR71TqWO8MaXYheJ3RQ==}] PackageHomePage: PackageSourceInfo: PackageLicenseConcluded:NOASSERTION PackageLicenseInfoFromFiles:[] PackageLicenseDeclared:MIT PackageLicenseComments: PackageCopyrightText: PackageSummary: PackageDescription: PackageComment:development dependency PackageExternalReferences:[] PackageAttributionTexts:[] PrimaryPackagePurpose: ReleaseDate: BuiltDate: ValidUntilDate: Files:[] Annotations:[] hasFiles:[]}
Neither CPE nor PURL found for package: &{IsUnpackaged:false PackageName:stack-utils/node_modules/escape-string-regexp PackageSPDXIdentifier:NPM-8a9595373a6185ef861c PackageVersion:2.0.0 PackageFileName: PackageSupplier:<nil> PackageOriginator:<nil> PackageDownloadLocation:https://registry.npmjs.org/escape-string-regexp/-/escape-string-regexp-2.0.0.tgz FilesAnalyzed:false IsFilesAnalyzedTagPresent:true PackageVerificationCode:<nil> PackageChecksums:[{Algorithm:SHA512 Value:UpzcLCXolUWcNu5HtVMHYdXJjArjsF9C0aNnquZYY4uW/Vu0miy5YoWvbV345HauVvcAUnpRuhMMcqTcGOY2+w==}] PackageHomePage: PackageSourceInfo: PackageLicenseConcluded:NOASSERTION PackageLicenseInfoFromFiles:[] PackageLicenseDeclared:MIT PackageLicenseComments: PackageCopyrightText: PackageSummary: PackageDescription: PackageComment:development dependency PackageExternalReferences:[] PackageAttributionTexts:[] PrimaryPackagePurpose: ReleaseDate: BuiltDate: ValidUntilDate: Files:[] Annotations:[] hasFiles:[]}
Neither CPE nor PURL found for package: &{IsUnpackaged:false PackageName:stat-mode PackageSPDXIdentifier:NPM-95731d5382db1d9adf36 PackageVersion:1.0.0 PackageFileName: PackageSupplier:<nil> PackageOriginator:<nil> PackageDownloadLocation:https://registry.npmjs.org/stat-mode/-/stat-mode-1.0.0.tgz FilesAnalyzed:false IsFilesAnalyzedTagPresent:true PackageVerificationCode:<nil> PackageChecksums:[{Algorithm:SHA512 Value:jH9EhtKIjuXZ2cWxmXS8ZP80XyC3iasQxMDV8jzhNJpfDb7VbQLVW4Wvsxz9QZvzV+G4YoSfBUVKDOyxLzi/sg==}] PackageHomePage: PackageSourceInfo: PackageLicenseConcluded:NOASSERTION PackageLicenseInfoFromFiles:[] PackageLicenseDeclared:MIT PackageLicenseComments: PackageCopyrightText: PackageSummary: PackageDescription: PackageComment:development dependency PackageExternalReferences:[] PackageAttributionTexts:[] PrimaryPackagePurpose: ReleaseDate: BuiltDate: ValidUntilDate: Files:[] Annotations:[] hasFiles:[]}
Neither CPE nor PURL found for package: &{IsUnpackaged:false PackageName:statuses PackageSPDXIdentifier:NPM-d39841e95558c32cf23f PackageVersion:2.0.2 PackageFileName: PackageSupplier:<nil> PackageOriginator:<nil> PackageDownloadLocation:https://registry.npmjs.org/statuses/-/statuses-2.0.2.tgz FilesAnalyzed:false IsFilesAnalyzedTagPresent:true PackageVerificationCode:<nil> PackageChecksums:[{Algorithm:SHA512 Value:DvEy55V3DB7uknRo+4iOGT5fP1slR8wQohVdknigZPMpMstaKJQWhwiYBACJE3Ul2pTnATihhBYnRhZQHGBiRw==}] PackageHomePage: PackageSourceInfo: PackageLicenseConcluded:NOASSERTION PackageLicenseInfoFromFiles:[] PackageLicenseDeclared:MIT PackageLicenseComments: PackageCopyrightText: PackageSummary: PackageDescription: PackageComment:runtime or transitive dependency PackageExternalReferences:[] PackageAttributionTexts:[] PrimaryPackagePurpose: ReleaseDate: BuiltDate: ValidUntilDate: Files:[] Annotations:[] hasFiles:[]}
Neither CPE nor PURL found for package: &{IsUnpackaged:false PackageName:string_decoder PackageSPDXIdentifier:NPM-b7999058a36380603fb6 PackageVersion:1.3.0 PackageFileName: PackageSupplier:<nil> PackageOriginator:<nil> PackageDownloadLocation:https://registry.npmjs.org/string_decoder/-/string_decoder-1.3.0.tgz FilesAnalyzed:false IsFilesAnalyzedTagPresent:true PackageVerificationCode:<nil> PackageChecksums:[{Algorithm:SHA512 Value:hkRX8U1WjJFd8LsDJ2yQ/wWWxaopEsABU1XfkM8A+j0+85JAGppt16cr1Whg6KIbb4okU6Mql6BOj+uup/wKeA==}] PackageHomePage: PackageSourceInfo: PackageLicenseConcluded:NOASSERTION PackageLicenseInfoFromFiles:[] PackageLicenseDeclared:MIT PackageLicenseComments: PackageCopyrightText: PackageSummary: PackageDescription: PackageComment:runtime or transitive dependency PackageExternalReferences:[] PackageAttributionTexts:[] PrimaryPackagePurpose: ReleaseDate: BuiltDate: ValidUntilDate: Files:[] Annotations:[] hasFiles:[]}
Neither CPE nor PURL found for package: &{IsUnpackaged:false PackageName:string-length PackageSPDXIdentifier:NPM-7b5601a4ce0d20178954 PackageVersion:4.0.2 PackageFileName: PackageSupplier:<nil> PackageOriginator:<nil> PackageDownloadLocation:https://registry.npmjs.org/string-length/-/string-length-4.0.2.tgz FilesAnalyzed:false IsFilesAnalyzedTagPresent:true PackageVerificationCode:<nil> PackageChecksums:[{Algorithm:SHA512 Value:+l6rNN5fYHNhZZy41RXsYptCjA2Igmq4EG7kZAYFQI1E1VTXarr6ZPXBg6eq7Y6eK4FEhY6AJlyuFIb/v/S0VQ==}] PackageHomePage: PackageSourceInfo: PackageLicenseConcluded:NOASSERTION PackageLicenseInfoFromFiles:[] PackageLicenseDeclared:MIT PackageLicenseComments: PackageCopyrightText: PackageSummary: PackageDescription: PackageComment:development dependency PackageExternalReferences:[] PackageAttributionTexts:[] PrimaryPackagePurpose: ReleaseDate: BuiltDate: ValidUntilDate: Files:[] Annotations:[] hasFiles:[]}
Neither CPE nor PURL found for package: &{IsUnpackaged:false PackageName:string-width PackageSPDXIdentifier:NPM-42fda8f2551c36ad0f8f PackageVersion:4.2.3 PackageFileName: PackageSupplier:<nil> PackageOriginator:<nil> PackageDownloadLocation:https://registry.npmjs.org/string-width/-/string-width-4.2.3.tgz FilesAnalyzed:false IsFilesAnalyzedTagPresent:true PackageVerificationCode:<nil> PackageChecksums:[{Algorithm:SHA512 Value:wKyQRQpjJ0sIp62ErSZdGsjMJWsap5oRNihHhu6G7JVO/9jIB6UyevL+tXuOqrng8j/cxKTWyWUwvSTriiZz/g==}] PackageHomePage: PackageSourceInfo: PackageLicenseConcluded:NOASSERTION PackageLicenseInfoFromFiles:[] PackageLicenseDeclared:MIT PackageLicenseComments: PackageCopyrightText: PackageSummary: PackageDescription: PackageComment:runtime or transitive dependency PackageExternalReferences:[] PackageAttributionTexts:[] PrimaryPackagePurpose: ReleaseDate: BuiltDate: ValidUntilDate: Files:[] Annotations:[] hasFiles:[]}
Neither CPE nor PURL found for package: &{IsUnpackaged:false PackageName:string-width-cjs PackageSPDXIdentifier:NPM-5773898c45736b6d01ca PackageVersion:4.2.3 PackageFileName: PackageSupplier:<nil> PackageOriginator:<nil> PackageDownloadLocation:https://registry.npmjs.org/string-width/-/string-width-4.2.3.tgz FilesAnalyzed:false IsFilesAnalyzedTagPresent:true PackageVerificationCode:<nil> PackageChecksums:[{Algorithm:SHA512 Value:wKyQRQpjJ0sIp62ErSZdGsjMJWsap5oRNihHhu6G7JVO/9jIB6UyevL+tXuOqrng8j/cxKTWyWUwvSTriiZz/g==}] PackageHomePage: PackageSourceInfo: PackageLicenseConcluded:NOASSERTION PackageLicenseInfoFromFiles:[] PackageLicenseDeclared:MIT PackageLicenseComments: PackageCopyrightText: PackageSummary: PackageDescription: PackageComment:development dependency PackageExternalReferences:[] PackageAttributionTexts:[] PrimaryPackagePurpose: ReleaseDate: BuiltDate: ValidUntilDate: Files:[] Annotations:[] hasFiles:[]}
Neither CPE nor PURL found for package: &{IsUnpackaged:false PackageName:strip-ansi PackageSPDXIdentifier:NPM-695c3ef9530b873f97c8 PackageVersion:6.0.1 PackageFileName: PackageSupplier:<nil> PackageOriginator:<nil> PackageDownloadLocation:https://registry.npmjs.org/strip-ansi/-/strip-ansi-6.0.1.tgz FilesAnalyzed:false IsFilesAnalyzedTagPresent:true PackageVerificationCode:<nil> PackageChecksums:[{Algorithm:SHA512 Value:Y38VPSHcqkFrCpFnQ9vuSXmquuv5oXOKpGeT6aGrr3o3Gc9AlVa6JBfUSOCnbxGGZF+/0ooI7KrPuUSztUdU5A==}] PackageHomePage: PackageSourceInfo: PackageLicenseConcluded:NOASSERTION PackageLicenseInfoFromFiles:[] PackageLicenseDeclared:MIT PackageLicenseComments: PackageCopyrightText: PackageSummary: PackageDescription: PackageComment:runtime or transitive dependency PackageExternalReferences:[] PackageAttributionTexts:[] PrimaryPackagePurpose: ReleaseDate: BuiltDate: ValidUntilDate: Files:[] Annotations:[] hasFiles:[]}
Neither CPE nor PURL found for package: &{IsUnpackaged:false PackageName:strip-ansi-cjs PackageSPDXIdentifier:NPM-71ae9bec193c286c3dd9 PackageVersion:6.0.1 PackageFileName: PackageSupplier:<nil> PackageOriginator:<nil> PackageDownloadLocation:https://registry.npmjs.org/strip-ansi/-/strip-ansi-6.0.1.tgz FilesAnalyzed:false IsFilesAnalyzedTagPresent:true PackageVerificationCode:<nil> PackageChecksums:[{Algorithm:SHA512 Value:Y38VPSHcqkFrCpFnQ9vuSXmquuv5oXOKpGeT6aGrr3o3Gc9AlVa6JBfUSOCnbxGGZF+/0ooI7KrPuUSztUdU5A==}] PackageHomePage: PackageSourceInfo: PackageLicenseConcluded:NOASSERTION PackageLicenseInfoFromFiles:[] PackageLicenseDeclared:MIT PackageLicenseComments: PackageCopyrightText: PackageSummary: PackageDescription: PackageComment:development dependency PackageExternalReferences:[] PackageAttributionTexts:[] PrimaryPackagePurpose: ReleaseDate: BuiltDate: ValidUntilDate: Files:[] Annotations:[] hasFiles:[]}
Neither CPE nor PURL found for package: &{IsUnpackaged:false PackageName:strip-bom PackageSPDXIdentifier:NPM-5e7841699be5eea08d41 PackageVersion:4.0.0 PackageFileName: PackageSupplier:<nil> PackageOriginator:<nil> PackageDownloadLocation:https://registry.npmjs.org/strip-bom/-/strip-bom-4.0.0.tgz FilesAnalyzed:false IsFilesAnalyzedTagPresent:true PackageVerificationCode:<nil> PackageChecksums:[{Algorithm:SHA512 Value:3xurFv5tEgii33Zi8Jtp55wEIILR9eh34FAW00PZf+JnSsTmV/ioewSgQl97JHvgjoRGwPShsWm+IdrxB35d0w==}] PackageHomePage: PackageSourceInfo: PackageLicenseConcluded:NOASSERTION PackageLicenseInfoFromFiles:[] PackageLicenseDeclared:MIT PackageLicenseComments: PackageCopyrightText: PackageSummary: PackageDescription: PackageComment:development dependency PackageExternalReferences:[] PackageAttributionTexts:[] PrimaryPackagePurpose: ReleaseDate: BuiltDate: ValidUntilDate: Files:[] Annotations:[] hasFiles:[]}
Neither CPE nor PURL found for package: &{IsUnpackaged:false PackageName:strip-final-newline PackageSPDXIdentifier:NPM-a6dd80beeaaa538a553e PackageVersion:2.0.0 PackageFileName: PackageSupplier:<nil> PackageOriginator:<nil> PackageDownloadLocation:https://registry.npmjs.org/strip-final-newline/-/strip-final-newline-2.0.0.tgz FilesAnalyzed:false IsFilesAnalyzedTagPresent:true PackageVerificationCode:<nil> PackageChecksums:[{Algorithm:SHA512 Value:BrpvfNAE3dcvq7ll3xVumzjKjZQ5tI1sEUIKr3Uoks0XUl45St3FlatVqef9prk4jRDzhW6WZg+3bk93y6pLjA==}] PackageHomePage: PackageSourceInfo: PackageLicenseConcluded:NOASSERTION PackageLicenseInfoFromFiles:[] PackageLicenseDeclared:MIT PackageLicenseComments: PackageCopyrightText: PackageSummary: PackageDescription: PackageComment:development dependency PackageExternalReferences:[] PackageAttributionTexts:[] PrimaryPackagePurpose: ReleaseDate: BuiltDate: ValidUntilDate: Files:[] Annotations:[] hasFiles:[]}
Neither CPE nor PURL found for package: &{IsUnpackaged:false PackageName:strip-json-comments PackageSPDXIdentifier:NPM-7e22a64e44ef0efd054f PackageVersion:3.1.1 PackageFileName: PackageSupplier:<nil> PackageOriginator:<nil> PackageDownloadLocation:https://registry.npmjs.org/strip-json-comments/-/strip-json-comments-3.1.1.tgz FilesAnalyzed:false IsFilesAnalyzedTagPresent:true PackageVerificationCode:<nil> PackageChecksums:[{Algorithm:SHA512 Value:6fPc+R4ihwqP6N/aIv2f1gMH8lOVtWQHoqC4yK6oSDVVocumAsfCqjkXnqiYMhmMwS/mEHLp7Vehlt3ql6lEig==}] PackageHomePage: PackageSourceInfo: PackageLicenseConcluded:NOASSERTION PackageLicenseInfoFromFiles:[] PackageLicenseDeclared:MIT PackageLicenseComments: PackageCopyrightText: PackageSummary: PackageDescription: PackageComment:development dependency PackageExternalReferences:[] PackageAttributionTexts:[] PrimaryPackagePurpose: ReleaseDate: BuiltDate: ValidUntilDate: Files:[] Annotations:[] hasFiles:[]}
Neither CPE nor PURL found for package: &{IsUnpackaged:false PackageName:sumchecker PackageSPDXIdentifier:NPM-dcaa1b0a5fe4092c3fa2 PackageVersion:3.0.1 PackageFileName: PackageSupplier:<nil> PackageOriginator:<nil> PackageDownloadLocation:https://registry.npmjs.org/sumchecker/-/sumchecker-3.0.1.tgz FilesAnalyzed:false IsFilesAnalyzedTagPresent:true PackageVerificationCode:<nil> PackageChecksums:[{Algorithm:SHA512 Value:MvjXzkz/BOfyVDkG0oFOtBxHX2u3gKbMHIF/dXblZsgD3BWOFLmHovIpZY7BykJdAjcqRCBi1WYBNdEC9yI7vg==}] PackageHomePage: PackageSourceInfo: PackageLicenseConcluded:NOASSERTION PackageLicenseInfoFromFiles:[] PackageLicenseDeclared:Apache-2.0 PackageLicenseComments: PackageCopyrightText: PackageSummary: PackageDescription: PackageComment:development dependency PackageExternalReferences:[] PackageAttributionTexts:[] PrimaryPackagePurpose: ReleaseDate: BuiltDate: ValidUntilDate: Files:[] Annotations:[] hasFiles:[]}
Neither CPE nor PURL found for package: &{IsUnpackaged:false PackageName:supports-color PackageSPDXIdentifier:NPM-b97a30572cac0a03b8cf PackageVersion:7.2.0 PackageFileName: PackageSupplier:<nil> PackageOriginator:<nil> PackageDownloadLocation:https://registry.npmjs.org/supports-color/-/supports-color-7.2.0.tgz FilesAnalyzed:false IsFilesAnalyzedTagPresent:true PackageVerificationCode:<nil> PackageChecksums:[{Algorithm:SHA512 Value:qpCAvRl9stuOHveKsn7HncJRvv501qIacKzQlO/+Lwxc9+0q2wLyv4Dfvt80/DPn2pqOBsJdDiogXGR9+OvwRw==}] PackageHomePage: PackageSourceInfo: PackageLicenseConcluded:NOASSERTION PackageLicenseInfoFromFiles:[] PackageLicenseDeclared:MIT PackageLicenseComments: PackageCopyrightText: PackageSummary: PackageDescription: PackageComment:development dependency PackageExternalReferences:[] PackageAttributionTexts:[] PrimaryPackagePurpose: ReleaseDate: BuiltDate: ValidUntilDate: Files:[] Annotations:[] hasFiles:[]}
Neither CPE nor PURL found for package: &{IsUnpackaged:false PackageName:supports-preserve-symlinks-flag PackageSPDXIdentifier:NPM-0acb1923e939242af9b8 PackageVersion:1.0.0 PackageFileName: PackageSupplier:<nil> PackageOriginator:<nil> PackageDownloadLocation:https://registry.npmjs.org/supports-preserve-symlinks-flag/-/supports-preserve-symlinks-flag-1.0.0.tgz FilesAnalyzed:false IsFilesAnalyzedTagPresent:true PackageVerificationCode:<nil> PackageChecksums:[{Algorithm:SHA512 Value:ot0WnXS9fgdkgIcePe6RHNk1WA8+muPa6cSjeR3V8K27q9BB1rTE3R1p7Hv0z1ZyAc8s6Vvv8DIyWf681MAt0w==}] PackageHomePage: PackageSourceInfo: PackageLicenseConcluded:NOASSERTION PackageLicenseInfoFromFiles:[] PackageLicenseDeclared:MIT PackageLicenseComments: PackageCopyrightText: PackageSummary: PackageDescription: PackageComment:development dependency PackageExternalReferences:[] PackageAttributionTexts:[] PrimaryPackagePurpose: ReleaseDate: BuiltDate: ValidUntilDate: Files:[] Annotations:[] hasFiles:[]}
Neither CPE nor PURL found for package: &{IsUnpackaged:false PackageName:tar PackageSPDXIdentifier:NPM-8bb3ceb646ea33186c42 PackageVersion:6.2.1 PackageFileName: PackageSupplier:<nil> PackageOriginator:<nil> PackageDownloadLocation:https://registry.npmjs.org/tar/-/tar-6.2.1.tgz FilesAnalyzed:false IsFilesAnalyzedTagPresent:true PackageVerificationCode:<nil> PackageChecksums:[{Algorithm:SHA512 Value:DZ4yORTwrbTj/7MZYq2w+/ZFdI6OZ/f9SFHR+71gIVUZhOQPHzVCLpvRnPgyaMpfWxxk/4ONva3GQSyNIKRv6A==}] PackageHomePage: PackageSourceInfo: PackageLicenseConcluded:NOASSERTION PackageLicenseInfoFromFiles:[] PackageLicenseDeclared:ISC PackageLicenseComments: PackageCopyrightText: PackageSummary: PackageDescription: PackageComment:runtime or transitive dependency PackageExternalReferences:[] PackageAttributionTexts:[] PrimaryPackagePurpose: ReleaseDate: BuiltDate: ValidUntilDate: Files:[] Annotations:[] hasFiles:[]}
Neither CPE nor PURL found for package: &{IsUnpackaged:false PackageName:tar-fs PackageSPDXIdentifier:NPM-907e1fea910142adbe6c PackageVersion:2.1.4 PackageFileName: PackageSupplier:<nil> PackageOriginator:<nil> PackageDownloadLocation:https://registry.npmjs.org/tar-fs/-/tar-fs-2.1.4.tgz FilesAnalyzed:false IsFilesAnalyzedTagPresent:true PackageVerificationCode:<nil> PackageChecksums:[{Algorithm:SHA512 Value:mDAjwmZdh7LTT6pNleZ05Yt65HC3E+NiQzl672vQG38jIrehtJk/J3mNwIg+vShQPcLF/LV7CMnDW6vjj6sfYQ==}] PackageHomePage: PackageSourceInfo: PackageLicenseConcluded:NOASSERTION PackageLicenseInfoFromFiles:[] PackageLicenseDeclared:MIT PackageLicenseComments: PackageCopyrightText: PackageSummary: PackageDescription: PackageComment:runtime or transitive dependency PackageExternalReferences:[] PackageAttributionTexts:[] PrimaryPackagePurpose: ReleaseDate: BuiltDate: ValidUntilDate: Files:[] Annotations:[] hasFiles:[]}
Neither CPE nor PURL found for package: &{IsUnpackaged:false PackageName:tar-fs/node_modules/chownr PackageSPDXIdentifier:NPM-65108dfab6723aaaa5cf PackageVersion:1.1.4 PackageFileName: PackageSupplier:<nil> PackageOriginator:<nil> PackageDownloadLocation:https://registry.npmjs.org/chownr/-/chownr-1.1.4.tgz FilesAnalyzed:false IsFilesAnalyzedTagPresent:true PackageVerificationCode:<nil> PackageChecksums:[{Algorithm:SHA512 Value:jJ0bqzaylmJtVnNgzTeSOs8DPavpbYgEr/b0YL8/2GO3xJEhInFmhKMUnEJQjZumK7KXGFhUy89PrsJWlakBVg==}] PackageHomePage: PackageSourceInfo: PackageLicenseConcluded:NOASSERTION PackageLicenseInfoFromFiles:[] PackageLicenseDeclared:ISC PackageLicenseComments: PackageCopyrightText: PackageSummary: PackageDescription: PackageComment:runtime or transitive dependency PackageExternalReferences:[] PackageAttributionTexts:[] PrimaryPackagePurpose: ReleaseDate: BuiltDate: ValidUntilDate: Files:[] Annotations:[] hasFiles:[]}
Neither CPE nor PURL found for package: &{IsUnpackaged:false PackageName:tar-stream PackageSPDXIdentifier:NPM-0dc8f500e45626ff1f83 PackageVersion:2.2.0 PackageFileName: PackageSupplier:<nil> PackageOriginator:<nil> PackageDownloadLocation:https://registry.npmjs.org/tar-stream/-/tar-stream-2.2.0.tgz FilesAnalyzed:false IsFilesAnalyzedTagPresent:true PackageVerificationCode:<nil> PackageChecksums:[{Algorithm:SHA512 Value:ujeqbceABgwMZxEJnk2HDY2DlnUZ+9oEcb1KzTVfYHio0UE6dG71n60d8D2I4qNvleWrrXpmjpt7vZeF1LnMZQ==}] PackageHomePage: PackageSourceInfo: PackageLicenseConcluded:NOASSERTION PackageLicenseInfoFromFiles:[] PackageLicenseDeclared:MIT PackageLicenseComments: PackageCopyrightText: PackageSummary: PackageDescription: PackageComment:runtime or transitive dependency PackageExternalReferences:[] PackageAttributionTexts:[] PrimaryPackagePurpose: ReleaseDate: BuiltDate: ValidUntilDate: Files:[] Annotations:[] hasFiles:[]}
Neither CPE nor PURL found for package: &{IsUnpackaged:false PackageName:tar/node_modules/minipass PackageSPDXIdentifier:NPM-310a7c651ce8c0fd42fd PackageVersion:5.0.0 PackageFileName: PackageSupplier:<nil> PackageOriginator:<nil> PackageDownloadLocation:https://registry.npmjs.org/minipass/-/minipass-5.0.0.tgz FilesAnalyzed:false IsFilesAnalyzedTagPresent:true PackageVerificationCode:<nil> PackageChecksums:[{Algorithm:SHA512 Value:3FnjYuehv9k6ovOEbyOswadCDPX1piCfhV8ncmYtHOjuPwylVWsghTLo7rabjC3Rx5xD4HDx8Wm1xnMF7S5qFQ==}] PackageHomePage: PackageSourceInfo: PackageLicenseConcluded:NOASSERTION PackageLicenseInfoFromFiles:[] PackageLicenseDeclared:ISC PackageLicenseComments: PackageCopyrightText: PackageSummary: PackageDescription: PackageComment:runtime or transitive dependency PackageExternalReferences:[] PackageAttributionTexts:[] PrimaryPackagePurpose: ReleaseDate: BuiltDate: ValidUntilDate: Files:[] Annotations:[] hasFiles:[]}
Neither CPE nor PURL found for package: &{IsUnpackaged:false PackageName:temp-file PackageSPDXIdentifier:NPM-4846344969d346cc1cd0 PackageVersion:3.4.0 PackageFileName: PackageSupplier:<nil> PackageOriginator:<nil> PackageDownloadLocation:https://registry.npmjs.org/temp-file/-/temp-file-3.4.0.tgz FilesAnalyzed:false IsFilesAnalyzedTagPresent:true PackageVerificationCode:<nil> PackageChecksums:[{Algorithm:SHA512 Value:C5tjlC/HCtVUOi3KWVokd4vHVViOmGjtLwIh4MuzPo/nMYTV/p1urt3RnMz2IWXDdKEGJH3k5+KPxtqRsUYGtg==}] PackageHomePage: PackageSourceInfo: PackageLicenseConcluded:NOASSERTION PackageLicenseInfoFromFiles:[] PackageLicenseDeclared:MIT PackageLicenseComments: PackageCopyrightText: PackageSummary: PackageDescription: PackageComment:development dependency PackageExternalReferences:[] PackageAttributionTexts:[] PrimaryPackagePurpose: ReleaseDate: BuiltDate: ValidUntilDate: Files:[] Annotations:[] hasFiles:[]}
Neither CPE nor PURL found for package: &{IsUnpackaged:false PackageName:temp-file/node_modules/fs-extra PackageSPDXIdentifier:NPM-4125163783e379ab5a91 PackageVersion:10.1.0 PackageFileName: PackageSupplier:<nil> PackageOriginator:<nil> PackageDownloadLocation:https://registry.npmjs.org/fs-extra/-/fs-extra-10.1.0.tgz FilesAnalyzed:false IsFilesAnalyzedTagPresent:true PackageVerificationCode:<nil> PackageChecksums:[{Algorithm:SHA512 Value:oRXApq54ETRj4eMiFzGnHWGy+zo5raudjuxN0b8H7s/RU2oW0Wvsx9O0ACRN/kRq9E8Vu/ReskGB5o3ji+FzHQ==}] PackageHomePage: PackageSourceInfo: PackageLicenseConcluded:NOASSERTION PackageLicenseInfoFromFiles:[] PackageLicenseDeclared:MIT PackageLicenseComments: PackageCopyrightText: PackageSummary: PackageDescription: PackageComment:development dependency PackageExternalReferences:[] PackageAttributionTexts:[] PrimaryPackagePurpose: ReleaseDate: BuiltDate: ValidUntilDate: Files:[] Annotations:[] hasFiles:[]}
Neither CPE nor PURL found for package: &{IsUnpackaged:false PackageName:temp-file/node_modules/jsonfile PackageSPDXIdentifier:NPM-62bf17f4ffa726aa1c28 PackageVersion:6.2.1 PackageFileName: PackageSupplier:<nil> PackageOriginator:<nil> PackageDownloadLocation:https://registry.npmjs.org/jsonfile/-/jsonfile-6.2.1.tgz FilesAnalyzed:false IsFilesAnalyzedTagPresent:true PackageVerificationCode:<nil> PackageChecksums:[{Algorithm:SHA512 Value:zwOTdL3rFQ/lRdBnntKVOX6k5cKJwEc1HdilT71BWEu7J41gXIB2MRp+vxduPSwZJPWBxEzv4yH1wYLJGUHX4Q==}] PackageHomePage: PackageSourceInfo: PackageLicenseConcluded:NOASSERTION PackageLicenseInfoFromFiles:[] PackageLicenseDeclared:MIT PackageLicenseComments: PackageCopyrightText: PackageSummary: PackageDescription: PackageComment:development dependency PackageExternalReferences:[] PackageAttributionTexts:[] PrimaryPackagePurpose: ReleaseDate: BuiltDate: ValidUntilDate: Files:[] Annotations:[] hasFiles:[]}
Neither CPE nor PURL found for package: &{IsUnpackaged:false PackageName:temp-file/node_modules/universalify PackageSPDXIdentifier:NPM-1dc9496464f9be9fb707 PackageVersion:2.0.1 PackageFileName: PackageSupplier:<nil> PackageOriginator:<nil> PackageDownloadLocation:https://registry.npmjs.org/universalify/-/universalify-2.0.1.tgz FilesAnalyzed:false IsFilesAnalyzedTagPresent:true PackageVerificationCode:<nil> PackageChecksums:[{Algorithm:SHA512 Value:gptHNQghINnc/vTGIk0SOFGFNXw7JVrlRUtConJRlvaw6DuX0wO5Jeko9sWrMBhh+PsYAZ7oXAiOnf/UKogyiw==}] PackageHomePage: PackageSourceInfo: PackageLicenseConcluded:NOASSERTION PackageLicenseInfoFromFiles:[] PackageLicenseDeclared:MIT PackageLicenseComments: PackageCopyrightText: PackageSummary: PackageDescription: PackageComment:development dependency PackageExternalReferences:[] PackageAttributionTexts:[] PrimaryPackagePurpose: ReleaseDate: BuiltDate: ValidUntilDate: Files:[] Annotations:[] hasFiles:[]}
Neither CPE nor PURL found for package: &{IsUnpackaged:false PackageName:test-exclude PackageSPDXIdentifier:NPM-a74f38ffb20d88ed3d95 PackageVersion:6.0.0 PackageFileName: PackageSupplier:<nil> PackageOriginator:<nil> PackageDownloadLocation:https://registry.npmjs.org/test-exclude/-/test-exclude-6.0.0.tgz FilesAnalyzed:false IsFilesAnalyzedTagPresent:true PackageVerificationCode:<nil> PackageChecksums:[{Algorithm:SHA512 Value:cAGWPIyOHU6zlmg88jwm7VRyXnMN7iV68OGAbYDk/Mh/xC/pzVPlQtY6ngoIH/5/tciuhGfvESU8GrHrcxD56w==}] PackageHomePage: PackageSourceInfo: PackageLicenseConcluded:NOASSERTION PackageLicenseInfoFromFiles:[] PackageLicenseDeclared:ISC PackageLicenseComments: PackageCopyrightText: PackageSummary: PackageDescription: PackageComment:development dependency PackageExternalReferences:[] PackageAttributionTexts:[] PrimaryPackagePurpose: ReleaseDate: BuiltDate: ValidUntilDate: Files:[] Annotations:[] hasFiles:[]}
Neither CPE nor PURL found for package: &{IsUnpackaged:false PackageName:test-exclude/node_modules/brace-expansion PackageSPDXIdentifier:NPM-c06186a2d33e32a04362 PackageVersion:1.1.15 PackageFileName: PackageSupplier:<nil> PackageOriginator:<nil> PackageDownloadLocation:https://registry.npmjs.org/brace-expansion/-/brace-expansion-1.1.15.tgz FilesAnalyzed:false IsFilesAnalyzedTagPresent:true PackageVerificationCode:<nil> PackageChecksums:[{Algorithm:SHA512 Value:EwOCDEex4quD37XhqM3omwtMoJjr//isUZz1JopUNWms+4Z2ViyM/k1YIRePpoVNnQhENnxtFjLaxNHrT7xIUg==}] PackageHomePage: PackageSourceInfo: PackageLicenseConcluded:NOASSERTION PackageLicenseInfoFromFiles:[] PackageLicenseDeclared:MIT PackageLicenseComments: PackageCopyrightText: PackageSummary: PackageDescription: PackageComment:development dependency PackageExternalReferences:[] PackageAttributionTexts:[] PrimaryPackagePurpose: ReleaseDate: BuiltDate: ValidUntilDate: Files:[] Annotations:[] hasFiles:[]}
Neither CPE nor PURL found for package: &{IsUnpackaged:false PackageName:test-exclude/node_modules/minimatch PackageSPDXIdentifier:NPM-4232b295f73f97cf6697 PackageVersion:3.1.5 PackageFileName: PackageSupplier:<nil> PackageOriginator:<nil> PackageDownloadLocation:https://registry.npmjs.org/minimatch/-/minimatch-3.1.5.tgz FilesAnalyzed:false IsFilesAnalyzedTagPresent:true PackageVerificationCode:<nil> PackageChecksums:[{Algorithm:SHA512 Value:VgjWUsnnT6n+NUk6eZq77zeFdpW2LWDzP6zFGrCbHXiYNul5Dzqk2HHQ5uFH2DNW5Xbp8+jVzaeNt94ssEEl4w==}] PackageHomePage: PackageSourceInfo: PackageLicenseConcluded:NOASSERTION PackageLicenseInfoFromFiles:[] PackageLicenseDeclared:ISC PackageLicenseComments: PackageCopyrightText: PackageSummary: PackageDescription: PackageComment:development dependency PackageExternalReferences:[] PackageAttributionTexts:[] PrimaryPackagePurpose: ReleaseDate: BuiltDate: ValidUntilDate: Files:[] Annotations:[] hasFiles:[]}
Neither CPE nor PURL found for package: &{IsUnpackaged:false PackageName:tiny-lru PackageSPDXIdentifier:NPM-20cd079151655112087e PackageVersion:11.3.4 PackageFileName: PackageSupplier:<nil> PackageOriginator:<nil> PackageDownloadLocation:https://registry.npmjs.org/tiny-lru/-/tiny-lru-11.3.4.tgz FilesAnalyzed:false IsFilesAnalyzedTagPresent:true PackageVerificationCode:<nil> PackageChecksums:[{Algorithm:SHA512 Value:UxWEfRKpFCabAf6fkTNdlfSw/RDUJ/4C6i1aLZaDnGF82PERHyYhz5CMCVYXtLt34LbqgfpJ2bjmgGKgxuF/6A==}] PackageHomePage: PackageSourceInfo: PackageLicenseConcluded:NOASSERTION PackageLicenseInfoFromFiles:[] PackageLicenseDeclared:BSD-3-Clause PackageLicenseComments: PackageCopyrightText: PackageSummary: PackageDescription: PackageComment:runtime or transitive dependency PackageExternalReferences:[] PackageAttributionTexts:[] PrimaryPackagePurpose: ReleaseDate: BuiltDate: ValidUntilDate: Files:[] Annotations:[] hasFiles:[]}
Neither CPE nor PURL found for package: &{IsUnpackaged:false PackageName:tiny-typed-emitter PackageSPDXIdentifier:NPM-dc08d4241a00d98d9841 PackageVersion:2.1.0 PackageFileName: PackageSupplier:<nil> PackageOriginator:<nil> PackageDownloadLocation:https://registry.npmjs.org/tiny-typed-emitter/-/tiny-typed-emitter-2.1.0.tgz FilesAnalyzed:false IsFilesAnalyzedTagPresent:true PackageVerificationCode:<nil> PackageChecksums:[{Algorithm:SHA512 Value:qVtvMxeXbVej0cQWKqVSSAHmKZEHAvxdF8HEUBFWts8h+xEo5m/lEiPakuyZ3BnCBjOD8i24kzNOiOLLgsSxhA==}] PackageHomePage: PackageSourceInfo: PackageLicenseConcluded:NOASSERTION PackageLicenseInfoFromFiles:[] PackageLicenseDeclared:MIT PackageLicenseComments: PackageCopyrightText: PackageSummary: PackageDescription: PackageComment:runtime or transitive dependency PackageExternalReferences:[] PackageAttributionTexts:[] PrimaryPackagePurpose: ReleaseDate: BuiltDate: ValidUntilDate: Files:[] Annotations:[] hasFiles:[]}
Neither CPE nor PURL found for package: &{IsUnpackaged:false PackageName:tmp PackageSPDXIdentifier:NPM-633692989ef11eac6ff1 PackageVersion:0.2.7 PackageFileName: PackageSupplier:<nil> PackageOriginator:<nil> PackageDownloadLocation:https://registry.npmjs.org/tmp/-/tmp-0.2.7.tgz FilesAnalyzed:false IsFilesAnalyzedTagPresent:true PackageVerificationCode:<nil> PackageChecksums:[{Algorithm:SHA512 Value:e0votIpp4Uo2AJYSzVHV6xCcawuiez3DzqDAbrTc3YxBkplN6e+dM13ZeIcZnDg/QpSuU2zfZ3rzwY8ukEnaXw==}] PackageHomePage: PackageSourceInfo: PackageLicenseConcluded:NOASSERTION PackageLicenseInfoFromFiles:[] PackageLicenseDeclared:MIT PackageLicenseComments: PackageCopyrightText: PackageSummary: PackageDescription: PackageComment:development dependency PackageExternalReferences:[] PackageAttributionTexts:[] PrimaryPackagePurpose: ReleaseDate: BuiltDate: ValidUntilDate: Files:[] Annotations:[] hasFiles:[]}
Neither CPE nor PURL found for package: &{IsUnpackaged:false PackageName:tmp-promise PackageSPDXIdentifier:NPM-cdc29f8e8ae6445a8f6d PackageVersion:3.0.3 PackageFileName: PackageSupplier:<nil> PackageOriginator:<nil> PackageDownloadLocation:https://registry.npmjs.org/tmp-promise/-/tmp-promise-3.0.3.tgz FilesAnalyzed:false IsFilesAnalyzedTagPresent:true PackageVerificationCode:<nil> PackageChecksums:[{Algorithm:SHA512 Value:RwM7MoPojPxsOBYnyd2hy0bxtIlVrihNs9pj5SUvY8Zz1sQcQG2tG1hSr8PDxfgEB8RNKDhqbIlroIarSNDNsQ==}] PackageHomePage: PackageSourceInfo: PackageLicenseConcluded:NOASSERTION PackageLicenseInfoFromFiles:[] PackageLicenseDeclared:MIT PackageLicenseComments: PackageCopyrightText: PackageSummary: PackageDescription: PackageComment:development dependency PackageExternalReferences:[] PackageAttributionTexts:[] PrimaryPackagePurpose: ReleaseDate: BuiltDate: ValidUntilDate: Files:[] Annotations:[] hasFiles:[]}
Neither CPE nor PURL found for package: &{IsUnpackaged:false PackageName:tmpl PackageSPDXIdentifier:NPM-736d7eb4e98a16a25f5c PackageVersion:1.0.5 PackageFileName: PackageSupplier:<nil> PackageOriginator:<nil> PackageDownloadLocation:https://registry.npmjs.org/tmpl/-/tmpl-1.0.5.tgz FilesAnalyzed:false IsFilesAnalyzedTagPresent:true PackageVerificationCode:<nil> PackageChecksums:[{Algorithm:SHA512 Value:3f0uOEAQwIqGuWW2MVzYg8fV/QNnc/IpuJNG837rLuczAaLVHslWHZQj4IGiEl5Hs3kkbhwL9Ab7Hrsmuj+Smw==}] PackageHomePage: PackageSourceInfo: PackageLicenseConcluded:NOASSERTION PackageLicenseInfoFromFiles:[] PackageLicenseDeclared:BSD-3-Clause PackageLicenseComments: PackageCopyrightText: PackageSummary: PackageDescription: PackageComment:development dependency PackageExternalReferences:[] PackageAttributionTexts:[] PrimaryPackagePurpose: ReleaseDate: BuiltDate: ValidUntilDate: Files:[] Annotations:[] hasFiles:[]}
Neither CPE nor PURL found for package: &{IsUnpackaged:false PackageName:to-regex-range PackageSPDXIdentifier:NPM-94d9608b52e4554a4069 PackageVersion:5.0.1 PackageFileName: PackageSupplier:<nil> PackageOriginator:<nil> PackageDownloadLocation:https://registry.npmjs.org/to-regex-range/-/to-regex-range-5.0.1.tgz FilesAnalyzed:false IsFilesAnalyzedTagPresent:true PackageVerificationCode:<nil> PackageChecksums:[{Algorithm:SHA512 Value:65P7iz6X5yEr1cwcgvQxbbIw7Uk3gOy5dIdtZ4rDveLqhrdJP+Li/Hx6tyK0NEb+2GCyneCMJiGqrADCSNk8sQ==}] PackageHomePage: PackageSourceInfo: PackageLicenseConcluded:NOASSERTION PackageLicenseInfoFromFiles:[] PackageLicenseDeclared:MIT PackageLicenseComments: PackageCopyrightText: PackageSummary: PackageDescription: PackageComment:development dependency PackageExternalReferences:[] PackageAttributionTexts:[] PrimaryPackagePurpose: ReleaseDate: BuiltDate: ValidUntilDate: Files:[] Annotations:[] hasFiles:[]}
Neither CPE nor PURL found for package: &{IsUnpackaged:false PackageName:toidentifier PackageSPDXIdentifier:NPM-2067d1f99d35f28c8384 PackageVersion:1.0.1 PackageFileName: PackageSupplier:<nil> PackageOriginator:<nil> PackageDownloadLocation:https://registry.npmjs.org/toidentifier/-/toidentifier-1.0.1.tgz FilesAnalyzed:false IsFilesAnalyzedTagPresent:true PackageVerificationCode:<nil> PackageChecksums:[{Algorithm:SHA512 Value:o5sSPKEkg/DIQNmH43V0/uerLrpzVedkUh8tGNvaeXpfpuwjKenlSox/2O/BTlZUtEe+JG7s5YhEz608PlAHRA==}] PackageHomePage: PackageSourceInfo: PackageLicenseConcluded:NOASSERTION PackageLicenseInfoFromFiles:[] PackageLicenseDeclared:MIT PackageLicenseComments: PackageCopyrightText: PackageSummary: PackageDescription: PackageComment:runtime or transitive dependency PackageExternalReferences:[] PackageAttributionTexts:[] PrimaryPackagePurpose: ReleaseDate: BuiltDate: ValidUntilDate: Files:[] Annotations:[] hasFiles:[]}
Neither CPE nor PURL found for package: &{IsUnpackaged:false PackageName:truncate-utf8-bytes PackageSPDXIdentifier:NPM-6e54de803bb6f02cab23 PackageVersion:1.0.2 PackageFileName: PackageSupplier:<nil> PackageOriginator:<nil> PackageDownloadLocation:https://registry.npmjs.org/truncate-utf8-bytes/-/truncate-utf8-bytes-1.0.2.tgz FilesAnalyzed:false IsFilesAnalyzedTagPresent:true PackageVerificationCode:<nil> PackageChecksums:[{Algorithm:SHA512 Value:95Pu1QXQvruGEhv62XCMO3Mm90GscOCClvrIUwCM0PYOXK3kaF3l3sIHxx71ThJfcbM2O5Au6SO3AWCSEfW4mQ==}] PackageHomePage: PackageSourceInfo: PackageLicenseConcluded:NOASSERTION PackageLicenseInfoFromFiles:[] PackageLicenseDeclared:WTFPL PackageLicenseComments: PackageCopyrightText: PackageSummary: PackageDescription: PackageComment:development dependency PackageExternalReferences:[] PackageAttributionTexts:[] PrimaryPackagePurpose: ReleaseDate: BuiltDate: ValidUntilDate: Files:[] Annotations:[] hasFiles:[]}
Neither CPE nor PURL found for package: &{IsUnpackaged:false PackageName:tslib PackageSPDXIdentifier:NPM-b15471035cb0e3fd0f67 PackageVersion:2.8.1 PackageFileName: PackageSupplier:<nil> PackageOriginator:<nil> PackageDownloadLocation:https://registry.npmjs.org/tslib/-/tslib-2.8.1.tgz FilesAnalyzed:false IsFilesAnalyzedTagPresent:true PackageVerificationCode:<nil> PackageChecksums:[{Algorithm:SHA512 Value:oJFu94HQb+KVduSUQL7wnpmqnfmLsOA/nAh6b6EH0wCEoK0/mPeXU6c3wKDV83MkOuHPRHtSXKKU99IBazS/2w==}] PackageHomePage: PackageSourceInfo: PackageLicenseConcluded:NOASSERTION PackageLicenseInfoFromFiles:[] PackageLicenseDeclared:0BSD PackageLicenseComments: PackageCopyrightText: PackageSummary: PackageDescription: PackageComment:runtime or transitive dependency PackageExternalReferences:[] PackageAttributionTexts:[] PrimaryPackagePurpose: ReleaseDate: BuiltDate: ValidUntilDate: Files:[] Annotations:[] hasFiles:[]}
Neither CPE nor PURL found for package: &{IsUnpackaged:false PackageName:tunnel-agent PackageSPDXIdentifier:NPM-09f746d17a1777efda5a PackageVersion:0.6.0 PackageFileName: PackageSupplier:<nil> PackageOriginator:<nil> PackageDownloadLocation:https://registry.npmjs.org/tunnel-agent/-/tunnel-agent-0.6.0.tgz FilesAnalyzed:false IsFilesAnalyzedTagPresent:true PackageVerificationCode:<nil> PackageChecksums:[{Algorithm:SHA512 Value:McnNiV1l8RYeY8tBgEpuodCC1mLUdbSN+CYBL7kJsJNInOP8UjDDEwdk6Mw60vdLLrr5NHKZhMAOSrR2NZuQ+w==}] PackageHomePage: PackageSourceInfo: PackageLicenseConcluded:NOASSERTION PackageLicenseInfoFromFiles:[] PackageLicenseDeclared:Apache-2.0 PackageLicenseComments: PackageCopyrightText: PackageSummary: PackageDescription: PackageComment:runtime or transitive dependency PackageExternalReferences:[] PackageAttributionTexts:[] PrimaryPackagePurpose: ReleaseDate: BuiltDate: ValidUntilDate: Files:[] Annotations:[] hasFiles:[]}
Neither CPE nor PURL found for package: &{IsUnpackaged:false PackageName:type-detect PackageSPDXIdentifier:NPM-8e730716b3685f820850 PackageVersion:4.0.8 PackageFileName: PackageSupplier:<nil> PackageOriginator:<nil> PackageDownloadLocation:https://registry.npmjs.org/type-detect/-/type-detect-4.0.8.tgz FilesAnalyzed:false IsFilesAnalyzedTagPresent:true PackageVerificationCode:<nil> PackageChecksums:[{Algorithm:SHA512 Value:0fr/mIH1dlO+x7TlcMy+bIDqKPsw/70tVyeHW787goQjhmqaZe10uwLujubK9q9Lg6Fiho1KUKDYz0Z7k7g5/g==}] PackageHomePage: PackageSourceInfo: PackageLicenseConcluded:NOASSERTION PackageLicenseInfoFromFiles:[] PackageLicenseDeclared:MIT PackageLicenseComments: PackageCopyrightText: PackageSummary: PackageDescription: PackageComment:development dependency PackageExternalReferences:[] PackageAttributionTexts:[] PrimaryPackagePurpose: ReleaseDate: BuiltDate: ValidUntilDate: Files:[] Annotations:[] hasFiles:[]}
Neither CPE nor PURL found for package: &{IsUnpackaged:false PackageName:type-fest PackageSPDXIdentifier:NPM-cb0feca03159cc23c71a PackageVersion:0.21.3 PackageFileName: PackageSupplier:<nil> PackageOriginator:<nil> PackageDownloadLocation:https://registry.npmjs.org/type-fest/-/type-fest-0.21.3.tgz FilesAnalyzed:false IsFilesAnalyzedTagPresent:true PackageVerificationCode:<nil> PackageChecksums:[{Algorithm:SHA512 Value:t0rzBq87m3fVcduHDUFhKmyyX+9eo6WQjZvf51Ea/M0Q7+T374Jp1aUiyUl0GKxp8M/OETVHSDvmkyPgvX+X2w==}] PackageHomePage: PackageSourceInfo: PackageLicenseConcluded:NOASSERTION PackageLicenseInfoFromFiles:[] PackageLicenseDeclared:(MIT OR CC0-1.0) PackageLicenseComments: PackageCopyrightText: PackageSummary: PackageDescription: PackageComment:development dependency PackageExternalReferences:[] PackageAttributionTexts:[] PrimaryPackagePurpose: ReleaseDate: BuiltDate: ValidUntilDate: Files:[] Annotations:[] hasFiles:[]}
Neither CPE nor PURL found for package: &{IsUnpackaged:false PackageName:type-is PackageSPDXIdentifier:NPM-12dbb9fcc3a6de5bbd59 PackageVersion:1.6.18 PackageFileName: PackageSupplier:<nil> PackageOriginator:<nil> PackageDownloadLocation:https://registry.npmjs.org/type-is/-/type-is-1.6.18.tgz FilesAnalyzed:false IsFilesAnalyzedTagPresent:true PackageVerificationCode:<nil> PackageChecksums:[{Algorithm:SHA512 Value:TkRKr9sUTxEH8MdfuCSP7VizJyzRNMjj2J2do2Jr3Kym598JVdEksuzPQCnlFPW4ky9Q+iA+ma9BGm06XQBy8g==}] PackageHomePage: PackageSourceInfo: PackageLicenseConcluded:NOASSERTION PackageLicenseInfoFromFiles:[] PackageLicenseDeclared:MIT PackageLicenseComments: PackageCopyrightText: PackageSummary: PackageDescription: PackageComment:runtime or transitive dependency PackageExternalReferences:[] PackageAttributionTexts:[] PrimaryPackagePurpose: ReleaseDate: BuiltDate: ValidUntilDate: Files:[] Annotations:[] hasFiles:[]}
Neither CPE nor PURL found for package: &{IsUnpackaged:false PackageName:typescript PackageSPDXIdentifier:NPM-44bd9e04e2c25408450c PackageVersion:5.9.3 PackageFileName: PackageSupplier:<nil> PackageOriginator:<nil> PackageDownloadLocation:https://registry.npmjs.org/typescript/-/typescript-5.9.3.tgz FilesAnalyzed:false IsFilesAnalyzedTagPresent:true PackageVerificationCode:<nil> PackageChecksums:[{Algorithm:SHA512 Value:jl1vZzPDinLr9eUt3J/t7V6FgNEw9QjvBPdysz9KfQDD41fQrC2Y4vKQdiaUpFT4bXlb1RHhLpp8wtm6M5TgSw==}] PackageHomePage: PackageSourceInfo: PackageLicenseConcluded:NOASSERTION PackageLicenseInfoFromFiles:[] PackageLicenseDeclared:Apache-2.0 PackageLicenseComments: PackageCopyrightText: PackageSummary: PackageDescription: PackageComment:development dependency PackageExternalReferences:[] PackageAttributionTexts:[] PrimaryPackagePurpose: ReleaseDate: BuiltDate: ValidUntilDate: Files:[] Annotations:[] hasFiles:[]}
Neither CPE nor PURL found for package: &{IsUnpackaged:false PackageName:ua-is-frozen PackageSPDXIdentifier:NPM-5d26f45b347a59fda9a7 PackageVersion:0.1.2 PackageFileName: PackageSupplier:<nil> PackageOriginator:<nil> PackageDownloadLocation:https://registry.npmjs.org/ua-is-frozen/-/ua-is-frozen-0.1.2.tgz FilesAnalyzed:false IsFilesAnalyzedTagPresent:true PackageVerificationCode:<nil> PackageChecksums:[{Algorithm:SHA512 Value:RwKDW2p3iyWn4UbaxpP2+VxwqXh0jpvdxsYpZ5j/MLLiQOfbsV5shpgQiw93+KMYQPcteeMQ289MaAFzs3G9pw==}] PackageHomePage: PackageSourceInfo: PackageLicenseConcluded:NOASSERTION PackageLicenseInfoFromFiles:[] PackageLicenseDeclared:MIT PackageLicenseComments: PackageCopyrightText: PackageSummary: PackageDescription: PackageComment:runtime or transitive dependency PackageExternalReferences:[] PackageAttributionTexts:[] PrimaryPackagePurpose: ReleaseDate: BuiltDate: ValidUntilDate: Files:[] Annotations:[] hasFiles:[]}
Neither CPE nor PURL found for package: &{IsUnpackaged:false PackageName:ua-parser-js PackageSPDXIdentifier:NPM-93b8c2664e5bab5bc533 PackageVersion:2.0.10 PackageFileName: PackageSupplier:<nil> PackageOriginator:<nil> PackageDownloadLocation:https://registry.npmjs.org/ua-parser-js/-/ua-parser-js-2.0.10.tgz FilesAnalyzed:false IsFilesAnalyzedTagPresent:true PackageVerificationCode:<nil> PackageChecksums:[{Algorithm:SHA512 Value:t+3Ktbq0Ies2vaSezfOaWiolH4OigQIO1dk+1xDpOydB1COVPocVYOrEV5rqZ0kFY9XYG1v9LutCyMgYBpABcw==}] PackageHomePage: PackageSourceInfo: PackageLicenseConcluded:NOASSERTION PackageLicenseInfoFromFiles:[] PackageLicenseDeclared:AGPL-3.0-or-later PackageLicenseComments: PackageCopyrightText: PackageSummary: PackageDescription: PackageComment:runtime or transitive dependency PackageExternalReferences:[] PackageAttributionTexts:[] PrimaryPackagePurpose: ReleaseDate: BuiltDate: ValidUntilDate: Files:[] Annotations:[] hasFiles:[]}
Neither CPE nor PURL found for package: &{IsUnpackaged:false PackageName:undici-types PackageSPDXIdentifier:NPM-0f0ec9a9653bc7998a79 PackageVersion:7.16.0 PackageFileName: PackageSupplier:<nil> PackageOriginator:<nil> PackageDownloadLocation:https://registry.npmjs.org/undici-types/-/undici-types-7.16.0.tgz FilesAnalyzed:false IsFilesAnalyzedTagPresent:true PackageVerificationCode:<nil> PackageChecksums:[{Algorithm:SHA512 Value:Zz+aZWSj8LE6zoxD+xrjh4VfkIG8Ya6LvYkZqtUQGJPZjYl53ypCaUwWqo7eI0x66KBGeRo+mlBEkMSeSZ38Nw==}] PackageHomePage: PackageSourceInfo: PackageLicenseConcluded:NOASSERTION PackageLicenseInfoFromFiles:[] PackageLicenseDeclared:MIT PackageLicenseComments: PackageCopyrightText: PackageSummary: PackageDescription: PackageComment:development dependency PackageExternalReferences:[] PackageAttributionTexts:[] PrimaryPackagePurpose: ReleaseDate: BuiltDate: ValidUntilDate: Files:[] Annotations:[] hasFiles:[]}
Neither CPE nor PURL found for package: &{IsUnpackaged:false PackageName:unique-filename PackageSPDXIdentifier:NPM-08dad7b705863de57707 PackageVersion:1.1.1 PackageFileName: PackageSupplier:<nil> PackageOriginator:<nil> PackageDownloadLocation:https://registry.npmjs.org/unique-filename/-/unique-filename-1.1.1.tgz FilesAnalyzed:false IsFilesAnalyzedTagPresent:true PackageVerificationCode:<nil> PackageChecksums:[{Algorithm:SHA512 Value:Vmp0jIp2ln35UTXuryvjzkjGdRyf9b2lTXuSYUiPmzRcl3FDtYqAwOnTJkAngD9SWhnoJzDbTKwaOrZ+STtxNQ==}] PackageHomePage: PackageSourceInfo: PackageLicenseConcluded:NOASSERTION PackageLicenseInfoFromFiles:[] PackageLicenseDeclared:ISC PackageLicenseComments: PackageCopyrightText: PackageSummary: PackageDescription: PackageComment:runtime or transitive dependency PackageExternalReferences:[] PackageAttributionTexts:[] PrimaryPackagePurpose: ReleaseDate: BuiltDate: ValidUntilDate: Files:[] Annotations:[] hasFiles:[]}
Neither CPE nor PURL found for package: &{IsUnpackaged:false PackageName:unique-slug PackageSPDXIdentifier:NPM-56c06b405bb241a6ab07 PackageVersion:2.0.2 PackageFileName: PackageSupplier:<nil> PackageOriginator:<nil> PackageDownloadLocation:https://registry.npmjs.org/unique-slug/-/unique-slug-2.0.2.tgz FilesAnalyzed:false IsFilesAnalyzedTagPresent:true PackageVerificationCode:<nil> PackageChecksums:[{Algorithm:SHA512 Value:zoWr9ObaxALD3DOPfjPSqxt4fnZiWblxHIgeWqW8x7UqDzEtHEQLzji2cuJYQFCU6KmoJikOYAZlrTHHebjx2w==}] PackageHomePage: PackageSourceInfo: PackageLicenseConcluded:NOASSERTION PackageLicenseInfoFromFiles:[] PackageLicenseDeclared:ISC PackageLicenseComments: PackageCopyrightText: PackageSummary: PackageDescription: PackageComment:runtime or transitive dependency PackageExternalReferences:[] PackageAttributionTexts:[] PrimaryPackagePurpose: ReleaseDate: BuiltDate: ValidUntilDate: Files:[] Annotations:[] hasFiles:[]}
Neither CPE nor PURL found for package: &{IsUnpackaged:false PackageName:universalify PackageSPDXIdentifier:NPM-6929b48cd126bb32b64a PackageVersion:0.1.2 PackageFileName: PackageSupplier:<nil> PackageOriginator:<nil> PackageDownloadLocation:https://registry.npmjs.org/universalify/-/universalify-0.1.2.tgz FilesAnalyzed:false IsFilesAnalyzedTagPresent:true PackageVerificationCode:<nil> PackageChecksums:[{Algorithm:SHA512 Value:rBJeI5CXAlmy1pV+617WB9J63U6XcazHHF2f2dbJix4XzpUF0RS3Zbj0FGIOCAva5P/d/GBOYaACQ1w+0azUkg==}] PackageHomePage: PackageSourceInfo: PackageLicenseConcluded:NOASSERTION PackageLicenseInfoFromFiles:[] PackageLicenseDeclared:MIT PackageLicenseComments: PackageCopyrightText: PackageSummary: PackageDescription: PackageComment:development dependency PackageExternalReferences:[] PackageAttributionTexts:[] PrimaryPackagePurpose: ReleaseDate: BuiltDate: ValidUntilDate: Files:[] Annotations:[] hasFiles:[]}
Neither CPE nor PURL found for package: &{IsUnpackaged:false PackageName:unpipe PackageSPDXIdentifier:NPM-3a555405bd00c7e7e52b PackageVersion:1.0.0 PackageFileName: PackageSupplier:<nil> PackageOriginator:<nil> PackageDownloadLocation:https://registry.npmjs.org/unpipe/-/unpipe-1.0.0.tgz FilesAnalyzed:false IsFilesAnalyzedTagPresent:true PackageVerificationCode:<nil> PackageChecksums:[{Algorithm:SHA512 Value:pjy2bYhSsufwWlKwPc+l3cN7+wuJlK6uz0YdJEOlQDbl6jo/YlPi4mb8agUkVC8BF7V8NuzeyPNqRksA3hztKQ==}] PackageHomePage: PackageSourceInfo: PackageLicenseConcluded:NOASSERTION PackageLicenseInfoFromFiles:[] PackageLicenseDeclared:MIT PackageLicenseComments: PackageCopyrightText: PackageSummary: PackageDescription: PackageComment:runtime or transitive dependency PackageExternalReferences:[] PackageAttributionTexts:[] PrimaryPackagePurpose: ReleaseDate: BuiltDate: ValidUntilDate: Files:[] Annotations:[] hasFiles:[]}
Neither CPE nor PURL found for package: &{IsUnpackaged:false PackageName:update-browserslist-db PackageSPDXIdentifier:NPM-59dd23ce87d830a2d4e4 PackageVersion:1.2.3 PackageFileName: PackageSupplier:<nil> PackageOriginator:<nil> PackageDownloadLocation:https://registry.npmjs.org/update-browserslist-db/-/update-browserslist-db-1.2.3.tgz FilesAnalyzed:false IsFilesAnalyzedTagPresent:true PackageVerificationCode:<nil> PackageChecksums:[{Algorithm:SHA512 Value:Js0m9cx+qOgDxo0eMiFGEueWztz+d4+M3rGlmKPT+T4IS/jP4ylw3Nwpu6cpTTP8R1MAC1kF4VbdLt3ARf209w==}] PackageHomePage: PackageSourceInfo: PackageLicenseConcluded:NOASSERTION PackageLicenseInfoFromFiles:[] PackageLicenseDeclared:MIT PackageLicenseComments: PackageCopyrightText: PackageSummary: PackageDescription: PackageComment:runtime or transitive dependency PackageExternalReferences:[] PackageAttributionTexts:[] PrimaryPackagePurpose: ReleaseDate: BuiltDate: ValidUntilDate: Files:[] Annotations:[] hasFiles:[]}
Neither CPE nor PURL found for package: &{IsUnpackaged:false PackageName:uri-js PackageSPDXIdentifier:NPM-9cc71211156a831c626e PackageVersion:4.4.1 PackageFileName: PackageSupplier:<nil> PackageOriginator:<nil> PackageDownloadLocation:https://registry.npmjs.org/uri-js/-/uri-js-4.4.1.tgz FilesAnalyzed:false IsFilesAnalyzedTagPresent:true PackageVerificationCode:<nil> PackageChecksums:[{Algorithm:SHA512 Value:7rKUyy33Q1yc98pQ1DAmLtwX109F7TIfWlW1Ydo8Wl1ii1SeHieeh0HHfPeL2fMXK6z0s8ecKs9frCuLJvndBg==}] PackageHomePage: PackageSourceInfo: PackageLicenseConcluded:NOASSERTION PackageLicenseInfoFromFiles:[] PackageLicenseDeclared:BSD-2-Clause PackageLicenseComments: PackageCopyrightText: PackageSummary: PackageDescription: PackageComment:development dependency PackageExternalReferences:[] PackageAttributionTexts:[] PrimaryPackagePurpose: ReleaseDate: BuiltDate: ValidUntilDate: Files:[] Annotations:[] hasFiles:[]}
Neither CPE nor PURL found for package: &{IsUnpackaged:false PackageName:utf8-byte-length PackageSPDXIdentifier:NPM-c0def493c8920f5496fd PackageVersion:1.0.5 PackageFileName: PackageSupplier:<nil> PackageOriginator:<nil> PackageDownloadLocation:https://registry.npmjs.org/utf8-byte-length/-/utf8-byte-length-1.0.5.tgz FilesAnalyzed:false IsFilesAnalyzedTagPresent:true PackageVerificationCode:<nil> PackageChecksums:[{Algorithm:SHA512 Value:Xn0w3MtiQ6zoz2vFyUVruaCL53O/DwUvkEeOvj+uulMm0BkUGYWmBYVyElqZaSLhY6ZD0ulfU3aBra2aVT4xfA==}] PackageHomePage: PackageSourceInfo: PackageLicenseConcluded:NOASSERTION PackageLicenseInfoFromFiles:[] PackageLicenseDeclared:(WTFPL OR MIT) PackageLicenseComments: PackageCopyrightText: PackageSummary: PackageDescription: PackageComment:development dependency PackageExternalReferences:[] PackageAttributionTexts:[] PrimaryPackagePurpose: ReleaseDate: BuiltDate: ValidUntilDate: Files:[] Annotations:[] hasFiles:[]}
Neither CPE nor PURL found for package: &{IsUnpackaged:false PackageName:util-deprecate PackageSPDXIdentifier:NPM-a1bd80d6a50b36e34032 PackageVersion:1.0.2 PackageFileName: PackageSupplier:<nil> PackageOriginator:<nil> PackageDownloadLocation:https://registry.npmjs.org/util-deprecate/-/util-deprecate-1.0.2.tgz FilesAnalyzed:false IsFilesAnalyzedTagPresent:true PackageVerificationCode:<nil> PackageChecksums:[{Algorithm:SHA512 Value:EPD5q1uXyFxJpCrLnCc1nHnq3gOa6DZBocAIiI2TaSCA7VCJ1UJDMagCzIkXNsUYfD1daK//LTEQ8xiIbrHtcw==}] PackageHomePage: PackageSourceInfo: PackageLicenseConcluded:NOASSERTION PackageLicenseInfoFromFiles:[] PackageLicenseDeclared:MIT PackageLicenseComments: PackageCopyrightText: PackageSummary: PackageDescription: PackageComment:runtime or transitive dependency PackageExternalReferences:[] PackageAttributionTexts:[] PrimaryPackagePurpose: ReleaseDate: BuiltDate: ValidUntilDate: Files:[] Annotations:[] hasFiles:[]}
Neither CPE nor PURL found for package: &{IsUnpackaged:false PackageName:utils-merge PackageSPDXIdentifier:NPM-daf17cb7acc6dd4694e8 PackageVersion:1.0.1 PackageFileName: PackageSupplier:<nil> PackageOriginator:<nil> PackageDownloadLocation:https://registry.npmjs.org/utils-merge/-/utils-merge-1.0.1.tgz FilesAnalyzed:false IsFilesAnalyzedTagPresent:true PackageVerificationCode:<nil> PackageChecksums:[{Algorithm:SHA512 Value:pMZTvIkT1d+TFGvDOqodOclx0QWkkgi6Tdoa8gC8ffGAAqz9pzPTZWAybbsHHoED/ztMtkv/VoYTYyShUn81hA==}] PackageHomePage: PackageSourceInfo: PackageLicenseConcluded:NOASSERTION PackageLicenseInfoFromFiles:[] PackageLicenseDeclared:MIT PackageLicenseComments: PackageCopyrightText: PackageSummary: PackageDescription: PackageComment:runtime or transitive dependency PackageExternalReferences:[] PackageAttributionTexts:[] PrimaryPackagePurpose: ReleaseDate: BuiltDate: ValidUntilDate: Files:[] Annotations:[] hasFiles:[]}
Neither CPE nor PURL found for package: &{IsUnpackaged:false PackageName:v8-to-istanbul PackageSPDXIdentifier:NPM-694fdacd222f47ff8930 PackageVersion:9.3.0 PackageFileName: PackageSupplier:<nil> PackageOriginator:<nil> PackageDownloadLocation:https://registry.npmjs.org/v8-to-istanbul/-/v8-to-istanbul-9.3.0.tgz FilesAnalyzed:false IsFilesAnalyzedTagPresent:true PackageVerificationCode:<nil> PackageChecksums:[{Algorithm:SHA512 Value:kiGUalWN+rgBJ/1OHZsBtU4rXZOfj/7rKQxULKlIzwzQSvMJUUNgPwJEEh7gU6xEVxC0ahoOBvN2YI8GH6FNgA==}] PackageHomePage: PackageSourceInfo: PackageLicenseConcluded:NOASSERTION PackageLicenseInfoFromFiles:[] PackageLicenseDeclared:ISC PackageLicenseComments: PackageCopyrightText: PackageSummary: PackageDescription: PackageComment:development dependency PackageExternalReferences:[] PackageAttributionTexts:[] PrimaryPackagePurpose: ReleaseDate: BuiltDate: ValidUntilDate: Files:[] Annotations:[] hasFiles:[]}
Neither CPE nor PURL found for package: &{IsUnpackaged:false PackageName:vali-date PackageSPDXIdentifier:NPM-e4330f9b151220687ad9 PackageVersion:1.0.0 PackageFileName: PackageSupplier:<nil> PackageOriginator:<nil> PackageDownloadLocation:https://registry.npmjs.org/vali-date/-/vali-date-1.0.0.tgz FilesAnalyzed:false IsFilesAnalyzedTagPresent:true PackageVerificationCode:<nil> PackageChecksums:[{Algorithm:SHA512 Value:sgECfZthyaCKW10N0fm27cg8HYTFK5qMWgypqkXMQ4Wbl/zZKx7xZICgcoxIIE+WFAP/MBL2EFwC/YvLxw3Zeg==}] PackageHomePage: PackageSourceInfo: PackageLicenseConcluded:NOASSERTION PackageLicenseInfoFromFiles:[] PackageLicenseDeclared:MIT PackageLicenseComments: PackageCopyrightText: PackageSummary: PackageDescription: PackageComment:runtime or transitive dependency PackageExternalReferences:[] PackageAttributionTexts:[] PrimaryPackagePurpose: ReleaseDate: BuiltDate: ValidUntilDate: Files:[] Annotations:[] hasFiles:[]}
Neither CPE nor PURL found for package: &{IsUnpackaged:false PackageName:vary PackageSPDXIdentifier:NPM-d308bd3935a6f29310b2 PackageVersion:1.1.2 PackageFileName: PackageSupplier:<nil> PackageOriginator:<nil> PackageDownloadLocation:https://registry.npmjs.org/vary/-/vary-1.1.2.tgz FilesAnalyzed:false IsFilesAnalyzedTagPresent:true PackageVerificationCode:<nil> PackageChecksums:[{Algorithm:SHA512 Value:BNGbWLfd0eUPabhkXUVm0j8uuvREyTh5ovRa/dyow/BqAbZJyC+5fU+IzQOzmAKzYqYRAISoRhdQr3eIZ/PXqg==}] PackageHomePage: PackageSourceInfo: PackageLicenseConcluded:NOASSERTION PackageLicenseInfoFromFiles:[] PackageLicenseDeclared:MIT PackageLicenseComments: PackageCopyrightText: PackageSummary: PackageDescription: PackageComment:runtime or transitive dependency PackageExternalReferences:[] PackageAttributionTexts:[] PrimaryPackagePurpose: ReleaseDate: BuiltDate: ValidUntilDate: Files:[] Annotations:[] hasFiles:[]}
Neither CPE nor PURL found for package: &{IsUnpackaged:false PackageName:verror PackageSPDXIdentifier:NPM-b65b7c433870c831b839 PackageVersion:1.10.1 PackageFileName: PackageSupplier:<nil> PackageOriginator:<nil> PackageDownloadLocation:https://registry.npmjs.org/verror/-/verror-1.10.1.tgz FilesAnalyzed:false IsFilesAnalyzedTagPresent:true PackageVerificationCode:<nil> PackageChecksums:[{Algorithm:SHA512 Value:veufcmxri4e3XSrT0xwfUR7kguIkaxBeosDg00yDWhk49wdwkSUrvvsm7nc75e1PUyvIeZj6nS8VQRYz2/S4Xg==}] PackageHomePage: PackageSourceInfo: PackageLicenseConcluded:NOASSERTION PackageLicenseInfoFromFiles:[] PackageLicenseDeclared:MIT PackageLicenseComments: PackageCopyrightText: PackageSummary: PackageDescription: PackageComment:development dependency PackageExternalReferences:[] PackageAttributionTexts:[] PrimaryPackagePurpose: ReleaseDate: BuiltDate: ValidUntilDate: Files:[] Annotations:[] hasFiles:[]}
Neither CPE nor PURL found for package: &{IsUnpackaged:false PackageName:walker PackageSPDXIdentifier:NPM-74e58daf9dacf754d53f PackageVersion:1.0.8 PackageFileName: PackageSupplier:<nil> PackageOriginator:<nil> PackageDownloadLocation:https://registry.npmjs.org/walker/-/walker-1.0.8.tgz FilesAnalyzed:false IsFilesAnalyzedTagPresent:true PackageVerificationCode:<nil> PackageChecksums:[{Algorithm:SHA512 Value:ts/8E8l5b7kY0vlWLewOkDXMmPdLcVV4GmOQLyxuSswIJsweeFZtAsMF7k1Nszz+TYBQrlYRmzOnr398y1JemQ==}] PackageHomePage: PackageSourceInfo: PackageLicenseConcluded:NOASSERTION PackageLicenseInfoFromFiles:[] PackageLicenseDeclared:Apache-2.0 PackageLicenseComments: PackageCopyrightText: PackageSummary: PackageDescription: PackageComment:development dependency PackageExternalReferences:[] PackageAttributionTexts:[] PrimaryPackagePurpose: ReleaseDate: BuiltDate: ValidUntilDate: Files:[] Annotations:[] hasFiles:[]}
Neither CPE nor PURL found for package: &{IsUnpackaged:false PackageName:which PackageSPDXIdentifier:NPM-5a71f2b741944bf107d6 PackageVersion:2.0.2 PackageFileName: PackageSupplier:<nil> PackageOriginator:<nil> PackageDownloadLocation:https://registry.npmjs.org/which/-/which-2.0.2.tgz FilesAnalyzed:false IsFilesAnalyzedTagPresent:true PackageVerificationCode:<nil> PackageChecksums:[{Algorithm:SHA512 Value:BLI3Tl1TW3Pvl70l3yq3Y64i+awpwXqsGBYWkkqMtnbXgrMD+yj7rhW0kuEDxzJaYXGjEW5ogapKNMEKNMjibA==}] PackageHomePage: PackageSourceInfo: PackageLicenseConcluded:NOASSERTION PackageLicenseInfoFromFiles:[] PackageLicenseDeclared:ISC PackageLicenseComments: PackageCopyrightText: PackageSummary: PackageDescription: PackageComment:runtime or transitive dependency PackageExternalReferences:[] PackageAttributionTexts:[] PrimaryPackagePurpose: ReleaseDate: BuiltDate: ValidUntilDate: Files:[] Annotations:[] hasFiles:[]}
Neither CPE nor PURL found for package: &{IsUnpackaged:false PackageName:wide-align PackageSPDXIdentifier:NPM-d21222b885638632a22d PackageVersion:1.1.5 PackageFileName: PackageSupplier:<nil> PackageOriginator:<nil> PackageDownloadLocation:https://registry.npmjs.org/wide-align/-/wide-align-1.1.5.tgz FilesAnalyzed:false IsFilesAnalyzedTagPresent:true PackageVerificationCode:<nil> PackageChecksums:[{Algorithm:SHA512 Value:eDMORYaPNZ4sQIuuYPDHdQvf4gyCF9rEEV/yPxGfwPkRodwEgiMUUXTx/dex+Me0wxx53S+NgUHaP7y3MGlDmg==}] PackageHomePage: PackageSourceInfo: PackageLicenseConcluded:NOASSERTION PackageLicenseInfoFromFiles:[] PackageLicenseDeclared:ISC PackageLicenseComments: PackageCopyrightText: PackageSummary: PackageDescription: PackageComment:runtime or transitive dependency PackageExternalReferences:[] PackageAttributionTexts:[] PrimaryPackagePurpose: ReleaseDate: BuiltDate: ValidUntilDate: Files:[] Annotations:[] hasFiles:[]}
Neither CPE nor PURL found for package: &{IsUnpackaged:false PackageName:wrap-ansi PackageSPDXIdentifier:NPM-9a41500be6a070d25d0c PackageVersion:7.0.0 PackageFileName: PackageSupplier:<nil> PackageOriginator:<nil> PackageDownloadLocation:https://registry.npmjs.org/wrap-ansi/-/wrap-ansi-7.0.0.tgz FilesAnalyzed:false IsFilesAnalyzedTagPresent:true PackageVerificationCode:<nil> PackageChecksums:[{Algorithm:SHA512 Value:YVGIj2kamLSTxw6NsZjoBxfSwsn0ycdesmc4p+Q21c5zPuZ1pl+NfxVdxPtdHvmNVOQ6XSYG4AUtyt/Fi7D16Q==}] PackageHomePage: PackageSourceInfo: PackageLicenseConcluded:NOASSERTION PackageLicenseInfoFromFiles:[] PackageLicenseDeclared:MIT PackageLicenseComments: PackageCopyrightText: PackageSummary: PackageDescription: PackageComment:development dependency PackageExternalReferences:[] PackageAttributionTexts:[] PrimaryPackagePurpose: ReleaseDate: BuiltDate: ValidUntilDate: Files:[] Annotations:[] hasFiles:[]}
Neither CPE nor PURL found for package: &{IsUnpackaged:false PackageName:wrap-ansi-cjs PackageSPDXIdentifier:NPM-db6513c800cfda144851 PackageVersion:7.0.0 PackageFileName: PackageSupplier:<nil> PackageOriginator:<nil> PackageDownloadLocation:https://registry.npmjs.org/wrap-ansi/-/wrap-ansi-7.0.0.tgz FilesAnalyzed:false IsFilesAnalyzedTagPresent:true PackageVerificationCode:<nil> PackageChecksums:[{Algorithm:SHA512 Value:YVGIj2kamLSTxw6NsZjoBxfSwsn0ycdesmc4p+Q21c5zPuZ1pl+NfxVdxPtdHvmNVOQ6XSYG4AUtyt/Fi7D16Q==}] PackageHomePage: PackageSourceInfo: PackageLicenseConcluded:NOASSERTION PackageLicenseInfoFromFiles:[] PackageLicenseDeclared:MIT PackageLicenseComments: PackageCopyrightText: PackageSummary: PackageDescription: PackageComment:development dependency PackageExternalReferences:[] PackageAttributionTexts:[] PrimaryPackagePurpose: ReleaseDate: BuiltDate: ValidUntilDate: Files:[] Annotations:[] hasFiles:[]}
Neither CPE nor PURL found for package: &{IsUnpackaged:false PackageName:wrappy PackageSPDXIdentifier:NPM-13cebf193d7ada5ee347 PackageVersion:1.0.2 PackageFileName: PackageSupplier:<nil> PackageOriginator:<nil> PackageDownloadLocation:https://registry.npmjs.org/wrappy/-/wrappy-1.0.2.tgz FilesAnalyzed:false IsFilesAnalyzedTagPresent:true PackageVerificationCode:<nil> PackageChecksums:[{Algorithm:SHA512 Value:l4Sp/DRseor9wL6EvV2+TuQn63dMkPjZ/sp9XkghTEbV9KlPS1xUsZ3u7/IQO4wxtcFB4bgpQPRcR3QCvezPcQ==}] PackageHomePage: PackageSourceInfo: PackageLicenseConcluded:NOASSERTION PackageLicenseInfoFromFiles:[] PackageLicenseDeclared:ISC PackageLicenseComments: PackageCopyrightText: PackageSummary: PackageDescription: PackageComment:runtime or transitive dependency PackageExternalReferences:[] PackageAttributionTexts:[] PrimaryPackagePurpose: ReleaseDate: BuiltDate: ValidUntilDate: Files:[] Annotations:[] hasFiles:[]}
Neither CPE nor PURL found for package: &{IsUnpackaged:false PackageName:write-file-atomic PackageSPDXIdentifier:NPM-2d1b0e884843999425ba PackageVersion:4.0.2 PackageFileName: PackageSupplier:<nil> PackageOriginator:<nil> PackageDownloadLocation:https://registry.npmjs.org/write-file-atomic/-/write-file-atomic-4.0.2.tgz FilesAnalyzed:false IsFilesAnalyzedTagPresent:true PackageVerificationCode:<nil> PackageChecksums:[{Algorithm:SHA512 Value:7KxauUdBmSdWnmpaGFg+ppNjKF8uNLry8LyzjauQDOVONfFLNKrKvQOxZ/VuTIcS/gge/YNahf5RIIQWTSarlg==}] PackageHomePage: PackageSourceInfo: PackageLicenseConcluded:NOASSERTION PackageLicenseInfoFromFiles:[] PackageLicenseDeclared:ISC PackageLicenseComments: PackageCopyrightText: PackageSummary: PackageDescription: PackageComment:development dependency PackageExternalReferences:[] PackageAttributionTexts:[] PrimaryPackagePurpose: ReleaseDate: BuiltDate: ValidUntilDate: Files:[] Annotations:[] hasFiles:[]}
Neither CPE nor PURL found for package: &{IsUnpackaged:false PackageName:ws PackageSPDXIdentifier:NPM-d757d0a1cc8f7a6e255f PackageVersion:8.21.0 PackageFileName: PackageSupplier:<nil> PackageOriginator:<nil> PackageDownloadLocation:https://registry.npmjs.org/ws/-/ws-8.21.0.tgz FilesAnalyzed:false IsFilesAnalyzedTagPresent:true PackageVerificationCode:<nil> PackageChecksums:[{Algorithm:SHA512 Value:Vsp28b7DRcimFQvrqu2Wek3z1iYxDCWqHYB8Qsnk/S4RfaCQzPGPyBNuVjJV3cd6UiKtUtp6sNM77gWvzcCH+g==}] PackageHomePage: PackageSourceInfo: PackageLicenseConcluded:NOASSERTION PackageLicenseInfoFromFiles:[] PackageLicenseDeclared:MIT PackageLicenseComments: PackageCopyrightText: PackageSummary: PackageDescription: PackageComment:runtime or transitive dependency PackageExternalReferences:[] PackageAttributionTexts:[] PrimaryPackagePurpose: ReleaseDate: BuiltDate: ValidUntilDate: Files:[] Annotations:[] hasFiles:[]}
Neither CPE nor PURL found for package: &{IsUnpackaged:false PackageName:xml2js PackageSPDXIdentifier:NPM-b65e0d507403d77d9924 PackageVersion:0.6.2 PackageFileName: PackageSupplier:<nil> PackageOriginator:<nil> PackageDownloadLocation:https://registry.npmjs.org/xml2js/-/xml2js-0.6.2.tgz FilesAnalyzed:false IsFilesAnalyzedTagPresent:true PackageVerificationCode:<nil> PackageChecksums:[{Algorithm:SHA512 Value:T4rieHaC1EXcES0Kxxj4JWgaUQHDk+qwHcYOCFHfiwKz7tOVPLq7Hjq9dM1WCMhylqMEfP7hMcOIChvotiZegA==}] PackageHomePage: PackageSourceInfo: PackageLicenseConcluded:NOASSERTION PackageLicenseInfoFromFiles:[] PackageLicenseDeclared:MIT PackageLicenseComments: PackageCopyrightText: PackageSummary: PackageDescription: PackageComment:runtime or transitive dependency PackageExternalReferences:[] PackageAttributionTexts:[] PrimaryPackagePurpose: ReleaseDate: BuiltDate: ValidUntilDate: Files:[] Annotations:[] hasFiles:[]}
Neither CPE nor PURL found for package: &{IsUnpackaged:false PackageName:xml2js/node_modules/xmlbuilder PackageSPDXIdentifier:NPM-72504380a8c5db379684 PackageVersion:11.0.1 PackageFileName: PackageSupplier:<nil> PackageOriginator:<nil> PackageDownloadLocation:https://registry.npmjs.org/xmlbuilder/-/xmlbuilder-11.0.1.tgz FilesAnalyzed:false IsFilesAnalyzedTagPresent:true PackageVerificationCode:<nil> PackageChecksums:[{Algorithm:SHA512 Value:fDlsI/kFEx7gLvbecc0/ohLG50fugQp8ryHzMTuW9vSa1GJ0XYWKnhsUx7oie3G98+r56aTQIUB4kht42R3JvA==}] PackageHomePage: PackageSourceInfo: PackageLicenseConcluded:NOASSERTION PackageLicenseInfoFromFiles:[] PackageLicenseDeclared:MIT PackageLicenseComments: PackageCopyrightText: PackageSummary: PackageDescription: PackageComment:runtime or transitive dependency PackageExternalReferences:[] PackageAttributionTexts:[] PrimaryPackagePurpose: ReleaseDate: BuiltDate: ValidUntilDate: Files:[] Annotations:[] hasFiles:[]}
Neither CPE nor PURL found for package: &{IsUnpackaged:false PackageName:xmlbuilder PackageSPDXIdentifier:NPM-c801f70722d786dee48b PackageVersion:15.1.1 PackageFileName: PackageSupplier:<nil> PackageOriginator:<nil> PackageDownloadLocation:https://registry.npmjs.org/xmlbuilder/-/xmlbuilder-15.1.1.tgz FilesAnalyzed:false IsFilesAnalyzedTagPresent:true PackageVerificationCode:<nil> PackageChecksums:[{Algorithm:SHA512 Value:yMqGBqtXyeN1e3TGYvgNgDVZ3j84W4cwkOXQswghol6APgZWaff9lnbvN7MHYJOiXsvGPXtjTYJEiC9J2wv9Eg==}] PackageHomePage: PackageSourceInfo: PackageLicenseConcluded:NOASSERTION PackageLicenseInfoFromFiles:[] PackageLicenseDeclared:MIT PackageLicenseComments: PackageCopyrightText: PackageSummary: PackageDescription: PackageComment:development dependency PackageExternalReferences:[] PackageAttributionTexts:[] PrimaryPackagePurpose: ReleaseDate: BuiltDate: ValidUntilDate: Files:[] Annotations:[] hasFiles:[]}
Neither CPE nor PURL found for package: &{IsUnpackaged:false PackageName:y18n PackageSPDXIdentifier:NPM-1dd471a41f77455fc624 PackageVersion:5.0.8 PackageFileName: PackageSupplier:<nil> PackageOriginator:<nil> PackageDownloadLocation:https://registry.npmjs.org/y18n/-/y18n-5.0.8.tgz FilesAnalyzed:false IsFilesAnalyzedTagPresent:true PackageVerificationCode:<nil> PackageChecksums:[{Algorithm:SHA512 Value:0pfFzegeDWJHJIAmTLRP2DwHjdF5s7jo9tuztdQxAhINCdvS+3nGINqPd00AphqJR/0LhANUS6/+7SCb98YOfA==}] PackageHomePage: PackageSourceInfo: PackageLicenseConcluded:NOASSERTION PackageLicenseInfoFromFiles:[] PackageLicenseDeclared:ISC PackageLicenseComments: PackageCopyrightText: PackageSummary: PackageDescription: PackageComment:development dependency PackageExternalReferences:[] PackageAttributionTexts:[] PrimaryPackagePurpose: ReleaseDate: BuiltDate: ValidUntilDate: Files:[] Annotations:[] hasFiles:[]}
Neither CPE nor PURL found for package: &{IsUnpackaged:false PackageName:yallist PackageSPDXIdentifier:NPM-d400799c4e1f58dbbbe6 PackageVersion:4.0.0 PackageFileName: PackageSupplier:<nil> PackageOriginator:<nil> PackageDownloadLocation:https://registry.npmjs.org/yallist/-/yallist-4.0.0.tgz FilesAnalyzed:false IsFilesAnalyzedTagPresent:true PackageVerificationCode:<nil> PackageChecksums:[{Algorithm:SHA512 Value:3wdGidZyq5PB084XLES5TpOSRA3wjXAlIWMhum2kRcv/41Sn2emQ0dycQW4uZXLejwKvg6EsvbdlVL+FYEct7A==}] PackageHomePage: PackageSourceInfo: PackageLicenseConcluded:NOASSERTION PackageLicenseInfoFromFiles:[] PackageLicenseDeclared:ISC PackageLicenseComments: PackageCopyrightText: PackageSummary: PackageDescription: PackageComment:runtime or transitive dependency PackageExternalReferences:[] PackageAttributionTexts:[] PrimaryPackagePurpose: ReleaseDate: BuiltDate: ValidUntilDate: Files:[] Annotations:[] hasFiles:[]}
Neither CPE nor PURL found for package: &{IsUnpackaged:false PackageName:yargs PackageSPDXIdentifier:NPM-3f627b435d9e054beeef PackageVersion:17.7.2 PackageFileName: PackageSupplier:<nil> PackageOriginator:<nil> PackageDownloadLocation:https://registry.npmjs.org/yargs/-/yargs-17.7.2.tgz FilesAnalyzed:false IsFilesAnalyzedTagPresent:true PackageVerificationCode:<nil> PackageChecksums:[{Algorithm:SHA512 Value:7dSzzRQ++CKnNI/krKnYRV7JKKPUXMEh61soaHKg9mrWEhzFWhFnxPxGl+69cD1Ou63C13NUPCnmIcrvqCuM6w==}] PackageHomePage: PackageSourceInfo: PackageLicenseConcluded:NOASSERTION PackageLicenseInfoFromFiles:[] PackageLicenseDeclared:MIT PackageLicenseComments: PackageCopyrightText: PackageSummary: PackageDescription: PackageComment:development dependency PackageExternalReferences:[] PackageAttributionTexts:[] PrimaryPackagePurpose: ReleaseDate: BuiltDate: ValidUntilDate: Files:[] Annotations:[] hasFiles:[]}
Neither CPE nor PURL found for package: &{IsUnpackaged:false PackageName:yargs-parser PackageSPDXIdentifier:NPM-617a7401008b7639df8c PackageVersion:21.1.1 PackageFileName: PackageSupplier:<nil> PackageOriginator:<nil> PackageDownloadLocation:https://registry.npmjs.org/yargs-parser/-/yargs-parser-21.1.1.tgz FilesAnalyzed:false IsFilesAnalyzedTagPresent:true PackageVerificationCode:<nil> PackageChecksums:[{Algorithm:SHA512 Value:tVpsJW7DdjecAiFpbIB1e3qxIQsE6NoPc5/eTdrbbIC4h0LVsWhnoa3g+m2HclBIujHzsxZ4VJVA+GUuc2/LBw==}] PackageHomePage: PackageSourceInfo: PackageLicenseConcluded:NOASSERTION PackageLicenseInfoFromFiles:[] PackageLicenseDeclared:ISC PackageLicenseComments: PackageCopyrightText: PackageSummary: PackageDescription: PackageComment:development dependency PackageExternalReferences:[] PackageAttributionTexts:[] PrimaryPackagePurpose: ReleaseDate: BuiltDate: ValidUntilDate: Files:[] Annotations:[] hasFiles:[]}
Neither CPE nor PURL found for package: &{IsUnpackaged:false PackageName:yauzl PackageSPDXIdentifier:NPM-dcff6d42092969423867 PackageVersion:2.10.0 PackageFileName: PackageSupplier:<nil> PackageOriginator:<nil> PackageDownloadLocation:https://registry.npmjs.org/yauzl/-/yauzl-2.10.0.tgz FilesAnalyzed:false IsFilesAnalyzedTagPresent:true PackageVerificationCode:<nil> PackageChecksums:[{Algorithm:SHA512 Value:p4a9I6X6nu6IhoGmBqAcbJy1mlC4j27vEPZX9F4L4/vZT3Lyq1VkFHw/V/PUcB9Buo+DG3iHkT0x3Qya58zc3g==}] PackageHomePage: PackageSourceInfo: PackageLicenseConcluded:NOASSERTION PackageLicenseInfoFromFiles:[] PackageLicenseDeclared:MIT PackageLicenseComments: PackageCopyrightText: PackageSummary: PackageDescription: PackageComment:development dependency PackageExternalReferences:[] PackageAttributionTexts:[] PrimaryPackagePurpose: ReleaseDate: BuiltDate: ValidUntilDate: Files:[] Annotations:[] hasFiles:[]}
Neither CPE nor PURL found for package: &{IsUnpackaged:false PackageName:yocto-queue PackageSPDXIdentifier:NPM-1acee86624de49829433 PackageVersion:0.1.0 PackageFileName: PackageSupplier:<nil> PackageOriginator:<nil> PackageDownloadLocation:https://registry.npmjs.org/yocto-queue/-/yocto-queue-0.1.0.tgz FilesAnalyzed:false IsFilesAnalyzedTagPresent:true PackageVerificationCode:<nil> PackageChecksums:[{Algorithm:SHA512 Value:rVksvsnNCdJ/ohGc6xgPwyN8eheCxsiLM8mxuE/t/mOVqJewPuO1miLpTHQiRgTKCLexL4MeAFVagts7HmNZ2Q==}] PackageHomePage: PackageSourceInfo: PackageLicenseConcluded:NOASSERTION PackageLicenseInfoFromFiles:[] PackageLicenseDeclared:MIT PackageLicenseComments: PackageCopyrightText: PackageSummary: PackageDescription: PackageComment:development dependency PackageExternalReferences:[] PackageAttributionTexts:[] PrimaryPackagePurpose: ReleaseDate: BuiltDate: ValidUntilDate: Files:[] Annotations:[] hasFiles:[]}
Neither CPE nor PURL found for package: &{IsUnpackaged:false PackageName:zip-stream PackageSPDXIdentifier:NPM-6fd03d5864a4a038cab0 PackageVersion:4.1.1 PackageFileName: PackageSupplier:<nil> PackageOriginator:<nil> PackageDownloadLocation:https://registry.npmjs.org/zip-stream/-/zip-stream-4.1.1.tgz FilesAnalyzed:false IsFilesAnalyzedTagPresent:true PackageVerificationCode:<nil> PackageChecksums:[{Algorithm:SHA512 Value:9qv4rlDiopXg4E69k+vMHjNN63YFMe9sZMrdlvKnCjlCRWeCBswPPMPUfx+ipsAWq1LXHe70RcbaHdJJpS6hyQ==}] PackageHomePage: PackageSourceInfo: PackageLicenseConcluded:NOASSERTION PackageLicenseInfoFromFiles:[] PackageLicenseDeclared:MIT PackageLicenseComments: PackageCopyrightText: PackageSummary: PackageDescription: PackageComment:development dependency PackageExternalReferences:[] PackageAttributionTexts:[] PrimaryPackagePurpose: ReleaseDate: BuiltDate: ValidUntilDate: Files:[] Annotations:[] hasFiles:[]}
Neither CPE nor PURL found for package: &{IsUnpackaged:false PackageName:zip-stream/node_modules/archiver-utils PackageSPDXIdentifier:NPM-caa4021f712ff295f467 PackageVersion:3.0.4 PackageFileName: PackageSupplier:<nil> PackageOriginator:<nil> PackageDownloadLocation:https://registry.npmjs.org/archiver-utils/-/archiver-utils-3.0.4.tgz FilesAnalyzed:false IsFilesAnalyzedTagPresent:true PackageVerificationCode:<nil> PackageChecksums:[{Algorithm:SHA512 Value:KVgf4XQVrTjhyWmx6cte4RxonPLR9onExufI1jhvw/MQ4BB6IsZD5gT8Lq+u/+pRkWna/6JoHpiQioaqFP5Rzw==}] PackageHomePage: PackageSourceInfo: PackageLicenseConcluded:NOASSERTION PackageLicenseInfoFromFiles:[] PackageLicenseDeclared:MIT PackageLicenseComments: PackageCopyrightText: PackageSummary: PackageDescription: PackageComment:development dependency PackageExternalReferences:[] PackageAttributionTexts:[] PrimaryPackagePurpose: ReleaseDate: BuiltDate: ValidUntilDate: Files:[] Annotations:[] hasFiles:[]}
Scanned /home/ubuntu/forgelocal-postfix-fresh-20260824/forge-dashboard/pnpm-lock.yaml file and found 696 packages
Scanned /home/ubuntu/forgelocal-postfix-fresh-20260824/go.mod file and found 22 packages
No issues found
exit_code=0
completed_utc=2026-08-24T21:52:37Z
check=osv_scanner
free_after_kib=14829876
---
started_utc=2026-08-24T21:52:37Z
cwd=/home/ubuntu/forgelocal-postfix-fresh-20260824
head=e0c9352710eb3710eaf0ea5d71614f2731a7051c
command=trivy fs --scanners vuln\,secret\,misconfig . 
--- raw_output ---
2026-08-24T21:52:37Z	INFO	[vuln] Vulnerability scanning is enabled
2026-08-24T21:52:37Z	INFO	[misconfig] Misconfiguration scanning is enabled
2026-08-24T21:52:37Z	INFO	[checks-client] Using existing checks from cache	path="/home/ubuntu/.cache/trivy/policy/content"
2026-08-24T21:52:38Z	INFO	[secret] Secret scanning is enabled
2026-08-24T21:52:38Z	INFO	[secret] If your scanning is slow, please try '--scanners vuln,misconfig' to disable secret scanning
2026-08-24T21:52:38Z	INFO	[secret] Please see https://trivy.dev/docs/v0.74/guide/scanner/secret#recommendation for faster secret detection
2026-08-24T21:52:39Z	INFO	[pnpm] Run "pnpm install" to collect the license information of packages	dir="forge-dashboard/node_modules"
2026-08-24T21:52:39Z	INFO	Suppressing dependencies for development and testing. To display them, try the '--include-dev-deps' flag.
2026-08-24T21:52:39Z	INFO	Number of language-specific files	num=2
2026-08-24T21:52:39Z	INFO	[gomod] Detecting vulnerabilities...
2026-08-24T21:52:39Z	INFO	[pnpm] Detecting vulnerabilities...
2026-08-24T21:52:39Z	INFO	Detected config files	num=2

Report Summary

┌────────────────────────────────┬────────────┬─────────────────┬─────────┬───────────────────┐
│             Target             │    Type    │ Vulnerabilities │ Secrets │ Misconfigurations │
├────────────────────────────────┼────────────┼─────────────────┼─────────┼───────────────────┤
│ forge-dashboard/pnpm-lock.yaml │    pnpm    │        0        │    -    │         -         │
├────────────────────────────────┼────────────┼─────────────────┼─────────┼───────────────────┤
│ go.mod                         │   gomod    │        0        │    -    │         -         │
├────────────────────────────────┼────────────┼─────────────────┼─────────┼───────────────────┤
│ Dockerfile                     │ dockerfile │        -        │    -    │         3         │
├────────────────────────────────┼────────────┼─────────────────┼─────────┼───────────────────┤
│ docker/Dockerfile.run          │ dockerfile │        -        │    -    │         3         │
└────────────────────────────────┴────────────┴─────────────────┴─────────┴───────────────────┘
Legend:
- '-': Not scanned
- '0': Clean (no security findings detected)


Dockerfile (dockerfile)
=======================
Tests: 27 (SUCCESSES: 24, FAILURES: 3)
Failures: 3 (UNKNOWN: 0, LOW: 1, MEDIUM: 0, HIGH: 2, CRITICAL: 0)

DS-0002 (HIGH): Specify at least 1 USER command in Dockerfile with non-root user as argument
════════════════════════════════════════════════════════════════════════════════
Running containers with 'root' user can lead to a container escape situation. It is a best practice to run containers as non-root users, which can be done by adding a 'USER' statement to the Dockerfile.

See https://avd.aquasec.com/misconfig/ds-0002
────────────────────────────────────────────────────────────────────────────────


DS-0026 (LOW): Add HEALTHCHECK instruction in your Dockerfile
════════════════════════════════════════════════════════════════════════════════
You should add HEALTHCHECK instruction in your docker container images to perform the health check on running containers.

See https://avd.aquasec.com/misconfig/ds-0026
────────────────────────────────────────────────────────────────────────────────


DS-0029 (HIGH): '--no-install-recommends' flag is missed: 'curl -fsSL https://deb.nodesource.com/setup_22.x | bash - &&     apt-get install -y nodejs &&     npm install -g web-ext'
════════════════════════════════════════════════════════════════════════════════
'apt-get' install should use '--no-install-recommends' to minimize image size.

See https://avd.aquasec.com/misconfig/ds-0029
────────────────────────────────────────────────────────────────────────────────
 Dockerfile:7-9
────────────────────────────────────────────────────────────────────────────────
   7 ┌ RUN curl -fsSL https://deb.nodesource.com/setup_22.x | bash - && \
   8 │     apt-get install -y nodejs && \
   9 └     npm install -g web-ext
────────────────────────────────────────────────────────────────────────────────



docker/Dockerfile.run (dockerfile)
==================================
Tests: 27 (SUCCESSES: 24, FAILURES: 3)
Failures: 3 (UNKNOWN: 0, LOW: 1, MEDIUM: 0, HIGH: 2, CRITICAL: 0)

DS-0002 (HIGH): Specify at least 1 USER command in Dockerfile with non-root user as argument
════════════════════════════════════════════════════════════════════════════════
Running containers with 'root' user can lead to a container escape situation. It is a best practice to run containers as non-root users, which can be done by adding a 'USER' statement to the Dockerfile.

See https://avd.aquasec.com/misconfig/ds-0002
────────────────────────────────────────────────────────────────────────────────


DS-0026 (LOW): Add HEALTHCHECK instruction in your Dockerfile
════════════════════════════════════════════════════════════════════════════════
You should add HEALTHCHECK instruction in your docker container images to perform the health check on running containers.

See https://avd.aquasec.com/misconfig/ds-0026
────────────────────────────────────────────────────────────────────────────────


DS-0029 (HIGH): '--no-install-recommends' flag is missed: 'target_arch="${TARGETARCH:-$(dpkg --print-architecture)}" &&     case "$target_arch" in       amd64) KASMVNC_DEB_ARCH=amd64; KASMVNC_SHA256="$KASMVNC_SHA256_AMD64" ;;       arm64) KASMVNC_DEB_ARCH=arm64; KASMVNC_SHA256="$KASMVNC_SHA256_ARM64" ;;       *) echo "unsupported Docker target architecture for KasmVNC: ${target_arch}" >&2; exit 1 ;;     esac &&     KASMVNC_URL="https://github.com/kasmtech/KasmVNC/releases/download/v${KASMVNC_VERSION}/kasmvncserver_noble_${KASMVNC_VERSION}_${KASMVNC_DEB_ARCH}.deb" &&     echo "Downloading: $KASMVNC_URL" &&     curl -fSL -o /tmp/kasmvnc.deb "$KASMVNC_URL" &&     echo "${KASMVNC_SHA256}  /tmp/kasmvnc.deb" | sha256sum -c - &&     apt-get update && apt-get install -y /tmp/kasmvnc.deb &&     rm -f /tmp/kasmvnc.deb && rm -rf /var/lib/apt/lists/*'
════════════════════════════════════════════════════════════════════════════════
'apt-get' install should use '--no-install-recommends' to minimize image size.

See https://avd.aquasec.com/misconfig/ds-0029
────────────────────────────────────────────────────────────────────────────────
 docker/Dockerfile.run:30-41
────────────────────────────────────────────────────────────────────────────────
  30 ┌ RUN target_arch="${TARGETARCH:-$(dpkg --print-architecture)}" && \
  31 │     case "$target_arch" in \
  32 │       amd64) KASMVNC_DEB_ARCH=amd64; KASMVNC_SHA256="$KASMVNC_SHA256_AMD64" ;; \
  33 │       arm64) KASMVNC_DEB_ARCH=arm64; KASMVNC_SHA256="$KASMVNC_SHA256_ARM64" ;; \
  34 │       *) echo "unsupported Docker target architecture for KasmVNC: ${target_arch}" >&2; exit 1 ;; \
  35 │     esac && \
  36 │     KASMVNC_URL="https://github.com/kasmtech/KasmVNC/releases/download/v${KASMVNC_VERSION}/kasmvncserver_noble_${KASMVNC_VERSION}_${KASMVNC_DEB_ARCH}.deb" && \
  37 │     echo "Downloading: $KASMVNC_URL" && \
  38 └     curl -fSL -o /tmp/kasmvnc.deb "$KASMVNC_URL" && \
  ..   
────────────────────────────────────────────────────────────────────────────────


exit_code=0
completed_utc=2026-08-24T21:52:39Z
check=trivy_fs
free_after_kib=14829864
---
started_utc=2026-08-24T21:52:39Z
cwd=/home/ubuntu/forgelocal-postfix-fresh-20260824
head=e0c9352710eb3710eaf0ea5d71614f2731a7051c
command=bash -c syft\ dir:\"\$1\"\ -o\ cyclonedx-json=\"\$2\" bash /home/ubuntu/forgelocal-postfix-fresh-20260824 /home/ubuntu/forgelocal-postfix-final-check-20260824/POSTFIX_SBOM.cdx.json 
--- raw_output ---
[0;90m[0003][0m [0;33m WARN[0m no explicit name and version provided for directory source, deriving artifact ID from the given path (which is not ideal)
exit_code=0
completed_utc=2026-08-24T21:52:45Z
check=syft_cyclonedx
free_after_kib=14828560
---
started_utc=2026-08-24T21:52:45Z
cwd=/home/ubuntu/forgelocal-postfix-fresh-20260824
head=e0c9352710eb3710eaf0ea5d71614f2731a7051c
command=bash -c syft\ dir:\"\$1\"\ -o\ spdx-json=\"\$2\" bash /home/ubuntu/forgelocal-postfix-fresh-20260824 /home/ubuntu/forgelocal-postfix-final-check-20260824/POSTFIX_SBOM.spdx.json 
--- raw_output ---
[0;90m[0003][0m [0;33m WARN[0m no explicit name and version provided for directory source, deriving artifact ID from the given path (which is not ideal)
exit_code=0
completed_utc=2026-08-24T21:52:51Z
check=syft_spdx
free_after_kib=14826756
---
started_utc=2026-08-24T21:52:51Z
cwd=/home/ubuntu/forgelocal-postfix-fresh-20260824
head=e0c9352710eb3710eaf0ea5d71614f2731a7051c
command=bash -c git\ diff\ --name-status\ \"t00-t27-complete-20260820..HEAD\" bash 
--- raw_output ---
M	CHANGELOG.md
M	cmd/server/cli_runtime.go
M	cmd/server/main.go
A	docs/T28_T42_EVIDENCE_CORRECTION.md
A	docs/T28_T42_STATUS_REGISTER.md
A	docs/T30_ENVIRONMENT_DIAGNOSTICS_DELTA_CONTRACT.md
A	docs/T30_REMOTE_EVIDENCE_RECONCILIATION.md
A	docs/T31_CANVAS_WEBGL_AUDIO_DIAGNOSTICS_CONTRACT.md
A	docs/T32_CLIENTRECTS_DIAGNOSTICS_CONTRACT.md
A	docs/T33_SYNTHETIC_GEOLOCATION_QA_CONTRACT.md
A	docs/T34_HARDWARE_DIAGNOSTICS_CONTRACT.md
A	docs/T35_FONT_BUNDLE_PROVENANCE_CONTRACT.md
A	docs/T36_DIAGNOSTIC_DRIFT_CONTRACT.md
A	docs/T37_PROFILE_HEALTH_CONTRACT.md
A	docs/T38_SESSION_LIFECYCLE_CONTRACT.md
A	docs/T39_SECRET_IMPORT_EXPORT_CONTRACT.md
A	docs/T40_INTEGRATION_GATE_CONTRACT.md
A	docs/T41_RELEASE_READINESS_CONTRACT.md
A	evidence/T28_T42_CORRECTION/01_git_fsck.log
A	evidence/T28_T42_CORRECTION/02_go_test_race.log
A	evidence/T28_T42_CORRECTION/03_go_vet.log
A	evidence/T28_T42_CORRECTION/04_go_build.log
A	evidence/T28_T42_CORRECTION/05_git_diff_check.log
A	evidence/T28_T42_CORRECTION/06_gitleaks.json
A	evidence/T28_T42_CORRECTION/06_gitleaks_cumulative.log
A	evidence/T28_T42_CORRECTION/07_gosec_baseline.json
A	evidence/T28_T42_CORRECTION/07_gosec_baseline.log
A	evidence/T28_T42_CORRECTION/08_gosec_head.json
A	evidence/T28_T42_CORRECTION/08_gosec_head.log
A	evidence/T28_T42_CORRECTION/09_gosec_comparison_normalized.log
A	evidence/T28_T42_CORRECTION/CORRECTION_DELTA_REFS.log
A	evidence/T28_T42_CORRECTION/CORRECTION_EXTRACTED_RESCAN.json
A	evidence/T28_T42_CORRECTION/CORRECTION_EXTRACTED_RESCAN_STATUS.log
A	evidence/T28_T42_CORRECTION/CORRECTION_FRESH_CLONE_DELIVERY.md
A	evidence/T28_T42_CORRECTION/CORRECTION_REFS.log
A	evidence/T28_T42_CORRECTION/T28_T42_CORRECTION_MANIFEST_SHA256SUMS
A	evidence/T28_T42_CORRECTION/forgelocal-t28-t42-correction.delta.bundle
A	evidence/T28_T42_CORRECTION/forgelocal-t28-t42-correction.delta.bundle.portable.sha256
A	evidence/T28_T42_CORRECTION/forgelocal-t28-t42-evidence-correction.zip
A	evidence/T28_T42_CORRECTION/forgelocal-t28-t42-evidence-correction.zip.portable.sha256
A	evidence/T28_T42_CORRECTION/forgelocal-t28-t42-evidence-correction.zip.sha256
A	evidence/T28_T42_CORRECTION_V2/CORRECTION_V2_DELIVERY.md
A	evidence/T28_T42_CORRECTION_V2/CORRECTION_V2_REFS.log
A	evidence/T28_T42_CORRECTION_V2/T28_T42_CORRECTION_V2_MANIFEST_SHA256SUMS
A	evidence/T28_T42_CORRECTION_V2/forgelocal-t28-t42-correction-v2.delta.bundle
A	evidence/T28_T42_CORRECTION_V2/forgelocal-t28-t42-correction-v2.delta.bundle.portable.sha256
A	evidence/T28_T42_CORRECTION_V2/forgelocal-t28-t42-evidence-correction-v2.zip
A	evidence/T28_T42_CORRECTION_V2/forgelocal-t28-t42-evidence-correction-v2.zip.portable.sha256
A	evidence/T28_T42_CORRECTION_V2/forgelocal-t28-t42-evidence-correction-v2.zip.sha256
A	evidence/T31/BASELINE_RECONSTRUCTION_POSTHOC_RAW.log
A	evidence/T31/T31_DELIVERY.md
A	evidence/T31/T31_MANIFEST_SHA256SUMS
A	evidence/T31/forgelocal-t31-canvas-webgl-audio.bundle
A	evidence/T31/forgelocal-t31-canvas-webgl-audio.bundle.portable.sha256
A	evidence/T31/forgelocal-t31-canvas-webgl-audio.bundle.sha256
A	evidence/T31/forgelocal-t31-evidence.zip
A	evidence/T31/forgelocal-t31-evidence.zip.portable.sha256
A	evidence/T31/forgelocal-t31-evidence.zip.sha256
A	evidence/T32/BASELINE_RECONSTRUCTION_POSTHOC_RAW.log
A	evidence/T32/T32_DELIVERY.md
A	evidence/T32/T32_GITLEAKS_DELTA.json
A	evidence/T32/T32_GITLEAKS_DELTA.log
A	evidence/T32/T32_GO_BUILD.log
A	evidence/T32/T32_GO_TEST_RACE.log
A	evidence/T32/T32_GO_VET.log
A	evidence/T32/T32_MANIFEST_SHA256SUMS
A	evidence/T32/T32_REFS.log
A	evidence/T32/forgelocal-t32-client-rects.bundle
A	evidence/T32/forgelocal-t32-client-rects.bundle.portable.sha256
A	evidence/T32/forgelocal-t32-client-rects.bundle.sha256
A	evidence/T32/forgelocal-t32-evidence.zip
A	evidence/T32/forgelocal-t32-evidence.zip.portable.sha256
A	evidence/T32/forgelocal-t32-evidence.zip.sha256
A	evidence/T33/BASELINE_RECONSTRUCTION_POSTHOC_RAW.log
A	evidence/T33/T33_DELIVERY.md
A	evidence/T33/T33_GITLEAKS_DELTA.json
A	evidence/T33/T33_GITLEAKS_DELTA.log
A	evidence/T33/T33_GO_BUILD.log
A	evidence/T33/T33_GO_TEST_RACE.log
A	evidence/T33/T33_GO_VET.log
A	evidence/T33/T33_MANIFEST_SHA256SUMS
A	evidence/T33/T33_REFS.log
A	evidence/T33/forgelocal-t33-evidence.zip
A	evidence/T33/forgelocal-t33-evidence.zip.portable.sha256
A	evidence/T33/forgelocal-t33-evidence.zip.sha256
A	evidence/T33/forgelocal-t33-synthetic-geolocation.bundle
A	evidence/T33/forgelocal-t33-synthetic-geolocation.bundle.portable.sha256
A	evidence/T33/forgelocal-t33-synthetic-geolocation.bundle.sha256
A	evidence/T34/BASELINE_RECONSTRUCTION_POSTHOC_RAW.log
A	evidence/T34/T34_DELIVERY.md
A	evidence/T34/T34_GITLEAKS_DELTA.json
A	evidence/T34/T34_GITLEAKS_DELTA.log
A	evidence/T34/T34_GO_BUILD.log
A	evidence/T34/T34_GO_TEST_RACE.log
A	evidence/T34/T34_GO_VET.log
A	evidence/T34/T34_MANIFEST_SHA256SUMS
A	evidence/T34/T34_REFS.log
A	evidence/T34/forgelocal-t34-evidence.zip
A	evidence/T34/forgelocal-t34-evidence.zip.portable.sha256
A	evidence/T34/forgelocal-t34-evidence.zip.sha256
A	evidence/T34/forgelocal-t34-hardware-diagnostics.bundle
A	evidence/T34/forgelocal-t34-hardware-diagnostics.bundle.portable.sha256
A	evidence/T34/forgelocal-t34-hardware-diagnostics.bundle.sha256
A	evidence/T35/BASELINE_RECONSTRUCTION_POSTHOC_RAW.log
A	evidence/T35/T35_DELIVERY.md
A	evidence/T35/T35_GITLEAKS_DELTA.json
A	evidence/T35/T35_GITLEAKS_DELTA.log
A	evidence/T35/T35_GO_BUILD.log
A	evidence/T35/T35_GO_TEST_RACE.log
A	evidence/T35/T35_GO_VET.log
A	evidence/T35/T35_MANIFEST_SHA256SUMS
A	evidence/T35/T35_REFS.log
A	evidence/T35/forgelocal-t35-evidence.zip
A	evidence/T35/forgelocal-t35-evidence.zip.portable.sha256
A	evidence/T35/forgelocal-t35-evidence.zip.sha256
A	evidence/T35/forgelocal-t35-font-bundle.bundle
A	evidence/T35/forgelocal-t35-font-bundle.bundle.portable.sha256
A	evidence/T35/forgelocal-t35-font-bundle.bundle.sha256
A	evidence/T36/BASELINE_RECONSTRUCTION_POSTHOC_RAW.log
A	evidence/T36/T36_DELIVERY.md
A	evidence/T36/T36_GITLEAKS_DELTA.json
A	evidence/T36/T36_GITLEAKS_DELTA.log
A	evidence/T36/T36_GO_BUILD.log
A	evidence/T36/T36_GO_TEST_RACE.log
A	evidence/T36/T36_GO_VET.log
A	evidence/T36/T36_MANIFEST_SHA256SUMS
A	evidence/T36/T36_REFS.log
A	evidence/T36/forgelocal-t36-drift-detection.bundle
A	evidence/T36/forgelocal-t36-drift-detection.bundle.portable.sha256
A	evidence/T36/forgelocal-t36-drift-detection.bundle.sha256
A	evidence/T36/forgelocal-t36-evidence.zip
A	evidence/T36/forgelocal-t36-evidence.zip.portable.sha256
A	evidence/T36/forgelocal-t36-evidence.zip.sha256
A	evidence/T37/BASELINE_RECONSTRUCTION_POSTHOC_RAW.log
A	evidence/T37/T37_DELIVERY.md
A	evidence/T37/T37_GITLEAKS_DELTA.json
A	evidence/T37/T37_GITLEAKS_DELTA.log
A	evidence/T37/T37_GO_BUILD.log
A	evidence/T37/T37_GO_TEST_RACE.log
A	evidence/T37/T37_GO_VET.log
A	evidence/T37/T37_MANIFEST_SHA256SUMS
A	evidence/T37/T37_REFS.log
A	evidence/T37/forgelocal-t37-evidence.zip
A	evidence/T37/forgelocal-t37-evidence.zip.portable.sha256
A	evidence/T37/forgelocal-t37-evidence.zip.sha256
A	evidence/T37/forgelocal-t37-profile-health.bundle
A	evidence/T37/forgelocal-t37-profile-health.bundle.portable.sha256
A	evidence/T37/forgelocal-t37-profile-health.bundle.sha256
A	evidence/T38/BASELINE_RECONSTRUCTION_POSTHOC_RAW.log
A	evidence/T38/T38_DELIVERY.md
A	evidence/T38/T38_GITLEAKS_DELTA.json
A	evidence/T38/T38_GITLEAKS_DELTA.log
A	evidence/T38/T38_GO_BUILD.log
A	evidence/T38/T38_GO_TEST_RACE.log
A	evidence/T38/T38_GO_VET.log
A	evidence/T38/T38_MANIFEST_SHA256SUMS
A	evidence/T38/T38_REFS.log
A	evidence/T38/forgelocal-t38-evidence.zip
A	evidence/T38/forgelocal-t38-evidence.zip.portable.sha256
A	evidence/T38/forgelocal-t38-evidence.zip.sha256
A	evidence/T38/forgelocal-t38-session-lifecycle.bundle
A	evidence/T38/forgelocal-t38-session-lifecycle.bundle.portable.sha256
A	evidence/T38/forgelocal-t38-session-lifecycle.bundle.sha256
A	evidence/T39/T39_DELIVERY.md
A	evidence/T39/T39_GITLEAKS_DELTA.json
A	evidence/T39/T39_GITLEAKS_DELTA.log
A	evidence/T39/T39_GO_BUILD.log
A	evidence/T39/T39_GO_TEST_RACE.log
A	evidence/T39/T39_GO_VET.log
A	evidence/T39/T39_MANIFEST_SHA256SUMS
A	evidence/T39/T39_REFS.log
A	evidence/T39/forgelocal-t39-blocked.bundle
A	evidence/T39/forgelocal-t39-blocked.bundle.sha256
A	evidence/T39/forgelocal-t39-evidence.zip
A	evidence/T39/forgelocal-t39-evidence.zip.sha256
A	evidence/T40/T40_DELIVERY.md
A	evidence/T40/T40_GITLEAKS_DELTA.json
A	evidence/T40/T40_GITLEAKS_DELTA.log
A	evidence/T40/T40_GO_BUILD.log
A	evidence/T40/T40_GO_TEST_RACE.log
A	evidence/T40/T40_GO_VET.log
A	evidence/T40/T40_MANIFEST_SHA256SUMS
A	evidence/T40/T40_REFS.log
A	evidence/T40/forgelocal-t40-evidence.zip
A	evidence/T40/forgelocal-t40-evidence.zip.sha256
A	evidence/T40/forgelocal-t40-integration-gated.bundle
A	evidence/T40/forgelocal-t40-integration-gated.bundle.sha256
A	evidence/T41/T41_DELIVERY.md
A	evidence/T41/T41_GITLEAKS_T41_ONLY.json
A	evidence/T41/T41_GITLEAKS_T41_ONLY.log
A	evidence/T41/T41_GO_BUILD.log
A	evidence/T41/T41_GO_TEST_RACE.log
A	evidence/T41/T41_GO_VET.log
A	evidence/T41/T41_MANIFEST_SHA256SUMS
A	evidence/T41/T41_REFS.log
A	evidence/T41/forgelocal-t41-delta.bundle
A	evidence/T41/forgelocal-t41-delta.bundle.sha256
A	evidence/T41/forgelocal-t41-evidence-compact.zip
A	evidence/T41/forgelocal-t41-evidence-compact.zip.sha256
A	evidence/T42/T42_GITLEAKS_CUMULATIVE.json
A	evidence/T42/T42_GITLEAKS_CUMULATIVE.log
A	evidence/T42/T42_GITLEAKS_T42_ONLY.json
A	evidence/T42/T42_GITLEAKS_T42_ONLY.log
A	evidence/T42/T42_GO_BUILD.log
A	evidence/T42/T42_GO_TEST_RACE.log
A	evidence/T42/T42_GO_VET.log
A	evidence/T42/T42_MANIFEST_SHA256SUMS
A	evidence/T42/T42_REFS.log
A	evidence/T42/forgelocal-t42-compact.bundle
A	evidence/T42/forgelocal-t42-compact.bundle.portable.sha256
A	evidence/T42/forgelocal-t42-compact.bundle.sha256
A	evidence/T42/forgelocal-t42-evidence-compact.zip
A	evidence/T42/forgelocal-t42-evidence-compact.zip.portable.sha256
A	evidence/T42/forgelocal-t42-evidence-compact.zip.sha256
A	evidence/T42_DELIVERY.md
A	internal/api/environment_t30_test.go
M	internal/api/openapi.go
M	internal/api/sessions.go
A	internal/api/sessions_helpers_test.go
M	internal/backup/store.go
M	internal/backup/store_t06_test.go
A	internal/drift/detect.go
A	internal/drift/detect_test.go
M	internal/environment/environment.go
A	internal/environment/environment_t31_test.go
A	internal/environment/environment_t32_test.go
M	internal/environment/environment_test.go
A	internal/fonts/inventory.go
A	internal/fonts/inventory_test.go
A	internal/geolocation/qa.go
A	internal/geolocation/qa_test.go
A	internal/hardware/diagnostic.go
A	internal/hardware/diagnostic_test.go
A	internal/profilehealth/health.go
A	internal/profilehealth/health_test.go
A	internal/sessiontrack/tracker.go
A	internal/sessiontrack/tracker_test.go
A	scripts/run_t30_full_race_replay.sh
M	todo.md
exit_code=0
completed_utc=2026-08-24T21:52:51Z
check=gitleaks_inventory
free_after_kib=14826748
---
started_utc=2026-08-24T21:52:51Z
cwd=/home/ubuntu/forgelocal-postfix-fresh-20260824
head=e0c9352710eb3710eaf0ea5d71614f2731a7051c
command=bash -c git\ diff\ --binary\ \"t00-t27-complete-20260820..HEAD\"\ \|\ gitleaks\ detect\ --pipe\ --no-banner\ --redact\ --report-format\ json\ --report-path\ \"\$1/POSTFIX_GITLEAKS.json\" bash /home/ubuntu/forgelocal-postfix-final-check-20260824 
--- raw_output ---
[90m9:53PM[0m [32mINF[0m scan completed in 59.1s
[90m9:53PM[0m [31mWRN[0m leaks found: 1
exit_code=1
completed_utc=2026-08-24T21:53:50Z
check=gitleaks_cumulative
free_after_kib=14826744
---
started_utc=2026-08-24T21:53:53Z
cwd=/home/ubuntu/forgelocal-postfix-fresh-20260824
head=e0c9352710eb3710eaf0ea5d71614f2731a7051c
command=bash -c cd\ \"\$1\"\ \&\&\ gosec\ -fmt=json\ -out=\"\$2/POSTFIX_GOSEC_BASELINE.json\"\ ./... bash /tmp/tmp.F9SQftvAsg /home/ubuntu/forgelocal-postfix-final-check-20260824 
--- raw_output ---
[gosec] 2026/08/24 21:53:53 Including rules: default
[gosec] 2026/08/24 21:53:53 Excluding rules: default
[gosec] 2026/08/24 21:53:53 Including analyzers: default
[gosec] 2026/08/24 21:53:53 Excluding analyzers: default
[gosec] 2026/08/24 21:53:53 Import directory: /tmp/tmp.F9SQftvAsg/internal/launch
[gosec] 2026/08/24 21:53:53 Import directory: /tmp/tmp.F9SQftvAsg/internal/productschema
[gosec] 2026/08/24 21:53:53 Import directory: /tmp/tmp.F9SQftvAsg/internal/profile
[gosec] 2026/08/24 21:53:53 Import directory: /tmp/tmp.F9SQftvAsg/cmd/systemvault-doctor
[gosec] 2026/08/24 21:53:53 Import directory: /tmp/tmp.F9SQftvAsg/internal/environment
[gosec] 2026/08/24 21:53:53 Import directory: /tmp/tmp.F9SQftvAsg/internal/groups
[gosec] 2026/08/24 21:53:53 Import directory: /tmp/tmp.F9SQftvAsg/internal/mcp
[gosec] 2026/08/24 21:53:53 Checking package: environment
[gosec] 2026/08/24 21:53:53 Checking file: /tmp/tmp.F9SQftvAsg/internal/environment/environment.go
[gosec] 2026/08/24 21:53:53 Import directory: /tmp/tmp.F9SQftvAsg/internal/proxyprovider
[gosec] 2026/08/24 21:53:53 Checking package: main
[gosec] 2026/08/24 21:53:53 Checking file: /tmp/tmp.F9SQftvAsg/cmd/systemvault-doctor/main.go
[gosec] 2026/08/24 21:53:53 Import directory: /tmp/tmp.F9SQftvAsg/internal/spike
[gosec] 2026/08/24 21:53:53 Checking package: launch
[gosec] 2026/08/24 21:53:53 Checking file: /tmp/tmp.F9SQftvAsg/internal/launch/id.go
[gosec] 2026/08/24 21:53:53 Checking file: /tmp/tmp.F9SQftvAsg/internal/launch/journal.go
[gosec] 2026/08/24 21:53:53 Checking file: /tmp/tmp.F9SQftvAsg/internal/launch/journal_sqlite.go
[gosec] 2026/08/24 21:53:53 Checking file: /tmp/tmp.F9SQftvAsg/internal/launch/launch.go
[gosec] 2026/08/24 21:53:53 Import directory: /tmp/tmp.F9SQftvAsg/internal/api
[gosec] 2026/08/24 21:53:53 Checking file: /tmp/tmp.F9SQftvAsg/internal/launch/manager.go
[gosec] 2026/08/24 21:53:53 Checking file: /tmp/tmp.F9SQftvAsg/internal/launch/redact.go
[gosec] 2026/08/24 21:53:53 Import directory: /tmp/tmp.F9SQftvAsg/internal/fingerprint
[gosec] 2026/08/24 21:53:54 Checking package: profile
[gosec] 2026/08/24 21:53:54 Checking file: /tmp/tmp.F9SQftvAsg/internal/profile/backup_snapshot.go
[gosec] 2026/08/24 21:53:54 Checking file: /tmp/tmp.F9SQftvAsg/internal/profile/errors.go
[gosec] 2026/08/24 21:53:54 Checking package: proxyprovider
[gosec] 2026/08/24 21:53:54 Checking file: /tmp/tmp.F9SQftvAsg/internal/profile/store.go
[gosec] 2026/08/24 21:53:54 Checking file: /tmp/tmp.F9SQftvAsg/internal/proxyprovider/store.go
[gosec] 2026/08/24 21:53:54 Import directory: /tmp/tmp.F9SQftvAsg/internal/history
[gosec] 2026/08/24 21:53:54 Import directory: /tmp/tmp.F9SQftvAsg/internal/proxies
[gosec] 2026/08/24 21:53:54 Checking package: groups
[gosec] 2026/08/24 21:53:54 Checking file: /tmp/tmp.F9SQftvAsg/internal/groups/store.go
[gosec] 2026/08/24 21:53:54 Import directory: /tmp/tmp.F9SQftvAsg/internal/workflow
[gosec] 2026/08/24 21:53:54 Checking package: fingerprint
[gosec] 2026/08/24 21:53:54 Checking file: /tmp/tmp.F9SQftvAsg/internal/fingerprint/geoip.go
[gosec] 2026/08/24 21:53:54 Checking file: /tmp/tmp.F9SQftvAsg/internal/fingerprint/local.go
[gosec] 2026/08/24 21:53:54 Checking file: /tmp/tmp.F9SQftvAsg/internal/fingerprint/pool.go
[gosec] 2026/08/24 21:53:54 Checking package: proxies
[gosec] 2026/08/24 21:53:54 Checking file: /tmp/tmp.F9SQftvAsg/internal/proxies/errors.go
[gosec] 2026/08/24 21:53:54 Checking file: /tmp/tmp.F9SQftvAsg/internal/proxies/store.go
[gosec] 2026/08/24 21:53:54 Import directory: /tmp/tmp.F9SQftvAsg/cmd/back01-core
[gosec] 2026/08/24 21:53:54 Import directory: /tmp/tmp.F9SQftvAsg/internal/config
[gosec] 2026/08/24 21:53:54 Checking package: workflow
[gosec] 2026/08/24 21:53:54 Checking file: /tmp/tmp.F9SQftvAsg/internal/workflow/engine.go
[gosec] 2026/08/24 21:53:54 Import directory: /tmp/tmp.F9SQftvAsg/internal/humanize
[gosec] 2026/08/24 21:53:54 Checking package: history
[gosec] 2026/08/24 21:53:54 Checking file: /tmp/tmp.F9SQftvAsg/internal/history/errors.go
[gosec] 2026/08/24 21:53:54 Checking file: /tmp/tmp.F9SQftvAsg/internal/history/store.go
[gosec] 2026/08/24 21:53:54 Import directory: /tmp/tmp.F9SQftvAsg/internal/localvault
[gosec] 2026/08/24 21:53:54 Checking package: config
[gosec] 2026/08/24 21:53:54 Checking file: /tmp/tmp.F9SQftvAsg/internal/config/config.go
[gosec] 2026/08/24 21:53:54 Import directory: /tmp/tmp.F9SQftvAsg/internal/profilemigration
[gosec] 2026/08/24 21:53:54 Checking package: localvault
[gosec] 2026/08/24 21:53:54 Checking file: /tmp/tmp.F9SQftvAsg/internal/localvault/localvault.go
[gosec] 2026/08/24 21:53:54 Checking package: main
[gosec] 2026/08/24 21:53:54 Checking file: /tmp/tmp.F9SQftvAsg/cmd/back01-core/main.go
[gosec] 2026/08/24 21:53:54 Checking package: humanize
[gosec] 2026/08/24 21:53:54 Checking file: /tmp/tmp.F9SQftvAsg/internal/humanize/config.go
[gosec] 2026/08/24 21:53:54 Checking file: /tmp/tmp.F9SQftvAsg/internal/humanize/keyboard.go
[gosec] 2026/08/24 21:53:54 Import directory: /tmp/tmp.F9SQftvAsg/internal/runtime
[gosec] 2026/08/24 21:53:54 Checking file: /tmp/tmp.F9SQftvAsg/internal/humanize/math.go
[gosec] 2026/08/24 21:53:54 Checking file: /tmp/tmp.F9SQftvAsg/internal/humanize/mouse.go
[gosec] 2026/08/24 21:53:54 Checking file: /tmp/tmp.F9SQftvAsg/internal/humanize/scroll.go
[gosec] 2026/08/24 21:53:54 Import directory: /tmp/tmp.F9SQftvAsg/internal/secrets
[gosec] 2026/08/24 21:53:54 Import directory: /tmp/tmp.F9SQftvAsg/internal/templates
[gosec] 2026/08/24 21:53:55 Checking package: secrets
[gosec] 2026/08/24 21:53:55 Checking file: /tmp/tmp.F9SQftvAsg/internal/secrets/keyring.go
[gosec] 2026/08/24 21:53:55 Import directory: /tmp/tmp.F9SQftvAsg/cmd/server
[gosec] 2026/08/24 21:53:55 Checking package: profilemigration
[gosec] 2026/08/24 21:53:55 Checking file: /tmp/tmp.F9SQftvAsg/internal/profilemigration/migrator.go
[gosec] 2026/08/24 21:53:55 Checking package: runtime
[gosec] 2026/08/24 21:53:55 Checking file: /tmp/tmp.F9SQftvAsg/internal/runtime/qualification.go
[gosec] 2026/08/24 21:53:55 Checking file: /tmp/tmp.F9SQftvAsg/internal/runtime/runtime.go
[gosec] 2026/08/24 21:53:55 Import directory: /tmp/tmp.F9SQftvAsg/internal/backup
[gosec] 2026/08/24 21:53:55 Import directory: /tmp/tmp.F9SQftvAsg/internal/browser
[gosec] 2026/08/24 21:53:55 Checking package: templates
[gosec] 2026/08/24 21:53:55 Checking file: /tmp/tmp.F9SQftvAsg/internal/templates/errors.go
[gosec] 2026/08/24 21:53:55 Checking file: /tmp/tmp.F9SQftvAsg/internal/templates/store.go
[gosec] 2026/08/24 21:53:55 Import directory: /tmp/tmp.F9SQftvAsg/internal/cookies
[gosec] 2026/08/24 21:53:55 Checking package: mcp
[gosec] 2026/08/24 21:53:55 Checking package: cookies
[gosec] 2026/08/24 21:53:55 Checking file: /tmp/tmp.F9SQftvAsg/internal/mcp/advanced_tools.go
[gosec] 2026/08/24 21:53:55 Checking file: /tmp/tmp.F9SQftvAsg/internal/cookies/fixtures.go
[gosec] 2026/08/24 21:53:55 Checking file: /tmp/tmp.F9SQftvAsg/internal/mcp/protocol.go
[gosec] 2026/08/24 21:53:55 Checking file: /tmp/tmp.F9SQftvAsg/internal/mcp/results.go
[gosec] 2026/08/24 21:53:55 Checking file: /tmp/tmp.F9SQftvAsg/internal/mcp/screenshot_artifacts.go
[gosec] 2026/08/24 21:53:55 Checking file: /tmp/tmp.F9SQftvAsg/internal/mcp/search_provider.go
[gosec] 2026/08/24 21:53:55 Checking file: /tmp/tmp.F9SQftvAsg/internal/mcp/server.go
[gosec] 2026/08/24 21:53:55 Checking file: /tmp/tmp.F9SQftvAsg/internal/mcp/stdio.go
[gosec] 2026/08/24 21:53:55 Checking file: /tmp/tmp.F9SQftvAsg/internal/mcp/tool_schema.go
[gosec] 2026/08/24 21:53:55 Checking file: /tmp/tmp.F9SQftvAsg/internal/mcp/web_search.go
[gosec] 2026/08/24 21:53:55 Checking file: /tmp/tmp.F9SQftvAsg/internal/mcp/web_session_pool.go
[gosec] 2026/08/24 21:53:55 Checking file: /tmp/tmp.F9SQftvAsg/internal/mcp/web_tools.go
[gosec] 2026/08/24 21:53:55 Checking package: backup
[gosec] 2026/08/24 21:53:55 Checking file: /tmp/tmp.F9SQftvAsg/internal/backup/bootstrap.go
[gosec] 2026/08/24 21:53:55 Checking file: /tmp/tmp.F9SQftvAsg/internal/backup/migrations.go
[gosec] 2026/08/24 21:53:55 Checking file: /tmp/tmp.F9SQftvAsg/internal/backup/service.go
[gosec] 2026/08/24 21:53:55 Checking file: /tmp/tmp.F9SQftvAsg/internal/backup/store.go
[gosec] 2026/08/24 21:53:55 Checking package: api
[gosec] 2026/08/24 21:53:55 Checking file: /tmp/tmp.F9SQftvAsg/internal/api/artifacts.go
[gosec] 2026/08/24 21:53:55 Checking file: /tmp/tmp.F9SQftvAsg/internal/api/audit.go
[gosec] 2026/08/24 21:53:55 Checking file: /tmp/tmp.F9SQftvAsg/internal/api/backup.go
[gosec] 2026/08/24 21:53:55 Checking file: /tmp/tmp.F9SQftvAsg/internal/api/backup_v1.go
[gosec] 2026/08/24 21:53:55 Checking file: /tmp/tmp.F9SQftvAsg/internal/api/cookie_fixtures.go
[gosec] 2026/08/24 21:53:55 Checking file: /tmp/tmp.F9SQftvAsg/internal/api/correlation.go
[gosec] 2026/08/24 21:53:55 Checking file: /tmp/tmp.F9SQftvAsg/internal/api/dashboard.go
[gosec] 2026/08/24 21:53:55 Checking file: /tmp/tmp.F9SQftvAsg/internal/api/groups.go
[gosec] 2026/08/24 21:53:55 Checking file: /tmp/tmp.F9SQftvAsg/internal/api/localsession.go
[gosec] 2026/08/24 21:53:55 Checking file: /tmp/tmp.F9SQftvAsg/internal/api/openapi.go
[gosec] 2026/08/24 21:53:55 Checking file: /tmp/tmp.F9SQftvAsg/internal/api/profile_history.go
[gosec] 2026/08/24 21:53:55 Checking file: /tmp/tmp.F9SQftvAsg/internal/api/profiles_bulk.go
[gosec] 2026/08/24 21:53:55 Checking file: /tmp/tmp.F9SQftvAsg/internal/api/profiles_write.go
[gosec] 2026/08/24 21:53:55 Checking file: /tmp/tmp.F9SQftvAsg/internal/api/proxies.go
[gosec] 2026/08/24 21:53:55 Checking file: /tmp/tmp.F9SQftvAsg/internal/api/proxy_providers.go
[gosec] 2026/08/24 21:53:55 Checking file: /tmp/tmp.F9SQftvAsg/internal/api/readonly.go
[gosec] 2026/08/24 21:53:55 Checking file: /tmp/tmp.F9SQftvAsg/internal/api/readonly_session.go
[gosec] 2026/08/24 21:53:55 Checking file: /tmp/tmp.F9SQftvAsg/internal/api/router.go
[gosec] 2026/08/24 21:53:55 Checking file: /tmp/tmp.F9SQftvAsg/internal/api/sessions.go
[gosec] 2026/08/24 21:53:55 Checking file: /tmp/tmp.F9SQftvAsg/internal/api/templates.go
[gosec] 2026/08/24 21:53:55 Checking file: /tmp/tmp.F9SQftvAsg/internal/api/workflow.go
[gosec] 2026/08/24 21:53:56 Checking package: browser
[gosec] 2026/08/24 21:53:56 Checking file: /tmp/tmp.F9SQftvAsg/internal/browser/download.go
[gosec] 2026/08/24 21:53:56 Checking file: /tmp/tmp.F9SQftvAsg/internal/browser/launch_chromium.go
[gosec] 2026/08/24 21:53:56 Checking file: /tmp/tmp.F9SQftvAsg/internal/browser/launch_firefox.go
[gosec] 2026/08/24 21:53:56 Checking file: /tmp/tmp.F9SQftvAsg/internal/browser/launch_helpers.go
[gosec] 2026/08/24 21:53:56 Checking file: /tmp/tmp.F9SQftvAsg/internal/browser/manager.go
[gosec] 2026/08/24 21:53:56 Checking file: /tmp/tmp.F9SQftvAsg/internal/browser/socks5relay.go
[gosec] 2026/08/24 21:53:56 Checking package: main
[gosec] 2026/08/24 21:53:56 Checking file: /tmp/tmp.F9SQftvAsg/cmd/server/cli.go
[gosec] 2026/08/24 21:53:56 Checking file: /tmp/tmp.F9SQftvAsg/cmd/server/cli_runtime.go
[gosec] 2026/08/24 21:53:56 Checking file: /tmp/tmp.F9SQftvAsg/cmd/server/main.go
exit_code=1
completed_utc=2026-08-24T21:53:56Z
check=gosec_baseline
free_after_kib=14507532
---
started_utc=2026-08-24T21:53:56Z
cwd=/home/ubuntu/forgelocal-postfix-fresh-20260824
head=e0c9352710eb3710eaf0ea5d71614f2731a7051c
command=bash -c cd\ \"\$1\"\ \&\&\ gosec\ -fmt=json\ -out=\"\$2/POSTFIX_GOSEC_HEAD.json\"\ ./... bash /home/ubuntu/forgelocal-postfix-fresh-20260824 /home/ubuntu/forgelocal-postfix-final-check-20260824 
--- raw_output ---
[gosec] 2026/08/24 21:53:56 Including rules: default
[gosec] 2026/08/24 21:53:56 Excluding rules: default
[gosec] 2026/08/24 21:53:56 Including analyzers: default
[gosec] 2026/08/24 21:53:56 Excluding analyzers: default
[gosec] 2026/08/24 21:53:56 Import directory: /home/ubuntu/forgelocal-postfix-fresh-20260824/internal/environment
[gosec] 2026/08/24 21:53:56 Import directory: /home/ubuntu/forgelocal-postfix-fresh-20260824/internal/groups
[gosec] 2026/08/24 21:53:56 Import directory: /home/ubuntu/forgelocal-postfix-fresh-20260824/internal/profile
[gosec] 2026/08/24 21:53:56 Import directory: /home/ubuntu/forgelocal-postfix-fresh-20260824/internal/mcp
[gosec] 2026/08/24 21:53:56 Import directory: /home/ubuntu/forgelocal-postfix-fresh-20260824/internal/profilehealth
[gosec] 2026/08/24 21:53:56 Import directory: /home/ubuntu/forgelocal-postfix-fresh-20260824/internal/runtime
[gosec] 2026/08/24 21:53:56 Checking package: profilehealth
[gosec] 2026/08/24 21:53:56 Checking file: /home/ubuntu/forgelocal-postfix-fresh-20260824/internal/profilehealth/health.go
[gosec] 2026/08/24 21:53:56 Import directory: /home/ubuntu/forgelocal-postfix-fresh-20260824/cmd/systemvault-doctor
[gosec] 2026/08/24 21:53:56 Checking package: environment
[gosec] 2026/08/24 21:53:56 Checking file: /home/ubuntu/forgelocal-postfix-fresh-20260824/internal/environment/environment.go
[gosec] 2026/08/24 21:53:56 Import directory: /home/ubuntu/forgelocal-postfix-fresh-20260824/internal/humanize
[gosec] 2026/08/24 21:53:56 Checking package: groups
[gosec] 2026/08/24 21:53:56 Checking file: /home/ubuntu/forgelocal-postfix-fresh-20260824/internal/groups/store.go
[gosec] 2026/08/24 21:53:56 Import directory: /home/ubuntu/forgelocal-postfix-fresh-20260824/internal/profilemigration
[gosec] 2026/08/24 21:53:56 Checking package: runtime
[gosec] 2026/08/24 21:53:56 Checking file: /home/ubuntu/forgelocal-postfix-fresh-20260824/internal/runtime/qualification.go
[gosec] 2026/08/24 21:53:56 Checking file: /home/ubuntu/forgelocal-postfix-fresh-20260824/internal/runtime/runtime.go
[gosec] 2026/08/24 21:53:56 Import directory: /home/ubuntu/forgelocal-postfix-fresh-20260824/internal/proxyprovider
[gosec] 2026/08/24 21:53:56 Checking package: profile
[gosec] 2026/08/24 21:53:56 Checking file: /home/ubuntu/forgelocal-postfix-fresh-20260824/internal/profile/backup_snapshot.go
[gosec] 2026/08/24 21:53:56 Checking file: /home/ubuntu/forgelocal-postfix-fresh-20260824/internal/profile/errors.go
[gosec] 2026/08/24 21:53:56 Checking file: /home/ubuntu/forgelocal-postfix-fresh-20260824/internal/profile/store.go
[gosec] 2026/08/24 21:53:56 Checking package: main
[gosec] 2026/08/24 21:53:56 Checking file: /home/ubuntu/forgelocal-postfix-fresh-20260824/cmd/systemvault-doctor/main.go
[gosec] 2026/08/24 21:53:56 Import directory: /home/ubuntu/forgelocal-postfix-fresh-20260824/internal/sessiontrack
[gosec] 2026/08/24 21:53:56 Import directory: /home/ubuntu/forgelocal-postfix-fresh-20260824/internal/spike
[gosec] 2026/08/24 21:53:57 Import directory: /home/ubuntu/forgelocal-postfix-fresh-20260824/internal/workflow
[gosec] 2026/08/24 21:53:57 Checking package: proxyprovider
[gosec] 2026/08/24 21:53:57 Checking file: /home/ubuntu/forgelocal-postfix-fresh-20260824/internal/proxyprovider/store.go
[gosec] 2026/08/24 21:53:57 Import directory: /home/ubuntu/forgelocal-postfix-fresh-20260824/cmd/back01-core
[gosec] 2026/08/24 21:53:57 Checking package: humanize
[gosec] 2026/08/24 21:53:57 Checking file: /home/ubuntu/forgelocal-postfix-fresh-20260824/internal/humanize/config.go
[gosec] 2026/08/24 21:53:57 Checking file: /home/ubuntu/forgelocal-postfix-fresh-20260824/internal/humanize/keyboard.go
[gosec] 2026/08/24 21:53:57 Checking file: /home/ubuntu/forgelocal-postfix-fresh-20260824/internal/humanize/math.go
[gosec] 2026/08/24 21:53:57 Checking file: /home/ubuntu/forgelocal-postfix-fresh-20260824/internal/humanize/mouse.go
[gosec] 2026/08/24 21:53:57 Checking file: /home/ubuntu/forgelocal-postfix-fresh-20260824/internal/humanize/scroll.go
[gosec] 2026/08/24 21:53:57 Import directory: /home/ubuntu/forgelocal-postfix-fresh-20260824/internal/browser
[gosec] 2026/08/24 21:53:57 Checking package: sessiontrack
[gosec] 2026/08/24 21:53:57 Checking file: /home/ubuntu/forgelocal-postfix-fresh-20260824/internal/sessiontrack/tracker.go
[gosec] 2026/08/24 21:53:57 Import directory: /home/ubuntu/forgelocal-postfix-fresh-20260824/internal/config
[gosec] 2026/08/24 21:53:57 Checking package: profilemigration
[gosec] 2026/08/24 21:53:57 Checking file: /home/ubuntu/forgelocal-postfix-fresh-20260824/internal/profilemigration/migrator.go
[gosec] 2026/08/24 21:53:57 Import directory: /home/ubuntu/forgelocal-postfix-fresh-20260824/internal/cookies
[gosec] 2026/08/24 21:53:57 Checking package: config
[gosec] 2026/08/24 21:53:57 Checking file: /home/ubuntu/forgelocal-postfix-fresh-20260824/internal/config/config.go
[gosec] 2026/08/24 21:53:57 Import directory: /home/ubuntu/forgelocal-postfix-fresh-20260824/internal/hardware
[gosec] 2026/08/24 21:53:57 Checking package: workflow
[gosec] 2026/08/24 21:53:57 Checking file: /home/ubuntu/forgelocal-postfix-fresh-20260824/internal/workflow/engine.go
[gosec] 2026/08/24 21:53:57 Import directory: /home/ubuntu/forgelocal-postfix-fresh-20260824/internal/launch
[gosec] 2026/08/24 21:53:57 Checking package: hardware
[gosec] 2026/08/24 21:53:57 Checking file: /home/ubuntu/forgelocal-postfix-fresh-20260824/internal/hardware/diagnostic.go
[gosec] 2026/08/24 21:53:57 Import directory: /home/ubuntu/forgelocal-postfix-fresh-20260824/internal/fonts
[gosec] 2026/08/24 21:53:57 Checking package: main
[gosec] 2026/08/24 21:53:57 Checking file: /home/ubuntu/forgelocal-postfix-fresh-20260824/cmd/back01-core/main.go
[gosec] 2026/08/24 21:53:57 Import directory: /home/ubuntu/forgelocal-postfix-fresh-20260824/internal/geolocation
[gosec] 2026/08/24 21:53:57 Checking package: cookies
[gosec] 2026/08/24 21:53:57 Checking file: /home/ubuntu/forgelocal-postfix-fresh-20260824/internal/cookies/fixtures.go
[gosec] 2026/08/24 21:53:57 Import directory: /home/ubuntu/forgelocal-postfix-fresh-20260824/internal/history
[gosec] 2026/08/24 21:53:57 Checking package: mcp
[gosec] 2026/08/24 21:53:57 Checking file: /home/ubuntu/forgelocal-postfix-fresh-20260824/internal/mcp/advanced_tools.go
[gosec] 2026/08/24 21:53:57 Checking file: /home/ubuntu/forgelocal-postfix-fresh-20260824/internal/mcp/protocol.go
[gosec] 2026/08/24 21:53:57 Checking file: /home/ubuntu/forgelocal-postfix-fresh-20260824/internal/mcp/results.go
[gosec] 2026/08/24 21:53:57 Checking file: /home/ubuntu/forgelocal-postfix-fresh-20260824/internal/mcp/screenshot_artifacts.go
[gosec] 2026/08/24 21:53:57 Checking file: /home/ubuntu/forgelocal-postfix-fresh-20260824/internal/mcp/search_provider.go
[gosec] 2026/08/24 21:53:57 Checking file: /home/ubuntu/forgelocal-postfix-fresh-20260824/internal/mcp/server.go
[gosec] 2026/08/24 21:53:57 Checking file: /home/ubuntu/forgelocal-postfix-fresh-20260824/internal/mcp/stdio.go
[gosec] 2026/08/24 21:53:57 Checking file: /home/ubuntu/forgelocal-postfix-fresh-20260824/internal/mcp/tool_schema.go
[gosec] 2026/08/24 21:53:57 Checking file: /home/ubuntu/forgelocal-postfix-fresh-20260824/internal/mcp/web_search.go
[gosec] 2026/08/24 21:53:57 Checking file: /home/ubuntu/forgelocal-postfix-fresh-20260824/internal/mcp/web_session_pool.go
[gosec] 2026/08/24 21:53:57 Checking file: /home/ubuntu/forgelocal-postfix-fresh-20260824/internal/mcp/web_tools.go
[gosec] 2026/08/24 21:53:57 Checking package: fonts
[gosec] 2026/08/24 21:53:57 Checking file: /home/ubuntu/forgelocal-postfix-fresh-20260824/internal/fonts/inventory.go
[gosec] 2026/08/24 21:53:57 Import directory: /home/ubuntu/forgelocal-postfix-fresh-20260824/internal/localvault
[gosec] 2026/08/24 21:53:57 Import directory: /home/ubuntu/forgelocal-postfix-fresh-20260824/internal/productschema
[gosec] 2026/08/24 21:53:57 Checking package: geolocation
[gosec] 2026/08/24 21:53:57 Checking file: /home/ubuntu/forgelocal-postfix-fresh-20260824/internal/geolocation/qa.go
[gosec] 2026/08/24 21:53:57 Import directory: /home/ubuntu/forgelocal-postfix-fresh-20260824/internal/secrets
[gosec] 2026/08/24 21:53:57 Import directory: /home/ubuntu/forgelocal-postfix-fresh-20260824/cmd/server
[gosec] 2026/08/24 21:53:57 Checking package: launch
[gosec] 2026/08/24 21:53:57 Checking file: /home/ubuntu/forgelocal-postfix-fresh-20260824/internal/launch/id.go
[gosec] 2026/08/24 21:53:57 Checking file: /home/ubuntu/forgelocal-postfix-fresh-20260824/internal/launch/journal.go
[gosec] 2026/08/24 21:53:57 Checking file: /home/ubuntu/forgelocal-postfix-fresh-20260824/internal/launch/journal_sqlite.go
[gosec] 2026/08/24 21:53:57 Checking file: /home/ubuntu/forgelocal-postfix-fresh-20260824/internal/launch/launch.go
[gosec] 2026/08/24 21:53:57 Checking file: /home/ubuntu/forgelocal-postfix-fresh-20260824/internal/launch/manager.go
[gosec] 2026/08/24 21:53:57 Checking file: /home/ubuntu/forgelocal-postfix-fresh-20260824/internal/launch/redact.go
[gosec] 2026/08/24 21:53:57 Import directory: /home/ubuntu/forgelocal-postfix-fresh-20260824/internal/api
[gosec] 2026/08/24 21:53:57 Checking package: secrets
[gosec] 2026/08/24 21:53:57 Checking file: /home/ubuntu/forgelocal-postfix-fresh-20260824/internal/secrets/keyring.go
[gosec] 2026/08/24 21:53:57 Import directory: /home/ubuntu/forgelocal-postfix-fresh-20260824/internal/drift
[gosec] 2026/08/24 21:53:57 Checking package: localvault
[gosec] 2026/08/24 21:53:57 Checking file: /home/ubuntu/forgelocal-postfix-fresh-20260824/internal/localvault/localvault.go
[gosec] 2026/08/24 21:53:57 Checking package: history
[gosec] 2026/08/24 21:53:57 Checking file: /home/ubuntu/forgelocal-postfix-fresh-20260824/internal/history/errors.go
[gosec] 2026/08/24 21:53:57 Checking file: /home/ubuntu/forgelocal-postfix-fresh-20260824/internal/history/store.go
[gosec] 2026/08/24 21:53:57 Import directory: /home/ubuntu/forgelocal-postfix-fresh-20260824/internal/fingerprint
[gosec] 2026/08/24 21:53:57 Import directory: /home/ubuntu/forgelocal-postfix-fresh-20260824/internal/proxies
[gosec] 2026/08/24 21:53:57 Checking package: drift
[gosec] 2026/08/24 21:53:57 Checking file: /home/ubuntu/forgelocal-postfix-fresh-20260824/internal/drift/detect.go
[gosec] 2026/08/24 21:53:57 Import directory: /home/ubuntu/forgelocal-postfix-fresh-20260824/internal/templates
[gosec] 2026/08/24 21:53:58 Checking package: browser
[gosec] 2026/08/24 21:53:58 Checking file: /home/ubuntu/forgelocal-postfix-fresh-20260824/internal/browser/download.go
[gosec] 2026/08/24 21:53:58 Checking file: /home/ubuntu/forgelocal-postfix-fresh-20260824/internal/browser/launch_chromium.go
[gosec] 2026/08/24 21:53:58 Checking file: /home/ubuntu/forgelocal-postfix-fresh-20260824/internal/browser/launch_firefox.go
[gosec] 2026/08/24 21:53:58 Checking file: /home/ubuntu/forgelocal-postfix-fresh-20260824/internal/browser/launch_helpers.go
[gosec] 2026/08/24 21:53:58 Checking file: /home/ubuntu/forgelocal-postfix-fresh-20260824/internal/browser/manager.go
[gosec] 2026/08/24 21:53:58 Checking file: /home/ubuntu/forgelocal-postfix-fresh-20260824/internal/browser/socks5relay.go
[gosec] 2026/08/24 21:53:58 Checking package: proxies
[gosec] 2026/08/24 21:53:58 Checking file: /home/ubuntu/forgelocal-postfix-fresh-20260824/internal/proxies/errors.go
[gosec] 2026/08/24 21:53:58 Checking file: /home/ubuntu/forgelocal-postfix-fresh-20260824/internal/proxies/store.go
[gosec] 2026/08/24 21:53:58 Import directory: /home/ubuntu/forgelocal-postfix-fresh-20260824/internal/backup
[gosec] 2026/08/24 21:53:58 Checking package: fingerprint
[gosec] 2026/08/24 21:53:58 Checking file: /home/ubuntu/forgelocal-postfix-fresh-20260824/internal/fingerprint/geoip.go
[gosec] 2026/08/24 21:53:58 Checking file: /home/ubuntu/forgelocal-postfix-fresh-20260824/internal/fingerprint/local.go
[gosec] 2026/08/24 21:53:58 Checking file: /home/ubuntu/forgelocal-postfix-fresh-20260824/internal/fingerprint/pool.go
[gosec] 2026/08/24 21:53:58 Checking package: templates
[gosec] 2026/08/24 21:53:58 Checking file: /home/ubuntu/forgelocal-postfix-fresh-20260824/internal/templates/errors.go
[gosec] 2026/08/24 21:53:58 Checking file: /home/ubuntu/forgelocal-postfix-fresh-20260824/internal/templates/store.go
[gosec] 2026/08/24 21:53:58 Checking package: main
[gosec] 2026/08/24 21:53:58 Checking file: /home/ubuntu/forgelocal-postfix-fresh-20260824/cmd/server/cli.go
[gosec] 2026/08/24 21:53:58 Checking file: /home/ubuntu/forgelocal-postfix-fresh-20260824/cmd/server/cli_runtime.go
[gosec] 2026/08/24 21:53:58 Checking file: /home/ubuntu/forgelocal-postfix-fresh-20260824/cmd/server/main.go
[gosec] 2026/08/24 21:53:58 Checking package: backup
[gosec] 2026/08/24 21:53:58 Checking file: /home/ubuntu/forgelocal-postfix-fresh-20260824/internal/backup/bootstrap.go
[gosec] 2026/08/24 21:53:58 Checking file: /home/ubuntu/forgelocal-postfix-fresh-20260824/internal/backup/migrations.go
[gosec] 2026/08/24 21:53:58 Checking file: /home/ubuntu/forgelocal-postfix-fresh-20260824/internal/backup/service.go
[gosec] 2026/08/24 21:53:58 Checking file: /home/ubuntu/forgelocal-postfix-fresh-20260824/internal/backup/store.go
[gosec] 2026/08/24 21:53:58 Checking package: api
[gosec] 2026/08/24 21:53:58 Checking file: /home/ubuntu/forgelocal-postfix-fresh-20260824/internal/api/artifacts.go
[gosec] 2026/08/24 21:53:58 Checking file: /home/ubuntu/forgelocal-postfix-fresh-20260824/internal/api/audit.go
[gosec] 2026/08/24 21:53:58 Checking file: /home/ubuntu/forgelocal-postfix-fresh-20260824/internal/api/backup.go
[gosec] 2026/08/24 21:53:58 Checking file: /home/ubuntu/forgelocal-postfix-fresh-20260824/internal/api/backup_v1.go
[gosec] 2026/08/24 21:53:58 Checking file: /home/ubuntu/forgelocal-postfix-fresh-20260824/internal/api/cookie_fixtures.go
[gosec] 2026/08/24 21:53:58 Checking file: /home/ubuntu/forgelocal-postfix-fresh-20260824/internal/api/correlation.go
[gosec] 2026/08/24 21:53:58 Checking file: /home/ubuntu/forgelocal-postfix-fresh-20260824/internal/api/dashboard.go
[gosec] 2026/08/24 21:53:58 Checking file: /home/ubuntu/forgelocal-postfix-fresh-20260824/internal/api/groups.go
[gosec] 2026/08/24 21:53:58 Checking file: /home/ubuntu/forgelocal-postfix-fresh-20260824/internal/api/localsession.go
[gosec] 2026/08/24 21:53:58 Checking file: /home/ubuntu/forgelocal-postfix-fresh-20260824/internal/api/openapi.go
[gosec] 2026/08/24 21:53:58 Checking file: /home/ubuntu/forgelocal-postfix-fresh-20260824/internal/api/profile_history.go
[gosec] 2026/08/24 21:53:58 Checking file: /home/ubuntu/forgelocal-postfix-fresh-20260824/internal/api/profiles_bulk.go
[gosec] 2026/08/24 21:53:58 Checking file: /home/ubuntu/forgelocal-postfix-fresh-20260824/internal/api/profiles_write.go
[gosec] 2026/08/24 21:53:58 Checking file: /home/ubuntu/forgelocal-postfix-fresh-20260824/internal/api/proxies.go
[gosec] 2026/08/24 21:53:58 Checking file: /home/ubuntu/forgelocal-postfix-fresh-20260824/internal/api/proxy_providers.go
[gosec] 2026/08/24 21:53:58 Checking file: /home/ubuntu/forgelocal-postfix-fresh-20260824/internal/api/readonly.go
[gosec] 2026/08/24 21:53:58 Checking file: /home/ubuntu/forgelocal-postfix-fresh-20260824/internal/api/readonly_session.go
[gosec] 2026/08/24 21:53:58 Checking file: /home/ubuntu/forgelocal-postfix-fresh-20260824/internal/api/router.go
[gosec] 2026/08/24 21:53:58 Checking file: /home/ubuntu/forgelocal-postfix-fresh-20260824/internal/api/sessions.go
[gosec] 2026/08/24 21:53:58 Checking file: /home/ubuntu/forgelocal-postfix-fresh-20260824/internal/api/templates.go
[gosec] 2026/08/24 21:53:58 Checking file: /home/ubuntu/forgelocal-postfix-fresh-20260824/internal/api/workflow.go
exit_code=1
completed_utc=2026-08-24T21:53:58Z
check=gosec_head
free_after_kib=14490944
---
started_utc=2026-08-24T21:53:58Z
cwd=/home/ubuntu/forgelocal-postfix-fresh-20260824
head=e0c9352710eb3710eaf0ea5d71614f2731a7051c
command=bash -c python3\ /home/ubuntu/normalize_final_gosec.py\ \"\$1\"\;\ rm\ -f\ \"\$1/PREHUMAN_FINAL_GOSEC_BASELINE.json\"\ \"\$1/PREHUMAN_FINAL_GOSEC_HEAD.json\" bash /home/ubuntu/forgelocal-postfix-final-check-20260824 
--- raw_output ---
baseline_count=194
head_count=182
new_count=32
resolved_count=44
new_findings=[["G104", "cmd/server/cli_runtime.go", "702", "Errors unhandled"], ["G110", "cmd/server/cli_runtime.go", "698", "Potential DoS vulnerability via decompression bomb"], ["G115", "cmd/server/cli_runtime.go", "687", "integer overflow conversion int64 -> uint32"], ["G115", "cmd/server/cli_runtime.go", "694", "integer overflow conversion int64 -> uint32"], ["G122", "cmd/server/cli_runtime.go", "645", "Filesystem operation in filepath.Walk/WalkDir callback uses race-prone path; consider root-scoped APIs (e.g. os.Root) to prevent symlink TOCTOU traversal"], ["G204", "cmd/server/main.go", "565", "Subprocess launched with variable"], ["G204", "cmd/server/main.go", "567", "Subprocess launched with variable"], ["G204", "cmd/server/main.go", "569", "Subprocess launched with variable"], ["G301", "cmd/server/cli_runtime.go", "453", "Expect directory permissions to be 0750 or less"], ["G301", "cmd/server/cli_runtime.go", "587", "Expect directory permissions to be 0750 or less"], ["G301", "cmd/server/cli_runtime.go", "691", "Expect directory permissions to be 0750 or less"], ["G301", "cmd/server/cli_runtime.go", "707", "Expect directory permissions to be 0750 or less"], ["G301", "cmd/server/cli_runtime.go", "753", "Expect directory permissions to be 0750 or less"], ["G304", "cmd/server/cli_runtime.go", "590", "Potential file inclusion via variable"], ["G304", "cmd/server/cli_runtime.go", "645", "Potential file inclusion via variable"], ["G304", "cmd/server/cli_runtime.go", "656", "Potential file inclusion via variable"], ["G304", "cmd/server/cli_runtime.go", "694", "Potential file inclusion via variable"], ["G304", "cmd/server/cli_runtime.go", "756", "Potential file inclusion via variable"], ["G304", "cmd/server/cli_runtime.go", "784", "Potential file inclusion via variable"], ["G703", "cmd/server/cli_runtime.go", "453", "Path traversal via taint analysis"], ["G703", "cmd/server/cli_runtime.go", "577", "Path traversal via taint analysis"], ["G703", "cmd/server/cli_runtime.go", "590", "Path traversal via taint analysis"], ["G703", "cmd/server/cli_runtime.go", "656", "Path traversal via taint analysis"], ["G703", "cmd/server/cli_runtime.go", "687", "Path traversal via taint analysis"], ["G703", "cmd/server/cli_runtime.go", "694", "Path traversal via taint analysis"], ["G703", "cmd/server/cli_runtime.go", "710", "Path traversal via taint analysis"], ["G703", "cmd/server/cli_runtime.go", "756", "Path traversal via taint analysis"], ["G703", "cmd/server/cli_runtime.go", "784", "Path traversal via taint analysis"], ["G704", "cmd/server/cli_runtime.go", "740", "SSRF via taint analysis"], ["G704", "cmd/server/cli_runtime.go", "745", "SSRF via taint analysis"], ["G704", "cmd/server/cli_runtime.go", "794", "SSRF via taint analysis"], ["G704", "internal/api/sessions.go", "416", "SSRF via taint analysis"]]
resolved_findings=[["G104", "cmd/server/cli_runtime.go", "696", "Errors unhandled"], ["G104", "cmd/server/main.go", "469", "Errors unhandled"], ["G104", "cmd/server/main.go", "567", "Errors unhandled"], ["G104", "internal/api/sessions.go", "238", "Errors unhandled"], ["G104", "internal/api/sessions.go", "397", "Errors unhandled"], ["G104", "internal/api/sessions.go", "411", "Errors unhandled"], ["G104", "internal/api/sessions.go", "417", "Errors unhandled"], ["G104", "internal/api/sessions.go", "422", "Errors unhandled"], ["G104", "internal/api/sessions.go", "425", "Errors unhandled"], ["G104", "internal/api/sessions.go", "428", "Errors unhandled"], ["G104", "internal/api/sessions.go", "432", "Errors unhandled"], ["G104", "internal/api/sessions.go", "433", "Errors unhandled"], ["G110", "cmd/server/cli_runtime.go", "695", "Potential DoS vulnerability via decompression bomb"], ["G115", "cmd/server/cli_runtime.go", "684", "integer overflow conversion int64 -> uint32"], ["G115", "cmd/server/cli_runtime.go", "691", "integer overflow conversion int64 -> uint32"], ["G122", "cmd/server/cli_runtime.go", "642", "Filesystem operation in filepath.Walk/WalkDir callback uses race-prone path; consider root-scoped APIs (e.g. os.Root) to prevent symlink TOCTOU traversal"], ["G204", "cmd/server/main.go", "560", "Subprocess launched with variable"], ["G204", "cmd/server/main.go", "562", "Subprocess launched with variable"], ["G204", "cmd/server/main.go", "564", "Subprocess launched with variable"], ["G301", "cmd/server/cli_runtime.go", "450", "Expect directory permissions to be 0750 or less"], ["G301", "cmd/server/cli_runtime.go", "584", "Expect directory permissions to be 0750 or less"], ["G301", "cmd/server/cli_runtime.go", "688", "Expect directory permissions to be 0750 or less"], ["G301", "cmd/server/cli_runtime.go", "704", "Expect directory permissions to be 0750 or less"], ["G301", "cmd/server/cli_runtime.go", "750", "Expect directory permissions to be 0750 or less"], ["G304", "cmd/server/cli_runtime.go", "587", "Potential file inclusion via variable"], ["G304", "cmd/server/cli_runtime.go", "642", "Potential file inclusion via variable"], ["G304", "cmd/server/cli_runtime.go", "653", "Potential file inclusion via variable"], ["G304", "cmd/server/cli_runtime.go", "691", "Potential file inclusion via variable"], ["G304", "cmd/server/cli_runtime.go", "753", "Potential file inclusion via variable"], ["G304", "cmd/server/cli_runtime.go", "781", "Potential file inclusion via variable"], ["G703", "cmd/server/cli_runtime.go", "450", "Path traversal via taint analysis"], ["G703", "cmd/server/cli_runtime.go", "574", "Path traversal via taint analysis"], ["G703", "cmd/server/cli_runtime.go", "584", "Path traversal via taint analysis"], ["G703", "cmd/server/cli_runtime.go", "653", "Path traversal via taint analysis"], ["G703", "cmd/server/cli_runtime.go", "684", "Path traversal via taint analysis"], ["G703", "cmd/server/cli_runtime.go", "688", "Path traversal via taint analysis"], ["G703", "cmd/server/cli_runtime.go", "704", "Path traversal via taint analysis"], ["G703", "cmd/server/cli_runtime.go", "750", "Path traversal via taint analysis"], ["G703", "cmd/server/cli_runtime.go", "781", "Path traversal via taint analysis"], ["G704", "cmd/server/cli_runtime.go", "737", "SSRF via taint analysis"], ["G704", "cmd/server/cli_runtime.go", "742", "SSRF via taint analysis"], ["G704", "cmd/server/cli_runtime.go", "791", "SSRF via taint analysis"], ["G704", "internal/api/sessions.go", "395", "SSRF via taint analysis"], ["G705", "internal/api/sessions.go", "238", "XSS via taint analysis"]]
exit_code=0
completed_utc=2026-08-24T21:53:58Z
check=gosec_normalized
free_after_kib=14490936
---
started_utc=2026-08-24T21:53:58Z
cwd=/home/ubuntu/forgelocal-postfix-fresh-20260824
head=e0c9352710eb3710eaf0ea5d71614f2731a7051c
command=grep -R -n -E PUBLIC_RELEASE_BLOCKED\|SCAN_BLOCKED_UNKNOWN\|NATIVE_SYSTEMVAULT_NOT_TESTED\|camoflox_execution_authorized=false\|t08_authorized=false\|release_authorized=false --exclude-dir=.git --exclude-dir=node_modules . 
--- raw_output ---
./REIMPLEMENTATION_T12_T16_REPORT.md:14:| 8. État de release | `PUBLIC_RELEASE_BLOCKED` maintenu |
./REIMPLEMENTATION_T12_T16_REPORT.md:61:| Statut global des scans | `SCAN_BLOCKED_UNKNOWN` **reste obligatoire** : zéro finding sur ce delta n’efface pas les 72 findings historiques. |
./REIMPLEMENTATION_T12_T16_REPORT.md:73:Les restrictions permanentes ne changent pas : `PUBLIC_RELEASE_BLOCKED`, `SCAN_BLOCKED_UNKNOWN`, `NATIVE_SYSTEMVAULT_NOT_TESTED`, `camoflox_execution_authorized=false`, `t08_authorized=false` et `release_authorized=false`. Le lot T18 conserve séparément ses statuts `T18_TARGETED_IMPLEMENTATION_VERIFIED` pour `internal/launch` et `T18_BLOCKED_BASELINE_SOURCE_NOT_FOUND` pour la validation globale historique.
./continuation/T27-R1/closure/T27_R1_LOCAL_PROVENANCE.md:20:Les gates `PUBLIC_RELEASE_BLOCKED`, `SCAN_BLOCKED_UNKNOWN` et `NATIVE_SYSTEMVAULT_NOT_TESTED` restent inchangés.
./continuation/T27-R1/closure/T27_R1_TECHNICAL_LOCAL_CLOSURE.md:13:| `PUBLIC_RELEASE_BLOCKED` | Maintenu : aucune publication n’a été effectuée. |
./continuation/T27-R1/closure/T27_R1_TECHNICAL_LOCAL_CLOSURE.md:14:| `SCAN_BLOCKED_UNKNOWN` | Maintenu : les limites historiques d’outillage restent visibles. |
./continuation/T27-R1/closure/T27_R1_TECHNICAL_LOCAL_CLOSURE.md:15:| `NATIVE_SYSTEMVAULT_NOT_TESTED` | Maintenu : CR-08 exige un environnement natif admis. |
./continuation/T27-R1/governance/T22_CANONICAL_REGISTRY.md:33:CR-01 refuse Camoufox avant téléchargement, résolution de binaire, création de répertoire ou lancement. `PUBLIC_RELEASE_BLOCKED`, `SCAN_BLOCKED_UNKNOWN`, `NATIVE_SYSTEMVAULT_NOT_TESTED`, `camoflox_execution_authorized=false`, `t08_authorized=false` et `release_authorized=false` restent inchangés.
./continuation/T27-R1/governance/T22_CANONICAL_REGISTRY.md:130:| Gosec base→head | 59 signatures règle/fichier de part et d’autre, aucun finding nouveau ; `SCAN_BLOCKED_UNKNOWN` historique maintenu |
./continuation/T27-R1/governance/T22_CANONICAL_REGISTRY.md:133:Le correctif n’affirme pas une transaction ACID inter-store. Il apporte un marqueur `HistoryPending` durable, une reprise déterministe au démarrage et des tests de panne après écriture Profile, redaction proxy, pagination, lectures, guards et concurrence. Les invariants restent `PUBLIC_RELEASE_BLOCKED`, `SCAN_BLOCKED_UNKNOWN`, `NATIVE_SYSTEMVAULT_NOT_TESTED`, `camoflox_execution_authorized=false`, `t08_authorized=false` et `release_authorized=false`. **T23 ne démarre pas sans instruction explicite.**
./continuation/T27-R1/governance/T22_CANONICAL_REGISTRY.md:282:Cette fenêtre de transport ne constitue pas une levée de gate ni une autorisation produit. Les invariants `PUBLIC_RELEASE_BLOCKED`, `SCAN_BLOCKED_UNKNOWN`, `NATIVE_SYSTEMVAULT_NOT_TESTED`, `camoflox_execution_authorized=false`, `t08_authorized=false` et `release_authorized=false` sont expressément maintenus.
./continuation/T27-R1/governance/T27_R1_CORRECTIVE_EXECUTION_CONTRACT.md:11:Camoufox est désactivé par défaut. Defaults, CLI, API, MCP, workflow, téléchargement et launcher retournent `CAMOUFOX_EXECUTION_NOT_AUTHORIZED` quand `camoflox_execution_authorized=false`. Les tests emploient une ProcessFactory sentinelle qui ne doit jamais être appelée.
./continuation/T27-R1/governance/T27_R1_CORRECTIVE_EXECUTION_CONTRACT.md:43:`PUBLIC_RELEASE_BLOCKED`, `SCAN_BLOCKED_UNKNOWN`, `NATIVE_SYSTEMVAULT_NOT_TESTED`, `camoflox_execution_authorized=false`, `t08_authorized=false` et `release_authorized=false` restent actifs. Aucun runtime, Camoufox, proxy réel, fournisseur réel, cookie réel, secret réel, migration utilisateur ou release n’est autorisé.
./continuation/T27-R1/governance/T27_R1_CR06_TO_CR09_GATES.md:21:`NATIVE_SYSTEMVAULT_NOT_TESTED` reste actif. Aucun environnement natif qualifié et aucun coffre utilisateur n’est accessible dans cette sandbox : **`CR08_NOT_TESTED_NATIVE_ENVIRONMENT_REQUIRED`**.
./continuation/T27-R1/governance/T27_R1_CR06_TO_CR09_GATES.md:27:T27-R1 ne configure ni secret CI, ni publication, ni release. `PUBLIC_RELEASE_BLOCKED` et `SCAN_BLOCKED_UNKNOWN` restent actifs.
./docs/ADDENDUM_V2_1_CAMOFLOX_READONLY_DASHBOARD.manifest.json:23:    "public_release": "PUBLIC_RELEASE_BLOCKED",
./docs/ADDENDUM_V2_1_CAMOFLOX_READONLY_DASHBOARD.manifest.json:25:    "scan": "SCAN_BLOCKED_UNKNOWN"
./docs/ADDENDUM_V2_1_CAMOFLOX_READONLY_DASHBOARD.md:16:Cet addendum ne modifie ni l’archive RC BACK-01 gelée, ni le pilote suspendu, ni `SCAN_BLOCKED_UNKNOWN`, ni les cinq gates de `PUBLIC_RELEASE_BLOCKED`. Il n’autorise aucune nouvelle release BACK-01, aucun lancement Camoufox, ni aucune écriture UI métier.
./docs/ADDENDUM_V2_1_CAMOFLOX_READONLY_DASHBOARD.md:109:Le candidat RC reste gelé ; le pilote reste suspendu ; `SCAN_BLOCKED_UNKNOWN`, `PUBLIC_RELEASE_BLOCKED` et les cinq gates publics demeurent inchangés. Toute future archive de release doit posséder une chaîne indépendante liant source, runtime, SBOM, manifeste, checksums, scans et preuves.
./docs/ADDENDUM_V2_3_1_CI_PROVENANCE_EVIDENCE.manifest.json:37:  "release_status": "PUBLIC_RELEASE_BLOCKED"
./docs/ADDENDUM_V2_3_1_CI_PROVENANCE_EVIDENCE.md:17:Un échec du registre, de ses fixtures ou de la génération de preuve arrête le job avant les tests Core. La preuve ne constitue pas une autorisation de release ; son champ `release_status` doit rester `PUBLIC_RELEASE_BLOCKED` tant que les gates publics ne sont pas levés.
./docs/ADDENDUM_V2_3_1_CI_PROVENANCE_EVIDENCE.md:32:Cet ajout ne modifie aucun artefact BACK-01, ne réactive pas le pilote, n’active aucun runtime ni aucune mutation UI, et ne modifie pas `SCAN_BLOCKED_UNKNOWN`, SystemVault, les cinq gates publics ou `PUBLIC_RELEASE_BLOCKED`.
./docs/ADDENDUM_V2_3_COMPONENT_PROVENANCE.manifest.json:40:    "decision": "PUBLIC_RELEASE_BLOCKED",
./docs/ADDENDUM_V2_3_COMPONENT_PROVENANCE.manifest.json:42:    "scan": "SCAN_BLOCKED_UNKNOWN"
./docs/ADDENDUM_V2_3_COMPONENT_PROVENANCE.md:8:**Invariants :** Core Go unique, dashboard React client, RC BACK-01 gelé, pilote suspendu, `SCAN_BLOCKED_UNKNOWN` et `PUBLIC_RELEASE_BLOCKED` inchangés.
./docs/ADDENDUM_V2_3_COMPONENT_PROVENANCE.md:54:Le développement peut poursuivre les composants autorisés **après** passage des gates applicables. Le bootstrap local de session et CAMO-CORE-01 peuvent progresser en parallèle, sans activer de mutation UI ou de runtime. Le RC gelé, le pilote suspendu, `SCAN_BLOCKED_UNKNOWN`, les gates SystemVault et `PUBLIC_RELEASE_BLOCKED` restent inchangés.
./docs/ADDENDUM_V2_4_READONLY_SESSION_BOOTSTRAP.md:68:Cet addendum ne qualifie pas Camoufox, ne modifie pas le RC BACK-01, ne clôture pas l’alerte `generic-api-key` et ne lève aucun des cinq gates publics. `PUBLIC_RELEASE_BLOCKED` reste obligatoire.
./docs/ADDENDUM_V2_5_READONLY_PRODUCT_SURFACES.md:43:Ce document ne modifie ni le candidat RC BACK-01, ni l’archive gelée, ni l’alerte `generic-api-key`, ni SystemVault, ni les cinq gates publics. Le statut demeure `PUBLIC_RELEASE_BLOCKED`.
./docs/BOOTSTRAP_RO_01_EVIDENCE.md:18:Cette décision n’autorise ni lancement de Camoufox, ni mutation UI, ni SystemVault, ni modification du RC BACK-01. Le statut de release reste **`PUBLIC_RELEASE_BLOCKED`**, avec `SCAN_BLOCKED_UNKNOWN`, pilote suspendu et cinq gates publics en attente.
./docs/BOOTSTRAP_RO_01_STRICT_EXECUTION.md:67:La suite autorisée est limitée au raccordement lecture seule de **Groupes** et **Runtimes**, selon le même client mémoire seule. **Proxys**, **Backups** et **Audit** peuvent être préparés sans mutation. Toute release publique, activation de Camoufox, SystemVault ou levée de `PUBLIC_RELEASE_BLOCKED` demeure interdite.
./docs/BRANCH_PROTECTION_REQUIREMENTS.md:68:Si l’offre GitHub du dépôt ne permet pas de distinguer finement l’autorisation de créer une release des autres droits d’écriture, une release manuelle par un administrateur reste un contournement organisationnel possible. Dans ce cas, ForgeLocal doit conserver le statut `PUBLIC_RELEASE_BLOCKED` pour toute release dont l’attestation `component-provenance-<commit>` est absente, et l’accès administrateur doit être limité aux mainteneurs de release nommés. Il serait inexact de qualifier la protection de « non contournable » tant que ce réglage distant et cette restriction de rôles n’ont pas été vérifiés.
./docs/BRANCH_PROTECTION_REQUIREMENTS.md:91:> **Décision de conformité :** le contrôle de provenance est bloquant dans les deux workflows versionnés, mais son caractère non contournable au niveau GitHub reste **PENDING**. Il ne doit pas être déclaré satisfait ni utilisé pour lever `PUBLIC_RELEASE_BLOCKED` tant que le dépôt ForgeLocal contrôlé par ses mainteneurs n’a pas une règle distante active et vérifiée.
./docs/CAHIER_DES_CHARGES_FORGELOCAL.md:30:Le candidat RC BACK-01 est figé. Son archive, son SBOM, son manifeste, son commit source et son runtime de QA ne doivent pas être modifiés pendant la qualification. Le statut public est strictement `PUBLIC_RELEASE_BLOCKED`.
./docs/CAHIER_DES_CHARGES_FORGELOCAL.md:39:| Décision publique | `PUBLIC_RELEASE_BLOCKED` | Obligatoire |
./docs/CAHIER_DES_CHARGES_FORGELOCAL.md:96:Les cinq gates ci-dessous sont tous requis. Une seule décision `PENDING` ou `FAILED` impose `PUBLIC_RELEASE_BLOCKED`.
./docs/CAHIER_DES_CHARGES_FORGELOCAL.md:110:Les gates de développement internes `G0` à `G6` du lot produit servent uniquement à organiser les jalons techniques. Ils ne remplacent jamais les cinq gates publics machine-readable ci-dessus et ne peuvent ni les passer automatiquement, ni transformer `PUBLIC_RELEASE_BLOCKED` en approbation. Seul `PUBLIC_RELEASE_GATE_STATE.json`, avec des preuves cohérentes et une revue indépendante, décide du statut public.
./docs/CAHIER_DES_CHARGES_FORGELOCAL.md:162:> **État de scan actuel : `SCAN_BLOCKED_UNKNOWN`.** Une occurrence `generic-api-key` non classifiée est présente dans une preuve incluse dans l’archive RC. Tant que le dossier mainteneur et sa revue indépendante ne concluent pas `REAL_SECRET` ou `FALSE_POSITIVE`, aucun scan ne peut être qualifié `SCAN_CLEAN`, le pilote reste suspendu et aucune qualification SystemVault ne reprend pour ce candidat.
./docs/CAHIER_DES_CHARGES_FORGELOCAL.md:245:Les statuts de release restent inchangés : `PUBLIC_RELEASE_BLOCKED`, `SCAN_BLOCKED_UNKNOWN`, pilote BACK-01 suspendu, cinq gates publics en attente. Depuis le 2026-08-15, le statut Camoufox/Camoflox est `T07_PROVENANCE_APPROVED_FOR_SELECTIVE_GO_REIMPLEMENTATION` : seule une réimplémentation Go sélective d’un module hashé à la fois est autorisée, le premier module étant `lib/concurrency.js` (T08). La vision camoufox « candidat non lançable » reste pleinement applicable jusqu’à qualification indépendante séparée.
./docs/CAHIER_DES_CHARGES_FORGELOCAL.v1.0.manifest.json:18:    "public_release": "PUBLIC_RELEASE_BLOCKED",
./docs/CAHIER_DES_CHARGES_FORGELOCAL.v1.0.manifest.json:20:    "scan": "SCAN_BLOCKED_UNKNOWN"
./docs/CAHIER_DES_CHARGES_v3_9_7.md:7:Ce document reproduit intégralement le cahier des charges fourni par le propriétaire le 15 août 2026 et est conservé tel quel dans le référentiel documentaire ForgeLocal. Les statuts de release (`PUBLIC_RELEASE_BLOCKED`, `SCAN_BLOCKED_UNKNOWN`, pilote BACK-01 suspendu, cinq gates publics) sont maintenus et aucun lot ne peut présenter une progression produit comme une autorisation de release.
./docs/CAHIER_DES_CHARGES_v3_9_7.md:866:La roadmap ne modifie pas les statuts actuels : le RC BACK-01 reste gelé, `PUBLIC_RELEASE_BLOCKED` reste actif, Camoufox reste non lançable tant que sa qualification n’est pas terminée et aucun module de contournement n’est ajouté.
./docs/CAHIER_DES_CHARGES_v3_9_7.md:920:| `SCAN_BLOCKED_UNKNOWN` | Bloquant | Triage indépendant de l’alerte historique de provenance du RC, distincte du triage Camoflox T07 |
./docs/CAHIER_DES_CHARGES_v3_9_7.md:927:> **Statuts maintenus :** `PUBLIC_RELEASE_BLOCKED`, pilote suspendu, cinq gates publics en attente. T07 ne lève aucun de ces gates.
./docs/COMPONENT_RIGHTS_REGISTER.md:20:Cette approbation ne lève aucun gate de release : `PUBLIC_RELEASE_BLOCKED` et `SCAN_BLOCKED_UNKNOWN` (BACK-01) restent actifs, le pilote BACK-01 est suspendu et cinq gates publics demeurent en attente.
./docs/T07-R-REVIEW-PACKET.md:5:> Le statut de travail reste `T07_PROVENANCE_BLOCKED_PENDING_EVIDENCE`. `PUBLIC_RELEASE_BLOCKED`, `SCAN_BLOCKED_UNKNOWN`, la suspension du pilote et le gel de T08 demeurent inchangés.
./docs/T08-FOLLOW-UP-WATCH-STATE.md:78:`PUBLIC_RELEASE_BLOCKED` · `SCAN_BLOCKED_UNKNOWN` · pilote suspendu · cinq gates publics
./docs/T08-R2-FINAL-REPORT.md:46:aucune release — statut `PUBLIC_RELEASE_BLOCKED` inchangé, `SCAN_BLOCKED_UNKNOWN` inchangé,
./docs/T08-R2-FINAL-REPORT.md:142:Statuts inchangés : `PUBLIC_RELEASE_BLOCKED`, `SCAN_BLOCKED_UNKNOWN`, pilote suspendu,
./docs/T08-R2-FINAL-REPORT.md:151:inchangés : `PUBLIC_RELEASE_BLOCKED`, `SCAN_BLOCKED_UNKNOWN`, pilote suspendu, cinq gates
./docs/T08_CONCURRENCY_SPEC.md:55:Aucun port d'écoute, aucun Camoufox, aucun cycle de vie navigateur, aucun proxy, backup, restauration, mutation UI, lancement/runtime ou activation candidat. Aucun artefact de cette phase ne peut être présenté comme une qualification de runtime ni une autorisation de release. `PUBLIC_RELEASE_BLOCKED`, `SCAN_BLOCKED_UNKNOWN` (BACK-01), pilote suspendu et les cinq gates publics restent en vigueur.
./docs/T10_PROXIES_FRAMING.md:20:| Release | `PUBLIC_RELEASE_BLOCKED`, `SCAN_BLOCKED_UNKNOWN`, pilote suspendu, cinq gates publics en attente |
./docs/T10_PROXIES_FRAMING.md:49:`PUBLIC_RELEASE_BLOCKED`, `SCAN_BLOCKED_UNKNOWN` (les findings `validation_back01_integration/` sont antérieurs à T09 et maintenus classés), pilote suspendu, cinq gates publics en attente. Aucun code T10 ne doit être produit avant l'autorisation explicite ; ce document et son commit sont des preuves préparatoires documentaires uniquement.
./docs/T11_BACKUPS_FRAMING.md:44:`PUBLIC_RELEASE_BLOCKED`, `SCAN_BLOCKED_UNKNOWN` (findings `validation_back01_integration/` préexistants, règle `generic-api-key`), pilote suspendu, cinq gates publics en attente. Le démarrage de T11 nécessite une autorisation explicite du valideur.
./docs/T20_CDC_GAP_AUDIT_AND_SCOPE_PROPOSAL.md:20:| SystemVault natif | `BLOCKED` | `NATIVE_SYSTEMVAULT_NOT_TESTED` | Ubuntu avec keyring déverrouillé requis ; gate de production, non lot fonctionnel local. |
./docs/T20_CDC_GAP_AUDIT_AND_SCOPE_PROPOSAL.md:21:| Classification Gosec globale et protection de branche/remote | `BLOCKED` | `SCAN_BLOCKED_UNKNOWN`, kit local sans push distant | Gates de production, non fonctionnalités CDC. |
./docs/T20_CDC_GAP_AUDIT_AND_SCOPE_PROPOSAL.md:41:`PUBLIC_RELEASE_BLOCKED`, `SCAN_BLOCKED_UNKNOWN`, `NATIVE_SYSTEMVAULT_NOT_TESTED`, `camoflox_execution_authorized=false`, `t08_authorized=false` et `release_authorized=false` restent inchangés. Aucun nouveau lot ne peut présenter sa progression comme une autorisation de release.
./docs/T20_NCF_SCOPE_AND_ACCEPTANCE.md:32:`PUBLIC_RELEASE_BLOCKED`, `SCAN_BLOCKED_UNKNOWN`, `NATIVE_SYSTEMVAULT_NOT_TESTED`, `camoflox_execution_authorized=false`, `t08_authorized=false` et `release_authorized=false` restent inchangés. T20-NCF ne lance aucun navigateur, Camoufox, proxy réel ni coffre natif.
./docs/T22_PROFILE_HISTORY_CONTRACT.md:51:T22 ne change pas les gates de release, ne lance aucun navigateur, Camoufox ou proxy réel et ne qualifie pas SystemVault natif. Les statuts `PUBLIC_RELEASE_BLOCKED`, `SCAN_BLOCKED_UNKNOWN`, `NATIVE_SYSTEMVAULT_NOT_TESTED`, `camoflox_execution_authorized=false`, `t08_authorized=false` et `release_authorized=false` restent inchangés.
./docs/T23_ARCHIVE_RESTORE_CONTRACT.md:39:Le lot est strictement Core local. Les limites inchangées sont `PUBLIC_RELEASE_BLOCKED`, `SCAN_BLOCKED_UNKNOWN`, `NATIVE_SYSTEMVAULT_NOT_TESTED`, `camoflox_execution_authorized=false`, `t08_authorized=false` et `release_authorized=false`.
./docs/T27_R1_CORRECTIVE_EXECUTION_CONTRACT.md:11:Camoufox est désactivé par défaut. Defaults, CLI, API, MCP, workflow, téléchargement et launcher retournent `CAMOUFOX_EXECUTION_NOT_AUTHORIZED` quand `camoflox_execution_authorized=false`. Les tests emploient une ProcessFactory sentinelle qui ne doit jamais être appelée.
./docs/T27_R1_CORRECTIVE_EXECUTION_CONTRACT.md:43:`PUBLIC_RELEASE_BLOCKED`, `SCAN_BLOCKED_UNKNOWN`, `NATIVE_SYSTEMVAULT_NOT_TESTED`, `camoflox_execution_authorized=false`, `t08_authorized=false` et `release_authorized=false` restent actifs. Aucun runtime, Camoufox, proxy réel, fournisseur réel, cookie réel, secret réel, migration utilisateur ou release n’est autorisé.
./docs/T27_R1_CR06_TO_CR09_GATES.md:21:`NATIVE_SYSTEMVAULT_NOT_TESTED` reste actif. Aucun environnement natif qualifié et aucun coffre utilisateur n’est accessible dans cette sandbox : **`CR08_NOT_TESTED_NATIVE_ENVIRONMENT_REQUIRED`**.
./docs/T27_R1_CR06_TO_CR09_GATES.md:27:T27-R1 ne configure ni secret CI, ni publication, ni release. `PUBLIC_RELEASE_BLOCKED` et `SCAN_BLOCKED_UNKNOWN` restent actifs.
./docs/T28_T42_EVIDENCE_CORRECTION.md:14:Le signal cumulatif Gitleaks `APi=REDACTED` reste conservé comme `SCAN_BLOCKED_UNKNOWN`. Les lots T28, T29, T39, T40, T41 et T42 restent `BLOCKED`. Les gates permanentes ne sont pas levées et aucun runtime réel, Camoufox, proxy, cookie, SystemVault natif, migration utilisateur ou release n’est exécuté.
./docs/T28_T42_STATUS_REGISTER.md:29:Les valeurs suivantes restent inchangées : `PUBLIC_RELEASE_BLOCKED`, `SCAN_BLOCKED_UNKNOWN`, `NATIVE_SYSTEMVAULT_NOT_TESTED`, `camoflox_execution_authorized=false`, `t08_authorized=false` et `release_authorized=false`. Aucun runtime réel, Camoufox, proxy réel, cookie réel, migration utilisateur, récupération de géolocalisation réelle, SystemVault natif ou release n’a été exécuté.
./docs/T30_ENVIRONMENT_DIAGNOSTICS_DELTA_CONTRACT.md:22:Les diagnostics observés Canvas/WebGL/Audio, WebRTC, géolocalisation, matériel, font rendering et performance restent des lots futurs dépendants d’un runtime qualifié et de leurs contrats propres. `NATIVE_SYSTEMVAULT_NOT_TESTED`, `PUBLIC_RELEASE_BLOCKED` et les autres gates permanents restent inchangés.
./docs/T39_SECRET_IMPORT_EXPORT_CONTRACT.md:4:**Prérequis manquants :** T28 et T29 n’ont pas d’implémentation autorisée ni de décision produit ; `NATIVE_SYSTEMVAULT_NOT_TESTED` reste actif.
./docs/T40_INTEGRATION_GATE_CONTRACT.md:14:| Release | `PUBLIC_RELEASE_BLOCKED` |
./docs/T40_INTEGRATION_GATE_CONTRACT.md:16:Aucune modification de configuration ne lève `camoflox_execution_authorized=false`, `t08_authorized=false` ou `release_authorized=false`.
./docs/T41_RELEASE_READINESS_CONTRACT.md:10:| `PUBLIC_RELEASE_BLOCKED` | actif |
./docs/T41_RELEASE_READINESS_CONTRACT.md:11:| `SCAN_BLOCKED_UNKNOWN` | actif |
./docs/T41_RELEASE_READINESS_CONTRACT.md:12:| `NATIVE_SYSTEMVAULT_NOT_TESTED` | actif |
./docs/component-rights-register.json:204:    "PUBLIC_RELEASE_BLOCKED": true,
./docs/component-rights-register.json:205:    "SCAN_BLOCKED_UNKNOWN": true,
./evidence/T31/T31_DELIVERY.md:11:Le lot reste local et read-only. Aucun navigateur, runtime, Camoufox, proxy réel, cookie, secret, SystemVault natif ou release n’a été lancé. Les gates `PUBLIC_RELEASE_BLOCKED`, `SCAN_BLOCKED_UNKNOWN`, `NATIVE_SYSTEMVAULT_NOT_TESTED`, `camoflox_execution_authorized=false`, `t08_authorized=false` et `release_authorized=false` restent inchangés.
./evidence/T32/T32_DELIVERY.md:11:Aucun navigateur, runtime, Camoufox, proxy, cookie, port, secret, UI, SystemVault natif ou release n’a été lancé. Les gates `PUBLIC_RELEASE_BLOCKED`, `SCAN_BLOCKED_UNKNOWN`, `NATIVE_SYSTEMVAULT_NOT_TESTED`, `camoflox_execution_authorized=false`, `t08_authorized=false` et `release_authorized=false` restent inchangés.
./evidence/T33/T33_DELIVERY.md:11:Aucune position réelle, adresse, ville, pays, API externe, réseau, navigateur, runtime, proxy, cookie, secret, SystemVault ou release n’a été utilisé. Les gates `PUBLIC_RELEASE_BLOCKED`, `SCAN_BLOCKED_UNKNOWN`, `NATIVE_SYSTEMVAULT_NOT_TESTED`, `camoflox_execution_authorized=false`, `t08_authorized=false` et `release_authorized=false` restent inchangés.
./evidence/T34/T34_DELIVERY.md:11:Aucun accès à `/proc`, `/sys`, `cpuinfo`, `meminfo`, hostname, numéro de série, adresse MAC, navigateur, runtime, proxy, cookie, secret, SystemVault ou release n’a été effectué. Les gates `PUBLIC_RELEASE_BLOCKED`, `SCAN_BLOCKED_UNKNOWN`, `NATIVE_SYSTEMVAULT_NOT_TESTED`, `camoflox_execution_authorized=false`, `t08_authorized=false` et `release_authorized=false` restent inchangés.
./evidence/T35/T35_DELIVERY.md:11:Aucun fichier de police, chemin de police installé, notice tierce, fournisseur, réseau, navigateur, runtime, proxy, cookie, secret, SystemVault ou release n’a été utilisé. Les gates `PUBLIC_RELEASE_BLOCKED`, `SCAN_BLOCKED_UNKNOWN`, `NATIVE_SYSTEMVAULT_NOT_TESTED`, `camoflox_execution_authorized=false`, `t08_authorized=false` et `release_authorized=false` restent inchangés.
./evidence/T36/T36_DELIVERY.md:11:Aucun environnement réel, navigateur, runtime, réseau, proxy, cookie, secret, SystemVault ou release n’a été utilisé. Les gates `PUBLIC_RELEASE_BLOCKED`, `SCAN_BLOCKED_UNKNOWN`, `NATIVE_SYSTEMVAULT_NOT_TESTED`, `camoflox_execution_authorized=false`, `t08_authorized=false` et `release_authorized=false` restent inchangés.
./evidence/T37/T37_DELIVERY.md:11:Aucun environnement réel, navigateur, runtime, réseau, proxy, cookie, secret, SystemVault ou release n’a été utilisé. Les gates `PUBLIC_RELEASE_BLOCKED`, `SCAN_BLOCKED_UNKNOWN`, `NATIVE_SYSTEMVAULT_NOT_TESTED`, `camoflox_execution_authorized=false`, `t08_authorized=false` et `release_authorized=false` restent inchangés.
./evidence/T38/T38_DELIVERY.md:9:Aucun runtime réel, navigateur, Camoufox, proxy, cookie, réseau, secret, migration utilisateur, SystemVault natif ou release n’a été lancé. `PUBLIC_RELEASE_BLOCKED`, `SCAN_BLOCKED_UNKNOWN`, `NATIVE_SYSTEMVAULT_NOT_TESTED`, `camoflox_execution_authorized=false`, `t08_authorized=false` et `release_authorized=false` restent actifs.
./evidence/T39/T39_DELIVERY.md:6:T39 n’a pas été exécuté. T28 et T29 restent documentaires et sans autorisation produit ; `NATIVE_SYSTEMVAULT_NOT_TESTED` est maintenu. Aucun secret réel, cookie, SystemVault, import/export, migration ou runtime n’a été utilisé. Cette preuve établit le blocage, elle ne lève aucune gate.
./evidence/T42_DELIVERY.md:8:Les verdicts stricts sont : T30 à T38 `APPROVED_VERIFIABLE_LOCAL` selon leurs branches vérifiées ; T28, T29, T39, T40, T41 et T42 `BLOCKED`. Les tests race, vet, build et diff-check T42 ont obtenu zéro. Le scan Gitleaks cumulatif baseline..HEAD conserve un signal générique `APi=REDACTED` dans les artefacts hérités ; ce signal n’est pas requalifié comme succès. Les scans isolés T41/T42 des seuls deltas documentaires sont propres. Les gates `PUBLIC_RELEASE_BLOCKED`, `SCAN_BLOCKED_UNKNOWN`, `NATIVE_SYSTEMVAULT_NOT_TESTED`, `camoflox_execution_authorized=false`, `t08_authorized=false` et `release_authorized=false` restent actives. Aucun runtime réel, Camoufox, proxy, cookie, SystemVault natif, migration utilisateur ou release n’a été exécuté.
./forge-dashboard/T19RR_REPRODUCTION.md:48:Les jetons restent mémoire seule côté dashboard et temporaires côté harness. Les sorties de test ne doivent jamais afficher leur valeur. Les gates `PUBLIC_RELEASE_BLOCKED`, `SCAN_BLOCKED_UNKNOWN`, `NATIVE_SYSTEMVAULT_NOT_TESTED`, `camoflox_execution_authorized=false`, `t08_authorized=false` et `release_authorized=false` ne sont pas modifiés par ce guide.
./forge-dashboard/proofs/T19R_FINAL_REPORT.md:61:`PUBLIC_RELEASE_BLOCKED` · `SCAN_BLOCKED_UNKNOWN` · `NATIVE_SYSTEMVAULT_NOT_TESTED` · `camoflox_execution_authorized=false` · `t08_authorized=false` · `release_authorized=false`. Aucune release créée.
./forge-dashboard/todo.md:16:- [ ] Committer, taguer et pousser exclusivement la réimplémentation vérifiée, en conservant `PUBLIC_RELEASE_BLOCKED`.
./release/back01-minimal/PILOT_LOCAL_TEMPORARY_AUTHORIZATION.json:77:    "decision": "PUBLIC_RELEASE_BLOCKED",
./release/back01-minimal/PILOT_LOCAL_TEMPORARY_QUALIFICATION_CHECKLIST.md:7:> Le statut public demeure sans exception **`PUBLIC_RELEASE_BLOCKED`**.
./release/back01-minimal/PILOT_LOCAL_TEMPORARY_QUALIFICATION_CHECKLIST.md:20:| État public | `PUBLIC_RELEASE_BLOCKED` jusqu’à cinq gates `PASSED` frais et revus indépendamment. |
./release/back01-minimal/PILOT_LOCAL_TEMPORARY_QUALIFICATION_CHECKLIST.md:119:À la suspension, arrêter le pilote, supprimer les accès externes éventuels, préserver uniquement des constats assainis, ne pas recopier de secret dans un ticket, et conserver `PUBLIC_RELEASE_BLOCKED`. Une reprise exige une nouvelle décision tracée et, lorsque la chaîne candidate a changé, des preuves E2E et SystemVault fraîches.
./release/back01-minimal/PILOT_LOCAL_TEMPORARY_QUALIFICATION_CHECKLIST.md:123:La qualification Ubuntu ne rend **pas** automatiquement la release publique. `PUBLIC_RELEASE_APPROVED` ne peut être examiné que lorsque les cinq gates de `PUBLIC_RELEASE_GATE_STATE.json` sont explicitement `PASSED`, possèdent des preuves versionnées fraîches et une revue indépendante. Tant qu’un seul gate est `PENDING` ou `FAILED`, le statut public reste `PUBLIC_RELEASE_BLOCKED`.
./release/back01-minimal/PUBLIC_RELEASE_DECISION.md:5:**Décision :** `PUBLIC_RELEASE_BLOCKED`
./release/back01-minimal/PUBLIC_RELEASE_GATE_STATE.json:3:  "decision": "PUBLIC_RELEASE_BLOCKED",
./release/back01-minimal/PUBLIC_RELEASE_GATE_STATE.json:17:    "policy_required": "PUBLIC_RELEASE_BLOCKED"
./release/back01-minimal/RELEASE_SCOPE_AND_OS_MATRIX.md:3:**Décision actuelle :** `PUBLIC_RELEASE_BLOCKED`
./release/back01-minimal/RELEASE_SIGNATURE_RUNBOOK.md:49:L’attestation ne lève pas les autres gates : la décision reste `PUBLIC_RELEASE_BLOCKED` tant que SystemVault natif, le flux anti-fuite, la revue de licence/runtime et la matrice OS ne sont pas intégralement verts.
./release/back01-minimal/RELEASE_TRACEABILITY_INDEX.json:6:    "public_release_decision": "PUBLIC_RELEASE_BLOCKED",
./release/back01-minimal/RELEASE_TRACEABILITY_INDEX.json:44:      "status": "TECHNICAL_RUNTIME_E2E_PASSED_PUBLIC_RELEASE_BLOCKED",
./release/back01-minimal/RUNTIME_CANDIDATE_CHROMIUM_151.0.7922.108.json:4:  "status": "TECHNICAL_RUNTIME_E2E_PASSED_PUBLIC_RELEASE_BLOCKED",
./release/back01-minimal/RUNTIME_CANDIDATE_CHROMIUM_151.0.7922.108.json:57:    "public_release_decision": "PUBLIC_RELEASE_BLOCKED"
./release/back01-minimal/RUNTIME_CANDIDATE_QA_CHROMIUM_151.0.7922.108.md:3:**Statut :** `TECHNICAL_RUNTIME_E2E_PASSED_PUBLIC_RELEASE_BLOCKED`
./release/back01-minimal/RUNTIME_RELEASE_LOCK.json:3:  "decision": "PUBLIC_RELEASE_BLOCKED",
./release/back01-minimal/SECRET_SCAN_CLASSIFICATION_DOSSIER.template.json:34:    "public_release_decision": "PUBLIC_RELEASE_BLOCKED",
./release/back01-minimal/SECRET_SCAN_CLASSIFICATION_RUNBOOK.md:4:**Décision publique au départ :** `PUBLIC_RELEASE_BLOCKED`  
./release/back01-minimal/SECRET_SCAN_CLASSIFICATION_RUNBOOK.md:18:| Publication | Toujours `PUBLIC_RELEASE_BLOCKED` et cinq gates `PENDING` |
./release/back01-minimal/SECRET_SCAN_CLASSIFICATION_RUNBOOK.md:57:| Publication publique | Reste `PUBLIC_RELEASE_BLOCKED`. |
./release/back01-minimal/SYSTEMVAULT_NATIVE_HOST_RUNBOOK.md:5:> **Règle de décision :** le résultat reste `PUBLIC_RELEASE_BLOCKED` tant qu’un cas obligatoire est absent, échoue, révèle une valeur sentinelle ou utilise un fallback en clair.
./release/back01-minimal/SYSTEMVAULT_NATIVE_HOST_RUNBOOK.md:93:| `PUBLIC_RELEASE_BLOCKED` | Un cas échoue, manque, fuit une valeur ou le `.deb`/la signature exacts ne sont pas archivés |
./release/back01-minimal/SYSTEMVAULT_RUNTIME_RELEASE_GATE.md:64:Le verrou `RUNTIME_RELEASE_LOCK.json` fixe ce constat, l’empreinte de l’artefact pilote, les empreintes runtime observées et les preuves encore obligatoires. Une release publique reste refusée tant que ce fichier indique `PUBLIC_RELEASE_BLOCKED`.
./release/back01-minimal/SYSTEMVAULT_RUNTIME_RELEASE_GATE.md:114:| `PUBLIC_RELEASE_BLOCKED` | Toute ligne SystemVault, provenance, signature ou nouvelle version runtime non validée |
./release/back01-minimal/SYSTEMVAULT_RUNTIME_RELEASE_GATE.md:116:Le sandbox headless reste classé `PUBLIC_RELEASE_BLOCKED` : il n’expose pas de collection Secret Service durable et déverrouillée. Cette indisponibilité ne doit jamais déclencher un fallback de secrets en clair.
./scripts/check-public-release-gate.py:166:        if decision not in {"PUBLIC_RELEASE_BLOCKED", "PUBLIC_RELEASE_APPROVED"}:
./scripts/check-public-release-gate.py:209:        if decision == "PUBLIC_RELEASE_BLOCKED":
./scripts/check-public-release-gate.py:210:            if index.get("policy", {}).get("public_release_decision") != "PUBLIC_RELEASE_BLOCKED":
./scripts/check-public-release-gate.py:212:            if candidate.get("public_release_eligible") is not False or "PUBLIC_RELEASE_BLOCKED" not in str(candidate.get("status", "")):
./scripts/collect-t06-evidence.sh:152:  printf 'public_release_status=PUBLIC_RELEASE_BLOCKED\n'
./scripts/collect-t06-evidence.sh:153:  printf 'scan_status=SCAN_BLOCKED_UNKNOWN\n'
./scripts/collect-t07-r-evidence.sh:62:  't08_authorized=false' > "$OUT/00_constraints.txt"
./scripts/create-component-rights-evidence.mjs:29:  release_status: "PUBLIC_RELEASE_BLOCKED"
./scripts/validate-release-traceability.py:163:        if policy.get("public_release_decision") != "PUBLIC_RELEASE_BLOCKED":
./scripts/validate-release-traceability.py:204:    print(json.dumps({"valid": True, "chains": 2, "public_release_decision": "PUBLIC_RELEASE_BLOCKED"}, sort_keys=True))
./todo.md:80:- [x] Poursuivre uniquement le triage documentaire de `generic-api-key` hors RC, sans relancer SystemVault ni reconstruire une release. Les documents existants confirment le statut `SCAN_BLOCKED_UNKNOWN` et ne permettent aucune action sur le candidat.
./todo.md:149:- [x] T07-RV16 : exécuter le validateur T07-R sans le modifier, puis consigner le résultat de complétude et de cohérence. Résultat : `complete_for_independent_review_only`, `t08_authorized=false`, triage `FALSE_POSITIVE`, distribution future soumise à revue indépendante.
./todo.md:186:**Contraintes maintenues :** import direct interdit ; backend Node/Electron interdit ; `PUBLIC_RELEASE_BLOCKED` maintenu ; `SCAN_BLOCKED_UNKNOWN` BACK-01 maintenu (distinct de T07) ; pilote BACK-01 suspendu ; cinq gates publics en attente ; écritures UI/proxy/backup/restauration interdites jusqu'à leurs jalons propres.
./todo.md:194:- [x] T08-F0c : ajouter le bloc `release_gates` au registre (PUBLIC_RELEASE_BLOCKED, SCAN_BLOCKED_UNKNOWN, pilote suspendu, cinq gates publics, contraintes T08).
./todo.md:202:- [x] T08-V2 : vérifier la cohérence d'ensemble — registres, spécification, suivi, décision T07 : même hashes source, même exclusions, `PUBLIC_RELEASE_BLOCKED` et `SCAN_BLOCKED_UNKNOWN` déclarés maintenus dans le registre et les documents, aucun chemin RC modifié, aucun code produit changé.
./todo.md:225:- Format rapport final exigé (un seul rapport, à la fin) : TASK/GAP/IMPLEMENTED/NOT IMPLEMENTED/FILES CHANGED/API CHANGED/DATABASE CHANGED/UI CHANGED/TESTS WRITTEN/TESTS EXECUTED/TEST RESULTS/RACE RESULT/SECURITY SCAN/EVIDENCE/LIMITATIONS/CURRENT STATUS/NEXT ALLOWED STEP. Statut 🟢/🟡/🟠/🔵/🔴 selon preuves. Code 0 sans test sélectionné = échec. Interdit : nouvelle documentation, T09 avant validation, transformer doc/interface/test non exécuté en preuve. `PUBLIC_RELEASE_BLOCKED` indépendant.
./todo.md:268:Contraintes à maintenir : aucun lancement de navigateur/Camoufox, pas de proxy, pas de mutation UI, pas de backup/restore/import, pas de release ; `PUBLIC_RELEASE_BLOCKED` et `SCAN_BLOCKED_UNKNOWN` (BACK-01) maintenus. Le dashboard reste au checkpoint T06 (`manus-webdev://2b50697e`).
./todo.md:280:Ensuite : relancer la suite, puis `go test -race`, `go vet`, Gitleaks 8.18.4 sur le delta (`gitleaks --no-git --source internal/launch`), puis archive de preuves redacted avec manifeste portable (SHA-256 relatif), puis rapport final au format exact exigé (TASK/GAP/IMPLEMENTED/NOT IMPLEMENTED/FILES CHANGED/API CHANGED/DATABASE CHANGED/UI CHANGED/TESTS WRITTEN/TESTS EXECUTED/TEST RESULTS/RACE RESULT/SECURITY SCAN/EVIDENCE/LIMITATIONS/CURRENT STATUS/NEXT ALLOWED STEP) avec statut exact. Dashboard inchangé (`manus-webdev://2b50697e`). Contraintes : pas de navigateur/Camoufox/proxy/mutation UI/backup/release ; `PUBLIC_RELEASE_BLOCKED` maintenu.
./todo.md:337:Contraintes : pas de lancement navigateur/runtime/Camoufox, pas de proxy/UI/backup/release, PUBLIC_RELEASE_BLOCKED maintenu, dashboard T06 inchangé.
./todo.md:675:- Statuts : PUBLIC_RELEASE_BLOCKED, SCAN_BLOCKED_UNKNOWN (réserves pré-T09 maintenues), pilote suspendu, cinq gates publics actifs.
./todo.md:690:- Périmètre : référentiel proxy local Core Go (CRUD, validation http/socks5, hôte, port borné, région, secret_ref synthétique, affectation profil↔proxy, désaffectation, listing redacted, audit, correlation_id, loopback, erreurs machine-readable) ; dashboard client mémoire seule sans écriture SQLite directe. Interdictions : aucun proxy réseau réel, navigateur, runtime, Camoufox, intégration Decodo/fournisseur, backup/restore UI, release. `PUBLIC_RELEASE_BLOCKED` inchangé.
./todo.md:709:- Périmètre : contrat local Backup/Restore Core Go unique (.flbackup FLBK…FLEND, AES-256-GCM/AAD, nonce crypto/rand, publication atomique, fsync, restauration isolée vers nouvel identifiant, validation/quarantaine, journal durable, crash recovery fail-closed) ; dashboard client mémoire seule. Données/références synthétiques uniquement. Interdictions : secret réel, coffre non qualifié, runtime, navigateur, Camoufox, proxy réel, fournisseur, import de masse, release. `PUBLIC_RELEASE_BLOCKED` inchangé.
./todo.md:718:- Statuts inchangés : `PUBLIC_RELEASE_BLOCKED`, `SCAN_BLOCKED_UNKNOWN` (findings `validation_back01_integration/` préexistants, règle `generic-api-key`), pilote suspendu, cinq gates publics en attente.
./todo.md:729:- [ ] Lever `PUBLIC_RELEASE_BLOCKED`, `SCAN_BLOCKED_UNKNOWN`, `NATIVE_SYSTEMVAULT_NOT_TESTED`, `camoflox_execution_authorized=false`, `t08_authorized=false` ou `release_authorized=false` : interdit dans cette passation.
./todo.md:738:- [x] Conserver le signal Gitleaks cumulatif et les constats Gosec historiques ; ne pas transformer `SCAN_BLOCKED_UNKNOWN` en succès.
./validation_back01_integration/final/API_TEST_SELECTION_b4f930b_2026-08-14.txt:15:public_release_decision=PUBLIC_RELEASE_BLOCKED
./validation_back01_integration/final/API_TEST_SELECTION_b4f930b_2026-08-14.txt:38:{"chains": 2, "public_release_decision": "PUBLIC_RELEASE_BLOCKED", "valid": true}
./validation_back01_integration/final/API_TEST_SELECTION_b4f930b_2026-08-14.txt:39:{"decision": "PUBLIC_RELEASE_BLOCKED", "gate_decisions": {"MAINTAINER_MANIFEST_SIGNATURE": "PENDING", "OS_COMPATIBILITY_EVIDENCE": "PENDING", "RUNTIME_LICENSE_AND_REDISTRIBUTION_REVIEW": "PENDING", "SYSTEMVAULT_ANTI_LEAK_INTEGRATED_FLOW": "PENDING", "SYSTEMVAULT_NATIVE_PER_TARGET": "PENDING"}, "pending_gates": ["SYSTEMVAULT_NATIVE_PER_TARGET", "SYSTEMVAULT_ANTI_LEAK_INTEGRATED_FLOW", "MAINTAINER_MANIFEST_SIGNATURE", "RUNTIME_LICENSE_AND_REDISTRIBUTION_REVIEW", "OS_COMPATIBILITY_EVIDENCE"], "valid": true}
./validation_back01_integration/final/CURRENT_PRODUCT_SCOPE_INVENTORY_2026-08-14.md:17:| Publication publique | `PUBLIC_RELEASE_BLOCKED` tant que les cinq gates ne sont pas tous `PASSED` avec preuve fraîche et revue indépendante. |
./validation_back01_integration/final/CURRENT_PRODUCT_SCOPE_INVENTORY_2026-08-14.md:74:| Validateur public | PASS avec décision bloquée | Le validateur confirme `PUBLIC_RELEASE_BLOCKED` car les cinq gates restent `PENDING`. |
./validation_back01_integration/final/CURRENT_PRODUCT_SCOPE_INVENTORY_2026-08-14.md:102:Cette alerte ne change pas la décision déjà bloquée `PUBLIC_RELEASE_BLOCKED`, mais elle interdit de présenter le scan de l’archive comme vert jusqu’à résolution.
./validation_back01_integration/final/GOSEC_BASELINE_RECONCILIATION_2026-08-14.md:42:Les analyses du lot produit doivent être comparées à une baseline exécutée avec les mêmes paramètres. Une baisse de nombre n’est jamais une clôture : chaque résultat doit avoir une décision, un risque, un propriétaire, une échéance et, lorsque pertinent, un test de non-régression. Les gates `PUBLIC_RELEASE_BLOCKED`, le pilote suspendu et l’alerte `generic-api-key` restent inchangés.
./validation_back01_integration/final/LAST_TRACEABILITY_GATE_VALIDATION.md:3:**Décision contrôlée :** `PUBLIC_RELEASE_BLOCKED`.
./validation_back01_integration/final/LAST_TRACEABILITY_GATE_VALIDATION.md:13:| Gate public machine-readable | Contrôle de l’index de traçabilité, de la chaîne RC, des documents obligatoires et des gates | Vert ; `PUBLIC_RELEASE_BLOCKED` confirmé |
./validation_back01_integration/final/ORACLE_FREE_SYSTEMVAULT_PROTOCOL.md:91:Calculer les SHA-256 des quatre fichiers exportés, verser les copies assainies dans `validation_back01_integration/final/`, puis mettre à jour le gate uniquement avec les métadonnées complètes et une revue indépendante. À ce stade, le statut public reste `PUBLIC_RELEASE_BLOCKED` : les quatre autres gates demeurent obligatoires.
./validation_back01_integration/final/RAPPORT_FINAL_BACK_01.md:16:| Candidat RC distinct | `forgelocal-back01-core-0.1.0-back01-rc1-chromium151108-linux-amd64.tar.gz` | Chromium `151.0.7922.108` | `ac_back_01_chromium_candidate_108.out` | E2E technique vert ; `PUBLIC_RELEASE_BLOCKED` |
./validation_back01_integration/final/RAPPORT_FINAL_BACK_01.md:123:| `release/back01-minimal/PUBLIC_RELEASE_DECISION.md` | Décision actuelle `PUBLIC_RELEASE_BLOCKED` et conditions de levée |
./validation_back01_integration/final/SANDBOX_SYSTEMVAULT_LIMITATION_REPORT_2026-08-14.md:6:**Statut de publication :** `PUBLIC_RELEASE_BLOCKED` — inchangé.
./validation_back01_integration/final/SANDBOX_SYSTEMVAULT_LIMITATION_REPORT_2026-08-14.md:98:{"chains": 2, "public_release_decision": "PUBLIC_RELEASE_BLOCKED", "valid": true}
./validation_back01_integration/final/SANDBOX_SYSTEMVAULT_LIMITATION_REPORT_2026-08-14.md:101:Le validateur de gate a confirmé une métadonnée valide avec la décision `PUBLIC_RELEASE_BLOCKED`. Les cinq gates demeurent `PENDING` : `SYSTEMVAULT_NATIVE_PER_TARGET`, `SYSTEMVAULT_ANTI_LEAK_INTEGRATED_FLOW`, `MAINTAINER_MANIFEST_SIGNATURE`, `RUNTIME_LICENSE_AND_REDISTRIBUTION_REVIEW` et `OS_COMPATIBILITY_EVIDENCE`.
./validation_back01_integration/final/SECRET_SCAN_TRIAGE_2026-08-14.md:12:Cette décision ne modifie pas l’archive RC, son runtime, son SBOM, son manifeste, les cinq gates ou la décision `PUBLIC_RELEASE_BLOCKED`.
./validation_back01_integration/final/SECRET_SCAN_TRIAGE_2026-08-14.md:22:| Décision de publication | `PUBLIC_RELEASE_BLOCKED` |
./validation_back01_integration/final/SECRET_SCAN_TRIAGE_2026-08-14.md:59:| `UNKNOWN` | La nature n’est pas démontrée de façon indépendante et redacted. | Maintenir la suspension du pilote, le gel RC et `PUBLIC_RELEASE_BLOCKED`. |
./validation_back01_integration/final/cdc-v03-postcommit-invariants-20260814.txt:6:{"chains": 2, "public_release_decision": "PUBLIC_RELEASE_BLOCKED", "valid": true}
./validation_back01_integration/final/cdc-v03-postcommit-invariants-20260814.txt:8:{"decision": "PUBLIC_RELEASE_BLOCKED", "gate_decisions": {"MAINTAINER_MANIFEST_SIGNATURE": "PENDING", "OS_COMPATIBILITY_EVIDENCE": "PENDING", "RUNTIME_LICENSE_AND_REDISTRIBUTION_REVIEW": "PENDING", "SYSTEMVAULT_ANTI_LEAK_INTEGRATED_FLOW": "PENDING", "SYSTEMVAULT_NATIVE_PER_TARGET": "PENDING"}, "pending_gates": ["SYSTEMVAULT_NATIVE_PER_TARGET", "SYSTEMVAULT_ANTI_LEAK_INTEGRATED_FLOW", "MAINTAINER_MANIFEST_SIGNATURE", "RUNTIME_LICENSE_AND_REDISTRIBUTION_REVIEW", "OS_COMPATIBILITY_EVIDENCE"], "valid": true}
./validation_back01_integration/final/cdc-v03-validation-20260814.txt:6:PASS SCAN_BLOCKED_UNKNOWN
./validation_back01_integration/final/cdc-v03-validation-20260814.txt:12:{"chains": 2, "public_release_decision": "PUBLIC_RELEASE_BLOCKED", "valid": true}
./validation_back01_integration/final/cdc-v03-validation-20260814.txt:14:{"decision": "PUBLIC_RELEASE_BLOCKED", "gate_decisions": {"MAINTAINER_MANIFEST_SIGNATURE": "PENDING", "OS_COMPATIBILITY_EVIDENCE": "PENDING", "RUNTIME_LICENSE_AND_REDISTRIBUTION_REVIEW": "PENDING", "SYSTEMVAULT_ANTI_LEAK_INTEGRATED_FLOW": "PENDING", "SYSTEMVAULT_NATIVE_PER_TARGET": "PENDING"}, "pending_gates": ["SYSTEMVAULT_NATIVE_PER_TARGET", "SYSTEMVAULT_ANTI_LEAK_INTEGRATED_FLOW", "MAINTAINER_MANIFEST_SIGNATURE", "RUNTIME_LICENSE_AND_REDISTRIBUTION_REVIEW", "OS_COMPATIBILITY_EVIDENCE"], "valid": true}
./validation_back01_integration/final/chromium_runtime_candidate_108_provenance.out:3:qualification_status=TECHNICAL_RUNTIME_E2E_PASSED_PUBLIC_RELEASE_BLOCKED
./validation_back01_integration/final/gate_metadata_v2_control.out:5:public_release_decision=PUBLIC_RELEASE_BLOCKED
./validation_back01_integration/final/last_traceability_gate_control.out:2:public_release_decision=PUBLIC_RELEASE_BLOCKED
./validation_back01_integration/final/pilot-expiry-invariants-20260814.txt:7:{"chains": 2, "public_release_decision": "PUBLIC_RELEASE_BLOCKED", "valid": true}
./validation_back01_integration/final/pilot-expiry-invariants-20260814.txt:8:{"decision": "PUBLIC_RELEASE_BLOCKED", "gate_decisions": {"MAINTAINER_MANIFEST_SIGNATURE": "PENDING", "OS_COMPATIBILITY_EVIDENCE": "PENDING", "RUNTIME_LICENSE_AND_REDISTRIBUTION_REVIEW": "PENDING", "SYSTEMVAULT_ANTI_LEAK_INTEGRATED_FLOW": "PENDING", "SYSTEMVAULT_NATIVE_PER_TARGET": "PENDING"}, "pending_gates": ["SYSTEMVAULT_NATIVE_PER_TARGET", "SYSTEMVAULT_ANTI_LEAK_INTEGRATED_FLOW", "MAINTAINER_MANIFEST_SIGNATURE", "RUNTIME_LICENSE_AND_REDISTRIBUTION_REVIEW", "OS_COMPATIBILITY_EVIDENCE"], "valid": true}
./validation_back01_integration/final/pilot-temporary-authorization-invariants-20260814.txt:7:    "decision": "PUBLIC_RELEASE_BLOCKED",
./validation_back01_integration/final/pilot-temporary-authorization-invariants-20260814.txt:11:{"chains": 2, "public_release_decision": "PUBLIC_RELEASE_BLOCKED", "valid": true}
./validation_back01_integration/final/pilot-temporary-authorization-invariants-20260814.txt:14:{"decision": "PUBLIC_RELEASE_BLOCKED", "gate_decisions": {"MAINTAINER_MANIFEST_SIGNATURE": "PENDING", "OS_COMPATIBILITY_EVIDENCE": "PENDING", "RUNTIME_LICENSE_AND_REDISTRIBUTION_REVIEW": "PENDING", "SYSTEMVAULT_ANTI_LEAK_INTEGRATED_FLOW": "PENDING", "SYSTEMVAULT_NATIVE_PER_TARGET": "PENDING"}, "pending_gates": ["SYSTEMVAULT_NATIVE_PER_TARGET", "SYSTEMVAULT_ANTI_LEAK_INTEGRATED_FLOW", "MAINTAINER_MANIFEST_SIGNATURE", "RUNTIME_LICENSE_AND_REDISTRIBUTION_REVIEW", "OS_COMPATIBILITY_EVIDENCE"], "valid": true}
./validation_back01_integration/final/pilot-temporary-authorization-postcommit-20260814.txt:4:{"chains": 2, "public_release_decision": "PUBLIC_RELEASE_BLOCKED", "valid": true}
./validation_back01_integration/final/pilot-temporary-authorization-postcommit-20260814.txt:6:{"decision": "PUBLIC_RELEASE_BLOCKED", "gate_decisions": {"MAINTAINER_MANIFEST_SIGNATURE": "PENDING", "OS_COMPATIBILITY_EVIDENCE": "PENDING", "RUNTIME_LICENSE_AND_REDISTRIBUTION_REVIEW": "PENDING", "SYSTEMVAULT_ANTI_LEAK_INTEGRATED_FLOW": "PENDING", "SYSTEMVAULT_NATIVE_PER_TARGET": "PENDING"}, "pending_gates": ["SYSTEMVAULT_NATIVE_PER_TARGET", "SYSTEMVAULT_ANTI_LEAK_INTEGRATED_FLOW", "MAINTAINER_MANIFEST_SIGNATURE", "RUNTIME_LICENSE_AND_REDISTRIBUTION_REVIEW", "OS_COMPATIBILITY_EVIDENCE"], "valid": true}
./validation_back01_integration/final/public_release_gate_metadata_v2_validation.out:1:{"decision": "PUBLIC_RELEASE_BLOCKED", "gate_decisions": {"MAINTAINER_MANIFEST_SIGNATURE": "PENDING", "OS_COMPATIBILITY_EVIDENCE": "PENDING", "RUNTIME_LICENSE_AND_REDISTRIBUTION_REVIEW": "PENDING", "SYSTEMVAULT_ANTI_LEAK_INTEGRATED_FLOW": "PENDING", "SYSTEMVAULT_NATIVE_PER_TARGET": "PENDING"}, "pending_gates": ["SYSTEMVAULT_NATIVE_PER_TARGET", "SYSTEMVAULT_ANTI_LEAK_INTEGRATED_FLOW", "MAINTAINER_MANIFEST_SIGNATURE", "RUNTIME_LICENSE_AND_REDISTRIBUTION_REVIEW", "OS_COMPATIBILITY_EVIDENCE"], "valid": true}
./validation_back01_integration/final/public_release_gate_state_validation.out:1:{"decision": "PUBLIC_RELEASE_BLOCKED", "pending_gates": ["SYSTEMVAULT_NATIVE_PER_TARGET", "SYSTEMVAULT_ANTI_LEAK_INTEGRATED_FLOW", "MAINTAINER_MANIFEST_SIGNATURE", "RUNTIME_LICENSE_AND_REDISTRIBUTION_REVIEW", "OS_COMPATIBILITY_EVIDENCE"], "valid": true}
./validation_back01_integration/final/release_traceability_clean_clone_validation.out:5:validator={"chains": 2, "public_release_decision": "PUBLIC_RELEASE_BLOCKED", "valid": true}
./validation_back01_integration/final/release_traceability_control_final.out:1:{"chains": 2, "public_release_decision": "PUBLIC_RELEASE_BLOCKED", "valid": true}
./validation_back01_integration/final/release_traceability_validation.out:1:{"chains": 2, "public_release_decision": "PUBLIC_RELEASE_BLOCKED", "valid": true}
./validation_back01_integration/final/sandbox-cdc-and-suspension-invariants-20260814.txt:12:{"chains": 2, "public_release_decision": "PUBLIC_RELEASE_BLOCKED", "valid": true}
./validation_back01_integration/final/sandbox-cdc-and-suspension-invariants-20260814.txt:14:{"decision": "PUBLIC_RELEASE_BLOCKED", "gate_decisions": {"MAINTAINER_MANIFEST_SIGNATURE": "PENDING", "OS_COMPATIBILITY_EVIDENCE": "PENDING", "RUNTIME_LICENSE_AND_REDISTRIBUTION_REVIEW": "PENDING", "SYSTEMVAULT_ANTI_LEAK_INTEGRATED_FLOW": "PENDING", "SYSTEMVAULT_NATIVE_PER_TARGET": "PENDING"}, "pending_gates": ["SYSTEMVAULT_NATIVE_PER_TARGET", "SYSTEMVAULT_ANTI_LEAK_INTEGRATED_FLOW", "MAINTAINER_MANIFEST_SIGNATURE", "RUNTIME_LICENSE_AND_REDISTRIBUTION_REVIEW", "OS_COMPATIBILITY_EVIDENCE"], "valid": true}
./validation_back01_integration/final/sandbox-cdc-postcommit-invariants-20260814.txt:8:{"chains": 2, "public_release_decision": "PUBLIC_RELEASE_BLOCKED", "valid": true}
./validation_back01_integration/final/sandbox-cdc-postcommit-invariants-20260814.txt:10:{"decision": "PUBLIC_RELEASE_BLOCKED", "gate_decisions": {"MAINTAINER_MANIFEST_SIGNATURE": "PENDING", "OS_COMPATIBILITY_EVIDENCE": "PENDING", "RUNTIME_LICENSE_AND_REDISTRIBUTION_REVIEW": "PENDING", "SYSTEMVAULT_ANTI_LEAK_INTEGRATED_FLOW": "PENDING", "SYSTEMVAULT_NATIVE_PER_TARGET": "PENDING"}, "pending_gates": ["SYSTEMVAULT_NATIVE_PER_TARGET", "SYSTEMVAULT_ANTI_LEAK_INTEGRATED_FLOW", "MAINTAINER_MANIFEST_SIGNATURE", "RUNTIME_LICENSE_AND_REDISTRIBUTION_REVIEW", "OS_COMPATIBILITY_EVIDENCE"], "valid": true}
./validation_back01_integration/final/sandbox-release-gates-20260814.txt:2:{"chains": 2, "public_release_decision": "PUBLIC_RELEASE_BLOCKED", "valid": true}
./validation_back01_integration/final/sandbox-release-gates-20260814.txt:5:{"decision": "PUBLIC_RELEASE_BLOCKED", "gate_decisions": {"MAINTAINER_MANIFEST_SIGNATURE": "PENDING", "OS_COMPATIBILITY_EVIDENCE": "PENDING", "RUNTIME_LICENSE_AND_REDISTRIBUTION_REVIEW": "PENDING", "SYSTEMVAULT_ANTI_LEAK_INTEGRATED_FLOW": "PENDING", "SYSTEMVAULT_NATIVE_PER_TARGET": "PENDING"}, "pending_gates": ["SYSTEMVAULT_NATIVE_PER_TARGET", "SYSTEMVAULT_ANTI_LEAK_INTEGRATED_FLOW", "MAINTAINER_MANIFEST_SIGNATURE", "RUNTIME_LICENSE_AND_REDISTRIBUTION_REVIEW", "OS_COMPATIBILITY_EVIDENCE"], "valid": true}
./validation_back01_integration/final/sandbox-release-gates-20260814.txt:11:reported_decision=PUBLIC_RELEASE_BLOCKED means publication remains correctly blocked.
./validation_back01_integration/final/sandbox-reproducible-verification-20260814.txt:39:{"chains": 2, "public_release_decision": "PUBLIC_RELEASE_BLOCKED", "valid": true}
./validation_back01_integration/final/sandbox-reproducible-verification-20260814.txt:41:{"decision": "PUBLIC_RELEASE_BLOCKED", "gate_decisions": {"MAINTAINER_MANIFEST_SIGNATURE": "PENDING", "OS_COMPATIBILITY_EVIDENCE": "PENDING", "RUNTIME_LICENSE_AND_REDISTRIBUTION_REVIEW": "PENDING", "SYSTEMVAULT_ANTI_LEAK_INTEGRATED_FLOW": "PENDING", "SYSTEMVAULT_NATIVE_PER_TARGET": "PENDING"}, "pending_gates": ["SYSTEMVAULT_NATIVE_PER_TARGET", "SYSTEMVAULT_ANTI_LEAK_INTEGRATED_FLOW", "MAINTAINER_MANIFEST_SIGNATURE", "RUNTIME_LICENSE_AND_REDISTRIBUTION_REVIEW", "OS_COMPATIBILITY_EVIDENCE"], "valid": true}
./validation_back01_integration/final/sandbox-secret-scan-suspension-invariants-20260814.txt:3:{"chains": 2, "public_release_decision": "PUBLIC_RELEASE_BLOCKED", "valid": true}
./validation_back01_integration/final/sandbox-secret-scan-suspension-invariants-20260814.txt:4:{"decision": "PUBLIC_RELEASE_BLOCKED", "gate_decisions": {"MAINTAINER_MANIFEST_SIGNATURE": "PENDING", "OS_COMPATIBILITY_EVIDENCE": "PENDING", "RUNTIME_LICENSE_AND_REDISTRIBUTION_REVIEW": "PENDING", "SYSTEMVAULT_ANTI_LEAK_INTEGRATED_FLOW": "PENDING", "SYSTEMVAULT_NATIVE_PER_TARGET": "PENDING"}, "pending_gates": ["SYSTEMVAULT_NATIVE_PER_TARGET", "SYSTEMVAULT_ANTI_LEAK_INTEGRATED_FLOW", "MAINTAINER_MANIFEST_SIGNATURE", "RUNTIME_LICENSE_AND_REDISTRIBUTION_REVIEW", "OS_COMPATIBILITY_EVIDENCE"], "valid": true}
./validation_back01_integration/final/secret-classification-control-validation-20260814.txt:13:{"chains": 2, "public_release_decision": "PUBLIC_RELEASE_BLOCKED", "valid": true}
./validation_back01_integration/final/secret-classification-control-validation-20260814.txt:14:{"decision": "PUBLIC_RELEASE_BLOCKED", "gate_decisions": {"MAINTAINER_MANIFEST_SIGNATURE": "PENDING", "OS_COMPATIBILITY_EVIDENCE": "PENDING", "RUNTIME_LICENSE_AND_REDISTRIBUTION_REVIEW": "PENDING", "SYSTEMVAULT_ANTI_LEAK_INTEGRATED_FLOW": "PENDING", "SYSTEMVAULT_NATIVE_PER_TARGET": "PENDING"}, "pending_gates": ["SYSTEMVAULT_NATIVE_PER_TARGET", "SYSTEMVAULT_ANTI_LEAK_INTEGRATED_FLOW", "MAINTAINER_MANIFEST_SIGNATURE", "RUNTIME_LICENSE_AND_REDISTRIBUTION_REVIEW", "OS_COMPATIBILITY_EVIDENCE"], "valid": true}
./validation_back01_integration/final/secret-classification-controls-postcommit-20260814.txt:10:{"chains": 2, "public_release_decision": "PUBLIC_RELEASE_BLOCKED", "valid": true}
./validation_back01_integration/final/secret-classification-controls-postcommit-20260814.txt:11:{"decision": "PUBLIC_RELEASE_BLOCKED", "gate_decisions": {"MAINTAINER_MANIFEST_SIGNATURE": "PENDING", "OS_COMPATIBILITY_EVIDENCE": "PENDING", "RUNTIME_LICENSE_AND_REDISTRIBUTION_REVIEW": "PENDING", "SYSTEMVAULT_ANTI_LEAK_INTEGRATED_FLOW": "PENDING", "SYSTEMVAULT_NATIVE_PER_TARGET": "PENDING"}, "pending_gates": ["SYSTEMVAULT_NATIVE_PER_TARGET", "SYSTEMVAULT_ANTI_LEAK_INTEGRATED_FLOW", "MAINTAINER_MANIFEST_SIGNATURE", "RUNTIME_LICENSE_AND_REDISTRIBUTION_REVIEW", "OS_COMPATIBILITY_EVIDENCE"], "valid": true}
./validation_back01_integration/final/secret-classification-dossier-invariants-20260814.txt:11:{"chains": 2, "public_release_decision": "PUBLIC_RELEASE_BLOCKED", "valid": true}
./validation_back01_integration/final/secret-classification-dossier-invariants-20260814.txt:12:{"decision": "PUBLIC_RELEASE_BLOCKED", "gate_decisions": {"MAINTAINER_MANIFEST_SIGNATURE": "PENDING", "OS_COMPATIBILITY_EVIDENCE": "PENDING", "RUNTIME_LICENSE_AND_REDISTRIBUTION_REVIEW": "PENDING", "SYSTEMVAULT_ANTI_LEAK_INTEGRATED_FLOW": "PENDING", "SYSTEMVAULT_NATIVE_PER_TARGET": "PENDING"}, "pending_gates": ["SYSTEMVAULT_NATIVE_PER_TARGET", "SYSTEMVAULT_ANTI_LEAK_INTEGRATED_FLOW", "MAINTAINER_MANIFEST_SIGNATURE", "RUNTIME_LICENSE_AND_REDISTRIBUTION_REVIEW", "OS_COMPATIBILITY_EVIDENCE"], "valid": true}
./validation_back01_integration/final/secret-classification-freeze-config-check-20260814.txt:3:{"decision": "PUBLIC_RELEASE_BLOCKED", "gate_decisions": {"MAINTAINER_MANIFEST_SIGNATURE": "PENDING", "OS_COMPATIBILITY_EVIDENCE": "PENDING", "RUNTIME_LICENSE_AND_REDISTRIBUTION_REVIEW": "PENDING", "SYSTEMVAULT_ANTI_LEAK_INTEGRATED_FLOW": "PENDING", "SYSTEMVAULT_NATIVE_PER_TARGET": "PENDING"}, "pending_gates": ["SYSTEMVAULT_NATIVE_PER_TARGET", "SYSTEMVAULT_ANTI_LEAK_INTEGRATED_FLOW", "MAINTAINER_MANIFEST_SIGNATURE", "RUNTIME_LICENSE_AND_REDISTRIBUTION_REVIEW", "OS_COMPATIBILITY_EVIDENCE"], "valid": true}
./validation_back01_integration/final/secret-classification-postcommit-invariants-20260814.txt:16:{"chains": 2, "public_release_decision": "PUBLIC_RELEASE_BLOCKED", "valid": true}
./validation_back01_integration/final/secret-classification-postcommit-invariants-20260814.txt:17:{"decision": "PUBLIC_RELEASE_BLOCKED", "gate_decisions": {"MAINTAINER_MANIFEST_SIGNATURE": "PENDING", "OS_COMPATIBILITY_EVIDENCE": "PENDING", "RUNTIME_LICENSE_AND_REDISTRIBUTION_REVIEW": "PENDING", "SYSTEMVAULT_ANTI_LEAK_INTEGRATED_FLOW": "PENDING", "SYSTEMVAULT_NATIVE_PER_TARGET": "PENDING"}, "pending_gates": ["SYSTEMVAULT_NATIVE_PER_TARGET", "SYSTEMVAULT_ANTI_LEAK_INTEGRATED_FLOW", "MAINTAINER_MANIFEST_SIGNATURE", "RUNTIME_LICENSE_AND_REDISTRIBUTION_REVIEW", "OS_COMPATIBILITY_EVIDENCE"], "valid": true}
./validation_back01_integration/final/secret-triage-final-invariants-20260814.txt:10:{"chains": 2, "public_release_decision": "PUBLIC_RELEASE_BLOCKED", "valid": true}
./validation_back01_integration/final/secret-triage-final-invariants-20260814.txt:11:{"decision": "PUBLIC_RELEASE_BLOCKED", "gate_decisions": {"MAINTAINER_MANIFEST_SIGNATURE": "PENDING", "OS_COMPATIBILITY_EVIDENCE": "PENDING", "RUNTIME_LICENSE_AND_REDISTRIBUTION_REVIEW": "PENDING", "SYSTEMVAULT_ANTI_LEAK_INTEGRATED_FLOW": "PENDING", "SYSTEMVAULT_NATIVE_PER_TARGET": "PENDING"}, "pending_gates": ["SYSTEMVAULT_NATIVE_PER_TARGET", "SYSTEMVAULT_ANTI_LEAK_INTEGRATED_FLOW", "MAINTAINER_MANIFEST_SIGNATURE", "RUNTIME_LICENSE_AND_REDISTRIBUTION_REVIEW", "OS_COMPATIBILITY_EVIDENCE"], "valid": true}
./validation_back01_integration/final/secret-triage-freeze-metadata-20260814.txt:11:{"decision": "PUBLIC_RELEASE_BLOCKED", "gate_decisions": {"MAINTAINER_MANIFEST_SIGNATURE": "PENDING", "OS_COMPATIBILITY_EVIDENCE": "PENDING", "RUNTIME_LICENSE_AND_REDISTRIBUTION_REVIEW": "PENDING", "SYSTEMVAULT_ANTI_LEAK_INTEGRATED_FLOW": "PENDING", "SYSTEMVAULT_NATIVE_PER_TARGET": "PENDING"}, "pending_gates": ["SYSTEMVAULT_NATIVE_PER_TARGET", "SYSTEMVAULT_ANTI_LEAK_INTEGRATED_FLOW", "MAINTAINER_MANIFEST_SIGNATURE", "RUNTIME_LICENSE_AND_REDISTRIBUTION_REVIEW", "OS_COMPATIBILITY_EVIDENCE"], "valid": true}
./validation_back01_integration/final/secret-triage-postcommit-invariants-20260814.txt:8:{"chains": 2, "public_release_decision": "PUBLIC_RELEASE_BLOCKED", "valid": true}
./validation_back01_integration/final/secret-triage-postcommit-invariants-20260814.txt:10:{"decision": "PUBLIC_RELEASE_BLOCKED", "gate_decisions": {"MAINTAINER_MANIFEST_SIGNATURE": "PENDING", "OS_COMPATIBILITY_EVIDENCE": "PENDING", "RUNTIME_LICENSE_AND_REDISTRIBUTION_REVIEW": "PENDING", "SYSTEMVAULT_ANTI_LEAK_INTEGRATED_FLOW": "PENDING", "SYSTEMVAULT_NATIVE_PER_TARGET": "PENDING"}, "pending_gates": ["SYSTEMVAULT_NATIVE_PER_TARGET", "SYSTEMVAULT_ANTI_LEAK_INTEGRATED_FLOW", "MAINTAINER_MANIFEST_SIGNATURE", "RUNTIME_LICENSE_AND_REDISTRIBUTION_REVIEW", "OS_COMPATIBILITY_EVIDENCE"], "valid": true}
exit_code=0
completed_utc=2026-08-24T21:53:59Z
check=gate_text
free_after_kib=14781248
---
started_utc=2026-08-24T21:53:59Z
cwd=/home/ubuntu/forgelocal-postfix-fresh-20260824
head=e0c9352710eb3710eaf0ea5d71614f2731a7051c
command=bash -c find\ evidence\ -type\ f\ \|\ grep\ -Ei\ \"\(\^\|/\)\(\\.env\|.\*\(cookie\|token\|secret\|sqlite\|playwright\|node_modules\|dist\|build\|\\.key\|\\.pem\)\)\"\ \|\|\ true bash 
--- raw_output ---
evidence/T28_T42_CORRECTION/04_go_build.log
evidence/T32/T32_GO_BUILD.log
evidence/T33/T33_GO_BUILD.log
evidence/T34/T34_GO_BUILD.log
evidence/T35/T35_GO_BUILD.log
evidence/T36/T36_GO_BUILD.log
evidence/T37/T37_GO_BUILD.log
evidence/T38/T38_GO_BUILD.log
evidence/T39/T39_GO_BUILD.log
evidence/T40/T40_GO_BUILD.log
evidence/T41/T41_GO_BUILD.log
evidence/T42/T42_GO_BUILD.log
evidence/t06-working/dashboard/t06-3-playwright.txt
evidence/t06-working/t06-2-sqlite.json
exit_code=0
completed_utc=2026-08-24T21:53:59Z
check=prohibited_names
free_after_kib=14781244
---
started_utc=2026-08-24T21:53:59Z
cwd=/home/ubuntu/forgelocal-postfix-fresh-20260824/forge-dashboard
head=e0c9352710eb3710eaf0ea5d71614f2731a7051c
command=pnpm install --frozen-lockfile 
--- raw_output ---
Lockfile is up to date, resolution step is skipped
Progress: resolved 1, reused 0, downloaded 0, added 0
Packages: +601
++++++++++++++++++++++++++++++++++++++++++++++++++++++++++++++++++++++++++++++++
Progress: resolved 601, reused 601, downloaded 0, added 182
Progress: resolved 601, reused 601, downloaded 0, added 601, done

dependencies:
+ @hookform/resolvers 5.9.1
+ @radix-ui/react-accordion 1.2.20
+ @radix-ui/react-alert-dialog 1.1.23
+ @radix-ui/react-aspect-ratio 1.1.15
+ @radix-ui/react-avatar 1.2.6
+ @radix-ui/react-checkbox 1.3.11
+ @radix-ui/react-collapsible 1.1.20
+ @radix-ui/react-context-menu 2.3.7
+ @radix-ui/react-dialog 1.1.23
+ @radix-ui/react-dropdown-menu 2.1.24
+ @radix-ui/react-hover-card 1.1.23
+ @radix-ui/react-label 2.1.15
+ @radix-ui/react-menubar 1.1.24
+ @radix-ui/react-navigation-menu 1.2.22
+ @radix-ui/react-popover 1.1.23
+ @radix-ui/react-progress 1.1.16
+ @radix-ui/react-radio-group 1.4.7
+ @radix-ui/react-scroll-area 1.2.18
+ @radix-ui/react-select 2.3.7
+ @radix-ui/react-separator 1.1.15
+ @radix-ui/react-slider 1.4.7
+ @radix-ui/react-slot 1.3.3
+ @radix-ui/react-switch 1.3.7
+ @radix-ui/react-tabs 1.1.21
+ @radix-ui/react-toggle 1.1.18
+ @radix-ui/react-toggle-group 1.1.19
+ @radix-ui/react-tooltip 1.2.16
+ axios 1.19.0
+ class-variance-authority 0.7.1
+ clsx 2.1.1
+ cmdk 1.1.1
+ embla-carousel-react 8.6.0
+ express 4.22.2
+ framer-motion 12.43.0
+ input-otp 1.5.0
+ lucide-react 0.453.0
+ nanoid 5.1.16
+ next-themes 0.4.6
+ react 19.2.8
+ react-day-picker 9.14.0
+ react-dom 19.2.8
+ react-hook-form 7.85.0
+ react-resizable-panels 3.0.6
+ recharts 2.15.4
+ sonner 2.0.8
+ streamdown 1.6.11
+ tailwind-merge 3.6.0
+ tailwindcss-animate 1.0.7
+ vaul 1.1.2
+ wouter 3.10.0
+ zod 4.4.3

devDependencies:
+ @builder.io/vite-plugin-jsx-loc 0.1.1
+ @playwright/test 1.55.1
+ @tailwindcss/typography 0.5.20
+ @tailwindcss/vite 4.3.3
+ @types/express 4.17.21
+ @types/google.maps 3.65.5
+ @types/node 24.13.3
+ @types/react 19.2.18
+ @types/react-dom 19.2.4
+ @vitejs/plugin-react 5.2.0
+ add 2.0.9
+ autoprefixer 10.5.4
+ esbuild 0.25.12
+ postcss 8.5.26
+ prettier 3.9.6
+ tailwindcss 4.3.3
+ tsx 4.23.12
+ tw-animate-css 1.4.0
+ typescript 5.6.3
+ vite 7.3.6
+ vite-plugin-manus-runtime 0.0.58
+ vitest 3.2.7

╭ Warning ─────────────────────────────────────────────────────────────────────╮│                                                                              ││   Ignored build scripts: esbuild.                                            ││   Run "pnpm approve-builds" to pick which dependencies should be allowed     ││   to run scripts.                                                            ││                                                                              │╰──────────────────────────────────────────────────────────────────────────────╯

Done in 2.7s using pnpm v10.4.1
exit_code=0
completed_utc=2026-08-24T21:54:02Z
check=dashboard_install
free_after_kib=14759448
---
started_utc=2026-08-24T21:54:02Z
cwd=/home/ubuntu/forgelocal-postfix-fresh-20260824/forge-dashboard
head=e0c9352710eb3710eaf0ea5d71614f2731a7051c
command=pnpm exec tsc --noEmit 
--- raw_output ---
exit_code=0
completed_utc=2026-08-24T21:54:08Z
check=dashboard_tsc
free_after_kib=14759260
---
started_utc=2026-08-24T21:54:08Z
cwd=/home/ubuntu/forgelocal-postfix-fresh-20260824/forge-dashboard
head=e0c9352710eb3710eaf0ea5d71614f2731a7051c
command=pnpm run build 
--- raw_output ---

> forgelocal-dashboard@1.0.0 build /home/ubuntu/forgelocal-postfix-fresh-20260824/forge-dashboard
> vite build && esbuild server/index.ts --platform=node --packages=external --bundle --format=esm --outdir=dist

vite v7.3.6 building client environment for production...
(!) %VITE_ANALYTICS_ENDPOINT% is not defined in env variables found in /index.html. Is the variable mistyped?
(!) %VITE_ANALYTICS_WEBSITE_ID% is not defined in env variables found in /index.html. Is the variable mistyped?
<script src="%VITE_ANALYTICS_ENDPOINT%/umami"> in "/index.html" can't be bundled without type="module" attribute
transforming...

/manus-storage/forgelocal-control-room_fbd8004c.jpg referenced in /manus-storage/forgelocal-control-room_fbd8004c.jpg didn't resolve at build time, it will remain unchanged to be resolved at runtime
✓ 1627 modules transformed.
rendering chunks...
computing gzip size...
../dist/public/index.html                 367.59 kB │ gzip: 105.53 kB
../dist/public/assets/index-CtIWVWzk.css  132.28 kB │ gzip:  23.60 kB
../dist/public/assets/index-CeZdj2NR.js   402.25 kB │ gzip: 114.21 kB
✓ built in 2.72s

  dist/index.js  788b 

⚡ Done in 3ms
exit_code=0
completed_utc=2026-08-24T21:54:11Z
check=dashboard_build
free_after_kib=14756272
---
started_utc=2026-08-24T21:54:11Z
cwd=/home/ubuntu/forgelocal-postfix-fresh-20260824/forge-dashboard
head=e0c9352710eb3710eaf0ea5d71614f2731a7051c
command=pnpm audit --prod 
--- raw_output ---
No known vulnerabilities found
exit_code=0
completed_utc=2026-08-24T21:54:12Z
check=dashboard_audit
free_after_kib=14756272
---
started_utc=2026-08-24T21:54:12Z
cwd=/home/ubuntu/forgelocal-postfix-fresh-20260824/forge-dashboard
head=e0c9352710eb3710eaf0ea5d71614f2731a7051c
command=pnpm exec playwright test --workers=1 
--- raw_output ---
Error: CORE_API_TOKEN_ABSENT:aucun token disponible (FORGELOCAL_TOKEN_PATH ou BROWSEFORGE_TOKEN)

   at automation-t15.spec.ts:86

  84 |   const envToken = (process.env.BROWSEFORGE_TOKEN ?? "").trim();
  85 |   if (envToken.length >= 12) return envToken;
> 86 |   throw new Error("CORE_API_TOKEN_ABSENT:aucun token disponible (FORGELOCAL_TOKEN_PATH ou BROWSEFORGE_TOKEN)");
     |         ^
  87 | }
  88 |
  89 | // G15-B — durcissement : toute mutation du Core doit déclarer l'origine locale
    at readToken (/home/ubuntu/forgelocal-postfix-fresh-20260824/forge-dashboard/tests/automation-t15.spec.ts:86:9)
    at /home/ubuntu/forgelocal-postfix-fresh-20260824/forge-dashboard/tests/automation-t15.spec.ts:130:17
    at /home/ubuntu/forgelocal-postfix-fresh-20260824/forge-dashboard/tests/automation-t15.spec.ts:129:6

Error: CONFIGURATION_T11_ABSENTE:FORGELOCAL_CORE_BASE_URL

   at backups-t11.spec.ts:20

  18 | function required(name: string) {
  19 |   const value = process.env[name];
> 20 |   if (!value) throw new Error(`CONFIGURATION_T11_ABSENTE:${name}`);
     |                     ^
  21 |   return value;
  22 | }
  23 | const coreBaseURL = required("FORGELOCAL_CORE_BASE_URL");
    at required (/home/ubuntu/forgelocal-postfix-fresh-20260824/forge-dashboard/tests/backups-t11.spec.ts:20:21)
    at /home/ubuntu/forgelocal-postfix-fresh-20260824/forge-dashboard/tests/backups-t11.spec.ts:23:21

Error: CONFIGURATION_T05_ABSENTE:FORGELOCAL_CORE_BASE_URL

   at bootstrap-ro.spec.ts:19

  17 | function required(name: string) {
  18 |   const value = process.env[name];
> 19 |   if (!value) throw new Error(`CONFIGURATION_T05_ABSENTE:${name}`);
     |                     ^
  20 |   return value;
  21 | }
  22 |
    at required (/home/ubuntu/forgelocal-postfix-fresh-20260824/forge-dashboard/tests/bootstrap-ro.spec.ts:19:21)
    at /home/ubuntu/forgelocal-postfix-fresh-20260824/forge-dashboard/tests/bootstrap-ro.spec.ts:11:21

Error: CONFIGURATION_T13_ABSENTE:FORGELOCAL_CORE_BASE_URL

   at environment-t13.spec.ts:20

  18 | function required(name: string) {
  19 |   const value = process.env[name];
> 20 |   if (!value) throw new Error(`CONFIGURATION_T13_ABSENTE:${name}`);
     |                     ^
  21 |   return value;
  22 | }
  23 |
    at required (/home/ubuntu/forgelocal-postfix-fresh-20260824/forge-dashboard/tests/environment-t13.spec.ts:20:21)
    at /home/ubuntu/forgelocal-postfix-fresh-20260824/forge-dashboard/tests/environment-t13.spec.ts:24:21

Error: CONFIGURATION_T16_ABSENTE:FORGELOCAL_BINARY

   at probes/verify-form-t16.spec.ts:24

  22 | function required(name: string) {
  23 |   const value = process.env[name];
> 24 |   if (!value) throw new Error(`CONFIGURATION_T16_ABSENTE:${name}`);
     |                     ^
  25 |   return value;
  26 | }
  27 | required("FORGELOCAL_BINARY");
    at required (/home/ubuntu/forgelocal-postfix-fresh-20260824/forge-dashboard/tests/probes/verify-form-t16.spec.ts:24:21)
    at /home/ubuntu/forgelocal-postfix-fresh-20260824/forge-dashboard/tests/probes/verify-form-t16.spec.ts:27:1

Error: CONFIGURATION_T09_ABSENTE:FORGELOCAL_CORE_BASE_URL

   at profile-writes-t09.spec.ts:18

  16 | function required(name: string) {
  17 |   const value = process.env[name];
> 18 |   if (!value) throw new Error(`CONFIGURATION_T09_ABSENTE:${name}`);
     |                     ^
  19 |   return value;
  20 | }
  21 | const coreBaseURL = required("FORGELOCAL_CORE_BASE_URL");
    at required (/home/ubuntu/forgelocal-postfix-fresh-20260824/forge-dashboard/tests/profile-writes-t09.spec.ts:18:21)
    at /home/ubuntu/forgelocal-postfix-fresh-20260824/forge-dashboard/tests/profile-writes-t09.spec.ts:21:21

Error: CONFIGURATION_T10_ABSENTE:FORGELOCAL_CORE_BASE_URL

   at proxies-t10.spec.ts:20

  18 | function required(name: string) {
  19 |   const value = process.env[name];
> 20 |   if (!value) throw new Error(`CONFIGURATION_T10_ABSENTE:${name}`);
     |                     ^
  21 |   return value;
  22 | }
  23 | const coreBaseURL = required("FORGELOCAL_CORE_BASE_URL");
    at required (/home/ubuntu/forgelocal-postfix-fresh-20260824/forge-dashboard/tests/proxies-t10.spec.ts:20:21)
    at /home/ubuntu/forgelocal-postfix-fresh-20260824/forge-dashboard/tests/proxies-t10.spec.ts:23:21

Error: CONFIGURATION_T10_ABSENTE:FORGELOCAL_CORE_BASE_URL

   at t10-standalone.spec.ts:10

   8 | function required(name: string) {
   9 |   const value = process.env[name];
> 10 |   if (!value) throw new Error(`CONFIGURATION_T10_ABSENTE:${name}`);
     |                     ^
  11 |   return value;
  12 | }
  13 |
    at required (/home/ubuntu/forgelocal-postfix-fresh-20260824/forge-dashboard/tests/t10-standalone.spec.ts:10:21)
    at /home/ubuntu/forgelocal-postfix-fresh-20260824/forge-dashboard/tests/t10-standalone.spec.ts:14:21

[1A[2Kexit_code=1
completed_utc=2026-08-24T21:54:14Z
check=dashboard_playwright
free_after_kib=14755596
---
started_utc=2026-08-24T21:54:14Z
cwd=/home/ubuntu/forgelocal-postfix-fresh-20260824
head=e0c9352710eb3710eaf0ea5d71614f2731a7051c
command=git status --short --branch 
--- raw_output ---
## [31mHEAD (no branch)[m
exit_code=0
completed_utc=2026-08-24T21:54:14Z
check=final_worktree
free_after_kib=14755596
---
