vulnerability_id,component,installed_version,severity,runtime_presence,build_or_runtime,exploitability,fixed_versions,fix_available,scanner,sources,decision,action,owner,due_date,exception_status
CVE-2025-68121,stdlib,v1.25.0,CRITICAL,PRESENT_IN_RUNTIME_IMAGE,RUNTIME_IMAGE,NOT_ASSESSED_SCANNER_DATA_UNAVAILABLE,"1.24.13, 1.25.7, 1.26.0-rc.3",YES,TRIVY,TRIVY,OPEN_PRIORITY_MANUAL_REVIEW_REQUIRED,MANUAL_REVIEW_REQUIRED,OWNER_UNASSIGNED,DUE_DATE_OWNER_REQUIRED,NO_APPROVED_EXCEPTION
GO-2026-4337,stdlib,go1.25.0,CRITICAL,PRESENT_IN_RUNTIME_IMAGE,RUNTIME_IMAGE,NOT_ASSESSED_SCANNER_DATA_UNAVAILABLE,1.24.13;1.25.7;1.26.0-rc.3,YES,GRYPE,GRYPE,OPEN_PRIORITY_MANUAL_REVIEW_REQUIRED,MANUAL_REVIEW_REQUIRED,OWNER_UNASSIGNED,DUE_DATE_OWNER_REQUIRED,NO_APPROVED_EXCEPTION
CVE-2025-61726,stdlib,v1.25.0,HIGH,PRESENT_IN_RUNTIME_IMAGE,RUNTIME_IMAGE,NOT_ASSESSED_SCANNER_DATA_UNAVAILABLE,"1.24.12, 1.25.6",YES,TRIVY,TRIVY,OPEN_PRIORITY_MANUAL_REVIEW_REQUIRED,MANUAL_REVIEW_REQUIRED,OWNER_UNASSIGNED,DUE_DATE_OWNER_REQUIRED,NO_APPROVED_EXCEPTION
CVE-2025-61729,stdlib,v1.25.0,HIGH,PRESENT_IN_RUNTIME_IMAGE,RUNTIME_IMAGE,NOT_ASSESSED_SCANNER_DATA_UNAVAILABLE,"1.24.11, 1.25.5",YES,TRIVY,TRIVY,OPEN_PRIORITY_MANUAL_REVIEW_REQUIRED,MANUAL_REVIEW_REQUIRED,OWNER_UNASSIGNED,DUE_DATE_OWNER_REQUIRED,NO_APPROVED_EXCEPTION
CVE-2026-25679,stdlib,v1.25.0,HIGH,PRESENT_IN_RUNTIME_IMAGE,RUNTIME_IMAGE,NOT_ASSESSED_SCANNER_DATA_UNAVAILABLE,"1.25.8, 1.26.1",YES,TRIVY,TRIVY,OPEN_PRIORITY_MANUAL_REVIEW_REQUIRED,MANUAL_REVIEW_REQUIRED,OWNER_UNASSIGNED,DUE_DATE_OWNER_REQUIRED,NO_APPROVED_EXCEPTION
CVE-2026-25681,golang.org/x/net,v0.53.0,HIGH,PRESENT_IN_RUNTIME_IMAGE,RUNTIME_IMAGE,NOT_ASSESSED_SCANNER_DATA_UNAVAILABLE,0.55.0,YES,TRIVY,TRIVY,OPEN_PRIORITY_MANUAL_REVIEW_REQUIRED,MANUAL_REVIEW_REQUIRED,OWNER_UNASSIGNED,DUE_DATE_OWNER_REQUIRED,NO_APPROVED_EXCEPTION
CVE-2026-27136,golang.org/x/net,v0.53.0,HIGH,PRESENT_IN_RUNTIME_IMAGE,RUNTIME_IMAGE,NOT_ASSESSED_SCANNER_DATA_UNAVAILABLE,0.55.0,YES,TRIVY,TRIVY,OPEN_PRIORITY_MANUAL_REVIEW_REQUIRED,MANUAL_REVIEW_REQUIRED,OWNER_UNASSIGNED,DUE_DATE_OWNER_REQUIRED,NO_APPROVED_EXCEPTION
CVE-2026-27145,stdlib,v1.25.0,HIGH,PRESENT_IN_RUNTIME_IMAGE,RUNTIME_IMAGE,NOT_ASSESSED_SCANNER_DATA_UNAVAILABLE,"1.25.11, 1.26.4",YES,TRIVY,TRIVY,OPEN_PRIORITY_MANUAL_REVIEW_REQUIRED,MANUAL_REVIEW_REQUIRED,OWNER_UNASSIGNED,DUE_DATE_OWNER_REQUIRED,NO_APPROVED_EXCEPTION
CVE-2026-27145,stdlib,v1.26.2,HIGH,PRESENT_IN_RUNTIME_IMAGE,RUNTIME_IMAGE,NOT_ASSESSED_SCANNER_DATA_UNAVAILABLE,"1.25.11, 1.26.4",YES,TRIVY,TRIVY,OPEN_PRIORITY_MANUAL_REVIEW_REQUIRED,MANUAL_REVIEW_REQUIRED,OWNER_UNASSIGNED,DUE_DATE_OWNER_REQUIRED,NO_APPROVED_EXCEPTION
CVE-2026-32280,stdlib,v1.25.0,HIGH,PRESENT_IN_RUNTIME_IMAGE,RUNTIME_IMAGE,NOT_ASSESSED_SCANNER_DATA_UNAVAILABLE,"1.25.9, 1.26.2",YES,TRIVY,TRIVY,OPEN_PRIORITY_MANUAL_REVIEW_REQUIRED,MANUAL_REVIEW_REQUIRED,OWNER_UNASSIGNED,DUE_DATE_OWNER_REQUIRED,NO_APPROVED_EXCEPTION
CVE-2026-32281,stdlib,v1.25.0,HIGH,PRESENT_IN_RUNTIME_IMAGE,RUNTIME_IMAGE,NOT_ASSESSED_SCANNER_DATA_UNAVAILABLE,"1.25.9, 1.26.2",YES,TRIVY,TRIVY,OPEN_PRIORITY_MANUAL_REVIEW_REQUIRED,MANUAL_REVIEW_REQUIRED,OWNER_UNASSIGNED,DUE_DATE_OWNER_REQUIRED,NO_APPROVED_EXCEPTION
CVE-2026-32283,stdlib,v1.25.0,HIGH,PRESENT_IN_RUNTIME_IMAGE,RUNTIME_IMAGE,NOT_ASSESSED_SCANNER_DATA_UNAVAILABLE,"1.25.9, 1.26.2",YES,TRIVY,TRIVY,OPEN_PRIORITY_MANUAL_REVIEW_REQUIRED,MANUAL_REVIEW_REQUIRED,OWNER_UNASSIGNED,DUE_DATE_OWNER_REQUIRED,NO_APPROVED_EXCEPTION
CVE-2026-33811,stdlib,v1.25.0,HIGH,PRESENT_IN_RUNTIME_IMAGE,RUNTIME_IMAGE,NOT_ASSESSED_SCANNER_DATA_UNAVAILABLE,"1.25.10, 1.26.3",YES,TRIVY,TRIVY,OPEN_PRIORITY_MANUAL_REVIEW_REQUIRED,MANUAL_REVIEW_REQUIRED,OWNER_UNASSIGNED,DUE_DATE_OWNER_REQUIRED,NO_APPROVED_EXCEPTION
CVE-2026-33811,stdlib,v1.26.2,HIGH,PRESENT_IN_RUNTIME_IMAGE,RUNTIME_IMAGE,NOT_ASSESSED_SCANNER_DATA_UNAVAILABLE,"1.25.10, 1.26.3",YES,TRIVY,TRIVY,OPEN_PRIORITY_MANUAL_REVIEW_REQUIRED,MANUAL_REVIEW_REQUIRED,OWNER_UNASSIGNED,DUE_DATE_OWNER_REQUIRED,NO_APPROVED_EXCEPTION
CVE-2026-33814,stdlib,v1.25.0,HIGH,PRESENT_IN_RUNTIME_IMAGE,RUNTIME_IMAGE,NOT_ASSESSED_SCANNER_DATA_UNAVAILABLE,"1.25.10, 1.26.3",YES,TRIVY,TRIVY,OPEN_PRIORITY_MANUAL_REVIEW_REQUIRED,MANUAL_REVIEW_REQUIRED,OWNER_UNASSIGNED,DUE_DATE_OWNER_REQUIRED,NO_APPROVED_EXCEPTION
CVE-2026-33814,stdlib,v1.26.2,HIGH,PRESENT_IN_RUNTIME_IMAGE,RUNTIME_IMAGE,NOT_ASSESSED_SCANNER_DATA_UNAVAILABLE,"1.25.10, 1.26.3",YES,TRIVY,TRIVY,OPEN_PRIORITY_MANUAL_REVIEW_REQUIRED,MANUAL_REVIEW_REQUIRED,OWNER_UNASSIGNED,DUE_DATE_OWNER_REQUIRED,NO_APPROVED_EXCEPTION
CVE-2026-33818,stdlib,v1.25.0,HIGH,PRESENT_IN_RUNTIME_IMAGE,RUNTIME_IMAGE,NOT_ASSESSED_SCANNER_DATA_UNAVAILABLE,"1.25.13, 1.26.6, 1.27.0-rc.3",YES,TRIVY,TRIVY,OPEN_PRIORITY_MANUAL_REVIEW_REQUIRED,MANUAL_REVIEW_REQUIRED,OWNER_UNASSIGNED,DUE_DATE_OWNER_REQUIRED,NO_APPROVED_EXCEPTION
CVE-2026-33818,stdlib,v1.26.2,HIGH,PRESENT_IN_RUNTIME_IMAGE,RUNTIME_IMAGE,NOT_ASSESSED_SCANNER_DATA_UNAVAILABLE,"1.25.13, 1.26.6, 1.27.0-rc.3",YES,TRIVY,TRIVY,OPEN_PRIORITY_MANUAL_REVIEW_REQUIRED,MANUAL_REVIEW_REQUIRED,OWNER_UNASSIGNED,DUE_DATE_OWNER_REQUIRED,NO_APPROVED_EXCEPTION
CVE-2026-39820,stdlib,v1.25.0,HIGH,PRESENT_IN_RUNTIME_IMAGE,RUNTIME_IMAGE,NOT_ASSESSED_SCANNER_DATA_UNAVAILABLE,"1.25.10, 1.26.3",YES,TRIVY,TRIVY,OPEN_PRIORITY_MANUAL_REVIEW_REQUIRED,MANUAL_REVIEW_REQUIRED,OWNER_UNASSIGNED,DUE_DATE_OWNER_REQUIRED,NO_APPROVED_EXCEPTION
CVE-2026-39820,stdlib,v1.26.2,HIGH,PRESENT_IN_RUNTIME_IMAGE,RUNTIME_IMAGE,NOT_ASSESSED_SCANNER_DATA_UNAVAILABLE,"1.25.10, 1.26.3",YES,TRIVY,TRIVY,OPEN_PRIORITY_MANUAL_REVIEW_REQUIRED,MANUAL_REVIEW_REQUIRED,OWNER_UNASSIGNED,DUE_DATE_OWNER_REQUIRED,NO_APPROVED_EXCEPTION
CVE-2026-39821,golang.org/x/net,v0.53.0,HIGH,PRESENT_IN_RUNTIME_IMAGE,RUNTIME_IMAGE,NOT_ASSESSED_SCANNER_DATA_UNAVAILABLE,0.55.0,YES,TRIVY,TRIVY,OPEN_PRIORITY_MANUAL_REVIEW_REQUIRED,MANUAL_REVIEW_REQUIRED,OWNER_UNASSIGNED,DUE_DATE_OWNER_REQUIRED,NO_APPROVED_EXCEPTION
CVE-2026-39821,stdlib,v1.25.0,HIGH,PRESENT_IN_RUNTIME_IMAGE,RUNTIME_IMAGE,NOT_ASSESSED_SCANNER_DATA_UNAVAILABLE,"1.25.13, 1.26.6, 1.27.0-rc.3",YES,TRIVY,TRIVY,OPEN_PRIORITY_MANUAL_REVIEW_REQUIRED,MANUAL_REVIEW_REQUIRED,OWNER_UNASSIGNED,DUE_DATE_OWNER_REQUIRED,NO_APPROVED_EXCEPTION
CVE-2026-39821,stdlib,v1.26.2,HIGH,PRESENT_IN_RUNTIME_IMAGE,RUNTIME_IMAGE,NOT_ASSESSED_SCANNER_DATA_UNAVAILABLE,"1.25.13, 1.26.6, 1.27.0-rc.3",YES,TRIVY,TRIVY,OPEN_PRIORITY_MANUAL_REVIEW_REQUIRED,MANUAL_REVIEW_REQUIRED,OWNER_UNASSIGNED,DUE_DATE_OWNER_REQUIRED,NO_APPROVED_EXCEPTION
CVE-2026-39822,stdlib,v1.25.0,HIGH,PRESENT_IN_RUNTIME_IMAGE,RUNTIME_IMAGE,NOT_ASSESSED_SCANNER_DATA_UNAVAILABLE,"1.25.12, 1.26.5, 1.27.0-rc.2",YES,TRIVY,TRIVY,OPEN_PRIORITY_MANUAL_REVIEW_REQUIRED,MANUAL_REVIEW_REQUIRED,OWNER_UNASSIGNED,DUE_DATE_OWNER_REQUIRED,NO_APPROVED_EXCEPTION
CVE-2026-39822,stdlib,v1.26.2,HIGH,PRESENT_IN_RUNTIME_IMAGE,RUNTIME_IMAGE,NOT_ASSESSED_SCANNER_DATA_UNAVAILABLE,"1.25.12, 1.26.5, 1.27.0-rc.2",YES,TRIVY,TRIVY,OPEN_PRIORITY_MANUAL_REVIEW_REQUIRED,MANUAL_REVIEW_REQUIRED,OWNER_UNASSIGNED,DUE_DATE_OWNER_REQUIRED,NO_APPROVED_EXCEPTION
CVE-2026-39836,stdlib,v1.25.0,HIGH,PRESENT_IN_RUNTIME_IMAGE,RUNTIME_IMAGE,NOT_ASSESSED_SCANNER_DATA_UNAVAILABLE,"1.25.10, 1.26.3",YES,TRIVY,TRIVY,OPEN_PRIORITY_MANUAL_REVIEW_REQUIRED,MANUAL_REVIEW_REQUIRED,OWNER_UNASSIGNED,DUE_DATE_OWNER_REQUIRED,NO_APPROVED_EXCEPTION
CVE-2026-39836,stdlib,v1.26.2,HIGH,PRESENT_IN_RUNTIME_IMAGE,RUNTIME_IMAGE,NOT_ASSESSED_SCANNER_DATA_UNAVAILABLE,"1.25.10, 1.26.3",YES,TRIVY,TRIVY,OPEN_PRIORITY_MANUAL_REVIEW_REQUIRED,MANUAL_REVIEW_REQUIRED,OWNER_UNASSIGNED,DUE_DATE_OWNER_REQUIRED,NO_APPROVED_EXCEPTION
CVE-2026-42499,stdlib,v1.25.0,HIGH,PRESENT_IN_RUNTIME_IMAGE,RUNTIME_IMAGE,NOT_ASSESSED_SCANNER_DATA_UNAVAILABLE,"1.25.10, 1.26.3",YES,TRIVY,TRIVY,OPEN_PRIORITY_MANUAL_REVIEW_REQUIRED,MANUAL_REVIEW_REQUIRED,OWNER_UNASSIGNED,DUE_DATE_OWNER_REQUIRED,NO_APPROVED_EXCEPTION
CVE-2026-42499,stdlib,v1.26.2,HIGH,PRESENT_IN_RUNTIME_IMAGE,RUNTIME_IMAGE,NOT_ASSESSED_SCANNER_DATA_UNAVAILABLE,"1.25.10, 1.26.3",YES,TRIVY,TRIVY,OPEN_PRIORITY_MANUAL_REVIEW_REQUIRED,MANUAL_REVIEW_REQUIRED,OWNER_UNASSIGNED,DUE_DATE_OWNER_REQUIRED,NO_APPROVED_EXCEPTION
CVE-2026-42504,stdlib,v1.25.0,HIGH,PRESENT_IN_RUNTIME_IMAGE,RUNTIME_IMAGE,NOT_ASSESSED_SCANNER_DATA_UNAVAILABLE,"1.25.11, 1.26.4",YES,TRIVY,TRIVY,OPEN_PRIORITY_MANUAL_REVIEW_REQUIRED,MANUAL_REVIEW_REQUIRED,OWNER_UNASSIGNED,DUE_DATE_OWNER_REQUIRED,NO_APPROVED_EXCEPTION
CVE-2026-42504,stdlib,v1.26.2,HIGH,PRESENT_IN_RUNTIME_IMAGE,RUNTIME_IMAGE,NOT_ASSESSED_SCANNER_DATA_UNAVAILABLE,"1.25.11, 1.26.4",YES,TRIVY,TRIVY,OPEN_PRIORITY_MANUAL_REVIEW_REQUIRED,MANUAL_REVIEW_REQUIRED,OWNER_UNASSIGNED,DUE_DATE_OWNER_REQUIRED,NO_APPROVED_EXCEPTION
CVE-2026-46600,golang.org/x/net,v0.53.0,HIGH,PRESENT_IN_RUNTIME_IMAGE,RUNTIME_IMAGE,NOT_ASSESSED_SCANNER_DATA_UNAVAILABLE,0.56.0,YES,TRIVY,TRIVY,OPEN_PRIORITY_MANUAL_REVIEW_REQUIRED,MANUAL_REVIEW_REQUIRED,OWNER_UNASSIGNED,DUE_DATE_OWNER_REQUIRED,NO_APPROVED_EXCEPTION
CVE-2026-46600,stdlib,v1.26.2,HIGH,PRESENT_IN_RUNTIME_IMAGE,RUNTIME_IMAGE,NOT_ASSESSED_SCANNER_DATA_UNAVAILABLE,"1.26.6, 1.27.0-rc.3",YES,TRIVY,TRIVY,OPEN_PRIORITY_MANUAL_REVIEW_REQUIRED,MANUAL_REVIEW_REQUIRED,OWNER_UNASSIGNED,DUE_DATE_OWNER_REQUIRED,NO_APPROVED_EXCEPTION
CVE-2026-56846,node,24.18.0,HIGH,PRESENT_IN_RUNTIME_IMAGE,RUNTIME_IMAGE,NOT_ASSESSED_SCANNER_DATA_UNAVAILABLE,22.23.2;24.18.1,YES,GRYPE,GRYPE,OPEN_PRIORITY_MANUAL_REVIEW_REQUIRED,MANUAL_REVIEW_REQUIRED,OWNER_UNASSIGNED,DUE_DATE_OWNER_REQUIRED,NO_APPROVED_EXCEPTION
CVE-2026-56848,node,24.18.0,HIGH,PRESENT_IN_RUNTIME_IMAGE,RUNTIME_IMAGE,NOT_ASSESSED_SCANNER_DATA_UNAVAILABLE,22.23.2;24.18.1;26.5.1,YES,GRYPE,GRYPE,OPEN_PRIORITY_MANUAL_REVIEW_REQUIRED,MANUAL_REVIEW_REQUIRED,OWNER_UNASSIGNED,DUE_DATE_OWNER_REQUIRED,NO_APPROVED_EXCEPTION
CVE-2026-56853,stdlib,v1.25.0,HIGH,PRESENT_IN_RUNTIME_IMAGE,RUNTIME_IMAGE,NOT_ASSESSED_SCANNER_DATA_UNAVAILABLE,"1.25.13, 1.26.6, 1.27.0-rc.3",YES,TRIVY,TRIVY,OPEN_PRIORITY_MANUAL_REVIEW_REQUIRED,MANUAL_REVIEW_REQUIRED,OWNER_UNASSIGNED,DUE_DATE_OWNER_REQUIRED,NO_APPROVED_EXCEPTION
CVE-2026-56853,stdlib,v1.26.2,HIGH,PRESENT_IN_RUNTIME_IMAGE,RUNTIME_IMAGE,NOT_ASSESSED_SCANNER_DATA_UNAVAILABLE,"1.25.13, 1.26.6, 1.27.0-rc.3",YES,TRIVY,TRIVY,OPEN_PRIORITY_MANUAL_REVIEW_REQUIRED,MANUAL_REVIEW_REQUIRED,OWNER_UNASSIGNED,DUE_DATE_OWNER_REQUIRED,NO_APPROVED_EXCEPTION
CVE-2026-56858,stdlib,v1.25.0,HIGH,PRESENT_IN_RUNTIME_IMAGE,RUNTIME_IMAGE,NOT_ASSESSED_SCANNER_DATA_UNAVAILABLE,"1.25.13, 1.26.6, 1.27.0-rc.3",YES,TRIVY,TRIVY,OPEN_PRIORITY_MANUAL_REVIEW_REQUIRED,MANUAL_REVIEW_REQUIRED,OWNER_UNASSIGNED,DUE_DATE_OWNER_REQUIRED,NO_APPROVED_EXCEPTION
CVE-2026-56858,stdlib,v1.26.2,HIGH,PRESENT_IN_RUNTIME_IMAGE,RUNTIME_IMAGE,NOT_ASSESSED_SCANNER_DATA_UNAVAILABLE,"1.25.13, 1.26.6, 1.27.0-rc.3",YES,TRIVY,TRIVY,OPEN_PRIORITY_MANUAL_REVIEW_REQUIRED,MANUAL_REVIEW_REQUIRED,OWNER_UNASSIGNED,DUE_DATE_OWNER_REQUIRED,NO_APPROVED_EXCEPTION
CVE-2026-56859,stdlib,v1.25.0,HIGH,PRESENT_IN_RUNTIME_IMAGE,RUNTIME_IMAGE,NOT_ASSESSED_SCANNER_DATA_UNAVAILABLE,"1.25.13, 1.26.6, 1.27.0-rc.3",YES,TRIVY,TRIVY,OPEN_PRIORITY_MANUAL_REVIEW_REQUIRED,MANUAL_REVIEW_REQUIRED,OWNER_UNASSIGNED,DUE_DATE_OWNER_REQUIRED,NO_APPROVED_EXCEPTION
CVE-2026-56859,stdlib,v1.26.2,HIGH,PRESENT_IN_RUNTIME_IMAGE,RUNTIME_IMAGE,NOT_ASSESSED_SCANNER_DATA_UNAVAILABLE,"1.25.13, 1.26.6, 1.27.0-rc.3",YES,TRIVY,TRIVY,OPEN_PRIORITY_MANUAL_REVIEW_REQUIRED,MANUAL_REVIEW_REQUIRED,OWNER_UNASSIGNED,DUE_DATE_OWNER_REQUIRED,NO_APPROVED_EXCEPTION
CVE-2026-56860,stdlib,v1.25.0,HIGH,PRESENT_IN_RUNTIME_IMAGE,RUNTIME_IMAGE,NOT_ASSESSED_SCANNER_DATA_UNAVAILABLE,"1.25.13, 1.26.6, 1.27.0-rc.3",YES,TRIVY,TRIVY,OPEN_PRIORITY_MANUAL_REVIEW_REQUIRED,MANUAL_REVIEW_REQUIRED,OWNER_UNASSIGNED,DUE_DATE_OWNER_REQUIRED,NO_APPROVED_EXCEPTION
CVE-2026-56860,stdlib,v1.26.2,HIGH,PRESENT_IN_RUNTIME_IMAGE,RUNTIME_IMAGE,NOT_ASSESSED_SCANNER_DATA_UNAVAILABLE,"1.25.13, 1.26.6, 1.27.0-rc.3",YES,TRIVY,TRIVY,OPEN_PRIORITY_MANUAL_REVIEW_REQUIRED,MANUAL_REVIEW_REQUIRED,OWNER_UNASSIGNED,DUE_DATE_OWNER_REQUIRED,NO_APPROVED_EXCEPTION
CVE-2026-56862,stdlib,v1.25.0,HIGH,PRESENT_IN_RUNTIME_IMAGE,RUNTIME_IMAGE,NOT_ASSESSED_SCANNER_DATA_UNAVAILABLE,"1.25.13, 1.26.6, 1.27.0-rc.3",YES,TRIVY,TRIVY,OPEN_PRIORITY_MANUAL_REVIEW_REQUIRED,MANUAL_REVIEW_REQUIRED,OWNER_UNASSIGNED,DUE_DATE_OWNER_REQUIRED,NO_APPROVED_EXCEPTION
CVE-2026-56862,stdlib,v1.26.2,HIGH,PRESENT_IN_RUNTIME_IMAGE,RUNTIME_IMAGE,NOT_ASSESSED_SCANNER_DATA_UNAVAILABLE,"1.25.13, 1.26.6, 1.27.0-rc.3",YES,TRIVY,TRIVY,OPEN_PRIORITY_MANUAL_REVIEW_REQUIRED,MANUAL_REVIEW_REQUIRED,OWNER_UNASSIGNED,DUE_DATE_OWNER_REQUIRED,NO_APPROVED_EXCEPTION
CVE-2026-58043,node,24.18.0,HIGH,PRESENT_IN_RUNTIME_IMAGE,RUNTIME_IMAGE,NOT_ASSESSED_SCANNER_DATA_UNAVAILABLE,22.23.2;24.18.1;26.5.1,YES,GRYPE,GRYPE,OPEN_PRIORITY_MANUAL_REVIEW_REQUIRED,MANUAL_REVIEW_REQUIRED,OWNER_UNASSIGNED,DUE_DATE_OWNER_REQUIRED,NO_APPROVED_EXCEPTION
GO-2025-4006,stdlib,go1.25.0,HIGH,PRESENT_IN_RUNTIME_IMAGE,RUNTIME_IMAGE,NOT_ASSESSED_SCANNER_DATA_UNAVAILABLE,1.24.8;1.25.2,YES,GRYPE,GRYPE,OPEN_PRIORITY_MANUAL_REVIEW_REQUIRED,MANUAL_REVIEW_REQUIRED,OWNER_UNASSIGNED,DUE_DATE_OWNER_REQUIRED,NO_APPROVED_EXCEPTION
GO-2025-4007,stdlib,go1.25.0,HIGH,PRESENT_IN_RUNTIME_IMAGE,RUNTIME_IMAGE,NOT_ASSESSED_SCANNER_DATA_UNAVAILABLE,1.24.9;1.25.3,YES,GRYPE,GRYPE,OPEN_PRIORITY_MANUAL_REVIEW_REQUIRED,MANUAL_REVIEW_REQUIRED,OWNER_UNASSIGNED,DUE_DATE_OWNER_REQUIRED,NO_APPROVED_EXCEPTION
GO-2025-4009,stdlib,go1.25.0,HIGH,PRESENT_IN_RUNTIME_IMAGE,RUNTIME_IMAGE,NOT_ASSESSED_SCANNER_DATA_UNAVAILABLE,1.24.8;1.25.2,YES,GRYPE,GRYPE,OPEN_PRIORITY_MANUAL_REVIEW_REQUIRED,MANUAL_REVIEW_REQUIRED,OWNER_UNASSIGNED,DUE_DATE_OWNER_REQUIRED,NO_APPROVED_EXCEPTION
GO-2025-4013,stdlib,go1.25.0,HIGH,PRESENT_IN_RUNTIME_IMAGE,RUNTIME_IMAGE,NOT_ASSESSED_SCANNER_DATA_UNAVAILABLE,1.24.8;1.25.2,YES,GRYPE,GRYPE,OPEN_PRIORITY_MANUAL_REVIEW_REQUIRED,MANUAL_REVIEW_REQUIRED,OWNER_UNASSIGNED,DUE_DATE_OWNER_REQUIRED,NO_APPROVED_EXCEPTION
GO-2025-4155,stdlib,go1.25.0,HIGH,PRESENT_IN_RUNTIME_IMAGE,RUNTIME_IMAGE,NOT_ASSESSED_SCANNER_DATA_UNAVAILABLE,1.24.11;1.25.5,YES,GRYPE,GRYPE,OPEN_PRIORITY_MANUAL_REVIEW_REQUIRED,MANUAL_REVIEW_REQUIRED,OWNER_UNASSIGNED,DUE_DATE_OWNER_REQUIRED,NO_APPROVED_EXCEPTION
GO-2026-4341,stdlib,go1.25.0,HIGH,PRESENT_IN_RUNTIME_IMAGE,RUNTIME_IMAGE,NOT_ASSESSED_SCANNER_DATA_UNAVAILABLE,1.24.12;1.25.6,YES,GRYPE,GRYPE,OPEN_PRIORITY_MANUAL_REVIEW_REQUIRED,MANUAL_REVIEW_REQUIRED,OWNER_UNASSIGNED,DUE_DATE_OWNER_REQUIRED,NO_APPROVED_EXCEPTION
GO-2026-4601,stdlib,go1.25.0,HIGH,PRESENT_IN_RUNTIME_IMAGE,RUNTIME_IMAGE,NOT_ASSESSED_SCANNER_DATA_UNAVAILABLE,1.25.8;1.26.1,YES,GRYPE,GRYPE,OPEN_PRIORITY_MANUAL_REVIEW_REQUIRED,MANUAL_REVIEW_REQUIRED,OWNER_UNASSIGNED,DUE_DATE_OWNER_REQUIRED,NO_APPROVED_EXCEPTION
GO-2026-4870,stdlib,go1.25.0,HIGH,PRESENT_IN_RUNTIME_IMAGE,RUNTIME_IMAGE,NOT_ASSESSED_SCANNER_DATA_UNAVAILABLE,1.25.9;1.26.2,YES,GRYPE,GRYPE,OPEN_PRIORITY_MANUAL_REVIEW_REQUIRED,MANUAL_REVIEW_REQUIRED,OWNER_UNASSIGNED,DUE_DATE_OWNER_REQUIRED,NO_APPROVED_EXCEPTION
GO-2026-4918,stdlib,go1.25.0,HIGH,PRESENT_IN_RUNTIME_IMAGE,RUNTIME_IMAGE,NOT_ASSESSED_SCANNER_DATA_UNAVAILABLE,1.25.10;1.26.3,YES,GRYPE,GRYPE,OPEN_PRIORITY_MANUAL_REVIEW_REQUIRED,MANUAL_REVIEW_REQUIRED,OWNER_UNASSIGNED,DUE_DATE_OWNER_REQUIRED,NO_APPROVED_EXCEPTION
GO-2026-4918,stdlib,go1.26.2,HIGH,PRESENT_IN_RUNTIME_IMAGE,RUNTIME_IMAGE,NOT_ASSESSED_SCANNER_DATA_UNAVAILABLE,1.25.10;1.26.3,YES,GRYPE,GRYPE,OPEN_PRIORITY_MANUAL_REVIEW_REQUIRED,MANUAL_REVIEW_REQUIRED,OWNER_UNASSIGNED,DUE_DATE_OWNER_REQUIRED,NO_APPROVED_EXCEPTION
GO-2026-4946,stdlib,go1.25.0,HIGH,PRESENT_IN_RUNTIME_IMAGE,RUNTIME_IMAGE,NOT_ASSESSED_SCANNER_DATA_UNAVAILABLE,1.25.9;1.26.2,YES,GRYPE,GRYPE,OPEN_PRIORITY_MANUAL_REVIEW_REQUIRED,MANUAL_REVIEW_REQUIRED,OWNER_UNASSIGNED,DUE_DATE_OWNER_REQUIRED,NO_APPROVED_EXCEPTION
GO-2026-4947,stdlib,go1.25.0,HIGH,PRESENT_IN_RUNTIME_IMAGE,RUNTIME_IMAGE,NOT_ASSESSED_SCANNER_DATA_UNAVAILABLE,1.25.9;1.26.2,YES,GRYPE,GRYPE,OPEN_PRIORITY_MANUAL_REVIEW_REQUIRED,MANUAL_REVIEW_REQUIRED,OWNER_UNASSIGNED,DUE_DATE_OWNER_REQUIRED,NO_APPROVED_EXCEPTION
GO-2026-4970,stdlib,go1.25.0,HIGH,PRESENT_IN_RUNTIME_IMAGE,RUNTIME_IMAGE,NOT_ASSESSED_SCANNER_DATA_UNAVAILABLE,1.25.12;1.26.5;1.27.0-rc.2,YES,GRYPE,GRYPE,OPEN_PRIORITY_MANUAL_REVIEW_REQUIRED,MANUAL_REVIEW_REQUIRED,OWNER_UNASSIGNED,DUE_DATE_OWNER_REQUIRED,NO_APPROVED_EXCEPTION
GO-2026-4970,stdlib,go1.26.2,HIGH,PRESENT_IN_RUNTIME_IMAGE,RUNTIME_IMAGE,NOT_ASSESSED_SCANNER_DATA_UNAVAILABLE,1.25.12;1.26.5;1.27.0-rc.2,YES,GRYPE,GRYPE,OPEN_PRIORITY_MANUAL_REVIEW_REQUIRED,MANUAL_REVIEW_REQUIRED,OWNER_UNASSIGNED,DUE_DATE_OWNER_REQUIRED,NO_APPROVED_EXCEPTION
GO-2026-4971,stdlib,go1.25.0,HIGH,PRESENT_IN_RUNTIME_IMAGE,RUNTIME_IMAGE,NOT_ASSESSED_SCANNER_DATA_UNAVAILABLE,1.25.10;1.26.3,YES,GRYPE,GRYPE,OPEN_PRIORITY_MANUAL_REVIEW_REQUIRED,MANUAL_REVIEW_REQUIRED,OWNER_UNASSIGNED,DUE_DATE_OWNER_REQUIRED,NO_APPROVED_EXCEPTION
GO-2026-4971,stdlib,go1.26.2,HIGH,PRESENT_IN_RUNTIME_IMAGE,RUNTIME_IMAGE,NOT_ASSESSED_SCANNER_DATA_UNAVAILABLE,1.25.10;1.26.3,YES,GRYPE,GRYPE,OPEN_PRIORITY_MANUAL_REVIEW_REQUIRED,MANUAL_REVIEW_REQUIRED,OWNER_UNASSIGNED,DUE_DATE_OWNER_REQUIRED,NO_APPROVED_EXCEPTION
GO-2026-4977,stdlib,go1.25.0,HIGH,PRESENT_IN_RUNTIME_IMAGE,RUNTIME_IMAGE,NOT_ASSESSED_SCANNER_DATA_UNAVAILABLE,1.25.10;1.26.3,YES,GRYPE,GRYPE,OPEN_PRIORITY_MANUAL_REVIEW_REQUIRED,MANUAL_REVIEW_REQUIRED,OWNER_UNASSIGNED,DUE_DATE_OWNER_REQUIRED,NO_APPROVED_EXCEPTION
GO-2026-4977,stdlib,go1.26.2,HIGH,PRESENT_IN_RUNTIME_IMAGE,RUNTIME_IMAGE,NOT_ASSESSED_SCANNER_DATA_UNAVAILABLE,1.25.10;1.26.3,YES,GRYPE,GRYPE,OPEN_PRIORITY_MANUAL_REVIEW_REQUIRED,MANUAL_REVIEW_REQUIRED,OWNER_UNASSIGNED,DUE_DATE_OWNER_REQUIRED,NO_APPROVED_EXCEPTION
GO-2026-4981,stdlib,go1.25.0,HIGH,PRESENT_IN_RUNTIME_IMAGE,RUNTIME_IMAGE,NOT_ASSESSED_SCANNER_DATA_UNAVAILABLE,1.25.10;1.26.3,YES,GRYPE,GRYPE,OPEN_PRIORITY_MANUAL_REVIEW_REQUIRED,MANUAL_REVIEW_REQUIRED,OWNER_UNASSIGNED,DUE_DATE_OWNER_REQUIRED,NO_APPROVED_EXCEPTION
GO-2026-4981,stdlib,go1.26.2,HIGH,PRESENT_IN_RUNTIME_IMAGE,RUNTIME_IMAGE,NOT_ASSESSED_SCANNER_DATA_UNAVAILABLE,1.25.10;1.26.3,YES,GRYPE,GRYPE,OPEN_PRIORITY_MANUAL_REVIEW_REQUIRED,MANUAL_REVIEW_REQUIRED,OWNER_UNASSIGNED,DUE_DATE_OWNER_REQUIRED,NO_APPROVED_EXCEPTION
GO-2026-4986,stdlib,go1.25.0,HIGH,PRESENT_IN_RUNTIME_IMAGE,RUNTIME_IMAGE,NOT_ASSESSED_SCANNER_DATA_UNAVAILABLE,1.25.10;1.26.3,YES,GRYPE,GRYPE,OPEN_PRIORITY_MANUAL_REVIEW_REQUIRED,MANUAL_REVIEW_REQUIRED,OWNER_UNASSIGNED,DUE_DATE_OWNER_REQUIRED,NO_APPROVED_EXCEPTION
GO-2026-4986,stdlib,go1.26.2,HIGH,PRESENT_IN_RUNTIME_IMAGE,RUNTIME_IMAGE,NOT_ASSESSED_SCANNER_DATA_UNAVAILABLE,1.25.10;1.26.3,YES,GRYPE,GRYPE,OPEN_PRIORITY_MANUAL_REVIEW_REQUIRED,MANUAL_REVIEW_REQUIRED,OWNER_UNASSIGNED,DUE_DATE_OWNER_REQUIRED,NO_APPROVED_EXCEPTION
GO-2026-5026,golang.org/x/net,v0.53.0,HIGH,PRESENT_IN_RUNTIME_IMAGE,RUNTIME_IMAGE,NOT_ASSESSED_SCANNER_DATA_UNAVAILABLE,0.55.0,YES,GRYPE,GRYPE,OPEN_PRIORITY_MANUAL_REVIEW_REQUIRED,MANUAL_REVIEW_REQUIRED,OWNER_UNASSIGNED,DUE_DATE_OWNER_REQUIRED,NO_APPROVED_EXCEPTION
GO-2026-5026,stdlib,go1.25.0,HIGH,PRESENT_IN_RUNTIME_IMAGE,RUNTIME_IMAGE,NOT_ASSESSED_SCANNER_DATA_UNAVAILABLE,1.25.13;1.26.6;1.27.0-rc.3,YES,GRYPE,GRYPE,OPEN_PRIORITY_MANUAL_REVIEW_REQUIRED,MANUAL_REVIEW_REQUIRED,OWNER_UNASSIGNED,DUE_DATE_OWNER_REQUIRED,NO_APPROVED_EXCEPTION
GO-2026-5026,stdlib,go1.26.2,HIGH,PRESENT_IN_RUNTIME_IMAGE,RUNTIME_IMAGE,NOT_ASSESSED_SCANNER_DATA_UNAVAILABLE,1.25.13;1.26.6;1.27.0-rc.3,YES,GRYPE,GRYPE,OPEN_PRIORITY_MANUAL_REVIEW_REQUIRED,MANUAL_REVIEW_REQUIRED,OWNER_UNASSIGNED,DUE_DATE_OWNER_REQUIRED,NO_APPROVED_EXCEPTION
GO-2026-5037,stdlib,go1.25.0,HIGH,PRESENT_IN_RUNTIME_IMAGE,RUNTIME_IMAGE,NOT_ASSESSED_SCANNER_DATA_UNAVAILABLE,1.25.11;1.26.4,YES,GRYPE,GRYPE,OPEN_PRIORITY_MANUAL_REVIEW_REQUIRED,MANUAL_REVIEW_REQUIRED,OWNER_UNASSIGNED,DUE_DATE_OWNER_REQUIRED,NO_APPROVED_EXCEPTION
GO-2026-5037,stdlib,go1.26.2,HIGH,PRESENT_IN_RUNTIME_IMAGE,RUNTIME_IMAGE,NOT_ASSESSED_SCANNER_DATA_UNAVAILABLE,1.25.11;1.26.4,YES,GRYPE,GRYPE,OPEN_PRIORITY_MANUAL_REVIEW_REQUIRED,MANUAL_REVIEW_REQUIRED,OWNER_UNASSIGNED,DUE_DATE_OWNER_REQUIRED,NO_APPROVED_EXCEPTION
GO-2026-5038,stdlib,go1.25.0,HIGH,PRESENT_IN_RUNTIME_IMAGE,RUNTIME_IMAGE,NOT_ASSESSED_SCANNER_DATA_UNAVAILABLE,1.25.11;1.26.4,YES,GRYPE,GRYPE,OPEN_PRIORITY_MANUAL_REVIEW_REQUIRED,MANUAL_REVIEW_REQUIRED,OWNER_UNASSIGNED,DUE_DATE_OWNER_REQUIRED,NO_APPROVED_EXCEPTION
GO-2026-5038,stdlib,go1.26.2,HIGH,PRESENT_IN_RUNTIME_IMAGE,RUNTIME_IMAGE,NOT_ASSESSED_SCANNER_DATA_UNAVAILABLE,1.25.11;1.26.4,YES,GRYPE,GRYPE,OPEN_PRIORITY_MANUAL_REVIEW_REQUIRED,MANUAL_REVIEW_REQUIRED,OWNER_UNASSIGNED,DUE_DATE_OWNER_REQUIRED,NO_APPROVED_EXCEPTION
GO-2026-5942,golang.org/x/net,v0.53.0,HIGH,PRESENT_IN_RUNTIME_IMAGE,RUNTIME_IMAGE,NOT_ASSESSED_SCANNER_DATA_UNAVAILABLE,0.56.0,YES,GRYPE,GRYPE,OPEN_PRIORITY_MANUAL_REVIEW_REQUIRED,MANUAL_REVIEW_REQUIRED,OWNER_UNASSIGNED,DUE_DATE_OWNER_REQUIRED,NO_APPROVED_EXCEPTION
GO-2026-5942,stdlib,go1.26.2,HIGH,PRESENT_IN_RUNTIME_IMAGE,RUNTIME_IMAGE,NOT_ASSESSED_SCANNER_DATA_UNAVAILABLE,1.26.6;1.27.0-rc.3,YES,GRYPE,GRYPE,OPEN_PRIORITY_MANUAL_REVIEW_REQUIRED,MANUAL_REVIEW_REQUIRED,OWNER_UNASSIGNED,DUE_DATE_OWNER_REQUIRED,NO_APPROVED_EXCEPTION
GO-2026-5972,stdlib,go1.25.0,HIGH,PRESENT_IN_RUNTIME_IMAGE,RUNTIME_IMAGE,NOT_ASSESSED_SCANNER_DATA_UNAVAILABLE,1.25.13;1.26.6;1.27.0-rc.3,YES,GRYPE,GRYPE,OPEN_PRIORITY_MANUAL_REVIEW_REQUIRED,MANUAL_REVIEW_REQUIRED,OWNER_UNASSIGNED,DUE_DATE_OWNER_REQUIRED,NO_APPROVED_EXCEPTION
GO-2026-5972,stdlib,go1.26.2,HIGH,PRESENT_IN_RUNTIME_IMAGE,RUNTIME_IMAGE,NOT_ASSESSED_SCANNER_DATA_UNAVAILABLE,1.25.13;1.26.6;1.27.0-rc.3,YES,GRYPE,GRYPE,OPEN_PRIORITY_MANUAL_REVIEW_REQUIRED,MANUAL_REVIEW_REQUIRED,OWNER_UNASSIGNED,DUE_DATE_OWNER_REQUIRED,NO_APPROVED_EXCEPTION
GO-2026-6088,stdlib,go1.25.0,HIGH,PRESENT_IN_RUNTIME_IMAGE,RUNTIME_IMAGE,NOT_ASSESSED_SCANNER_DATA_UNAVAILABLE,1.25.13;1.26.6;1.27.0-rc.3,YES,GRYPE,GRYPE,OPEN_PRIORITY_MANUAL_REVIEW_REQUIRED,MANUAL_REVIEW_REQUIRED,OWNER_UNASSIGNED,DUE_DATE_OWNER_REQUIRED,NO_APPROVED_EXCEPTION
GO-2026-6088,stdlib,go1.26.2,HIGH,PRESENT_IN_RUNTIME_IMAGE,RUNTIME_IMAGE,NOT_ASSESSED_SCANNER_DATA_UNAVAILABLE,1.25.13;1.26.6;1.27.0-rc.3,YES,GRYPE,GRYPE,OPEN_PRIORITY_MANUAL_REVIEW_REQUIRED,MANUAL_REVIEW_REQUIRED,OWNER_UNASSIGNED,DUE_DATE_OWNER_REQUIRED,NO_APPROVED_EXCEPTION
GO-2026-6089,stdlib,go1.25.0,HIGH,PRESENT_IN_RUNTIME_IMAGE,RUNTIME_IMAGE,NOT_ASSESSED_SCANNER_DATA_UNAVAILABLE,1.25.13;1.26.6;1.27.0-rc.3,YES,GRYPE,GRYPE,OPEN_PRIORITY_MANUAL_REVIEW_REQUIRED,MANUAL_REVIEW_REQUIRED,OWNER_UNASSIGNED,DUE_DATE_OWNER_REQUIRED,NO_APPROVED_EXCEPTION
GO-2026-6089,stdlib,go1.26.2,HIGH,PRESENT_IN_RUNTIME_IMAGE,RUNTIME_IMAGE,NOT_ASSESSED_SCANNER_DATA_UNAVAILABLE,1.25.13;1.26.6;1.27.0-rc.3,YES,GRYPE,GRYPE,OPEN_PRIORITY_MANUAL_REVIEW_REQUIRED,MANUAL_REVIEW_REQUIRED,OWNER_UNASSIGNED,DUE_DATE_OWNER_REQUIRED,NO_APPROVED_EXCEPTION
GO-2026-6090,stdlib,go1.25.0,HIGH,PRESENT_IN_RUNTIME_IMAGE,RUNTIME_IMAGE,NOT_ASSESSED_SCANNER_DATA_UNAVAILABLE,1.25.13;1.26.6;1.27.0-rc.3,YES,GRYPE,GRYPE,OPEN_PRIORITY_MANUAL_REVIEW_REQUIRED,MANUAL_REVIEW_REQUIRED,OWNER_UNASSIGNED,DUE_DATE_OWNER_REQUIRED,NO_APPROVED_EXCEPTION
GO-2026-6090,stdlib,go1.26.2,HIGH,PRESENT_IN_RUNTIME_IMAGE,RUNTIME_IMAGE,NOT_ASSESSED_SCANNER_DATA_UNAVAILABLE,1.25.13;1.26.6;1.27.0-rc.3,YES,GRYPE,GRYPE,OPEN_PRIORITY_MANUAL_REVIEW_REQUIRED,MANUAL_REVIEW_REQUIRED,OWNER_UNASSIGNED,DUE_DATE_OWNER_REQUIRED,NO_APPROVED_EXCEPTION
CVE-2023-37769,libpixman-1-0,0.42.2-1build1,MEDIUM,PRESENT_IN_RUNTIME_IMAGE,RUNTIME_IMAGE,NOT_ASSESSED_SCANNER_DATA_UNAVAILABLE,NONE_REPORTED,NO_OR_UNKNOWN,GRYPE;TRIVY,GRYPE;TRIVY,OPEN_REMAINING_MANUAL_REVIEW_REQUIRED,MANUAL_REVIEW_REQUIRED,OWNER_UNASSIGNED,DUE_DATE_OWNER_REQUIRED,NO_APPROVED_EXCEPTION
CVE-2023-39328,libopenjp2-7,2.5.0-2ubuntu0.5,MEDIUM,PRESENT_IN_RUNTIME_IMAGE,RUNTIME_IMAGE,NOT_ASSESSED_SCANNER_DATA_UNAVAILABLE,NONE_REPORTED,NO_OR_UNKNOWN,GRYPE;TRIVY,GRYPE;TRIVY,OPEN_REMAINING_MANUAL_REVIEW_REQUIRED,MANUAL_REVIEW_REQUIRED,OWNER_UNASSIGNED,DUE_DATE_OWNER_REQUIRED,NO_APPROVED_EXCEPTION
CVE-2023-39329,libopenjp2-7,2.5.0-2ubuntu0.5,MEDIUM,PRESENT_IN_RUNTIME_IMAGE,RUNTIME_IMAGE,NOT_ASSESSED_SCANNER_DATA_UNAVAILABLE,NONE_REPORTED,NO_OR_UNKNOWN,GRYPE;TRIVY,GRYPE;TRIVY,OPEN_REMAINING_MANUAL_REVIEW_REQUIRED,MANUAL_REVIEW_REQUIRED,OWNER_UNASSIGNED,DUE_DATE_OWNER_REQUIRED,NO_APPROVED_EXCEPTION
CVE-2024-10041,libpam-modules,1.5.3-5ubuntu5.6,MEDIUM,PRESENT_IN_RUNTIME_IMAGE,RUNTIME_IMAGE,NOT_ASSESSED_SCANNER_DATA_UNAVAILABLE,NONE_REPORTED,NO_OR_UNKNOWN,GRYPE,GRYPE,OPEN_REMAINING_MANUAL_REVIEW_REQUIRED,MANUAL_REVIEW_REQUIRED,OWNER_UNASSIGNED,DUE_DATE_OWNER_REQUIRED,NO_APPROVED_EXCEPTION
CVE-2024-10041,libpam-modules-bin,1.5.3-5ubuntu5.6,MEDIUM,PRESENT_IN_RUNTIME_IMAGE,RUNTIME_IMAGE,NOT_ASSESSED_SCANNER_DATA_UNAVAILABLE,NONE_REPORTED,NO_OR_UNKNOWN,GRYPE,GRYPE,OPEN_REMAINING_MANUAL_REVIEW_REQUIRED,MANUAL_REVIEW_REQUIRED,OWNER_UNASSIGNED,DUE_DATE_OWNER_REQUIRED,NO_APPROVED_EXCEPTION
CVE-2024-10041,libpam-runtime,1.5.3-5ubuntu5.6,MEDIUM,PRESENT_IN_RUNTIME_IMAGE,RUNTIME_IMAGE,NOT_ASSESSED_SCANNER_DATA_UNAVAILABLE,NONE_REPORTED,NO_OR_UNKNOWN,GRYPE,GRYPE,OPEN_REMAINING_MANUAL_REVIEW_REQUIRED,MANUAL_REVIEW_REQUIRED,OWNER_UNASSIGNED,DUE_DATE_OWNER_REQUIRED,NO_APPROVED_EXCEPTION
CVE-2024-10041,libpam0g,1.5.3-5ubuntu5.6,MEDIUM,PRESENT_IN_RUNTIME_IMAGE,RUNTIME_IMAGE,NOT_ASSESSED_SCANNER_DATA_UNAVAILABLE,NONE_REPORTED,NO_OR_UNKNOWN,GRYPE,GRYPE,OPEN_REMAINING_MANUAL_REVIEW_REQUIRED,MANUAL_REVIEW_REQUIRED,OWNER_UNASSIGNED,DUE_DATE_OWNER_REQUIRED,NO_APPROVED_EXCEPTION
CVE-2024-25448,libimlib2t64,1.12.1-1.1build2,MEDIUM,PRESENT_IN_RUNTIME_IMAGE,RUNTIME_IMAGE,NOT_ASSESSED_SCANNER_DATA_UNAVAILABLE,NONE_REPORTED,NO_OR_UNKNOWN,GRYPE,GRYPE,OPEN_REMAINING_MANUAL_REVIEW_REQUIRED,MANUAL_REVIEW_REQUIRED,OWNER_UNASSIGNED,DUE_DATE_OWNER_REQUIRED,NO_APPROVED_EXCEPTION
CVE-2024-25450,libimlib2t64,1.12.1-1.1build2,MEDIUM,PRESENT_IN_RUNTIME_IMAGE,RUNTIME_IMAGE,NOT_ASSESSED_SCANNER_DATA_UNAVAILABLE,NONE_REPORTED,NO_OR_UNKNOWN,GRYPE,GRYPE,OPEN_REMAINING_MANUAL_REVIEW_REQUIRED,MANUAL_REVIEW_REQUIRED,OWNER_UNASSIGNED,DUE_DATE_OWNER_REQUIRED,NO_APPROVED_EXCEPTION
CVE-2025-12781,libpython3.12-minimal,3.12.3-1ubuntu0.16,MEDIUM,PRESENT_IN_RUNTIME_IMAGE,RUNTIME_IMAGE,NOT_ASSESSED_SCANNER_DATA_UNAVAILABLE,NONE_REPORTED,NO_OR_UNKNOWN,GRYPE,GRYPE,OPEN_REMAINING_MANUAL_REVIEW_REQUIRED,MANUAL_REVIEW_REQUIRED,OWNER_UNASSIGNED,DUE_DATE_OWNER_REQUIRED,NO_APPROVED_EXCEPTION
CVE-2025-12781,libpython3.12-stdlib,3.12.3-1ubuntu0.16,MEDIUM,PRESENT_IN_RUNTIME_IMAGE,RUNTIME_IMAGE,NOT_ASSESSED_SCANNER_DATA_UNAVAILABLE,NONE_REPORTED,NO_OR_UNKNOWN,GRYPE,GRYPE,OPEN_REMAINING_MANUAL_REVIEW_REQUIRED,MANUAL_REVIEW_REQUIRED,OWNER_UNASSIGNED,DUE_DATE_OWNER_REQUIRED,NO_APPROVED_EXCEPTION
CVE-2025-12781,python3.12,3.12.3-1ubuntu0.16,MEDIUM,PRESENT_IN_RUNTIME_IMAGE,RUNTIME_IMAGE,NOT_ASSESSED_SCANNER_DATA_UNAVAILABLE,NONE_REPORTED,NO_OR_UNKNOWN,GRYPE,GRYPE,OPEN_REMAINING_MANUAL_REVIEW_REQUIRED,MANUAL_REVIEW_REQUIRED,OWNER_UNASSIGNED,DUE_DATE_OWNER_REQUIRED,NO_APPROVED_EXCEPTION
CVE-2025-12781,python3.12-minimal,3.12.3-1ubuntu0.16,MEDIUM,PRESENT_IN_RUNTIME_IMAGE,RUNTIME_IMAGE,NOT_ASSESSED_SCANNER_DATA_UNAVAILABLE,NONE_REPORTED,NO_OR_UNKNOWN,GRYPE,GRYPE,OPEN_REMAINING_MANUAL_REVIEW_REQUIRED,MANUAL_REVIEW_REQUIRED,OWNER_UNASSIGNED,DUE_DATE_OWNER_REQUIRED,NO_APPROVED_EXCEPTION
CVE-2025-15366,libpython3.12-minimal,3.12.3-1ubuntu0.16,MEDIUM,PRESENT_IN_RUNTIME_IMAGE,RUNTIME_IMAGE,NOT_ASSESSED_SCANNER_DATA_UNAVAILABLE,NONE_REPORTED,NO_OR_UNKNOWN,GRYPE,GRYPE,OPEN_REMAINING_MANUAL_REVIEW_REQUIRED,MANUAL_REVIEW_REQUIRED,OWNER_UNASSIGNED,DUE_DATE_OWNER_REQUIRED,NO_APPROVED_EXCEPTION
CVE-2025-15366,libpython3.12-stdlib,3.12.3-1ubuntu0.16,MEDIUM,PRESENT_IN_RUNTIME_IMAGE,RUNTIME_IMAGE,NOT_ASSESSED_SCANNER_DATA_UNAVAILABLE,NONE_REPORTED,NO_OR_UNKNOWN,GRYPE,GRYPE,OPEN_REMAINING_MANUAL_REVIEW_REQUIRED,MANUAL_REVIEW_REQUIRED,OWNER_UNASSIGNED,DUE_DATE_OWNER_REQUIRED,NO_APPROVED_EXCEPTION
CVE-2025-15366,python3.12,3.12.3-1ubuntu0.16,MEDIUM,PRESENT_IN_RUNTIME_IMAGE,RUNTIME_IMAGE,NOT_ASSESSED_SCANNER_DATA_UNAVAILABLE,NONE_REPORTED,NO_OR_UNKNOWN,GRYPE,GRYPE,OPEN_REMAINING_MANUAL_REVIEW_REQUIRED,MANUAL_REVIEW_REQUIRED,OWNER_UNASSIGNED,DUE_DATE_OWNER_REQUIRED,NO_APPROVED_EXCEPTION
CVE-2025-15366,python3.12-minimal,3.12.3-1ubuntu0.16,MEDIUM,PRESENT_IN_RUNTIME_IMAGE,RUNTIME_IMAGE,NOT_ASSESSED_SCANNER_DATA_UNAVAILABLE,NONE_REPORTED,NO_OR_UNKNOWN,GRYPE,GRYPE,OPEN_REMAINING_MANUAL_REVIEW_REQUIRED,MANUAL_REVIEW_REQUIRED,OWNER_UNASSIGNED,DUE_DATE_OWNER_REQUIRED,NO_APPROVED_EXCEPTION
CVE-2025-15367,libpython3.12-minimal,3.12.3-1ubuntu0.16,MEDIUM,PRESENT_IN_RUNTIME_IMAGE,RUNTIME_IMAGE,NOT_ASSESSED_SCANNER_DATA_UNAVAILABLE,NONE_REPORTED,NO_OR_UNKNOWN,GRYPE,GRYPE,OPEN_REMAINING_MANUAL_REVIEW_REQUIRED,MANUAL_REVIEW_REQUIRED,OWNER_UNASSIGNED,DUE_DATE_OWNER_REQUIRED,NO_APPROVED_EXCEPTION
CVE-2025-15367,libpython3.12-stdlib,3.12.3-1ubuntu0.16,MEDIUM,PRESENT_IN_RUNTIME_IMAGE,RUNTIME_IMAGE,NOT_ASSESSED_SCANNER_DATA_UNAVAILABLE,NONE_REPORTED,NO_OR_UNKNOWN,GRYPE,GRYPE,OPEN_REMAINING_MANUAL_REVIEW_REQUIRED,MANUAL_REVIEW_REQUIRED,OWNER_UNASSIGNED,DUE_DATE_OWNER_REQUIRED,NO_APPROVED_EXCEPTION
CVE-2025-15367,python3.12,3.12.3-1ubuntu0.16,MEDIUM,PRESENT_IN_RUNTIME_IMAGE,RUNTIME_IMAGE,NOT_ASSESSED_SCANNER_DATA_UNAVAILABLE,NONE_REPORTED,NO_OR_UNKNOWN,GRYPE,GRYPE,OPEN_REMAINING_MANUAL_REVIEW_REQUIRED,MANUAL_REVIEW_REQUIRED,OWNER_UNASSIGNED,DUE_DATE_OWNER_REQUIRED,NO_APPROVED_EXCEPTION
CVE-2025-15367,python3.12-minimal,3.12.3-1ubuntu0.16,MEDIUM,PRESENT_IN_RUNTIME_IMAGE,RUNTIME_IMAGE,NOT_ASSESSED_SCANNER_DATA_UNAVAILABLE,NONE_REPORTED,NO_OR_UNKNOWN,GRYPE,GRYPE,OPEN_REMAINING_MANUAL_REVIEW_REQUIRED,MANUAL_REVIEW_REQUIRED,OWNER_UNASSIGNED,DUE_DATE_OWNER_REQUIRED,NO_APPROVED_EXCEPTION
CVE-2025-15649,libperl5.38t64,5.38.2-3.2ubuntu0.3,MEDIUM,PRESENT_IN_RUNTIME_IMAGE,RUNTIME_IMAGE,NOT_ASSESSED_SCANNER_DATA_UNAVAILABLE,NONE_REPORTED,NO_OR_UNKNOWN,GRYPE,GRYPE,OPEN_REMAINING_MANUAL_REVIEW_REQUIRED,MANUAL_REVIEW_REQUIRED,OWNER_UNASSIGNED,DUE_DATE_OWNER_REQUIRED,NO_APPROVED_EXCEPTION
CVE-2025-15649,perl,5.38.2-3.2ubuntu0.3,MEDIUM,PRESENT_IN_RUNTIME_IMAGE,RUNTIME_IMAGE,NOT_ASSESSED_SCANNER_DATA_UNAVAILABLE,NONE_REPORTED,NO_OR_UNKNOWN,GRYPE,GRYPE,OPEN_REMAINING_MANUAL_REVIEW_REQUIRED,MANUAL_REVIEW_REQUIRED,OWNER_UNASSIGNED,DUE_DATE_OWNER_REQUIRED,NO_APPROVED_EXCEPTION
CVE-2025-15649,perl-base,5.38.2-3.2ubuntu0.3,MEDIUM,PRESENT_IN_RUNTIME_IMAGE,RUNTIME_IMAGE,NOT_ASSESSED_SCANNER_DATA_UNAVAILABLE,NONE_REPORTED,NO_OR_UNKNOWN,GRYPE,GRYPE,OPEN_REMAINING_MANUAL_REVIEW_REQUIRED,MANUAL_REVIEW_REQUIRED,OWNER_UNASSIGNED,DUE_DATE_OWNER_REQUIRED,NO_APPROVED_EXCEPTION
CVE-2025-15649,perl-modules-5.38,5.38.2-3.2ubuntu0.3,MEDIUM,PRESENT_IN_RUNTIME_IMAGE,RUNTIME_IMAGE,NOT_ASSESSED_SCANNER_DATA_UNAVAILABLE,NONE_REPORTED,NO_OR_UNKNOWN,GRYPE,GRYPE,OPEN_REMAINING_MANUAL_REVIEW_REQUIRED,MANUAL_REVIEW_REQUIRED,OWNER_UNASSIGNED,DUE_DATE_OWNER_REQUIRED,NO_APPROVED_EXCEPTION
CVE-2025-47910,stdlib,v1.25.0,MEDIUM,PRESENT_IN_RUNTIME_IMAGE,RUNTIME_IMAGE,NOT_ASSESSED_SCANNER_DATA_UNAVAILABLE,1.25.1,YES,TRIVY,TRIVY,OPEN_REMAINING_MANUAL_REVIEW_REQUIRED,MANUAL_REVIEW_REQUIRED,OWNER_UNASSIGNED,DUE_DATE_OWNER_REQUIRED,NO_APPROVED_EXCEPTION
CVE-2025-47912,stdlib,v1.25.0,MEDIUM,PRESENT_IN_RUNTIME_IMAGE,RUNTIME_IMAGE,NOT_ASSESSED_SCANNER_DATA_UNAVAILABLE,"1.24.8, 1.25.2",YES,TRIVY,TRIVY,OPEN_REMAINING_MANUAL_REVIEW_REQUIRED,MANUAL_REVIEW_REQUIRED,OWNER_UNASSIGNED,DUE_DATE_OWNER_REQUIRED,NO_APPROVED_EXCEPTION
CVE-2025-58183,stdlib,v1.25.0,MEDIUM,PRESENT_IN_RUNTIME_IMAGE,RUNTIME_IMAGE,NOT_ASSESSED_SCANNER_DATA_UNAVAILABLE,"1.24.8, 1.25.2",YES,TRIVY,TRIVY,OPEN_REMAINING_MANUAL_REVIEW_REQUIRED,MANUAL_REVIEW_REQUIRED,OWNER_UNASSIGNED,DUE_DATE_OWNER_REQUIRED,NO_APPROVED_EXCEPTION
CVE-2025-58185,stdlib,v1.25.0,MEDIUM,PRESENT_IN_RUNTIME_IMAGE,RUNTIME_IMAGE,NOT_ASSESSED_SCANNER_DATA_UNAVAILABLE,"1.24.8, 1.25.2",YES,TRIVY,TRIVY,OPEN_REMAINING_MANUAL_REVIEW_REQUIRED,MANUAL_REVIEW_REQUIRED,OWNER_UNASSIGNED,DUE_DATE_OWNER_REQUIRED,NO_APPROVED_EXCEPTION
CVE-2025-58187,stdlib,v1.25.0,MEDIUM,PRESENT_IN_RUNTIME_IMAGE,RUNTIME_IMAGE,NOT_ASSESSED_SCANNER_DATA_UNAVAILABLE,"1.24.9, 1.25.3",YES,TRIVY,TRIVY,OPEN_REMAINING_MANUAL_REVIEW_REQUIRED,MANUAL_REVIEW_REQUIRED,OWNER_UNASSIGNED,DUE_DATE_OWNER_REQUIRED,NO_APPROVED_EXCEPTION
CVE-2025-58188,stdlib,v1.25.0,MEDIUM,PRESENT_IN_RUNTIME_IMAGE,RUNTIME_IMAGE,NOT_ASSESSED_SCANNER_DATA_UNAVAILABLE,"1.24.8, 1.25.2",YES,TRIVY,TRIVY,OPEN_REMAINING_MANUAL_REVIEW_REQUIRED,MANUAL_REVIEW_REQUIRED,OWNER_UNASSIGNED,DUE_DATE_OWNER_REQUIRED,NO_APPROVED_EXCEPTION
CVE-2025-58189,stdlib,v1.25.0,MEDIUM,PRESENT_IN_RUNTIME_IMAGE,RUNTIME_IMAGE,NOT_ASSESSED_SCANNER_DATA_UNAVAILABLE,"1.24.8, 1.25.2",YES,TRIVY,TRIVY,OPEN_REMAINING_MANUAL_REVIEW_REQUIRED,MANUAL_REVIEW_REQUIRED,OWNER_UNASSIGNED,DUE_DATE_OWNER_REQUIRED,NO_APPROVED_EXCEPTION
CVE-2025-59375,libexpat1,2.6.1-2ubuntu0.4,MEDIUM,PRESENT_IN_RUNTIME_IMAGE,RUNTIME_IMAGE,NOT_ASSESSED_SCANNER_DATA_UNAVAILABLE,NONE_REPORTED,NO_OR_UNKNOWN,GRYPE,GRYPE,OPEN_REMAINING_MANUAL_REVIEW_REQUIRED,MANUAL_REVIEW_REQUIRED,OWNER_UNASSIGNED,DUE_DATE_OWNER_REQUIRED,NO_APPROVED_EXCEPTION
CVE-2025-59529,libavahi-client3,0.8-13ubuntu6.2,MEDIUM,PRESENT_IN_RUNTIME_IMAGE,RUNTIME_IMAGE,NOT_ASSESSED_SCANNER_DATA_UNAVAILABLE,NONE_REPORTED,NO_OR_UNKNOWN,GRYPE;TRIVY,GRYPE;TRIVY,OPEN_REMAINING_MANUAL_REVIEW_REQUIRED,MANUAL_REVIEW_REQUIRED,OWNER_UNASSIGNED,DUE_DATE_OWNER_REQUIRED,NO_APPROVED_EXCEPTION
CVE-2025-59529,libavahi-common-data,0.8-13ubuntu6.2,MEDIUM,PRESENT_IN_RUNTIME_IMAGE,RUNTIME_IMAGE,NOT_ASSESSED_SCANNER_DATA_UNAVAILABLE,NONE_REPORTED,NO_OR_UNKNOWN,GRYPE;TRIVY,GRYPE;TRIVY,OPEN_REMAINING_MANUAL_REVIEW_REQUIRED,MANUAL_REVIEW_REQUIRED,OWNER_UNASSIGNED,DUE_DATE_OWNER_REQUIRED,NO_APPROVED_EXCEPTION
CVE-2025-59529,libavahi-common3,0.8-13ubuntu6.2,MEDIUM,PRESENT_IN_RUNTIME_IMAGE,RUNTIME_IMAGE,NOT_ASSESSED_SCANNER_DATA_UNAVAILABLE,NONE_REPORTED,NO_OR_UNKNOWN,GRYPE;TRIVY,GRYPE;TRIVY,OPEN_REMAINING_MANUAL_REVIEW_REQUIRED,MANUAL_REVIEW_REQUIRED,OWNER_UNASSIGNED,DUE_DATE_OWNER_REQUIRED,NO_APPROVED_EXCEPTION
CVE-2025-61723,stdlib,v1.25.0,MEDIUM,PRESENT_IN_RUNTIME_IMAGE,RUNTIME_IMAGE,NOT_ASSESSED_SCANNER_DATA_UNAVAILABLE,"1.24.8, 1.25.2",YES,TRIVY,TRIVY,OPEN_REMAINING_MANUAL_REVIEW_REQUIRED,MANUAL_REVIEW_REQUIRED,OWNER_UNASSIGNED,DUE_DATE_OWNER_REQUIRED,NO_APPROVED_EXCEPTION
CVE-2025-61724,stdlib,v1.25.0,MEDIUM,PRESENT_IN_RUNTIME_IMAGE,RUNTIME_IMAGE,NOT_ASSESSED_SCANNER_DATA_UNAVAILABLE,"1.24.8, 1.25.2",YES,TRIVY,TRIVY,OPEN_REMAINING_MANUAL_REVIEW_REQUIRED,MANUAL_REVIEW_REQUIRED,OWNER_UNASSIGNED,DUE_DATE_OWNER_REQUIRED,NO_APPROVED_EXCEPTION
CVE-2025-61725,stdlib,v1.25.0,MEDIUM,PRESENT_IN_RUNTIME_IMAGE,RUNTIME_IMAGE,NOT_ASSESSED_SCANNER_DATA_UNAVAILABLE,"1.24.8, 1.25.2",YES,TRIVY,TRIVY,OPEN_REMAINING_MANUAL_REVIEW_REQUIRED,MANUAL_REVIEW_REQUIRED,OWNER_UNASSIGNED,DUE_DATE_OWNER_REQUIRED,NO_APPROVED_EXCEPTION
CVE-2025-61727,stdlib,v1.25.0,MEDIUM,PRESENT_IN_RUNTIME_IMAGE,RUNTIME_IMAGE,NOT_ASSESSED_SCANNER_DATA_UNAVAILABLE,"1.24.11, 1.25.5",YES,TRIVY,TRIVY,OPEN_REMAINING_MANUAL_REVIEW_REQUIRED,MANUAL_REVIEW_REQUIRED,OWNER_UNASSIGNED,DUE_DATE_OWNER_REQUIRED,NO_APPROVED_EXCEPTION
CVE-2025-61728,stdlib,v1.25.0,MEDIUM,PRESENT_IN_RUNTIME_IMAGE,RUNTIME_IMAGE,NOT_ASSESSED_SCANNER_DATA_UNAVAILABLE,"1.24.12, 1.25.6",YES,TRIVY,TRIVY,OPEN_REMAINING_MANUAL_REVIEW_REQUIRED,MANUAL_REVIEW_REQUIRED,OWNER_UNASSIGNED,DUE_DATE_OWNER_REQUIRED,NO_APPROVED_EXCEPTION
CVE-2025-61730,stdlib,v1.25.0,MEDIUM,PRESENT_IN_RUNTIME_IMAGE,RUNTIME_IMAGE,NOT_ASSESSED_SCANNER_DATA_UNAVAILABLE,"1.24.12, 1.25.6",YES,TRIVY,TRIVY,OPEN_REMAINING_MANUAL_REVIEW_REQUIRED,MANUAL_REVIEW_REQUIRED,OWNER_UNASSIGNED,DUE_DATE_OWNER_REQUIRED,NO_APPROVED_EXCEPTION
CVE-2025-66382,libexpat1,2.6.1-2ubuntu0.4,MEDIUM,PRESENT_IN_RUNTIME_IMAGE,RUNTIME_IMAGE,NOT_ASSESSED_SCANNER_DATA_UNAVAILABLE,NONE_REPORTED,NO_OR_UNKNOWN,GRYPE;TRIVY,GRYPE;TRIVY,OPEN_REMAINING_MANUAL_REVIEW_REQUIRED,MANUAL_REVIEW_REQUIRED,OWNER_UNASSIGNED,DUE_DATE_OWNER_REQUIRED,NO_APPROVED_EXCEPTION
CVE-2025-70103,libjxl0.7,0.7.0-10.2ubuntu6.1,MEDIUM,PRESENT_IN_RUNTIME_IMAGE,RUNTIME_IMAGE,NOT_ASSESSED_SCANNER_DATA_UNAVAILABLE,NONE_REPORTED,NO_OR_UNKNOWN,GRYPE,GRYPE,OPEN_REMAINING_MANUAL_REVIEW_REQUIRED,MANUAL_REVIEW_REQUIRED,OWNER_UNASSIGNED,DUE_DATE_OWNER_REQUIRED,NO_APPROVED_EXCEPTION
CVE-2026-0864,libpython3.12-minimal,3.12.3-1ubuntu0.16,MEDIUM,PRESENT_IN_RUNTIME_IMAGE,RUNTIME_IMAGE,NOT_ASSESSED_SCANNER_DATA_UNAVAILABLE,NONE_REPORTED,NO_OR_UNKNOWN,GRYPE,GRYPE,OPEN_REMAINING_MANUAL_REVIEW_REQUIRED,MANUAL_REVIEW_REQUIRED,OWNER_UNASSIGNED,DUE_DATE_OWNER_REQUIRED,NO_APPROVED_EXCEPTION
CVE-2026-0864,libpython3.12-stdlib,3.12.3-1ubuntu0.16,MEDIUM,PRESENT_IN_RUNTIME_IMAGE,RUNTIME_IMAGE,NOT_ASSESSED_SCANNER_DATA_UNAVAILABLE,NONE_REPORTED,NO_OR_UNKNOWN,GRYPE,GRYPE,OPEN_REMAINING_MANUAL_REVIEW_REQUIRED,MANUAL_REVIEW_REQUIRED,OWNER_UNASSIGNED,DUE_DATE_OWNER_REQUIRED,NO_APPROVED_EXCEPTION
CVE-2026-0864,python3.12,3.12.3-1ubuntu0.16,MEDIUM,PRESENT_IN_RUNTIME_IMAGE,RUNTIME_IMAGE,NOT_ASSESSED_SCANNER_DATA_UNAVAILABLE,NONE_REPORTED,NO_OR_UNKNOWN,GRYPE,GRYPE,OPEN_REMAINING_MANUAL_REVIEW_REQUIRED,MANUAL_REVIEW_REQUIRED,OWNER_UNASSIGNED,DUE_DATE_OWNER_REQUIRED,NO_APPROVED_EXCEPTION
CVE-2026-0864,python3.12-minimal,3.12.3-1ubuntu0.16,MEDIUM,PRESENT_IN_RUNTIME_IMAGE,RUNTIME_IMAGE,NOT_ASSESSED_SCANNER_DATA_UNAVAILABLE,NONE_REPORTED,NO_OR_UNKNOWN,GRYPE,GRYPE,OPEN_REMAINING_MANUAL_REVIEW_REQUIRED,MANUAL_REVIEW_REQUIRED,OWNER_UNASSIGNED,DUE_DATE_OWNER_REQUIRED,NO_APPROVED_EXCEPTION
CVE-2026-11940,libpython3.12-minimal,3.12.3-1ubuntu0.16,MEDIUM,PRESENT_IN_RUNTIME_IMAGE,RUNTIME_IMAGE,NOT_ASSESSED_SCANNER_DATA_UNAVAILABLE,NONE_REPORTED,NO_OR_UNKNOWN,GRYPE,GRYPE,OPEN_REMAINING_MANUAL_REVIEW_REQUIRED,MANUAL_REVIEW_REQUIRED,OWNER_UNASSIGNED,DUE_DATE_OWNER_REQUIRED,NO_APPROVED_EXCEPTION
CVE-2026-11940,libpython3.12-stdlib,3.12.3-1ubuntu0.16,MEDIUM,PRESENT_IN_RUNTIME_IMAGE,RUNTIME_IMAGE,NOT_ASSESSED_SCANNER_DATA_UNAVAILABLE,NONE_REPORTED,NO_OR_UNKNOWN,GRYPE,GRYPE,OPEN_REMAINING_MANUAL_REVIEW_REQUIRED,MANUAL_REVIEW_REQUIRED,OWNER_UNASSIGNED,DUE_DATE_OWNER_REQUIRED,NO_APPROVED_EXCEPTION
CVE-2026-11940,python3.12,3.12.3-1ubuntu0.16,MEDIUM,PRESENT_IN_RUNTIME_IMAGE,RUNTIME_IMAGE,NOT_ASSESSED_SCANNER_DATA_UNAVAILABLE,NONE_REPORTED,NO_OR_UNKNOWN,GRYPE,GRYPE,OPEN_REMAINING_MANUAL_REVIEW_REQUIRED,MANUAL_REVIEW_REQUIRED,OWNER_UNASSIGNED,DUE_DATE_OWNER_REQUIRED,NO_APPROVED_EXCEPTION
CVE-2026-11940,python3.12-minimal,3.12.3-1ubuntu0.16,MEDIUM,PRESENT_IN_RUNTIME_IMAGE,RUNTIME_IMAGE,NOT_ASSESSED_SCANNER_DATA_UNAVAILABLE,NONE_REPORTED,NO_OR_UNKNOWN,GRYPE,GRYPE,OPEN_REMAINING_MANUAL_REVIEW_REQUIRED,MANUAL_REVIEW_REQUIRED,OWNER_UNASSIGNED,DUE_DATE_OWNER_REQUIRED,NO_APPROVED_EXCEPTION
CVE-2026-11972,libpython3.12-minimal,3.12.3-1ubuntu0.16,MEDIUM,PRESENT_IN_RUNTIME_IMAGE,RUNTIME_IMAGE,NOT_ASSESSED_SCANNER_DATA_UNAVAILABLE,NONE_REPORTED,NO_OR_UNKNOWN,GRYPE,GRYPE,OPEN_REMAINING_MANUAL_REVIEW_REQUIRED,MANUAL_REVIEW_REQUIRED,OWNER_UNASSIGNED,DUE_DATE_OWNER_REQUIRED,NO_APPROVED_EXCEPTION
CVE-2026-11972,libpython3.12-stdlib,3.12.3-1ubuntu0.16,MEDIUM,PRESENT_IN_RUNTIME_IMAGE,RUNTIME_IMAGE,NOT_ASSESSED_SCANNER_DATA_UNAVAILABLE,NONE_REPORTED,NO_OR_UNKNOWN,GRYPE,GRYPE,OPEN_REMAINING_MANUAL_REVIEW_REQUIRED,MANUAL_REVIEW_REQUIRED,OWNER_UNASSIGNED,DUE_DATE_OWNER_REQUIRED,NO_APPROVED_EXCEPTION
CVE-2026-11972,python3.12,3.12.3-1ubuntu0.16,MEDIUM,PRESENT_IN_RUNTIME_IMAGE,RUNTIME_IMAGE,NOT_ASSESSED_SCANNER_DATA_UNAVAILABLE,NONE_REPORTED,NO_OR_UNKNOWN,GRYPE,GRYPE,OPEN_REMAINING_MANUAL_REVIEW_REQUIRED,MANUAL_REVIEW_REQUIRED,OWNER_UNASSIGNED,DUE_DATE_OWNER_REQUIRED,NO_APPROVED_EXCEPTION
CVE-2026-11972,python3.12-minimal,3.12.3-1ubuntu0.16,MEDIUM,PRESENT_IN_RUNTIME_IMAGE,RUNTIME_IMAGE,NOT_ASSESSED_SCANNER_DATA_UNAVAILABLE,NONE_REPORTED,NO_OR_UNKNOWN,GRYPE,GRYPE,OPEN_REMAINING_MANUAL_REVIEW_REQUIRED,MANUAL_REVIEW_REQUIRED,OWNER_UNASSIGNED,DUE_DATE_OWNER_REQUIRED,NO_APPROVED_EXCEPTION
CVE-2026-12087,libperl5.38t64,5.38.2-3.2ubuntu0.3,MEDIUM,PRESENT_IN_RUNTIME_IMAGE,RUNTIME_IMAGE,NOT_ASSESSED_SCANNER_DATA_UNAVAILABLE,NONE_REPORTED,NO_OR_UNKNOWN,GRYPE,GRYPE,OPEN_REMAINING_MANUAL_REVIEW_REQUIRED,MANUAL_REVIEW_REQUIRED,OWNER_UNASSIGNED,DUE_DATE_OWNER_REQUIRED,NO_APPROVED_EXCEPTION
CVE-2026-12087,perl,5.38.2-3.2ubuntu0.3,MEDIUM,PRESENT_IN_RUNTIME_IMAGE,RUNTIME_IMAGE,NOT_ASSESSED_SCANNER_DATA_UNAVAILABLE,NONE_REPORTED,NO_OR_UNKNOWN,GRYPE,GRYPE,OPEN_REMAINING_MANUAL_REVIEW_REQUIRED,MANUAL_REVIEW_REQUIRED,OWNER_UNASSIGNED,DUE_DATE_OWNER_REQUIRED,NO_APPROVED_EXCEPTION
CVE-2026-12087,perl-base,5.38.2-3.2ubuntu0.3,MEDIUM,PRESENT_IN_RUNTIME_IMAGE,RUNTIME_IMAGE,NOT_ASSESSED_SCANNER_DATA_UNAVAILABLE,NONE_REPORTED,NO_OR_UNKNOWN,GRYPE,GRYPE,OPEN_REMAINING_MANUAL_REVIEW_REQUIRED,MANUAL_REVIEW_REQUIRED,OWNER_UNASSIGNED,DUE_DATE_OWNER_REQUIRED,NO_APPROVED_EXCEPTION
CVE-2026-12087,perl-modules-5.38,5.38.2-3.2ubuntu0.3,MEDIUM,PRESENT_IN_RUNTIME_IMAGE,RUNTIME_IMAGE,NOT_ASSESSED_SCANNER_DATA_UNAVAILABLE,NONE_REPORTED,NO_OR_UNKNOWN,GRYPE,GRYPE,OPEN_REMAINING_MANUAL_REVIEW_REQUIRED,MANUAL_REVIEW_REQUIRED,OWNER_UNASSIGNED,DUE_DATE_OWNER_REQUIRED,NO_APPROVED_EXCEPTION
CVE-2026-12912,libtiff6,4.5.1+git230720-4ubuntu2.5,MEDIUM,PRESENT_IN_RUNTIME_IMAGE,RUNTIME_IMAGE,NOT_ASSESSED_SCANNER_DATA_UNAVAILABLE,NONE_REPORTED,NO_OR_UNKNOWN,GRYPE,GRYPE,OPEN_REMAINING_MANUAL_REVIEW_REQUIRED,MANUAL_REVIEW_REQUIRED,OWNER_UNASSIGNED,DUE_DATE_OWNER_REQUIRED,NO_APPROVED_EXCEPTION
CVE-2026-13221,libperl5.38t64,5.38.2-3.2ubuntu0.3,MEDIUM,PRESENT_IN_RUNTIME_IMAGE,RUNTIME_IMAGE,NOT_ASSESSED_SCANNER_DATA_UNAVAILABLE,NONE_REPORTED,NO_OR_UNKNOWN,GRYPE,GRYPE,OPEN_REMAINING_MANUAL_REVIEW_REQUIRED,MANUAL_REVIEW_REQUIRED,OWNER_UNASSIGNED,DUE_DATE_OWNER_REQUIRED,NO_APPROVED_EXCEPTION
CVE-2026-13221,perl,5.38.2-3.2ubuntu0.3,MEDIUM,PRESENT_IN_RUNTIME_IMAGE,RUNTIME_IMAGE,NOT_ASSESSED_SCANNER_DATA_UNAVAILABLE,NONE_REPORTED,NO_OR_UNKNOWN,GRYPE,GRYPE,OPEN_REMAINING_MANUAL_REVIEW_REQUIRED,MANUAL_REVIEW_REQUIRED,OWNER_UNASSIGNED,DUE_DATE_OWNER_REQUIRED,NO_APPROVED_EXCEPTION
CVE-2026-13221,perl-base,5.38.2-3.2ubuntu0.3,MEDIUM,PRESENT_IN_RUNTIME_IMAGE,RUNTIME_IMAGE,NOT_ASSESSED_SCANNER_DATA_UNAVAILABLE,NONE_REPORTED,NO_OR_UNKNOWN,GRYPE,GRYPE,OPEN_REMAINING_MANUAL_REVIEW_REQUIRED,MANUAL_REVIEW_REQUIRED,OWNER_UNASSIGNED,DUE_DATE_OWNER_REQUIRED,NO_APPROVED_EXCEPTION
CVE-2026-13221,perl-modules-5.38,5.38.2-3.2ubuntu0.3,MEDIUM,PRESENT_IN_RUNTIME_IMAGE,RUNTIME_IMAGE,NOT_ASSESSED_SCANNER_DATA_UNAVAILABLE,NONE_REPORTED,NO_OR_UNKNOWN,GRYPE,GRYPE,OPEN_REMAINING_MANUAL_REVIEW_REQUIRED,MANUAL_REVIEW_REQUIRED,OWNER_UNASSIGNED,DUE_DATE_OWNER_REQUIRED,NO_APPROVED_EXCEPTION
CVE-2026-13595,bsdutils,1:2.39.3-9ubuntu6.5,MEDIUM,PRESENT_IN_RUNTIME_IMAGE,RUNTIME_IMAGE,NOT_ASSESSED_SCANNER_DATA_UNAVAILABLE,NONE_REPORTED,NO_OR_UNKNOWN,GRYPE,GRYPE,OPEN_REMAINING_MANUAL_REVIEW_REQUIRED,MANUAL_REVIEW_REQUIRED,OWNER_UNASSIGNED,DUE_DATE_OWNER_REQUIRED,NO_APPROVED_EXCEPTION
CVE-2026-13595,libblkid1,2.39.3-9ubuntu6.5,MEDIUM,PRESENT_IN_RUNTIME_IMAGE,RUNTIME_IMAGE,NOT_ASSESSED_SCANNER_DATA_UNAVAILABLE,NONE_REPORTED,NO_OR_UNKNOWN,GRYPE,GRYPE,OPEN_REMAINING_MANUAL_REVIEW_REQUIRED,MANUAL_REVIEW_REQUIRED,OWNER_UNASSIGNED,DUE_DATE_OWNER_REQUIRED,NO_APPROVED_EXCEPTION
CVE-2026-13595,libfdisk1,2.39.3-9ubuntu6.5,MEDIUM,PRESENT_IN_RUNTIME_IMAGE,RUNTIME_IMAGE,NOT_ASSESSED_SCANNER_DATA_UNAVAILABLE,NONE_REPORTED,NO_OR_UNKNOWN,GRYPE,GRYPE,OPEN_REMAINING_MANUAL_REVIEW_REQUIRED,MANUAL_REVIEW_REQUIRED,OWNER_UNASSIGNED,DUE_DATE_OWNER_REQUIRED,NO_APPROVED_EXCEPTION
CVE-2026-13595,libmount1,2.39.3-9ubuntu6.5,MEDIUM,PRESENT_IN_RUNTIME_IMAGE,RUNTIME_IMAGE,NOT_ASSESSED_SCANNER_DATA_UNAVAILABLE,NONE_REPORTED,NO_OR_UNKNOWN,GRYPE,GRYPE,OPEN_REMAINING_MANUAL_REVIEW_REQUIRED,MANUAL_REVIEW_REQUIRED,OWNER_UNASSIGNED,DUE_DATE_OWNER_REQUIRED,NO_APPROVED_EXCEPTION
CVE-2026-13595,libsmartcols1,2.39.3-9ubuntu6.5,MEDIUM,PRESENT_IN_RUNTIME_IMAGE,RUNTIME_IMAGE,NOT_ASSESSED_SCANNER_DATA_UNAVAILABLE,NONE_REPORTED,NO_OR_UNKNOWN,GRYPE,GRYPE,OPEN_REMAINING_MANUAL_REVIEW_REQUIRED,MANUAL_REVIEW_REQUIRED,OWNER_UNASSIGNED,DUE_DATE_OWNER_REQUIRED,NO_APPROVED_EXCEPTION
CVE-2026-13595,libuuid1,2.39.3-9ubuntu6.5,MEDIUM,PRESENT_IN_RUNTIME_IMAGE,RUNTIME_IMAGE,NOT_ASSESSED_SCANNER_DATA_UNAVAILABLE,NONE_REPORTED,NO_OR_UNKNOWN,GRYPE,GRYPE,OPEN_REMAINING_MANUAL_REVIEW_REQUIRED,MANUAL_REVIEW_REQUIRED,OWNER_UNASSIGNED,DUE_DATE_OWNER_REQUIRED,NO_APPROVED_EXCEPTION
CVE-2026-13595,mount,2.39.3-9ubuntu6.5,MEDIUM,PRESENT_IN_RUNTIME_IMAGE,RUNTIME_IMAGE,NOT_ASSESSED_SCANNER_DATA_UNAVAILABLE,NONE_REPORTED,NO_OR_UNKNOWN,GRYPE,GRYPE,OPEN_REMAINING_MANUAL_REVIEW_REQUIRED,MANUAL_REVIEW_REQUIRED,OWNER_UNASSIGNED,DUE_DATE_OWNER_REQUIRED,NO_APPROVED_EXCEPTION
CVE-2026-13595,util-linux,2.39.3-9ubuntu6.5,MEDIUM,PRESENT_IN_RUNTIME_IMAGE,RUNTIME_IMAGE,NOT_ASSESSED_SCANNER_DATA_UNAVAILABLE,NONE_REPORTED,NO_OR_UNKNOWN,GRYPE,GRYPE,OPEN_REMAINING_MANUAL_REVIEW_REQUIRED,MANUAL_REVIEW_REQUIRED,OWNER_UNASSIGNED,DUE_DATE_OWNER_REQUIRED,NO_APPROVED_EXCEPTION
CVE-2026-13757,libp11-kit0,0.25.3-4ubuntu2.1,MEDIUM,PRESENT_IN_RUNTIME_IMAGE,RUNTIME_IMAGE,NOT_ASSESSED_SCANNER_DATA_UNAVAILABLE,NONE_REPORTED,NO_OR_UNKNOWN,GRYPE;TRIVY,GRYPE;TRIVY,OPEN_REMAINING_MANUAL_REVIEW_REQUIRED,MANUAL_REVIEW_REQUIRED,OWNER_UNASSIGNED,DUE_DATE_OWNER_REQUIRED,NO_APPROVED_EXCEPTION
CVE-2026-15308,libpython3.12-minimal,3.12.3-1ubuntu0.16,MEDIUM,PRESENT_IN_RUNTIME_IMAGE,RUNTIME_IMAGE,NOT_ASSESSED_SCANNER_DATA_UNAVAILABLE,NONE_REPORTED,NO_OR_UNKNOWN,GRYPE,GRYPE,OPEN_REMAINING_MANUAL_REVIEW_REQUIRED,MANUAL_REVIEW_REQUIRED,OWNER_UNASSIGNED,DUE_DATE_OWNER_REQUIRED,NO_APPROVED_EXCEPTION
CVE-2026-15308,libpython3.12-stdlib,3.12.3-1ubuntu0.16,MEDIUM,PRESENT_IN_RUNTIME_IMAGE,RUNTIME_IMAGE,NOT_ASSESSED_SCANNER_DATA_UNAVAILABLE,NONE_REPORTED,NO_OR_UNKNOWN,GRYPE,GRYPE,OPEN_REMAINING_MANUAL_REVIEW_REQUIRED,MANUAL_REVIEW_REQUIRED,OWNER_UNASSIGNED,DUE_DATE_OWNER_REQUIRED,NO_APPROVED_EXCEPTION
CVE-2026-15308,python3.12,3.12.3-1ubuntu0.16,MEDIUM,PRESENT_IN_RUNTIME_IMAGE,RUNTIME_IMAGE,NOT_ASSESSED_SCANNER_DATA_UNAVAILABLE,NONE_REPORTED,NO_OR_UNKNOWN,GRYPE,GRYPE,OPEN_REMAINING_MANUAL_REVIEW_REQUIRED,MANUAL_REVIEW_REQUIRED,OWNER_UNASSIGNED,DUE_DATE_OWNER_REQUIRED,NO_APPROVED_EXCEPTION
CVE-2026-15308,python3.12-minimal,3.12.3-1ubuntu0.16,MEDIUM,PRESENT_IN_RUNTIME_IMAGE,RUNTIME_IMAGE,NOT_ASSESSED_SCANNER_DATA_UNAVAILABLE,NONE_REPORTED,NO_OR_UNKNOWN,GRYPE,GRYPE,OPEN_REMAINING_MANUAL_REVIEW_REQUIRED,MANUAL_REVIEW_REQUIRED,OWNER_UNASSIGNED,DUE_DATE_OWNER_REQUIRED,NO_APPROVED_EXCEPTION
CVE-2026-15370,libssh-4,0.10.6-2ubuntu0.4,MEDIUM,PRESENT_IN_RUNTIME_IMAGE,RUNTIME_IMAGE,NOT_ASSESSED_SCANNER_DATA_UNAVAILABLE,NONE_REPORTED,NO_OR_UNKNOWN,GRYPE,GRYPE,OPEN_REMAINING_MANUAL_REVIEW_REQUIRED,MANUAL_REVIEW_REQUIRED,OWNER_UNASSIGNED,DUE_DATE_OWNER_REQUIRED,NO_APPROVED_EXCEPTION
CVE-2026-15534,libperl5.38t64,5.38.2-3.2ubuntu0.3,MEDIUM,PRESENT_IN_RUNTIME_IMAGE,RUNTIME_IMAGE,NOT_ASSESSED_SCANNER_DATA_UNAVAILABLE,NONE_REPORTED,NO_OR_UNKNOWN,GRYPE,GRYPE,OPEN_REMAINING_MANUAL_REVIEW_REQUIRED,MANUAL_REVIEW_REQUIRED,OWNER_UNASSIGNED,DUE_DATE_OWNER_REQUIRED,NO_APPROVED_EXCEPTION
CVE-2026-15534,perl,5.38.2-3.2ubuntu0.3,MEDIUM,PRESENT_IN_RUNTIME_IMAGE,RUNTIME_IMAGE,NOT_ASSESSED_SCANNER_DATA_UNAVAILABLE,NONE_REPORTED,NO_OR_UNKNOWN,GRYPE,GRYPE,OPEN_REMAINING_MANUAL_REVIEW_REQUIRED,MANUAL_REVIEW_REQUIRED,OWNER_UNASSIGNED,DUE_DATE_OWNER_REQUIRED,NO_APPROVED_EXCEPTION
CVE-2026-15534,perl-base,5.38.2-3.2ubuntu0.3,MEDIUM,PRESENT_IN_RUNTIME_IMAGE,RUNTIME_IMAGE,NOT_ASSESSED_SCANNER_DATA_UNAVAILABLE,NONE_REPORTED,NO_OR_UNKNOWN,GRYPE,GRYPE,OPEN_REMAINING_MANUAL_REVIEW_REQUIRED,MANUAL_REVIEW_REQUIRED,OWNER_UNASSIGNED,DUE_DATE_OWNER_REQUIRED,NO_APPROVED_EXCEPTION
CVE-2026-15534,perl-modules-5.38,5.38.2-3.2ubuntu0.3,MEDIUM,PRESENT_IN_RUNTIME_IMAGE,RUNTIME_IMAGE,NOT_ASSESSED_SCANNER_DATA_UNAVAILABLE,NONE_REPORTED,NO_OR_UNKNOWN,GRYPE,GRYPE,OPEN_REMAINING_MANUAL_REVIEW_REQUIRED,MANUAL_REVIEW_REQUIRED,OWNER_UNASSIGNED,DUE_DATE_OWNER_REQUIRED,NO_APPROVED_EXCEPTION
CVE-2026-15588,libglib2.0-0t64,2.80.0-6ubuntu3.8,MEDIUM,PRESENT_IN_RUNTIME_IMAGE,RUNTIME_IMAGE,NOT_ASSESSED_SCANNER_DATA_UNAVAILABLE,NONE_REPORTED,NO_OR_UNKNOWN,GRYPE,GRYPE,OPEN_REMAINING_MANUAL_REVIEW_REQUIRED,MANUAL_REVIEW_REQUIRED,OWNER_UNASSIGNED,DUE_DATE_OWNER_REQUIRED,NO_APPROVED_EXCEPTION
CVE-2026-15806,libpython3.12-minimal,3.12.3-1ubuntu0.16,MEDIUM,PRESENT_IN_RUNTIME_IMAGE,RUNTIME_IMAGE,NOT_ASSESSED_SCANNER_DATA_UNAVAILABLE,NONE_REPORTED,NO_OR_UNKNOWN,GRYPE,GRYPE,OPEN_REMAINING_MANUAL_REVIEW_REQUIRED,MANUAL_REVIEW_REQUIRED,OWNER_UNASSIGNED,DUE_DATE_OWNER_REQUIRED,NO_APPROVED_EXCEPTION
CVE-2026-15806,libpython3.12-stdlib,3.12.3-1ubuntu0.16,MEDIUM,PRESENT_IN_RUNTIME_IMAGE,RUNTIME_IMAGE,NOT_ASSESSED_SCANNER_DATA_UNAVAILABLE,NONE_REPORTED,NO_OR_UNKNOWN,GRYPE,GRYPE,OPEN_REMAINING_MANUAL_REVIEW_REQUIRED,MANUAL_REVIEW_REQUIRED,OWNER_UNASSIGNED,DUE_DATE_OWNER_REQUIRED,NO_APPROVED_EXCEPTION
CVE-2026-15806,python3.12,3.12.3-1ubuntu0.16,MEDIUM,PRESENT_IN_RUNTIME_IMAGE,RUNTIME_IMAGE,NOT_ASSESSED_SCANNER_DATA_UNAVAILABLE,NONE_REPORTED,NO_OR_UNKNOWN,GRYPE,GRYPE,OPEN_REMAINING_MANUAL_REVIEW_REQUIRED,MANUAL_REVIEW_REQUIRED,OWNER_UNASSIGNED,DUE_DATE_OWNER_REQUIRED,NO_APPROVED_EXCEPTION
CVE-2026-15806,python3.12-minimal,3.12.3-1ubuntu0.16,MEDIUM,PRESENT_IN_RUNTIME_IMAGE,RUNTIME_IMAGE,NOT_ASSESSED_SCANNER_DATA_UNAVAILABLE,NONE_REPORTED,NO_OR_UNKNOWN,GRYPE,GRYPE,OPEN_REMAINING_MANUAL_REVIEW_REQUIRED,MANUAL_REVIEW_REQUIRED,OWNER_UNASSIGNED,DUE_DATE_OWNER_REQUIRED,NO_APPROVED_EXCEPTION
CVE-2026-16118,libglib2.0-0t64,2.80.0-6ubuntu3.8,MEDIUM,PRESENT_IN_RUNTIME_IMAGE,RUNTIME_IMAGE,NOT_ASSESSED_SCANNER_DATA_UNAVAILABLE,NONE_REPORTED,NO_OR_UNKNOWN,GRYPE,GRYPE,OPEN_REMAINING_MANUAL_REVIEW_REQUIRED,MANUAL_REVIEW_REQUIRED,OWNER_UNASSIGNED,DUE_DATE_OWNER_REQUIRED,NO_APPROVED_EXCEPTION
CVE-2026-16768,libgdk-pixbuf-2.0-0,2.42.10+dfsg-3ubuntu3.3,MEDIUM,PRESENT_IN_RUNTIME_IMAGE,RUNTIME_IMAGE,NOT_ASSESSED_SCANNER_DATA_UNAVAILABLE,NONE_REPORTED,NO_OR_UNKNOWN,GRYPE,GRYPE,OPEN_REMAINING_MANUAL_REVIEW_REQUIRED,MANUAL_REVIEW_REQUIRED,OWNER_UNASSIGNED,DUE_DATE_OWNER_REQUIRED,NO_APPROVED_EXCEPTION
CVE-2026-16768,libgdk-pixbuf2.0-common,2.42.10+dfsg-3ubuntu3.3,MEDIUM,PRESENT_IN_RUNTIME_IMAGE,RUNTIME_IMAGE,NOT_ASSESSED_SCANNER_DATA_UNAVAILABLE,NONE_REPORTED,NO_OR_UNKNOWN,GRYPE,GRYPE,OPEN_REMAINING_MANUAL_REVIEW_REQUIRED,MANUAL_REVIEW_REQUIRED,OWNER_UNASSIGNED,DUE_DATE_OWNER_REQUIRED,NO_APPROVED_EXCEPTION
CVE-2026-17084,libpython3.12-minimal,3.12.3-1ubuntu0.16,MEDIUM,PRESENT_IN_RUNTIME_IMAGE,RUNTIME_IMAGE,NOT_ASSESSED_SCANNER_DATA_UNAVAILABLE,NONE_REPORTED,NO_OR_UNKNOWN,GRYPE,GRYPE,OPEN_REMAINING_MANUAL_REVIEW_REQUIRED,MANUAL_REVIEW_REQUIRED,OWNER_UNASSIGNED,DUE_DATE_OWNER_REQUIRED,NO_APPROVED_EXCEPTION
CVE-2026-17084,libpython3.12-stdlib,3.12.3-1ubuntu0.16,MEDIUM,PRESENT_IN_RUNTIME_IMAGE,RUNTIME_IMAGE,NOT_ASSESSED_SCANNER_DATA_UNAVAILABLE,NONE_REPORTED,NO_OR_UNKNOWN,GRYPE,GRYPE,OPEN_REMAINING_MANUAL_REVIEW_REQUIRED,MANUAL_REVIEW_REQUIRED,OWNER_UNASSIGNED,DUE_DATE_OWNER_REQUIRED,NO_APPROVED_EXCEPTION
CVE-2026-17084,python3.12,3.12.3-1ubuntu0.16,MEDIUM,PRESENT_IN_RUNTIME_IMAGE,RUNTIME_IMAGE,NOT_ASSESSED_SCANNER_DATA_UNAVAILABLE,NONE_REPORTED,NO_OR_UNKNOWN,GRYPE,GRYPE,OPEN_REMAINING_MANUAL_REVIEW_REQUIRED,MANUAL_REVIEW_REQUIRED,OWNER_UNASSIGNED,DUE_DATE_OWNER_REQUIRED,NO_APPROVED_EXCEPTION
CVE-2026-17084,python3.12-minimal,3.12.3-1ubuntu0.16,MEDIUM,PRESENT_IN_RUNTIME_IMAGE,RUNTIME_IMAGE,NOT_ASSESSED_SCANNER_DATA_UNAVAILABLE,NONE_REPORTED,NO_OR_UNKNOWN,GRYPE,GRYPE,OPEN_REMAINING_MANUAL_REVIEW_REQUIRED,MANUAL_REVIEW_REQUIRED,OWNER_UNASSIGNED,DUE_DATE_OWNER_REQUIRED,NO_APPROVED_EXCEPTION
CVE-2026-18477,tar,1.35+dfsg-3ubuntu0.4,MEDIUM,PRESENT_IN_RUNTIME_IMAGE,RUNTIME_IMAGE,NOT_ASSESSED_SCANNER_DATA_UNAVAILABLE,NONE_REPORTED,NO_OR_UNKNOWN,GRYPE;TRIVY,GRYPE;TRIVY,OPEN_REMAINING_MANUAL_REVIEW_REQUIRED,MANUAL_REVIEW_REQUIRED,OWNER_UNASSIGNED,DUE_DATE_OWNER_REQUIRED,NO_APPROVED_EXCEPTION
CVE-2026-18503,libpython3.12-minimal,3.12.3-1ubuntu0.16,MEDIUM,PRESENT_IN_RUNTIME_IMAGE,RUNTIME_IMAGE,NOT_ASSESSED_SCANNER_DATA_UNAVAILABLE,NONE_REPORTED,NO_OR_UNKNOWN,GRYPE,GRYPE,OPEN_REMAINING_MANUAL_REVIEW_REQUIRED,MANUAL_REVIEW_REQUIRED,OWNER_UNASSIGNED,DUE_DATE_OWNER_REQUIRED,NO_APPROVED_EXCEPTION
CVE-2026-18503,libpython3.12-stdlib,3.12.3-1ubuntu0.16,MEDIUM,PRESENT_IN_RUNTIME_IMAGE,RUNTIME_IMAGE,NOT_ASSESSED_SCANNER_DATA_UNAVAILABLE,NONE_REPORTED,NO_OR_UNKNOWN,GRYPE,GRYPE,OPEN_REMAINING_MANUAL_REVIEW_REQUIRED,MANUAL_REVIEW_REQUIRED,OWNER_UNASSIGNED,DUE_DATE_OWNER_REQUIRED,NO_APPROVED_EXCEPTION
CVE-2026-18503,python3.12,3.12.3-1ubuntu0.16,MEDIUM,PRESENT_IN_RUNTIME_IMAGE,RUNTIME_IMAGE,NOT_ASSESSED_SCANNER_DATA_UNAVAILABLE,NONE_REPORTED,NO_OR_UNKNOWN,GRYPE,GRYPE,OPEN_REMAINING_MANUAL_REVIEW_REQUIRED,MANUAL_REVIEW_REQUIRED,OWNER_UNASSIGNED,DUE_DATE_OWNER_REQUIRED,NO_APPROVED_EXCEPTION
CVE-2026-18503,python3.12-minimal,3.12.3-1ubuntu0.16,MEDIUM,PRESENT_IN_RUNTIME_IMAGE,RUNTIME_IMAGE,NOT_ASSESSED_SCANNER_DATA_UNAVAILABLE,NONE_REPORTED,NO_OR_UNKNOWN,GRYPE,GRYPE,OPEN_REMAINING_MANUAL_REVIEW_REQUIRED,MANUAL_REVIEW_REQUIRED,OWNER_UNASSIGNED,DUE_DATE_OWNER_REQUIRED,NO_APPROVED_EXCEPTION
CVE-2026-18508,tar,1.35+dfsg-3ubuntu0.4,MEDIUM,PRESENT_IN_RUNTIME_IMAGE,RUNTIME_IMAGE,NOT_ASSESSED_SCANNER_DATA_UNAVAILABLE,NONE_REPORTED,NO_OR_UNKNOWN,GRYPE;TRIVY,GRYPE;TRIVY,OPEN_REMAINING_MANUAL_REVIEW_REQUIRED,MANUAL_REVIEW_REQUIRED,OWNER_UNASSIGNED,DUE_DATE_OWNER_REQUIRED,NO_APPROVED_EXCEPTION
CVE-2026-18938,libp11-kit0,0.25.3-4ubuntu2.1,MEDIUM,PRESENT_IN_RUNTIME_IMAGE,RUNTIME_IMAGE,NOT_ASSESSED_SCANNER_DATA_UNAVAILABLE,NONE_REPORTED,NO_OR_UNKNOWN,GRYPE,GRYPE,OPEN_REMAINING_MANUAL_REVIEW_REQUIRED,MANUAL_REVIEW_REQUIRED,OWNER_UNASSIGNED,DUE_DATE_OWNER_REQUIRED,NO_APPROVED_EXCEPTION
CVE-2026-19487,libperl5.38t64,5.38.2-3.2ubuntu0.3,MEDIUM,PRESENT_IN_RUNTIME_IMAGE,RUNTIME_IMAGE,NOT_ASSESSED_SCANNER_DATA_UNAVAILABLE,NONE_REPORTED,NO_OR_UNKNOWN,GRYPE,GRYPE,OPEN_REMAINING_MANUAL_REVIEW_REQUIRED,MANUAL_REVIEW_REQUIRED,OWNER_UNASSIGNED,DUE_DATE_OWNER_REQUIRED,NO_APPROVED_EXCEPTION
CVE-2026-19487,perl,5.38.2-3.2ubuntu0.3,MEDIUM,PRESENT_IN_RUNTIME_IMAGE,RUNTIME_IMAGE,NOT_ASSESSED_SCANNER_DATA_UNAVAILABLE,NONE_REPORTED,NO_OR_UNKNOWN,GRYPE,GRYPE,OPEN_REMAINING_MANUAL_REVIEW_REQUIRED,MANUAL_REVIEW_REQUIRED,OWNER_UNASSIGNED,DUE_DATE_OWNER_REQUIRED,NO_APPROVED_EXCEPTION
CVE-2026-19487,perl-base,5.38.2-3.2ubuntu0.3,MEDIUM,PRESENT_IN_RUNTIME_IMAGE,RUNTIME_IMAGE,NOT_ASSESSED_SCANNER_DATA_UNAVAILABLE,NONE_REPORTED,NO_OR_UNKNOWN,GRYPE,GRYPE,OPEN_REMAINING_MANUAL_REVIEW_REQUIRED,MANUAL_REVIEW_REQUIRED,OWNER_UNASSIGNED,DUE_DATE_OWNER_REQUIRED,NO_APPROVED_EXCEPTION
CVE-2026-19487,perl-modules-5.38,5.38.2-3.2ubuntu0.3,MEDIUM,PRESENT_IN_RUNTIME_IMAGE,RUNTIME_IMAGE,NOT_ASSESSED_SCANNER_DATA_UNAVAILABLE,NONE_REPORTED,NO_OR_UNKNOWN,GRYPE,GRYPE,OPEN_REMAINING_MANUAL_REVIEW_REQUIRED,MANUAL_REVIEW_REQUIRED,OWNER_UNASSIGNED,DUE_DATE_OWNER_REQUIRED,NO_APPROVED_EXCEPTION
CVE-2026-19617,libdevmapper1.02.1,2:1.02.185-3ubuntu3.2,MEDIUM,PRESENT_IN_RUNTIME_IMAGE,RUNTIME_IMAGE,NOT_ASSESSED_SCANNER_DATA_UNAVAILABLE,NONE_REPORTED,NO_OR_UNKNOWN,GRYPE;TRIVY,GRYPE;TRIVY,OPEN_REMAINING_MANUAL_REVIEW_REQUIRED,MANUAL_REVIEW_REQUIRED,OWNER_UNASSIGNED,DUE_DATE_OWNER_REQUIRED,NO_APPROVED_EXCEPTION
CVE-2026-19672,libpython3.12-minimal,3.12.3-1ubuntu0.16,MEDIUM,PRESENT_IN_RUNTIME_IMAGE,RUNTIME_IMAGE,NOT_ASSESSED_SCANNER_DATA_UNAVAILABLE,NONE_REPORTED,NO_OR_UNKNOWN,GRYPE,GRYPE,OPEN_REMAINING_MANUAL_REVIEW_REQUIRED,MANUAL_REVIEW_REQUIRED,OWNER_UNASSIGNED,DUE_DATE_OWNER_REQUIRED,NO_APPROVED_EXCEPTION
CVE-2026-19672,libpython3.12-stdlib,3.12.3-1ubuntu0.16,MEDIUM,PRESENT_IN_RUNTIME_IMAGE,RUNTIME_IMAGE,NOT_ASSESSED_SCANNER_DATA_UNAVAILABLE,NONE_REPORTED,NO_OR_UNKNOWN,GRYPE,GRYPE,OPEN_REMAINING_MANUAL_REVIEW_REQUIRED,MANUAL_REVIEW_REQUIRED,OWNER_UNASSIGNED,DUE_DATE_OWNER_REQUIRED,NO_APPROVED_EXCEPTION
CVE-2026-19672,python3.12,3.12.3-1ubuntu0.16,MEDIUM,PRESENT_IN_RUNTIME_IMAGE,RUNTIME_IMAGE,NOT_ASSESSED_SCANNER_DATA_UNAVAILABLE,NONE_REPORTED,NO_OR_UNKNOWN,GRYPE,GRYPE,OPEN_REMAINING_MANUAL_REVIEW_REQUIRED,MANUAL_REVIEW_REQUIRED,OWNER_UNASSIGNED,DUE_DATE_OWNER_REQUIRED,NO_APPROVED_EXCEPTION
CVE-2026-19672,python3.12-minimal,3.12.3-1ubuntu0.16,MEDIUM,PRESENT_IN_RUNTIME_IMAGE,RUNTIME_IMAGE,NOT_ASSESSED_SCANNER_DATA_UNAVAILABLE,NONE_REPORTED,NO_OR_UNKNOWN,GRYPE,GRYPE,OPEN_REMAINING_MANUAL_REVIEW_REQUIRED,MANUAL_REVIEW_REQUIRED,OWNER_UNASSIGNED,DUE_DATE_OWNER_REQUIRED,NO_APPROVED_EXCEPTION
CVE-2026-25680,golang.org/x/net,v0.53.0,MEDIUM,PRESENT_IN_RUNTIME_IMAGE,RUNTIME_IMAGE,NOT_ASSESSED_SCANNER_DATA_UNAVAILABLE,0.55.0,YES,TRIVY,TRIVY,OPEN_REMAINING_MANUAL_REVIEW_REQUIRED,MANUAL_REVIEW_REQUIRED,OWNER_UNASSIGNED,DUE_DATE_OWNER_REQUIRED,NO_APPROVED_EXCEPTION
CVE-2026-27142,stdlib,v1.25.0,MEDIUM,PRESENT_IN_RUNTIME_IMAGE,RUNTIME_IMAGE,NOT_ASSESSED_SCANNER_DATA_UNAVAILABLE,"1.25.8, 1.26.1",YES,TRIVY,TRIVY,OPEN_REMAINING_MANUAL_REVIEW_REQUIRED,MANUAL_REVIEW_REQUIRED,OWNER_UNASSIGNED,DUE_DATE_OWNER_REQUIRED,NO_APPROVED_EXCEPTION
CVE-2026-27456,bsdutils,1:2.39.3-9ubuntu6.5,MEDIUM,PRESENT_IN_RUNTIME_IMAGE,RUNTIME_IMAGE,NOT_ASSESSED_SCANNER_DATA_UNAVAILABLE,NONE_REPORTED,NO_OR_UNKNOWN,GRYPE;TRIVY,GRYPE;TRIVY,OPEN_REMAINING_MANUAL_REVIEW_REQUIRED,MANUAL_REVIEW_REQUIRED,OWNER_UNASSIGNED,DUE_DATE_OWNER_REQUIRED,NO_APPROVED_EXCEPTION
CVE-2026-27456,libblkid1,2.39.3-9ubuntu6.5,MEDIUM,PRESENT_IN_RUNTIME_IMAGE,RUNTIME_IMAGE,NOT_ASSESSED_SCANNER_DATA_UNAVAILABLE,NONE_REPORTED,NO_OR_UNKNOWN,GRYPE;TRIVY,GRYPE;TRIVY,OPEN_REMAINING_MANUAL_REVIEW_REQUIRED,MANUAL_REVIEW_REQUIRED,OWNER_UNASSIGNED,DUE_DATE_OWNER_REQUIRED,NO_APPROVED_EXCEPTION
CVE-2026-27456,libfdisk1,2.39.3-9ubuntu6.5,MEDIUM,PRESENT_IN_RUNTIME_IMAGE,RUNTIME_IMAGE,NOT_ASSESSED_SCANNER_DATA_UNAVAILABLE,NONE_REPORTED,NO_OR_UNKNOWN,GRYPE;TRIVY,GRYPE;TRIVY,OPEN_REMAINING_MANUAL_REVIEW_REQUIRED,MANUAL_REVIEW_REQUIRED,OWNER_UNASSIGNED,DUE_DATE_OWNER_REQUIRED,NO_APPROVED_EXCEPTION
CVE-2026-27456,libmount1,2.39.3-9ubuntu6.5,MEDIUM,PRESENT_IN_RUNTIME_IMAGE,RUNTIME_IMAGE,NOT_ASSESSED_SCANNER_DATA_UNAVAILABLE,NONE_REPORTED,NO_OR_UNKNOWN,GRYPE;TRIVY,GRYPE;TRIVY,OPEN_REMAINING_MANUAL_REVIEW_REQUIRED,MANUAL_REVIEW_REQUIRED,OWNER_UNASSIGNED,DUE_DATE_OWNER_REQUIRED,NO_APPROVED_EXCEPTION
CVE-2026-27456,libsmartcols1,2.39.3-9ubuntu6.5,MEDIUM,PRESENT_IN_RUNTIME_IMAGE,RUNTIME_IMAGE,NOT_ASSESSED_SCANNER_DATA_UNAVAILABLE,NONE_REPORTED,NO_OR_UNKNOWN,GRYPE;TRIVY,GRYPE;TRIVY,OPEN_REMAINING_MANUAL_REVIEW_REQUIRED,MANUAL_REVIEW_REQUIRED,OWNER_UNASSIGNED,DUE_DATE_OWNER_REQUIRED,NO_APPROVED_EXCEPTION
CVE-2026-27456,libuuid1,2.39.3-9ubuntu6.5,MEDIUM,PRESENT_IN_RUNTIME_IMAGE,RUNTIME_IMAGE,NOT_ASSESSED_SCANNER_DATA_UNAVAILABLE,NONE_REPORTED,NO_OR_UNKNOWN,GRYPE;TRIVY,GRYPE;TRIVY,OPEN_REMAINING_MANUAL_REVIEW_REQUIRED,MANUAL_REVIEW_REQUIRED,OWNER_UNASSIGNED,DUE_DATE_OWNER_REQUIRED,NO_APPROVED_EXCEPTION
CVE-2026-27456,mount,2.39.3-9ubuntu6.5,MEDIUM,PRESENT_IN_RUNTIME_IMAGE,RUNTIME_IMAGE,NOT_ASSESSED_SCANNER_DATA_UNAVAILABLE,NONE_REPORTED,NO_OR_UNKNOWN,GRYPE;TRIVY,GRYPE;TRIVY,OPEN_REMAINING_MANUAL_REVIEW_REQUIRED,MANUAL_REVIEW_REQUIRED,OWNER_UNASSIGNED,DUE_DATE_OWNER_REQUIRED,NO_APPROVED_EXCEPTION
CVE-2026-27456,util-linux,2.39.3-9ubuntu6.5,MEDIUM,PRESENT_IN_RUNTIME_IMAGE,RUNTIME_IMAGE,NOT_ASSESSED_SCANNER_DATA_UNAVAILABLE,NONE_REPORTED,NO_OR_UNKNOWN,GRYPE;TRIVY,GRYPE;TRIVY,OPEN_REMAINING_MANUAL_REVIEW_REQUIRED,MANUAL_REVIEW_REQUIRED,OWNER_UNASSIGNED,DUE_DATE_OWNER_REQUIRED,NO_APPROVED_EXCEPTION
CVE-2026-32282,stdlib,v1.25.0,MEDIUM,PRESENT_IN_RUNTIME_IMAGE,RUNTIME_IMAGE,NOT_ASSESSED_SCANNER_DATA_UNAVAILABLE,"1.25.9, 1.26.2",YES,TRIVY,TRIVY,OPEN_REMAINING_MANUAL_REVIEW_REQUIRED,MANUAL_REVIEW_REQUIRED,OWNER_UNASSIGNED,DUE_DATE_OWNER_REQUIRED,NO_APPROVED_EXCEPTION
CVE-2026-32288,stdlib,v1.25.0,MEDIUM,PRESENT_IN_RUNTIME_IMAGE,RUNTIME_IMAGE,NOT_ASSESSED_SCANNER_DATA_UNAVAILABLE,"1.25.9, 1.26.2",YES,TRIVY,TRIVY,OPEN_REMAINING_MANUAL_REVIEW_REQUIRED,MANUAL_REVIEW_REQUIRED,OWNER_UNASSIGNED,DUE_DATE_OWNER_REQUIRED,NO_APPROVED_EXCEPTION
CVE-2026-32289,stdlib,v1.25.0,MEDIUM,PRESENT_IN_RUNTIME_IMAGE,RUNTIME_IMAGE,NOT_ASSESSED_SCANNER_DATA_UNAVAILABLE,"1.25.9, 1.26.2",YES,TRIVY,TRIVY,OPEN_REMAINING_MANUAL_REVIEW_REQUIRED,MANUAL_REVIEW_REQUIRED,OWNER_UNASSIGNED,DUE_DATE_OWNER_REQUIRED,NO_APPROVED_EXCEPTION
CVE-2026-32776,libexpat1,2.6.1-2ubuntu0.4,MEDIUM,PRESENT_IN_RUNTIME_IMAGE,RUNTIME_IMAGE,NOT_ASSESSED_SCANNER_DATA_UNAVAILABLE,NONE_REPORTED,NO_OR_UNKNOWN,GRYPE,GRYPE,OPEN_REMAINING_MANUAL_REVIEW_REQUIRED,MANUAL_REVIEW_REQUIRED,OWNER_UNASSIGNED,DUE_DATE_OWNER_REQUIRED,NO_APPROVED_EXCEPTION
CVE-2026-32777,libexpat1,2.6.1-2ubuntu0.4,MEDIUM,PRESENT_IN_RUNTIME_IMAGE,RUNTIME_IMAGE,NOT_ASSESSED_SCANNER_DATA_UNAVAILABLE,NONE_REPORTED,NO_OR_UNKNOWN,GRYPE,GRYPE,OPEN_REMAINING_MANUAL_REVIEW_REQUIRED,MANUAL_REVIEW_REQUIRED,OWNER_UNASSIGNED,DUE_DATE_OWNER_REQUIRED,NO_APPROVED_EXCEPTION
CVE-2026-32778,libexpat1,2.6.1-2ubuntu0.4,MEDIUM,PRESENT_IN_RUNTIME_IMAGE,RUNTIME_IMAGE,NOT_ASSESSED_SCANNER_DATA_UNAVAILABLE,NONE_REPORTED,NO_OR_UNKNOWN,GRYPE,GRYPE,OPEN_REMAINING_MANUAL_REVIEW_REQUIRED,MANUAL_REVIEW_REQUIRED,OWNER_UNASSIGNED,DUE_DATE_OWNER_REQUIRED,NO_APPROVED_EXCEPTION
CVE-2026-3446,libpython3.12-minimal,3.12.3-1ubuntu0.16,MEDIUM,PRESENT_IN_RUNTIME_IMAGE,RUNTIME_IMAGE,NOT_ASSESSED_SCANNER_DATA_UNAVAILABLE,NONE_REPORTED,NO_OR_UNKNOWN,GRYPE,GRYPE,OPEN_REMAINING_MANUAL_REVIEW_REQUIRED,MANUAL_REVIEW_REQUIRED,OWNER_UNASSIGNED,DUE_DATE_OWNER_REQUIRED,NO_APPROVED_EXCEPTION
CVE-2026-3446,libpython3.12-stdlib,3.12.3-1ubuntu0.16,MEDIUM,PRESENT_IN_RUNTIME_IMAGE,RUNTIME_IMAGE,NOT_ASSESSED_SCANNER_DATA_UNAVAILABLE,NONE_REPORTED,NO_OR_UNKNOWN,GRYPE,GRYPE,OPEN_REMAINING_MANUAL_REVIEW_REQUIRED,MANUAL_REVIEW_REQUIRED,OWNER_UNASSIGNED,DUE_DATE_OWNER_REQUIRED,NO_APPROVED_EXCEPTION
CVE-2026-3446,python3.12,3.12.3-1ubuntu0.16,MEDIUM,PRESENT_IN_RUNTIME_IMAGE,RUNTIME_IMAGE,NOT_ASSESSED_SCANNER_DATA_UNAVAILABLE,NONE_REPORTED,NO_OR_UNKNOWN,GRYPE,GRYPE,OPEN_REMAINING_MANUAL_REVIEW_REQUIRED,MANUAL_REVIEW_REQUIRED,OWNER_UNASSIGNED,DUE_DATE_OWNER_REQUIRED,NO_APPROVED_EXCEPTION
CVE-2026-3446,python3.12-minimal,3.12.3-1ubuntu0.16,MEDIUM,PRESENT_IN_RUNTIME_IMAGE,RUNTIME_IMAGE,NOT_ASSESSED_SCANNER_DATA_UNAVAILABLE,NONE_REPORTED,NO_OR_UNKNOWN,GRYPE,GRYPE,OPEN_REMAINING_MANUAL_REVIEW_REQUIRED,MANUAL_REVIEW_REQUIRED,OWNER_UNASSIGNED,DUE_DATE_OWNER_REQUIRED,NO_APPROVED_EXCEPTION
CVE-2026-36849,libtiff6,4.5.1+git230720-4ubuntu2.5,MEDIUM,PRESENT_IN_RUNTIME_IMAGE,RUNTIME_IMAGE,NOT_ASSESSED_SCANNER_DATA_UNAVAILABLE,NONE_REPORTED,NO_OR_UNKNOWN,GRYPE,GRYPE,OPEN_REMAINING_MANUAL_REVIEW_REQUIRED,MANUAL_REVIEW_REQUIRED,OWNER_UNASSIGNED,DUE_DATE_OWNER_REQUIRED,NO_APPROVED_EXCEPTION
CVE-2026-39823,stdlib,v1.25.0,MEDIUM,PRESENT_IN_RUNTIME_IMAGE,RUNTIME_IMAGE,NOT_ASSESSED_SCANNER_DATA_UNAVAILABLE,"1.25.10, 1.26.3",YES,TRIVY,TRIVY,OPEN_REMAINING_MANUAL_REVIEW_REQUIRED,MANUAL_REVIEW_REQUIRED,OWNER_UNASSIGNED,DUE_DATE_OWNER_REQUIRED,NO_APPROVED_EXCEPTION
CVE-2026-39823,stdlib,v1.26.2,MEDIUM,PRESENT_IN_RUNTIME_IMAGE,RUNTIME_IMAGE,NOT_ASSESSED_SCANNER_DATA_UNAVAILABLE,"1.25.10, 1.26.3",YES,TRIVY,TRIVY,OPEN_REMAINING_MANUAL_REVIEW_REQUIRED,MANUAL_REVIEW_REQUIRED,OWNER_UNASSIGNED,DUE_DATE_OWNER_REQUIRED,NO_APPROVED_EXCEPTION
CVE-2026-39825,stdlib,v1.25.0,MEDIUM,PRESENT_IN_RUNTIME_IMAGE,RUNTIME_IMAGE,NOT_ASSESSED_SCANNER_DATA_UNAVAILABLE,"1.25.10, 1.26.3",YES,TRIVY,TRIVY,OPEN_REMAINING_MANUAL_REVIEW_REQUIRED,MANUAL_REVIEW_REQUIRED,OWNER_UNASSIGNED,DUE_DATE_OWNER_REQUIRED,NO_APPROVED_EXCEPTION
CVE-2026-39825,stdlib,v1.26.2,MEDIUM,PRESENT_IN_RUNTIME_IMAGE,RUNTIME_IMAGE,NOT_ASSESSED_SCANNER_DATA_UNAVAILABLE,"1.25.10, 1.26.3",YES,TRIVY,TRIVY,OPEN_REMAINING_MANUAL_REVIEW_REQUIRED,MANUAL_REVIEW_REQUIRED,OWNER_UNASSIGNED,DUE_DATE_OWNER_REQUIRED,NO_APPROVED_EXCEPTION
CVE-2026-39826,stdlib,v1.25.0,MEDIUM,PRESENT_IN_RUNTIME_IMAGE,RUNTIME_IMAGE,NOT_ASSESSED_SCANNER_DATA_UNAVAILABLE,"1.25.10, 1.26.3",YES,TRIVY,TRIVY,OPEN_REMAINING_MANUAL_REVIEW_REQUIRED,MANUAL_REVIEW_REQUIRED,OWNER_UNASSIGNED,DUE_DATE_OWNER_REQUIRED,NO_APPROVED_EXCEPTION
CVE-2026-39826,stdlib,v1.26.2,MEDIUM,PRESENT_IN_RUNTIME_IMAGE,RUNTIME_IMAGE,NOT_ASSESSED_SCANNER_DATA_UNAVAILABLE,"1.25.10, 1.26.3",YES,TRIVY,TRIVY,OPEN_REMAINING_MANUAL_REVIEW_REQUIRED,MANUAL_REVIEW_REQUIRED,OWNER_UNASSIGNED,DUE_DATE_OWNER_REQUIRED,NO_APPROVED_EXCEPTION
CVE-2026-41080,libexpat1,2.6.1-2ubuntu0.4,MEDIUM,PRESENT_IN_RUNTIME_IMAGE,RUNTIME_IMAGE,NOT_ASSESSED_SCANNER_DATA_UNAVAILABLE,NONE_REPORTED,NO_OR_UNKNOWN,GRYPE,GRYPE,OPEN_REMAINING_MANUAL_REVIEW_REQUIRED,MANUAL_REVIEW_REQUIRED,OWNER_UNASSIGNED,DUE_DATE_OWNER_REQUIRED,NO_APPROVED_EXCEPTION
CVE-2026-42502,golang.org/x/net,v0.53.0,MEDIUM,PRESENT_IN_RUNTIME_IMAGE,RUNTIME_IMAGE,NOT_ASSESSED_SCANNER_DATA_UNAVAILABLE,0.55.0,YES,TRIVY,TRIVY,OPEN_REMAINING_MANUAL_REVIEW_REQUIRED,MANUAL_REVIEW_REQUIRED,OWNER_UNASSIGNED,DUE_DATE_OWNER_REQUIRED,NO_APPROVED_EXCEPTION
CVE-2026-42505,stdlib,v1.25.0,MEDIUM,PRESENT_IN_RUNTIME_IMAGE,RUNTIME_IMAGE,NOT_ASSESSED_SCANNER_DATA_UNAVAILABLE,"1.25.12, 1.26.5, 1.27.0-rc.2",YES,TRIVY,TRIVY,OPEN_REMAINING_MANUAL_REVIEW_REQUIRED,MANUAL_REVIEW_REQUIRED,OWNER_UNASSIGNED,DUE_DATE_OWNER_REQUIRED,NO_APPROVED_EXCEPTION
CVE-2026-42505,stdlib,v1.26.2,MEDIUM,PRESENT_IN_RUNTIME_IMAGE,RUNTIME_IMAGE,NOT_ASSESSED_SCANNER_DATA_UNAVAILABLE,"1.25.12, 1.26.5, 1.27.0-rc.2",YES,TRIVY,TRIVY,OPEN_REMAINING_MANUAL_REVIEW_REQUIRED,MANUAL_REVIEW_REQUIRED,OWNER_UNASSIGNED,DUE_DATE_OWNER_REQUIRED,NO_APPROVED_EXCEPTION
CVE-2026-42506,golang.org/x/net,v0.53.0,MEDIUM,PRESENT_IN_RUNTIME_IMAGE,RUNTIME_IMAGE,NOT_ASSESSED_SCANNER_DATA_UNAVAILABLE,0.55.0,YES,TRIVY,TRIVY,OPEN_REMAINING_MANUAL_REVIEW_REQUIRED,MANUAL_REVIEW_REQUIRED,OWNER_UNASSIGNED,DUE_DATE_OWNER_REQUIRED,NO_APPROVED_EXCEPTION
CVE-2026-42507,stdlib,v1.25.0,MEDIUM,PRESENT_IN_RUNTIME_IMAGE,RUNTIME_IMAGE,NOT_ASSESSED_SCANNER_DATA_UNAVAILABLE,"1.25.11, 1.26.4",YES,TRIVY,TRIVY,OPEN_REMAINING_MANUAL_REVIEW_REQUIRED,MANUAL_REVIEW_REQUIRED,OWNER_UNASSIGNED,DUE_DATE_OWNER_REQUIRED,NO_APPROVED_EXCEPTION
CVE-2026-42507,stdlib,v1.26.2,MEDIUM,PRESENT_IN_RUNTIME_IMAGE,RUNTIME_IMAGE,NOT_ASSESSED_SCANNER_DATA_UNAVAILABLE,"1.25.11, 1.26.4",YES,TRIVY,TRIVY,OPEN_REMAINING_MANUAL_REVIEW_REQUIRED,MANUAL_REVIEW_REQUIRED,OWNER_UNASSIGNED,DUE_DATE_OWNER_REQUIRED,NO_APPROVED_EXCEPTION
CVE-2026-4360,libpython3.12-minimal,3.12.3-1ubuntu0.16,MEDIUM,PRESENT_IN_RUNTIME_IMAGE,RUNTIME_IMAGE,NOT_ASSESSED_SCANNER_DATA_UNAVAILABLE,NONE_REPORTED,NO_OR_UNKNOWN,GRYPE,GRYPE,OPEN_REMAINING_MANUAL_REVIEW_REQUIRED,MANUAL_REVIEW_REQUIRED,OWNER_UNASSIGNED,DUE_DATE_OWNER_REQUIRED,NO_APPROVED_EXCEPTION
CVE-2026-4360,libpython3.12-stdlib,3.12.3-1ubuntu0.16,MEDIUM,PRESENT_IN_RUNTIME_IMAGE,RUNTIME_IMAGE,NOT_ASSESSED_SCANNER_DATA_UNAVAILABLE,NONE_REPORTED,NO_OR_UNKNOWN,GRYPE,GRYPE,OPEN_REMAINING_MANUAL_REVIEW_REQUIRED,MANUAL_REVIEW_REQUIRED,OWNER_UNASSIGNED,DUE_DATE_OWNER_REQUIRED,NO_APPROVED_EXCEPTION
CVE-2026-4360,python3.12,3.12.3-1ubuntu0.16,MEDIUM,PRESENT_IN_RUNTIME_IMAGE,RUNTIME_IMAGE,NOT_ASSESSED_SCANNER_DATA_UNAVAILABLE,NONE_REPORTED,NO_OR_UNKNOWN,GRYPE,GRYPE,OPEN_REMAINING_MANUAL_REVIEW_REQUIRED,MANUAL_REVIEW_REQUIRED,OWNER_UNASSIGNED,DUE_DATE_OWNER_REQUIRED,NO_APPROVED_EXCEPTION
CVE-2026-4360,python3.12-minimal,3.12.3-1ubuntu0.16,MEDIUM,PRESENT_IN_RUNTIME_IMAGE,RUNTIME_IMAGE,NOT_ASSESSED_SCANNER_DATA_UNAVAILABLE,NONE_REPORTED,NO_OR_UNKNOWN,GRYPE,GRYPE,OPEN_REMAINING_MANUAL_REVIEW_REQUIRED,MANUAL_REVIEW_REQUIRED,OWNER_UNASSIGNED,DUE_DATE_OWNER_REQUIRED,NO_APPROVED_EXCEPTION
CVE-2026-44950,libxfont2,1:2.0.6-1+deb13u1build0.24.04.2,MEDIUM,PRESENT_IN_RUNTIME_IMAGE,RUNTIME_IMAGE,NOT_ASSESSED_SCANNER_DATA_UNAVAILABLE,NONE_REPORTED,NO_OR_UNKNOWN,GRYPE,GRYPE,OPEN_REMAINING_MANUAL_REVIEW_REQUIRED,MANUAL_REVIEW_REQUIRED,OWNER_UNASSIGNED,DUE_DATE_OWNER_REQUIRED,NO_APPROVED_EXCEPTION
CVE-2026-45186,libexpat1,2.6.1-2ubuntu0.4,MEDIUM,PRESENT_IN_RUNTIME_IMAGE,RUNTIME_IMAGE,NOT_ASSESSED_SCANNER_DATA_UNAVAILABLE,NONE_REPORTED,NO_OR_UNKNOWN,GRYPE,GRYPE,OPEN_REMAINING_MANUAL_REVIEW_REQUIRED,MANUAL_REVIEW_REQUIRED,OWNER_UNASSIGNED,DUE_DATE_OWNER_REQUIRED,NO_APPROVED_EXCEPTION
CVE-2026-4739,libexpat1,2.6.1-2ubuntu0.4,MEDIUM,PRESENT_IN_RUNTIME_IMAGE,RUNTIME_IMAGE,NOT_ASSESSED_SCANNER_DATA_UNAVAILABLE,NONE_REPORTED,NO_OR_UNKNOWN,GRYPE,GRYPE,OPEN_REMAINING_MANUAL_REVIEW_REQUIRED,MANUAL_REVIEW_REQUIRED,OWNER_UNASSIGNED,DUE_DATE_OWNER_REQUIRED,NO_APPROVED_EXCEPTION
CVE-2026-4775,libtiff6,4.5.1+git230720-4ubuntu2.5,MEDIUM,PRESENT_IN_RUNTIME_IMAGE,RUNTIME_IMAGE,NOT_ASSESSED_SCANNER_DATA_UNAVAILABLE,NONE_REPORTED,NO_OR_UNKNOWN,GRYPE,GRYPE,OPEN_REMAINING_MANUAL_REVIEW_REQUIRED,MANUAL_REVIEW_REQUIRED,OWNER_UNASSIGNED,DUE_DATE_OWNER_REQUIRED,NO_APPROVED_EXCEPTION
CVE-2026-48959,libperl5.38t64,5.38.2-3.2ubuntu0.3,MEDIUM,PRESENT_IN_RUNTIME_IMAGE,RUNTIME_IMAGE,NOT_ASSESSED_SCANNER_DATA_UNAVAILABLE,NONE_REPORTED,NO_OR_UNKNOWN,GRYPE,GRYPE,OPEN_REMAINING_MANUAL_REVIEW_REQUIRED,MANUAL_REVIEW_REQUIRED,OWNER_UNASSIGNED,DUE_DATE_OWNER_REQUIRED,NO_APPROVED_EXCEPTION
CVE-2026-48959,perl,5.38.2-3.2ubuntu0.3,MEDIUM,PRESENT_IN_RUNTIME_IMAGE,RUNTIME_IMAGE,NOT_ASSESSED_SCANNER_DATA_UNAVAILABLE,NONE_REPORTED,NO_OR_UNKNOWN,GRYPE,GRYPE,OPEN_REMAINING_MANUAL_REVIEW_REQUIRED,MANUAL_REVIEW_REQUIRED,OWNER_UNASSIGNED,DUE_DATE_OWNER_REQUIRED,NO_APPROVED_EXCEPTION
CVE-2026-48959,perl-base,5.38.2-3.2ubuntu0.3,MEDIUM,PRESENT_IN_RUNTIME_IMAGE,RUNTIME_IMAGE,NOT_ASSESSED_SCANNER_DATA_UNAVAILABLE,NONE_REPORTED,NO_OR_UNKNOWN,GRYPE,GRYPE,OPEN_REMAINING_MANUAL_REVIEW_REQUIRED,MANUAL_REVIEW_REQUIRED,OWNER_UNASSIGNED,DUE_DATE_OWNER_REQUIRED,NO_APPROVED_EXCEPTION
CVE-2026-48959,perl-modules-5.38,5.38.2-3.2ubuntu0.3,MEDIUM,PRESENT_IN_RUNTIME_IMAGE,RUNTIME_IMAGE,NOT_ASSESSED_SCANNER_DATA_UNAVAILABLE,NONE_REPORTED,NO_OR_UNKNOWN,GRYPE,GRYPE,OPEN_REMAINING_MANUAL_REVIEW_REQUIRED,MANUAL_REVIEW_REQUIRED,OWNER_UNASSIGNED,DUE_DATE_OWNER_REQUIRED,NO_APPROVED_EXCEPTION
CVE-2026-48962,libperl5.38t64,5.38.2-3.2ubuntu0.3,MEDIUM,PRESENT_IN_RUNTIME_IMAGE,RUNTIME_IMAGE,NOT_ASSESSED_SCANNER_DATA_UNAVAILABLE,NONE_REPORTED,NO_OR_UNKNOWN,GRYPE,GRYPE,OPEN_REMAINING_MANUAL_REVIEW_REQUIRED,MANUAL_REVIEW_REQUIRED,OWNER_UNASSIGNED,DUE_DATE_OWNER_REQUIRED,NO_APPROVED_EXCEPTION
CVE-2026-48962,perl,5.38.2-3.2ubuntu0.3,MEDIUM,PRESENT_IN_RUNTIME_IMAGE,RUNTIME_IMAGE,NOT_ASSESSED_SCANNER_DATA_UNAVAILABLE,NONE_REPORTED,NO_OR_UNKNOWN,GRYPE,GRYPE,OPEN_REMAINING_MANUAL_REVIEW_REQUIRED,MANUAL_REVIEW_REQUIRED,OWNER_UNASSIGNED,DUE_DATE_OWNER_REQUIRED,NO_APPROVED_EXCEPTION
CVE-2026-48962,perl-base,5.38.2-3.2ubuntu0.3,MEDIUM,PRESENT_IN_RUNTIME_IMAGE,RUNTIME_IMAGE,NOT_ASSESSED_SCANNER_DATA_UNAVAILABLE,NONE_REPORTED,NO_OR_UNKNOWN,GRYPE,GRYPE,OPEN_REMAINING_MANUAL_REVIEW_REQUIRED,MANUAL_REVIEW_REQUIRED,OWNER_UNASSIGNED,DUE_DATE_OWNER_REQUIRED,NO_APPROVED_EXCEPTION
CVE-2026-48962,perl-modules-5.38,5.38.2-3.2ubuntu0.3,MEDIUM,PRESENT_IN_RUNTIME_IMAGE,RUNTIME_IMAGE,NOT_ASSESSED_SCANNER_DATA_UNAVAILABLE,NONE_REPORTED,NO_OR_UNKNOWN,GRYPE,GRYPE,OPEN_REMAINING_MANUAL_REVIEW_REQUIRED,MANUAL_REVIEW_REQUIRED,OWNER_UNASSIGNED,DUE_DATE_OWNER_REQUIRED,NO_APPROVED_EXCEPTION
CVE-2026-50219,libexpat1,2.6.1-2ubuntu0.4,MEDIUM,PRESENT_IN_RUNTIME_IMAGE,RUNTIME_IMAGE,NOT_ASSESSED_SCANNER_DATA_UNAVAILABLE,NONE_REPORTED,NO_OR_UNKNOWN,GRYPE,GRYPE,OPEN_REMAINING_MANUAL_REVIEW_REQUIRED,MANUAL_REVIEW_REQUIRED,OWNER_UNASSIGNED,DUE_DATE_OWNER_REQUIRED,NO_APPROVED_EXCEPTION
CVE-2026-52584,libjxl0.7,0.7.0-10.2ubuntu6.1,MEDIUM,PRESENT_IN_RUNTIME_IMAGE,RUNTIME_IMAGE,NOT_ASSESSED_SCANNER_DATA_UNAVAILABLE,NONE_REPORTED,NO_OR_UNKNOWN,GRYPE,GRYPE,OPEN_REMAINING_MANUAL_REVIEW_REQUIRED,MANUAL_REVIEW_REQUIRED,OWNER_UNASSIGNED,DUE_DATE_OWNER_REQUIRED,NO_APPROVED_EXCEPTION
CVE-2026-53612,bsdutils,1:2.39.3-9ubuntu6.5,MEDIUM,PRESENT_IN_RUNTIME_IMAGE,RUNTIME_IMAGE,NOT_ASSESSED_SCANNER_DATA_UNAVAILABLE,NONE_REPORTED,NO_OR_UNKNOWN,GRYPE,GRYPE,OPEN_REMAINING_MANUAL_REVIEW_REQUIRED,MANUAL_REVIEW_REQUIRED,OWNER_UNASSIGNED,DUE_DATE_OWNER_REQUIRED,NO_APPROVED_EXCEPTION
CVE-2026-53612,libblkid1,2.39.3-9ubuntu6.5,MEDIUM,PRESENT_IN_RUNTIME_IMAGE,RUNTIME_IMAGE,NOT_ASSESSED_SCANNER_DATA_UNAVAILABLE,NONE_REPORTED,NO_OR_UNKNOWN,GRYPE,GRYPE,OPEN_REMAINING_MANUAL_REVIEW_REQUIRED,MANUAL_REVIEW_REQUIRED,OWNER_UNASSIGNED,DUE_DATE_OWNER_REQUIRED,NO_APPROVED_EXCEPTION
CVE-2026-53612,libfdisk1,2.39.3-9ubuntu6.5,MEDIUM,PRESENT_IN_RUNTIME_IMAGE,RUNTIME_IMAGE,NOT_ASSESSED_SCANNER_DATA_UNAVAILABLE,NONE_REPORTED,NO_OR_UNKNOWN,GRYPE,GRYPE,OPEN_REMAINING_MANUAL_REVIEW_REQUIRED,MANUAL_REVIEW_REQUIRED,OWNER_UNASSIGNED,DUE_DATE_OWNER_REQUIRED,NO_APPROVED_EXCEPTION
CVE-2026-53612,libmount1,2.39.3-9ubuntu6.5,MEDIUM,PRESENT_IN_RUNTIME_IMAGE,RUNTIME_IMAGE,NOT_ASSESSED_SCANNER_DATA_UNAVAILABLE,NONE_REPORTED,NO_OR_UNKNOWN,GRYPE,GRYPE,OPEN_REMAINING_MANUAL_REVIEW_REQUIRED,MANUAL_REVIEW_REQUIRED,OWNER_UNASSIGNED,DUE_DATE_OWNER_REQUIRED,NO_APPROVED_EXCEPTION
CVE-2026-53612,libsmartcols1,2.39.3-9ubuntu6.5,MEDIUM,PRESENT_IN_RUNTIME_IMAGE,RUNTIME_IMAGE,NOT_ASSESSED_SCANNER_DATA_UNAVAILABLE,NONE_REPORTED,NO_OR_UNKNOWN,GRYPE,GRYPE,OPEN_REMAINING_MANUAL_REVIEW_REQUIRED,MANUAL_REVIEW_REQUIRED,OWNER_UNASSIGNED,DUE_DATE_OWNER_REQUIRED,NO_APPROVED_EXCEPTION
CVE-2026-53612,libuuid1,2.39.3-9ubuntu6.5,MEDIUM,PRESENT_IN_RUNTIME_IMAGE,RUNTIME_IMAGE,NOT_ASSESSED_SCANNER_DATA_UNAVAILABLE,NONE_REPORTED,NO_OR_UNKNOWN,GRYPE,GRYPE,OPEN_REMAINING_MANUAL_REVIEW_REQUIRED,MANUAL_REVIEW_REQUIRED,OWNER_UNASSIGNED,DUE_DATE_OWNER_REQUIRED,NO_APPROVED_EXCEPTION
CVE-2026-53612,mount,2.39.3-9ubuntu6.5,MEDIUM,PRESENT_IN_RUNTIME_IMAGE,RUNTIME_IMAGE,NOT_ASSESSED_SCANNER_DATA_UNAVAILABLE,NONE_REPORTED,NO_OR_UNKNOWN,GRYPE,GRYPE,OPEN_REMAINING_MANUAL_REVIEW_REQUIRED,MANUAL_REVIEW_REQUIRED,OWNER_UNASSIGNED,DUE_DATE_OWNER_REQUIRED,NO_APPROVED_EXCEPTION
CVE-2026-53612,util-linux,2.39.3-9ubuntu6.5,MEDIUM,PRESENT_IN_RUNTIME_IMAGE,RUNTIME_IMAGE,NOT_ASSESSED_SCANNER_DATA_UNAVAILABLE,NONE_REPORTED,NO_OR_UNKNOWN,GRYPE,GRYPE,OPEN_REMAINING_MANUAL_REVIEW_REQUIRED,MANUAL_REVIEW_REQUIRED,OWNER_UNASSIGNED,DUE_DATE_OWNER_REQUIRED,NO_APPROVED_EXCEPTION
CVE-2026-53613,bsdutils,1:2.39.3-9ubuntu6.5,MEDIUM,PRESENT_IN_RUNTIME_IMAGE,RUNTIME_IMAGE,NOT_ASSESSED_SCANNER_DATA_UNAVAILABLE,NONE_REPORTED,NO_OR_UNKNOWN,GRYPE,GRYPE,OPEN_REMAINING_MANUAL_REVIEW_REQUIRED,MANUAL_REVIEW_REQUIRED,OWNER_UNASSIGNED,DUE_DATE_OWNER_REQUIRED,NO_APPROVED_EXCEPTION
CVE-2026-53613,libblkid1,2.39.3-9ubuntu6.5,MEDIUM,PRESENT_IN_RUNTIME_IMAGE,RUNTIME_IMAGE,NOT_ASSESSED_SCANNER_DATA_UNAVAILABLE,NONE_REPORTED,NO_OR_UNKNOWN,GRYPE,GRYPE,OPEN_REMAINING_MANUAL_REVIEW_REQUIRED,MANUAL_REVIEW_REQUIRED,OWNER_UNASSIGNED,DUE_DATE_OWNER_REQUIRED,NO_APPROVED_EXCEPTION
CVE-2026-53613,libfdisk1,2.39.3-9ubuntu6.5,MEDIUM,PRESENT_IN_RUNTIME_IMAGE,RUNTIME_IMAGE,NOT_ASSESSED_SCANNER_DATA_UNAVAILABLE,NONE_REPORTED,NO_OR_UNKNOWN,GRYPE,GRYPE,OPEN_REMAINING_MANUAL_REVIEW_REQUIRED,MANUAL_REVIEW_REQUIRED,OWNER_UNASSIGNED,DUE_DATE_OWNER_REQUIRED,NO_APPROVED_EXCEPTION
CVE-2026-53613,libmount1,2.39.3-9ubuntu6.5,MEDIUM,PRESENT_IN_RUNTIME_IMAGE,RUNTIME_IMAGE,NOT_ASSESSED_SCANNER_DATA_UNAVAILABLE,NONE_REPORTED,NO_OR_UNKNOWN,GRYPE,GRYPE,OPEN_REMAINING_MANUAL_REVIEW_REQUIRED,MANUAL_REVIEW_REQUIRED,OWNER_UNASSIGNED,DUE_DATE_OWNER_REQUIRED,NO_APPROVED_EXCEPTION
CVE-2026-53613,libsmartcols1,2.39.3-9ubuntu6.5,MEDIUM,PRESENT_IN_RUNTIME_IMAGE,RUNTIME_IMAGE,NOT_ASSESSED_SCANNER_DATA_UNAVAILABLE,NONE_REPORTED,NO_OR_UNKNOWN,GRYPE,GRYPE,OPEN_REMAINING_MANUAL_REVIEW_REQUIRED,MANUAL_REVIEW_REQUIRED,OWNER_UNASSIGNED,DUE_DATE_OWNER_REQUIRED,NO_APPROVED_EXCEPTION
CVE-2026-53613,libuuid1,2.39.3-9ubuntu6.5,MEDIUM,PRESENT_IN_RUNTIME_IMAGE,RUNTIME_IMAGE,NOT_ASSESSED_SCANNER_DATA_UNAVAILABLE,NONE_REPORTED,NO_OR_UNKNOWN,GRYPE,GRYPE,OPEN_REMAINING_MANUAL_REVIEW_REQUIRED,MANUAL_REVIEW_REQUIRED,OWNER_UNASSIGNED,DUE_DATE_OWNER_REQUIRED,NO_APPROVED_EXCEPTION
CVE-2026-53613,mount,2.39.3-9ubuntu6.5,MEDIUM,PRESENT_IN_RUNTIME_IMAGE,RUNTIME_IMAGE,NOT_ASSESSED_SCANNER_DATA_UNAVAILABLE,NONE_REPORTED,NO_OR_UNKNOWN,GRYPE,GRYPE,OPEN_REMAINING_MANUAL_REVIEW_REQUIRED,MANUAL_REVIEW_REQUIRED,OWNER_UNASSIGNED,DUE_DATE_OWNER_REQUIRED,NO_APPROVED_EXCEPTION
CVE-2026-53613,util-linux,2.39.3-9ubuntu6.5,MEDIUM,PRESENT_IN_RUNTIME_IMAGE,RUNTIME_IMAGE,NOT_ASSESSED_SCANNER_DATA_UNAVAILABLE,NONE_REPORTED,NO_OR_UNKNOWN,GRYPE,GRYPE,OPEN_REMAINING_MANUAL_REVIEW_REQUIRED,MANUAL_REVIEW_REQUIRED,OWNER_UNASSIGNED,DUE_DATE_OWNER_REQUIRED,NO_APPROVED_EXCEPTION
CVE-2026-53614,bsdutils,1:2.39.3-9ubuntu6.5,MEDIUM,PRESENT_IN_RUNTIME_IMAGE,RUNTIME_IMAGE,NOT_ASSESSED_SCANNER_DATA_UNAVAILABLE,NONE_REPORTED,NO_OR_UNKNOWN,GRYPE,GRYPE,OPEN_REMAINING_MANUAL_REVIEW_REQUIRED,MANUAL_REVIEW_REQUIRED,OWNER_UNASSIGNED,DUE_DATE_OWNER_REQUIRED,NO_APPROVED_EXCEPTION
CVE-2026-53614,libblkid1,2.39.3-9ubuntu6.5,MEDIUM,PRESENT_IN_RUNTIME_IMAGE,RUNTIME_IMAGE,NOT_ASSESSED_SCANNER_DATA_UNAVAILABLE,NONE_REPORTED,NO_OR_UNKNOWN,GRYPE,GRYPE,OPEN_REMAINING_MANUAL_REVIEW_REQUIRED,MANUAL_REVIEW_REQUIRED,OWNER_UNASSIGNED,DUE_DATE_OWNER_REQUIRED,NO_APPROVED_EXCEPTION
CVE-2026-53614,libfdisk1,2.39.3-9ubuntu6.5,MEDIUM,PRESENT_IN_RUNTIME_IMAGE,RUNTIME_IMAGE,NOT_ASSESSED_SCANNER_DATA_UNAVAILABLE,NONE_REPORTED,NO_OR_UNKNOWN,GRYPE,GRYPE,OPEN_REMAINING_MANUAL_REVIEW_REQUIRED,MANUAL_REVIEW_REQUIRED,OWNER_UNASSIGNED,DUE_DATE_OWNER_REQUIRED,NO_APPROVED_EXCEPTION
CVE-2026-53614,libmount1,2.39.3-9ubuntu6.5,MEDIUM,PRESENT_IN_RUNTIME_IMAGE,RUNTIME_IMAGE,NOT_ASSESSED_SCANNER_DATA_UNAVAILABLE,NONE_REPORTED,NO_OR_UNKNOWN,GRYPE,GRYPE,OPEN_REMAINING_MANUAL_REVIEW_REQUIRED,MANUAL_REVIEW_REQUIRED,OWNER_UNASSIGNED,DUE_DATE_OWNER_REQUIRED,NO_APPROVED_EXCEPTION
CVE-2026-53614,libsmartcols1,2.39.3-9ubuntu6.5,MEDIUM,PRESENT_IN_RUNTIME_IMAGE,RUNTIME_IMAGE,NOT_ASSESSED_SCANNER_DATA_UNAVAILABLE,NONE_REPORTED,NO_OR_UNKNOWN,GRYPE,GRYPE,OPEN_REMAINING_MANUAL_REVIEW_REQUIRED,MANUAL_REVIEW_REQUIRED,OWNER_UNASSIGNED,DUE_DATE_OWNER_REQUIRED,NO_APPROVED_EXCEPTION
CVE-2026-53614,libuuid1,2.39.3-9ubuntu6.5,MEDIUM,PRESENT_IN_RUNTIME_IMAGE,RUNTIME_IMAGE,NOT_ASSESSED_SCANNER_DATA_UNAVAILABLE,NONE_REPORTED,NO_OR_UNKNOWN,GRYPE,GRYPE,OPEN_REMAINING_MANUAL_REVIEW_REQUIRED,MANUAL_REVIEW_REQUIRED,OWNER_UNASSIGNED,DUE_DATE_OWNER_REQUIRED,NO_APPROVED_EXCEPTION
CVE-2026-53614,mount,2.39.3-9ubuntu6.5,MEDIUM,PRESENT_IN_RUNTIME_IMAGE,RUNTIME_IMAGE,NOT_ASSESSED_SCANNER_DATA_UNAVAILABLE,NONE_REPORTED,NO_OR_UNKNOWN,GRYPE,GRYPE,OPEN_REMAINING_MANUAL_REVIEW_REQUIRED,MANUAL_REVIEW_REQUIRED,OWNER_UNASSIGNED,DUE_DATE_OWNER_REQUIRED,NO_APPROVED_EXCEPTION
CVE-2026-53614,util-linux,2.39.3-9ubuntu6.5,MEDIUM,PRESENT_IN_RUNTIME_IMAGE,RUNTIME_IMAGE,NOT_ASSESSED_SCANNER_DATA_UNAVAILABLE,NONE_REPORTED,NO_OR_UNKNOWN,GRYPE,GRYPE,OPEN_REMAINING_MANUAL_REVIEW_REQUIRED,MANUAL_REVIEW_REQUIRED,OWNER_UNASSIGNED,DUE_DATE_OWNER_REQUIRED,NO_APPROVED_EXCEPTION
CVE-2026-53615,bsdutils,1:2.39.3-9ubuntu6.5,MEDIUM,PRESENT_IN_RUNTIME_IMAGE,RUNTIME_IMAGE,NOT_ASSESSED_SCANNER_DATA_UNAVAILABLE,NONE_REPORTED,NO_OR_UNKNOWN,GRYPE,GRYPE,OPEN_REMAINING_MANUAL_REVIEW_REQUIRED,MANUAL_REVIEW_REQUIRED,OWNER_UNASSIGNED,DUE_DATE_OWNER_REQUIRED,NO_APPROVED_EXCEPTION
CVE-2026-53615,libblkid1,2.39.3-9ubuntu6.5,MEDIUM,PRESENT_IN_RUNTIME_IMAGE,RUNTIME_IMAGE,NOT_ASSESSED_SCANNER_DATA_UNAVAILABLE,NONE_REPORTED,NO_OR_UNKNOWN,GRYPE,GRYPE,OPEN_REMAINING_MANUAL_REVIEW_REQUIRED,MANUAL_REVIEW_REQUIRED,OWNER_UNASSIGNED,DUE_DATE_OWNER_REQUIRED,NO_APPROVED_EXCEPTION
CVE-2026-53615,libfdisk1,2.39.3-9ubuntu6.5,MEDIUM,PRESENT_IN_RUNTIME_IMAGE,RUNTIME_IMAGE,NOT_ASSESSED_SCANNER_DATA_UNAVAILABLE,NONE_REPORTED,NO_OR_UNKNOWN,GRYPE,GRYPE,OPEN_REMAINING_MANUAL_REVIEW_REQUIRED,MANUAL_REVIEW_REQUIRED,OWNER_UNASSIGNED,DUE_DATE_OWNER_REQUIRED,NO_APPROVED_EXCEPTION
CVE-2026-53615,libmount1,2.39.3-9ubuntu6.5,MEDIUM,PRESENT_IN_RUNTIME_IMAGE,RUNTIME_IMAGE,NOT_ASSESSED_SCANNER_DATA_UNAVAILABLE,NONE_REPORTED,NO_OR_UNKNOWN,GRYPE,GRYPE,OPEN_REMAINING_MANUAL_REVIEW_REQUIRED,MANUAL_REVIEW_REQUIRED,OWNER_UNASSIGNED,DUE_DATE_OWNER_REQUIRED,NO_APPROVED_EXCEPTION
CVE-2026-53615,libsmartcols1,2.39.3-9ubuntu6.5,MEDIUM,PRESENT_IN_RUNTIME_IMAGE,RUNTIME_IMAGE,NOT_ASSESSED_SCANNER_DATA_UNAVAILABLE,NONE_REPORTED,NO_OR_UNKNOWN,GRYPE,GRYPE,OPEN_REMAINING_MANUAL_REVIEW_REQUIRED,MANUAL_REVIEW_REQUIRED,OWNER_UNASSIGNED,DUE_DATE_OWNER_REQUIRED,NO_APPROVED_EXCEPTION
CVE-2026-53615,libuuid1,2.39.3-9ubuntu6.5,MEDIUM,PRESENT_IN_RUNTIME_IMAGE,RUNTIME_IMAGE,NOT_ASSESSED_SCANNER_DATA_UNAVAILABLE,NONE_REPORTED,NO_OR_UNKNOWN,GRYPE,GRYPE,OPEN_REMAINING_MANUAL_REVIEW_REQUIRED,MANUAL_REVIEW_REQUIRED,OWNER_UNASSIGNED,DUE_DATE_OWNER_REQUIRED,NO_APPROVED_EXCEPTION
CVE-2026-53615,mount,2.39.3-9ubuntu6.5,MEDIUM,PRESENT_IN_RUNTIME_IMAGE,RUNTIME_IMAGE,NOT_ASSESSED_SCANNER_DATA_UNAVAILABLE,NONE_REPORTED,NO_OR_UNKNOWN,GRYPE,GRYPE,OPEN_REMAINING_MANUAL_REVIEW_REQUIRED,MANUAL_REVIEW_REQUIRED,OWNER_UNASSIGNED,DUE_DATE_OWNER_REQUIRED,NO_APPROVED_EXCEPTION
CVE-2026-53615,util-linux,2.39.3-9ubuntu6.5,MEDIUM,PRESENT_IN_RUNTIME_IMAGE,RUNTIME_IMAGE,NOT_ASSESSED_SCANNER_DATA_UNAVAILABLE,NONE_REPORTED,NO_OR_UNKNOWN,GRYPE,GRYPE,OPEN_REMAINING_MANUAL_REVIEW_REQUIRED,MANUAL_REVIEW_REQUIRED,OWNER_UNASSIGNED,DUE_DATE_OWNER_REQUIRED,NO_APPROVED_EXCEPTION
CVE-2026-53910,diffutils,1:3.10-1build1,MEDIUM,PRESENT_IN_RUNTIME_IMAGE,RUNTIME_IMAGE,NOT_ASSESSED_SCANNER_DATA_UNAVAILABLE,NONE_REPORTED,NO_OR_UNKNOWN,GRYPE,GRYPE,OPEN_REMAINING_MANUAL_REVIEW_REQUIRED,MANUAL_REVIEW_REQUIRED,OWNER_UNASSIGNED,DUE_DATE_OWNER_REQUIRED,NO_APPROVED_EXCEPTION
CVE-2026-54369,libacl1,2.3.2-1build1.1,MEDIUM,PRESENT_IN_RUNTIME_IMAGE,RUNTIME_IMAGE,NOT_ASSESSED_SCANNER_DATA_UNAVAILABLE,NONE_REPORTED,NO_OR_UNKNOWN,GRYPE,GRYPE,OPEN_REMAINING_MANUAL_REVIEW_REQUIRED,MANUAL_REVIEW_REQUIRED,OWNER_UNASSIGNED,DUE_DATE_OWNER_REQUIRED,NO_APPROVED_EXCEPTION
CVE-2026-54370,libacl1,2.3.2-1build1.1,MEDIUM,PRESENT_IN_RUNTIME_IMAGE,RUNTIME_IMAGE,NOT_ASSESSED_SCANNER_DATA_UNAVAILABLE,NONE_REPORTED,NO_OR_UNKNOWN,GRYPE,GRYPE,OPEN_REMAINING_MANUAL_REVIEW_REQUIRED,MANUAL_REVIEW_REQUIRED,OWNER_UNASSIGNED,DUE_DATE_OWNER_REQUIRED,NO_APPROVED_EXCEPTION
CVE-2026-54371,libattr1,1:2.5.2-1build1.1,MEDIUM,PRESENT_IN_RUNTIME_IMAGE,RUNTIME_IMAGE,NOT_ASSESSED_SCANNER_DATA_UNAVAILABLE,NONE_REPORTED,NO_OR_UNKNOWN,GRYPE;TRIVY,GRYPE;TRIVY,OPEN_REMAINING_MANUAL_REVIEW_REQUIRED,MANUAL_REVIEW_REQUIRED,OWNER_UNASSIGNED,DUE_DATE_OWNER_REQUIRED,NO_APPROVED_EXCEPTION
CVE-2026-56131,libexpat1,2.6.1-2ubuntu0.4,MEDIUM,PRESENT_IN_RUNTIME_IMAGE,RUNTIME_IMAGE,NOT_ASSESSED_SCANNER_DATA_UNAVAILABLE,NONE_REPORTED,NO_OR_UNKNOWN,GRYPE,GRYPE,OPEN_REMAINING_MANUAL_REVIEW_REQUIRED,MANUAL_REVIEW_REQUIRED,OWNER_UNASSIGNED,DUE_DATE_OWNER_REQUIRED,NO_APPROVED_EXCEPTION
CVE-2026-56132,libexpat1,2.6.1-2ubuntu0.4,MEDIUM,PRESENT_IN_RUNTIME_IMAGE,RUNTIME_IMAGE,NOT_ASSESSED_SCANNER_DATA_UNAVAILABLE,NONE_REPORTED,NO_OR_UNKNOWN,GRYPE,GRYPE,OPEN_REMAINING_MANUAL_REVIEW_REQUIRED,MANUAL_REVIEW_REQUIRED,OWNER_UNASSIGNED,DUE_DATE_OWNER_REQUIRED,NO_APPROVED_EXCEPTION
CVE-2026-56208,libaom3,3.8.2-2ubuntu0.1,MEDIUM,PRESENT_IN_RUNTIME_IMAGE,RUNTIME_IMAGE,NOT_ASSESSED_SCANNER_DATA_UNAVAILABLE,NONE_REPORTED,NO_OR_UNKNOWN,GRYPE,GRYPE,OPEN_REMAINING_MANUAL_REVIEW_REQUIRED,MANUAL_REVIEW_REQUIRED,OWNER_UNASSIGNED,DUE_DATE_OWNER_REQUIRED,NO_APPROVED_EXCEPTION
CVE-2026-56209,libaom3,3.8.2-2ubuntu0.1,MEDIUM,PRESENT_IN_RUNTIME_IMAGE,RUNTIME_IMAGE,NOT_ASSESSED_SCANNER_DATA_UNAVAILABLE,NONE_REPORTED,NO_OR_UNKNOWN,GRYPE,GRYPE,OPEN_REMAINING_MANUAL_REVIEW_REQUIRED,MANUAL_REVIEW_REQUIRED,OWNER_UNASSIGNED,DUE_DATE_OWNER_REQUIRED,NO_APPROVED_EXCEPTION
CVE-2026-56210,libaom3,3.8.2-2ubuntu0.1,MEDIUM,PRESENT_IN_RUNTIME_IMAGE,RUNTIME_IMAGE,NOT_ASSESSED_SCANNER_DATA_UNAVAILABLE,NONE_REPORTED,NO_OR_UNKNOWN,GRYPE,GRYPE,OPEN_REMAINING_MANUAL_REVIEW_REQUIRED,MANUAL_REVIEW_REQUIRED,OWNER_UNASSIGNED,DUE_DATE_OWNER_REQUIRED,NO_APPROVED_EXCEPTION
CVE-2026-56211,libaom3,3.8.2-2ubuntu0.1,MEDIUM,PRESENT_IN_RUNTIME_IMAGE,RUNTIME_IMAGE,NOT_ASSESSED_SCANNER_DATA_UNAVAILABLE,NONE_REPORTED,NO_OR_UNKNOWN,GRYPE,GRYPE,OPEN_REMAINING_MANUAL_REVIEW_REQUIRED,MANUAL_REVIEW_REQUIRED,OWNER_UNASSIGNED,DUE_DATE_OWNER_REQUIRED,NO_APPROVED_EXCEPTION
CVE-2026-56391,coreutils,9.4-3ubuntu6.2,MEDIUM,PRESENT_IN_RUNTIME_IMAGE,RUNTIME_IMAGE,NOT_ASSESSED_SCANNER_DATA_UNAVAILABLE,NONE_REPORTED,NO_OR_UNKNOWN,GRYPE,GRYPE,OPEN_REMAINING_MANUAL_REVIEW_REQUIRED,MANUAL_REVIEW_REQUIRED,OWNER_UNASSIGNED,DUE_DATE_OWNER_REQUIRED,NO_APPROVED_EXCEPTION
CVE-2026-56392,coreutils,9.4-3ubuntu6.2,MEDIUM,PRESENT_IN_RUNTIME_IMAGE,RUNTIME_IMAGE,NOT_ASSESSED_SCANNER_DATA_UNAVAILABLE,NONE_REPORTED,NO_OR_UNKNOWN,GRYPE,GRYPE,OPEN_REMAINING_MANUAL_REVIEW_REQUIRED,MANUAL_REVIEW_REQUIRED,OWNER_UNASSIGNED,DUE_DATE_OWNER_REQUIRED,NO_APPROVED_EXCEPTION
CVE-2026-56403,libexpat1,2.6.1-2ubuntu0.4,MEDIUM,PRESENT_IN_RUNTIME_IMAGE,RUNTIME_IMAGE,NOT_ASSESSED_SCANNER_DATA_UNAVAILABLE,NONE_REPORTED,NO_OR_UNKNOWN,GRYPE,GRYPE,OPEN_REMAINING_MANUAL_REVIEW_REQUIRED,MANUAL_REVIEW_REQUIRED,OWNER_UNASSIGNED,DUE_DATE_OWNER_REQUIRED,NO_APPROVED_EXCEPTION
CVE-2026-56404,libexpat1,2.6.1-2ubuntu0.4,MEDIUM,PRESENT_IN_RUNTIME_IMAGE,RUNTIME_IMAGE,NOT_ASSESSED_SCANNER_DATA_UNAVAILABLE,NONE_REPORTED,NO_OR_UNKNOWN,GRYPE,GRYPE,OPEN_REMAINING_MANUAL_REVIEW_REQUIRED,MANUAL_REVIEW_REQUIRED,OWNER_UNASSIGNED,DUE_DATE_OWNER_REQUIRED,NO_APPROVED_EXCEPTION
CVE-2026-56405,libexpat1,2.6.1-2ubuntu0.4,MEDIUM,PRESENT_IN_RUNTIME_IMAGE,RUNTIME_IMAGE,NOT_ASSESSED_SCANNER_DATA_UNAVAILABLE,NONE_REPORTED,NO_OR_UNKNOWN,GRYPE,GRYPE,OPEN_REMAINING_MANUAL_REVIEW_REQUIRED,MANUAL_REVIEW_REQUIRED,OWNER_UNASSIGNED,DUE_DATE_OWNER_REQUIRED,NO_APPROVED_EXCEPTION
CVE-2026-56406,libexpat1,2.6.1-2ubuntu0.4,MEDIUM,PRESENT_IN_RUNTIME_IMAGE,RUNTIME_IMAGE,NOT_ASSESSED_SCANNER_DATA_UNAVAILABLE,NONE_REPORTED,NO_OR_UNKNOWN,GRYPE,GRYPE,OPEN_REMAINING_MANUAL_REVIEW_REQUIRED,MANUAL_REVIEW_REQUIRED,OWNER_UNASSIGNED,DUE_DATE_OWNER_REQUIRED,NO_APPROVED_EXCEPTION
CVE-2026-56407,libexpat1,2.6.1-2ubuntu0.4,MEDIUM,PRESENT_IN_RUNTIME_IMAGE,RUNTIME_IMAGE,NOT_ASSESSED_SCANNER_DATA_UNAVAILABLE,NONE_REPORTED,NO_OR_UNKNOWN,GRYPE,GRYPE,OPEN_REMAINING_MANUAL_REVIEW_REQUIRED,MANUAL_REVIEW_REQUIRED,OWNER_UNASSIGNED,DUE_DATE_OWNER_REQUIRED,NO_APPROVED_EXCEPTION
CVE-2026-56408,libexpat1,2.6.1-2ubuntu0.4,MEDIUM,PRESENT_IN_RUNTIME_IMAGE,RUNTIME_IMAGE,NOT_ASSESSED_SCANNER_DATA_UNAVAILABLE,NONE_REPORTED,NO_OR_UNKNOWN,GRYPE,GRYPE,OPEN_REMAINING_MANUAL_REVIEW_REQUIRED,MANUAL_REVIEW_REQUIRED,OWNER_UNASSIGNED,DUE_DATE_OWNER_REQUIRED,NO_APPROVED_EXCEPTION
CVE-2026-56409,libexpat1,2.6.1-2ubuntu0.4,MEDIUM,PRESENT_IN_RUNTIME_IMAGE,RUNTIME_IMAGE,NOT_ASSESSED_SCANNER_DATA_UNAVAILABLE,NONE_REPORTED,NO_OR_UNKNOWN,GRYPE,GRYPE,OPEN_REMAINING_MANUAL_REVIEW_REQUIRED,MANUAL_REVIEW_REQUIRED,OWNER_UNASSIGNED,DUE_DATE_OWNER_REQUIRED,NO_APPROVED_EXCEPTION
CVE-2026-56410,libexpat1,2.6.1-2ubuntu0.4,MEDIUM,PRESENT_IN_RUNTIME_IMAGE,RUNTIME_IMAGE,NOT_ASSESSED_SCANNER_DATA_UNAVAILABLE,NONE_REPORTED,NO_OR_UNKNOWN,GRYPE,GRYPE,OPEN_REMAINING_MANUAL_REVIEW_REQUIRED,MANUAL_REVIEW_REQUIRED,OWNER_UNASSIGNED,DUE_DATE_OWNER_REQUIRED,NO_APPROVED_EXCEPTION
CVE-2026-56411,libexpat1,2.6.1-2ubuntu0.4,MEDIUM,PRESENT_IN_RUNTIME_IMAGE,RUNTIME_IMAGE,NOT_ASSESSED_SCANNER_DATA_UNAVAILABLE,NONE_REPORTED,NO_OR_UNKNOWN,GRYPE,GRYPE,OPEN_REMAINING_MANUAL_REVIEW_REQUIRED,MANUAL_REVIEW_REQUIRED,OWNER_UNASSIGNED,DUE_DATE_OWNER_REQUIRED,NO_APPROVED_EXCEPTION
CVE-2026-56412,libexpat1,2.6.1-2ubuntu0.4,MEDIUM,PRESENT_IN_RUNTIME_IMAGE,RUNTIME_IMAGE,NOT_ASSESSED_SCANNER_DATA_UNAVAILABLE,NONE_REPORTED,NO_OR_UNKNOWN,GRYPE,GRYPE,OPEN_REMAINING_MANUAL_REVIEW_REQUIRED,MANUAL_REVIEW_REQUIRED,OWNER_UNASSIGNED,DUE_DATE_OWNER_REQUIRED,NO_APPROVED_EXCEPTION
CVE-2026-56850,node,24.18.0,MEDIUM,PRESENT_IN_RUNTIME_IMAGE,RUNTIME_IMAGE,NOT_ASSESSED_SCANNER_DATA_UNAVAILABLE,22.23.2;24.18.1;26.5.1,YES,GRYPE,GRYPE,OPEN_REMAINING_MANUAL_REVIEW_REQUIRED,MANUAL_REVIEW_REQUIRED,OWNER_UNASSIGNED,DUE_DATE_OWNER_REQUIRED,NO_APPROVED_EXCEPTION
CVE-2026-57432,libperl5.38t64,5.38.2-3.2ubuntu0.3,MEDIUM,PRESENT_IN_RUNTIME_IMAGE,RUNTIME_IMAGE,NOT_ASSESSED_SCANNER_DATA_UNAVAILABLE,NONE_REPORTED,NO_OR_UNKNOWN,GRYPE,GRYPE,OPEN_REMAINING_MANUAL_REVIEW_REQUIRED,MANUAL_REVIEW_REQUIRED,OWNER_UNASSIGNED,DUE_DATE_OWNER_REQUIRED,NO_APPROVED_EXCEPTION
CVE-2026-57432,perl,5.38.2-3.2ubuntu0.3,MEDIUM,PRESENT_IN_RUNTIME_IMAGE,RUNTIME_IMAGE,NOT_ASSESSED_SCANNER_DATA_UNAVAILABLE,NONE_REPORTED,NO_OR_UNKNOWN,GRYPE,GRYPE,OPEN_REMAINING_MANUAL_REVIEW_REQUIRED,MANUAL_REVIEW_REQUIRED,OWNER_UNASSIGNED,DUE_DATE_OWNER_REQUIRED,NO_APPROVED_EXCEPTION
CVE-2026-57432,perl-base,5.38.2-3.2ubuntu0.3,MEDIUM,PRESENT_IN_RUNTIME_IMAGE,RUNTIME_IMAGE,NOT_ASSESSED_SCANNER_DATA_UNAVAILABLE,NONE_REPORTED,NO_OR_UNKNOWN,GRYPE,GRYPE,OPEN_REMAINING_MANUAL_REVIEW_REQUIRED,MANUAL_REVIEW_REQUIRED,OWNER_UNASSIGNED,DUE_DATE_OWNER_REQUIRED,NO_APPROVED_EXCEPTION
CVE-2026-57432,perl-modules-5.38,5.38.2-3.2ubuntu0.3,MEDIUM,PRESENT_IN_RUNTIME_IMAGE,RUNTIME_IMAGE,NOT_ASSESSED_SCANNER_DATA_UNAVAILABLE,NONE_REPORTED,NO_OR_UNKNOWN,GRYPE,GRYPE,OPEN_REMAINING_MANUAL_REVIEW_REQUIRED,MANUAL_REVIEW_REQUIRED,OWNER_UNASSIGNED,DUE_DATE_OWNER_REQUIRED,NO_APPROVED_EXCEPTION
CVE-2026-57433,libperl5.38t64,5.38.2-3.2ubuntu0.3,MEDIUM,PRESENT_IN_RUNTIME_IMAGE,RUNTIME_IMAGE,NOT_ASSESSED_SCANNER_DATA_UNAVAILABLE,NONE_REPORTED,NO_OR_UNKNOWN,GRYPE,GRYPE,OPEN_REMAINING_MANUAL_REVIEW_REQUIRED,MANUAL_REVIEW_REQUIRED,OWNER_UNASSIGNED,DUE_DATE_OWNER_REQUIRED,NO_APPROVED_EXCEPTION
CVE-2026-57433,perl,5.38.2-3.2ubuntu0.3,MEDIUM,PRESENT_IN_RUNTIME_IMAGE,RUNTIME_IMAGE,NOT_ASSESSED_SCANNER_DATA_UNAVAILABLE,NONE_REPORTED,NO_OR_UNKNOWN,GRYPE,GRYPE,OPEN_REMAINING_MANUAL_REVIEW_REQUIRED,MANUAL_REVIEW_REQUIRED,OWNER_UNASSIGNED,DUE_DATE_OWNER_REQUIRED,NO_APPROVED_EXCEPTION
CVE-2026-57433,perl-base,5.38.2-3.2ubuntu0.3,MEDIUM,PRESENT_IN_RUNTIME_IMAGE,RUNTIME_IMAGE,NOT_ASSESSED_SCANNER_DATA_UNAVAILABLE,NONE_REPORTED,NO_OR_UNKNOWN,GRYPE,GRYPE,OPEN_REMAINING_MANUAL_REVIEW_REQUIRED,MANUAL_REVIEW_REQUIRED,OWNER_UNASSIGNED,DUE_DATE_OWNER_REQUIRED,NO_APPROVED_EXCEPTION
CVE-2026-57433,perl-modules-5.38,5.38.2-3.2ubuntu0.3,MEDIUM,PRESENT_IN_RUNTIME_IMAGE,RUNTIME_IMAGE,NOT_ASSESSED_SCANNER_DATA_UNAVAILABLE,NONE_REPORTED,NO_OR_UNKNOWN,GRYPE,GRYPE,OPEN_REMAINING_MANUAL_REVIEW_REQUIRED,MANUAL_REVIEW_REQUIRED,OWNER_UNASSIGNED,DUE_DATE_OWNER_REQUIRED,NO_APPROVED_EXCEPTION
CVE-2026-58010,libglib2.0-0t64,2.80.0-6ubuntu3.8,MEDIUM,PRESENT_IN_RUNTIME_IMAGE,RUNTIME_IMAGE,NOT_ASSESSED_SCANNER_DATA_UNAVAILABLE,NONE_REPORTED,NO_OR_UNKNOWN,GRYPE,GRYPE,OPEN_REMAINING_MANUAL_REVIEW_REQUIRED,MANUAL_REVIEW_REQUIRED,OWNER_UNASSIGNED,DUE_DATE_OWNER_REQUIRED,NO_APPROVED_EXCEPTION
CVE-2026-58011,libglib2.0-0t64,2.80.0-6ubuntu3.8,MEDIUM,PRESENT_IN_RUNTIME_IMAGE,RUNTIME_IMAGE,NOT_ASSESSED_SCANNER_DATA_UNAVAILABLE,NONE_REPORTED,NO_OR_UNKNOWN,GRYPE,GRYPE,OPEN_REMAINING_MANUAL_REVIEW_REQUIRED,MANUAL_REVIEW_REQUIRED,OWNER_UNASSIGNED,DUE_DATE_OWNER_REQUIRED,NO_APPROVED_EXCEPTION
CVE-2026-58012,libglib2.0-0t64,2.80.0-6ubuntu3.8,MEDIUM,PRESENT_IN_RUNTIME_IMAGE,RUNTIME_IMAGE,NOT_ASSESSED_SCANNER_DATA_UNAVAILABLE,NONE_REPORTED,NO_OR_UNKNOWN,GRYPE,GRYPE,OPEN_REMAINING_MANUAL_REVIEW_REQUIRED,MANUAL_REVIEW_REQUIRED,OWNER_UNASSIGNED,DUE_DATE_OWNER_REQUIRED,NO_APPROVED_EXCEPTION
CVE-2026-58013,libglib2.0-0t64,2.80.0-6ubuntu3.8,MEDIUM,PRESENT_IN_RUNTIME_IMAGE,RUNTIME_IMAGE,NOT_ASSESSED_SCANNER_DATA_UNAVAILABLE,NONE_REPORTED,NO_OR_UNKNOWN,GRYPE,GRYPE,OPEN_REMAINING_MANUAL_REVIEW_REQUIRED,MANUAL_REVIEW_REQUIRED,OWNER_UNASSIGNED,DUE_DATE_OWNER_REQUIRED,NO_APPROVED_EXCEPTION
CVE-2026-58014,libglib2.0-0t64,2.80.0-6ubuntu3.8,MEDIUM,PRESENT_IN_RUNTIME_IMAGE,RUNTIME_IMAGE,NOT_ASSESSED_SCANNER_DATA_UNAVAILABLE,NONE_REPORTED,NO_OR_UNKNOWN,GRYPE,GRYPE,OPEN_REMAINING_MANUAL_REVIEW_REQUIRED,MANUAL_REVIEW_REQUIRED,OWNER_UNASSIGNED,DUE_DATE_OWNER_REQUIRED,NO_APPROVED_EXCEPTION
CVE-2026-58015,libglib2.0-0t64,2.80.0-6ubuntu3.8,MEDIUM,PRESENT_IN_RUNTIME_IMAGE,RUNTIME_IMAGE,NOT_ASSESSED_SCANNER_DATA_UNAVAILABLE,NONE_REPORTED,NO_OR_UNKNOWN,GRYPE,GRYPE,OPEN_REMAINING_MANUAL_REVIEW_REQUIRED,MANUAL_REVIEW_REQUIRED,OWNER_UNASSIGNED,DUE_DATE_OWNER_REQUIRED,NO_APPROVED_EXCEPTION
CVE-2026-58016,libglib2.0-0t64,2.80.0-6ubuntu3.8,MEDIUM,PRESENT_IN_RUNTIME_IMAGE,RUNTIME_IMAGE,NOT_ASSESSED_SCANNER_DATA_UNAVAILABLE,NONE_REPORTED,NO_OR_UNKNOWN,GRYPE,GRYPE,OPEN_REMAINING_MANUAL_REVIEW_REQUIRED,MANUAL_REVIEW_REQUIRED,OWNER_UNASSIGNED,DUE_DATE_OWNER_REQUIRED,NO_APPROVED_EXCEPTION
CVE-2026-58040,node,24.18.0,MEDIUM,PRESENT_IN_RUNTIME_IMAGE,RUNTIME_IMAGE,NOT_ASSESSED_SCANNER_DATA_UNAVAILABLE,22.23.2;24.18.1;26.5.1,YES,GRYPE,GRYPE,OPEN_REMAINING_MANUAL_REVIEW_REQUIRED,MANUAL_REVIEW_REQUIRED,OWNER_UNASSIGNED,DUE_DATE_OWNER_REQUIRED,NO_APPROVED_EXCEPTION
CVE-2026-58041,node,24.18.0,MEDIUM,PRESENT_IN_RUNTIME_IMAGE,RUNTIME_IMAGE,NOT_ASSESSED_SCANNER_DATA_UNAVAILABLE,22.23.2;24.18.1;26.5.1,YES,GRYPE,GRYPE,OPEN_REMAINING_MANUAL_REVIEW_REQUIRED,MANUAL_REVIEW_REQUIRED,OWNER_UNASSIGNED,DUE_DATE_OWNER_REQUIRED,NO_APPROVED_EXCEPTION
CVE-2026-58042,node,24.18.0,MEDIUM,PRESENT_IN_RUNTIME_IMAGE,RUNTIME_IMAGE,NOT_ASSESSED_SCANNER_DATA_UNAVAILABLE,22.23.2;24.18.1;26.5.1,YES,GRYPE,GRYPE,OPEN_REMAINING_MANUAL_REVIEW_REQUIRED,MANUAL_REVIEW_REQUIRED,OWNER_UNASSIGNED,DUE_DATE_OWNER_REQUIRED,NO_APPROVED_EXCEPTION
CVE-2026-58045,node,24.18.0,MEDIUM,PRESENT_IN_RUNTIME_IMAGE,RUNTIME_IMAGE,NOT_ASSESSED_SCANNER_DATA_UNAVAILABLE,22.23.2;24.18.1;26.5.1,YES,GRYPE,GRYPE,OPEN_REMAINING_MANUAL_REVIEW_REQUIRED,MANUAL_REVIEW_REQUIRED,OWNER_UNASSIGNED,DUE_DATE_OWNER_REQUIRED,NO_APPROVED_EXCEPTION
CVE-2026-59679,libxfont2,1:2.0.6-1+deb13u1build0.24.04.2,MEDIUM,PRESENT_IN_RUNTIME_IMAGE,RUNTIME_IMAGE,NOT_ASSESSED_SCANNER_DATA_UNAVAILABLE,NONE_REPORTED,NO_OR_UNKNOWN,GRYPE,GRYPE,OPEN_REMAINING_MANUAL_REVIEW_REQUIRED,MANUAL_REVIEW_REQUIRED,OWNER_UNASSIGNED,DUE_DATE_OWNER_REQUIRED,NO_APPROVED_EXCEPTION
CVE-2026-59843,libssh-4,0.10.6-2ubuntu0.4,MEDIUM,PRESENT_IN_RUNTIME_IMAGE,RUNTIME_IMAGE,NOT_ASSESSED_SCANNER_DATA_UNAVAILABLE,NONE_REPORTED,NO_OR_UNKNOWN,GRYPE,GRYPE,OPEN_REMAINING_MANUAL_REVIEW_REQUIRED,MANUAL_REVIEW_REQUIRED,OWNER_UNASSIGNED,DUE_DATE_OWNER_REQUIRED,NO_APPROVED_EXCEPTION
CVE-2026-59844,libssh-4,0.10.6-2ubuntu0.4,MEDIUM,PRESENT_IN_RUNTIME_IMAGE,RUNTIME_IMAGE,NOT_ASSESSED_SCANNER_DATA_UNAVAILABLE,NONE_REPORTED,NO_OR_UNKNOWN,GRYPE,GRYPE,OPEN_REMAINING_MANUAL_REVIEW_REQUIRED,MANUAL_REVIEW_REQUIRED,OWNER_UNASSIGNED,DUE_DATE_OWNER_REQUIRED,NO_APPROVED_EXCEPTION
CVE-2026-59845,libssh-4,0.10.6-2ubuntu0.4,MEDIUM,PRESENT_IN_RUNTIME_IMAGE,RUNTIME_IMAGE,NOT_ASSESSED_SCANNER_DATA_UNAVAILABLE,NONE_REPORTED,NO_OR_UNKNOWN,GRYPE,GRYPE,OPEN_REMAINING_MANUAL_REVIEW_REQUIRED,MANUAL_REVIEW_REQUIRED,OWNER_UNASSIGNED,DUE_DATE_OWNER_REQUIRED,NO_APPROVED_EXCEPTION
CVE-2026-59846,libssh-4,0.10.6-2ubuntu0.4,MEDIUM,PRESENT_IN_RUNTIME_IMAGE,RUNTIME_IMAGE,NOT_ASSESSED_SCANNER_DATA_UNAVAILABLE,NONE_REPORTED,NO_OR_UNKNOWN,GRYPE,GRYPE,OPEN_REMAINING_MANUAL_REVIEW_REQUIRED,MANUAL_REVIEW_REQUIRED,OWNER_UNASSIGNED,DUE_DATE_OWNER_REQUIRED,NO_APPROVED_EXCEPTION
CVE-2026-59847,libssh-4,0.10.6-2ubuntu0.4,MEDIUM,PRESENT_IN_RUNTIME_IMAGE,RUNTIME_IMAGE,NOT_ASSESSED_SCANNER_DATA_UNAVAILABLE,NONE_REPORTED,NO_OR_UNKNOWN,GRYPE,GRYPE,OPEN_REMAINING_MANUAL_REVIEW_REQUIRED,MANUAL_REVIEW_REQUIRED,OWNER_UNASSIGNED,DUE_DATE_OWNER_REQUIRED,NO_APPROVED_EXCEPTION
CVE-2026-59848,libssh-4,0.10.6-2ubuntu0.4,MEDIUM,PRESENT_IN_RUNTIME_IMAGE,RUNTIME_IMAGE,NOT_ASSESSED_SCANNER_DATA_UNAVAILABLE,NONE_REPORTED,NO_OR_UNKNOWN,GRYPE,GRYPE,OPEN_REMAINING_MANUAL_REVIEW_REQUIRED,MANUAL_REVIEW_REQUIRED,OWNER_UNASSIGNED,DUE_DATE_OWNER_REQUIRED,NO_APPROVED_EXCEPTION
CVE-2026-59849,libssh-4,0.10.6-2ubuntu0.4,MEDIUM,PRESENT_IN_RUNTIME_IMAGE,RUNTIME_IMAGE,NOT_ASSESSED_SCANNER_DATA_UNAVAILABLE,NONE_REPORTED,NO_OR_UNKNOWN,GRYPE,GRYPE,OPEN_REMAINING_MANUAL_REVIEW_REQUIRED,MANUAL_REVIEW_REQUIRED,OWNER_UNASSIGNED,DUE_DATE_OWNER_REQUIRED,NO_APPROVED_EXCEPTION
CVE-2026-59850,libssh-4,0.10.6-2ubuntu0.4,MEDIUM,PRESENT_IN_RUNTIME_IMAGE,RUNTIME_IMAGE,NOT_ASSESSED_SCANNER_DATA_UNAVAILABLE,NONE_REPORTED,NO_OR_UNKNOWN,GRYPE,GRYPE,OPEN_REMAINING_MANUAL_REVIEW_REQUIRED,MANUAL_REVIEW_REQUIRED,OWNER_UNASSIGNED,DUE_DATE_OWNER_REQUIRED,NO_APPROVED_EXCEPTION
CVE-2026-59851,libssh-4,0.10.6-2ubuntu0.4,MEDIUM,PRESENT_IN_RUNTIME_IMAGE,RUNTIME_IMAGE,NOT_ASSESSED_SCANNER_DATA_UNAVAILABLE,NONE_REPORTED,NO_OR_UNKNOWN,GRYPE,GRYPE,OPEN_REMAINING_MANUAL_REVIEW_REQUIRED,MANUAL_REVIEW_REQUIRED,OWNER_UNASSIGNED,DUE_DATE_OWNER_REQUIRED,NO_APPROVED_EXCEPTION
CVE-2026-62291,libheif-plugin-aomdec,1.17.6-1ubuntu4.8,MEDIUM,PRESENT_IN_RUNTIME_IMAGE,RUNTIME_IMAGE,NOT_ASSESSED_SCANNER_DATA_UNAVAILABLE,NONE_REPORTED,NO_OR_UNKNOWN,GRYPE;TRIVY,GRYPE;TRIVY,OPEN_REMAINING_MANUAL_REVIEW_REQUIRED,MANUAL_REVIEW_REQUIRED,OWNER_UNASSIGNED,DUE_DATE_OWNER_REQUIRED,NO_APPROVED_EXCEPTION
CVE-2026-62291,libheif1,1.17.6-1ubuntu4.8,MEDIUM,PRESENT_IN_RUNTIME_IMAGE,RUNTIME_IMAGE,NOT_ASSESSED_SCANNER_DATA_UNAVAILABLE,NONE_REPORTED,NO_OR_UNKNOWN,GRYPE;TRIVY,GRYPE;TRIVY,OPEN_REMAINING_MANUAL_REVIEW_REQUIRED,MANUAL_REVIEW_REQUIRED,OWNER_UNASSIGNED,DUE_DATE_OWNER_REQUIRED,NO_APPROVED_EXCEPTION
CVE-2026-62377,libheif-plugin-aomdec,1.17.6-1ubuntu4.8,MEDIUM,PRESENT_IN_RUNTIME_IMAGE,RUNTIME_IMAGE,NOT_ASSESSED_SCANNER_DATA_UNAVAILABLE,NONE_REPORTED,NO_OR_UNKNOWN,GRYPE,GRYPE,OPEN_REMAINING_MANUAL_REVIEW_REQUIRED,MANUAL_REVIEW_REQUIRED,OWNER_UNASSIGNED,DUE_DATE_OWNER_REQUIRED,NO_APPROVED_EXCEPTION
CVE-2026-62377,libheif1,1.17.6-1ubuntu4.8,MEDIUM,PRESENT_IN_RUNTIME_IMAGE,RUNTIME_IMAGE,NOT_ASSESSED_SCANNER_DATA_UNAVAILABLE,NONE_REPORTED,NO_OR_UNKNOWN,GRYPE,GRYPE,OPEN_REMAINING_MANUAL_REVIEW_REQUIRED,MANUAL_REVIEW_REQUIRED,OWNER_UNASSIGNED,DUE_DATE_OWNER_REQUIRED,NO_APPROVED_EXCEPTION
CVE-2026-6368,libc-bin,2.39-0ubuntu8.8,MEDIUM,PRESENT_IN_RUNTIME_IMAGE,RUNTIME_IMAGE,NOT_ASSESSED_SCANNER_DATA_UNAVAILABLE,NONE_REPORTED,NO_OR_UNKNOWN,GRYPE,GRYPE,OPEN_REMAINING_MANUAL_REVIEW_REQUIRED,MANUAL_REVIEW_REQUIRED,OWNER_UNASSIGNED,DUE_DATE_OWNER_REQUIRED,NO_APPROVED_EXCEPTION
CVE-2026-6368,libc6,2.39-0ubuntu8.8,MEDIUM,PRESENT_IN_RUNTIME_IMAGE,RUNTIME_IMAGE,NOT_ASSESSED_SCANNER_DATA_UNAVAILABLE,NONE_REPORTED,NO_OR_UNKNOWN,GRYPE,GRYPE,OPEN_REMAINING_MANUAL_REVIEW_REQUIRED,MANUAL_REVIEW_REQUIRED,OWNER_UNASSIGNED,DUE_DATE_OWNER_REQUIRED,NO_APPROVED_EXCEPTION
CVE-2026-66046,libexpat1,2.6.1-2ubuntu0.4,MEDIUM,PRESENT_IN_RUNTIME_IMAGE,RUNTIME_IMAGE,NOT_ASSESSED_SCANNER_DATA_UNAVAILABLE,NONE_REPORTED,NO_OR_UNKNOWN,GRYPE,GRYPE,OPEN_REMAINING_MANUAL_REVIEW_REQUIRED,MANUAL_REVIEW_REQUIRED,OWNER_UNASSIGNED,DUE_DATE_OWNER_REQUIRED,NO_APPROVED_EXCEPTION
CVE-2026-67422,libpython3.12-minimal,3.12.3-1ubuntu0.16,MEDIUM,PRESENT_IN_RUNTIME_IMAGE,RUNTIME_IMAGE,NOT_ASSESSED_SCANNER_DATA_UNAVAILABLE,NONE_REPORTED,NO_OR_UNKNOWN,GRYPE,GRYPE,OPEN_REMAINING_MANUAL_REVIEW_REQUIRED,MANUAL_REVIEW_REQUIRED,OWNER_UNASSIGNED,DUE_DATE_OWNER_REQUIRED,NO_APPROVED_EXCEPTION
CVE-2026-67422,libpython3.12-stdlib,3.12.3-1ubuntu0.16,MEDIUM,PRESENT_IN_RUNTIME_IMAGE,RUNTIME_IMAGE,NOT_ASSESSED_SCANNER_DATA_UNAVAILABLE,NONE_REPORTED,NO_OR_UNKNOWN,GRYPE,GRYPE,OPEN_REMAINING_MANUAL_REVIEW_REQUIRED,MANUAL_REVIEW_REQUIRED,OWNER_UNASSIGNED,DUE_DATE_OWNER_REQUIRED,NO_APPROVED_EXCEPTION
CVE-2026-67422,python3.12,3.12.3-1ubuntu0.16,MEDIUM,PRESENT_IN_RUNTIME_IMAGE,RUNTIME_IMAGE,NOT_ASSESSED_SCANNER_DATA_UNAVAILABLE,NONE_REPORTED,NO_OR_UNKNOWN,GRYPE,GRYPE,OPEN_REMAINING_MANUAL_REVIEW_REQUIRED,MANUAL_REVIEW_REQUIRED,OWNER_UNASSIGNED,DUE_DATE_OWNER_REQUIRED,NO_APPROVED_EXCEPTION
CVE-2026-67422,python3.12-minimal,3.12.3-1ubuntu0.16,MEDIUM,PRESENT_IN_RUNTIME_IMAGE,RUNTIME_IMAGE,NOT_ASSESSED_SCANNER_DATA_UNAVAILABLE,NONE_REPORTED,NO_OR_UNKNOWN,GRYPE,GRYPE,OPEN_REMAINING_MANUAL_REVIEW_REQUIRED,MANUAL_REVIEW_REQUIRED,OWNER_UNASSIGNED,DUE_DATE_OWNER_REQUIRED,NO_APPROVED_EXCEPTION
CVE-2026-6791,libc-bin,2.39-0ubuntu8.8,MEDIUM,PRESENT_IN_RUNTIME_IMAGE,RUNTIME_IMAGE,NOT_ASSESSED_SCANNER_DATA_UNAVAILABLE,NONE_REPORTED,NO_OR_UNKNOWN,GRYPE,GRYPE,OPEN_REMAINING_MANUAL_REVIEW_REQUIRED,MANUAL_REVIEW_REQUIRED,OWNER_UNASSIGNED,DUE_DATE_OWNER_REQUIRED,NO_APPROVED_EXCEPTION
CVE-2026-6791,libc6,2.39-0ubuntu8.8,MEDIUM,PRESENT_IN_RUNTIME_IMAGE,RUNTIME_IMAGE,NOT_ASSESSED_SCANNER_DATA_UNAVAILABLE,NONE_REPORTED,NO_OR_UNKNOWN,GRYPE,GRYPE,OPEN_REMAINING_MANUAL_REVIEW_REQUIRED,MANUAL_REVIEW_REQUIRED,OWNER_UNASSIGNED,DUE_DATE_OWNER_REQUIRED,NO_APPROVED_EXCEPTION
CVE-2026-6879,libpython3.12-minimal,3.12.3-1ubuntu0.16,MEDIUM,PRESENT_IN_RUNTIME_IMAGE,RUNTIME_IMAGE,NOT_ASSESSED_SCANNER_DATA_UNAVAILABLE,NONE_REPORTED,NO_OR_UNKNOWN,GRYPE,GRYPE,OPEN_REMAINING_MANUAL_REVIEW_REQUIRED,MANUAL_REVIEW_REQUIRED,OWNER_UNASSIGNED,DUE_DATE_OWNER_REQUIRED,NO_APPROVED_EXCEPTION
CVE-2026-6879,libpython3.12-stdlib,3.12.3-1ubuntu0.16,MEDIUM,PRESENT_IN_RUNTIME_IMAGE,RUNTIME_IMAGE,NOT_ASSESSED_SCANNER_DATA_UNAVAILABLE,NONE_REPORTED,NO_OR_UNKNOWN,GRYPE,GRYPE,OPEN_REMAINING_MANUAL_REVIEW_REQUIRED,MANUAL_REVIEW_REQUIRED,OWNER_UNASSIGNED,DUE_DATE_OWNER_REQUIRED,NO_APPROVED_EXCEPTION
CVE-2026-6879,python3.12,3.12.3-1ubuntu0.16,MEDIUM,PRESENT_IN_RUNTIME_IMAGE,RUNTIME_IMAGE,NOT_ASSESSED_SCANNER_DATA_UNAVAILABLE,NONE_REPORTED,NO_OR_UNKNOWN,GRYPE,GRYPE,OPEN_REMAINING_MANUAL_REVIEW_REQUIRED,MANUAL_REVIEW_REQUIRED,OWNER_UNASSIGNED,DUE_DATE_OWNER_REQUIRED,NO_APPROVED_EXCEPTION
CVE-2026-6879,python3.12-minimal,3.12.3-1ubuntu0.16,MEDIUM,PRESENT_IN_RUNTIME_IMAGE,RUNTIME_IMAGE,NOT_ASSESSED_SCANNER_DATA_UNAVAILABLE,NONE_REPORTED,NO_OR_UNKNOWN,GRYPE,GRYPE,OPEN_REMAINING_MANUAL_REVIEW_REQUIRED,MANUAL_REVIEW_REQUIRED,OWNER_UNASSIGNED,DUE_DATE_OWNER_REQUIRED,NO_APPROVED_EXCEPTION
CVE-2026-7017,libperl5.38t64,5.38.2-3.2ubuntu0.3,MEDIUM,PRESENT_IN_RUNTIME_IMAGE,RUNTIME_IMAGE,NOT_ASSESSED_SCANNER_DATA_UNAVAILABLE,NONE_REPORTED,NO_OR_UNKNOWN,GRYPE,GRYPE,OPEN_REMAINING_MANUAL_REVIEW_REQUIRED,MANUAL_REVIEW_REQUIRED,OWNER_UNASSIGNED,DUE_DATE_OWNER_REQUIRED,NO_APPROVED_EXCEPTION
CVE-2026-7017,perl,5.38.2-3.2ubuntu0.3,MEDIUM,PRESENT_IN_RUNTIME_IMAGE,RUNTIME_IMAGE,NOT_ASSESSED_SCANNER_DATA_UNAVAILABLE,NONE_REPORTED,NO_OR_UNKNOWN,GRYPE,GRYPE,OPEN_REMAINING_MANUAL_REVIEW_REQUIRED,MANUAL_REVIEW_REQUIRED,OWNER_UNASSIGNED,DUE_DATE_OWNER_REQUIRED,NO_APPROVED_EXCEPTION
CVE-2026-7017,perl-base,5.38.2-3.2ubuntu0.3,MEDIUM,PRESENT_IN_RUNTIME_IMAGE,RUNTIME_IMAGE,NOT_ASSESSED_SCANNER_DATA_UNAVAILABLE,NONE_REPORTED,NO_OR_UNKNOWN,GRYPE,GRYPE,OPEN_REMAINING_MANUAL_REVIEW_REQUIRED,MANUAL_REVIEW_REQUIRED,OWNER_UNASSIGNED,DUE_DATE_OWNER_REQUIRED,NO_APPROVED_EXCEPTION
CVE-2026-7017,perl-modules-5.38,5.38.2-3.2ubuntu0.3,MEDIUM,PRESENT_IN_RUNTIME_IMAGE,RUNTIME_IMAGE,NOT_ASSESSED_SCANNER_DATA_UNAVAILABLE,NONE_REPORTED,NO_OR_UNKNOWN,GRYPE,GRYPE,OPEN_REMAINING_MANUAL_REVIEW_REQUIRED,MANUAL_REVIEW_REQUIRED,OWNER_UNASSIGNED,DUE_DATE_OWNER_REQUIRED,NO_APPROVED_EXCEPTION
CVE-2026-7210,libpython3.12-minimal,3.12.3-1ubuntu0.16,MEDIUM,PRESENT_IN_RUNTIME_IMAGE,RUNTIME_IMAGE,NOT_ASSESSED_SCANNER_DATA_UNAVAILABLE,NONE_REPORTED,NO_OR_UNKNOWN,GRYPE,GRYPE,OPEN_REMAINING_MANUAL_REVIEW_REQUIRED,MANUAL_REVIEW_REQUIRED,OWNER_UNASSIGNED,DUE_DATE_OWNER_REQUIRED,NO_APPROVED_EXCEPTION
CVE-2026-7210,libpython3.12-stdlib,3.12.3-1ubuntu0.16,MEDIUM,PRESENT_IN_RUNTIME_IMAGE,RUNTIME_IMAGE,NOT_ASSESSED_SCANNER_DATA_UNAVAILABLE,NONE_REPORTED,NO_OR_UNKNOWN,GRYPE,GRYPE,OPEN_REMAINING_MANUAL_REVIEW_REQUIRED,MANUAL_REVIEW_REQUIRED,OWNER_UNASSIGNED,DUE_DATE_OWNER_REQUIRED,NO_APPROVED_EXCEPTION
CVE-2026-7210,python3.12,3.12.3-1ubuntu0.16,MEDIUM,PRESENT_IN_RUNTIME_IMAGE,RUNTIME_IMAGE,NOT_ASSESSED_SCANNER_DATA_UNAVAILABLE,NONE_REPORTED,NO_OR_UNKNOWN,GRYPE,GRYPE,OPEN_REMAINING_MANUAL_REVIEW_REQUIRED,MANUAL_REVIEW_REQUIRED,OWNER_UNASSIGNED,DUE_DATE_OWNER_REQUIRED,NO_APPROVED_EXCEPTION
CVE-2026-7210,python3.12-minimal,3.12.3-1ubuntu0.16,MEDIUM,PRESENT_IN_RUNTIME_IMAGE,RUNTIME_IMAGE,NOT_ASSESSED_SCANNER_DATA_UNAVAILABLE,NONE_REPORTED,NO_OR_UNKNOWN,GRYPE,GRYPE,OPEN_REMAINING_MANUAL_REVIEW_REQUIRED,MANUAL_REVIEW_REQUIRED,OWNER_UNASSIGNED,DUE_DATE_OWNER_REQUIRED,NO_APPROVED_EXCEPTION
CVE-2026-72522,libexpat1,2.6.1-2ubuntu0.4,MEDIUM,PRESENT_IN_RUNTIME_IMAGE,RUNTIME_IMAGE,NOT_ASSESSED_SCANNER_DATA_UNAVAILABLE,NONE_REPORTED,NO_OR_UNKNOWN,GRYPE,GRYPE,OPEN_REMAINING_MANUAL_REVIEW_REQUIRED,MANUAL_REVIEW_REQUIRED,OWNER_UNASSIGNED,DUE_DATE_OWNER_REQUIRED,NO_APPROVED_EXCEPTION
CVE-2026-76641,libexpat1,2.6.1-2ubuntu0.4,MEDIUM,PRESENT_IN_RUNTIME_IMAGE,RUNTIME_IMAGE,NOT_ASSESSED_SCANNER_DATA_UNAVAILABLE,NONE_REPORTED,NO_OR_UNKNOWN,GRYPE,GRYPE,OPEN_REMAINING_MANUAL_REVIEW_REQUIRED,MANUAL_REVIEW_REQUIRED,OWNER_UNASSIGNED,DUE_DATE_OWNER_REQUIRED,NO_APPROVED_EXCEPTION
CVE-2026-76956,libexpat1,2.6.1-2ubuntu0.4,MEDIUM,PRESENT_IN_RUNTIME_IMAGE,RUNTIME_IMAGE,NOT_ASSESSED_SCANNER_DATA_UNAVAILABLE,NONE_REPORTED,NO_OR_UNKNOWN,GRYPE,GRYPE,OPEN_REMAINING_MANUAL_REVIEW_REQUIRED,MANUAL_REVIEW_REQUIRED,OWNER_UNASSIGNED,DUE_DATE_OWNER_REQUIRED,NO_APPROVED_EXCEPTION
CVE-2026-76957,libexpat1,2.6.1-2ubuntu0.4,MEDIUM,PRESENT_IN_RUNTIME_IMAGE,RUNTIME_IMAGE,NOT_ASSESSED_SCANNER_DATA_UNAVAILABLE,NONE_REPORTED,NO_OR_UNKNOWN,GRYPE,GRYPE,OPEN_REMAINING_MANUAL_REVIEW_REQUIRED,MANUAL_REVIEW_REQUIRED,OWNER_UNASSIGNED,DUE_DATE_OWNER_REQUIRED,NO_APPROVED_EXCEPTION
CVE-2026-9538,libperl5.38t64,5.38.2-3.2ubuntu0.3,MEDIUM,PRESENT_IN_RUNTIME_IMAGE,RUNTIME_IMAGE,NOT_ASSESSED_SCANNER_DATA_UNAVAILABLE,NONE_REPORTED,NO_OR_UNKNOWN,GRYPE,GRYPE,OPEN_REMAINING_MANUAL_REVIEW_REQUIRED,MANUAL_REVIEW_REQUIRED,OWNER_UNASSIGNED,DUE_DATE_OWNER_REQUIRED,NO_APPROVED_EXCEPTION
CVE-2026-9538,perl,5.38.2-3.2ubuntu0.3,MEDIUM,PRESENT_IN_RUNTIME_IMAGE,RUNTIME_IMAGE,NOT_ASSESSED_SCANNER_DATA_UNAVAILABLE,NONE_REPORTED,NO_OR_UNKNOWN,GRYPE,GRYPE,OPEN_REMAINING_MANUAL_REVIEW_REQUIRED,MANUAL_REVIEW_REQUIRED,OWNER_UNASSIGNED,DUE_DATE_OWNER_REQUIRED,NO_APPROVED_EXCEPTION
CVE-2026-9538,perl-base,5.38.2-3.2ubuntu0.3,MEDIUM,PRESENT_IN_RUNTIME_IMAGE,RUNTIME_IMAGE,NOT_ASSESSED_SCANNER_DATA_UNAVAILABLE,NONE_REPORTED,NO_OR_UNKNOWN,GRYPE,GRYPE,OPEN_REMAINING_MANUAL_REVIEW_REQUIRED,MANUAL_REVIEW_REQUIRED,OWNER_UNASSIGNED,DUE_DATE_OWNER_REQUIRED,NO_APPROVED_EXCEPTION
CVE-2026-9538,perl-modules-5.38,5.38.2-3.2ubuntu0.3,MEDIUM,PRESENT_IN_RUNTIME_IMAGE,RUNTIME_IMAGE,NOT_ASSESSED_SCANNER_DATA_UNAVAILABLE,NONE_REPORTED,NO_OR_UNKNOWN,GRYPE,GRYPE,OPEN_REMAINING_MANUAL_REVIEW_REQUIRED,MANUAL_REVIEW_REQUIRED,OWNER_UNASSIGNED,DUE_DATE_OWNER_REQUIRED,NO_APPROVED_EXCEPTION
GHSA-5cv4-jp36-h3mw,golang.org/x/net,v0.53.0,MEDIUM,PRESENT_IN_RUNTIME_IMAGE,RUNTIME_IMAGE,NOT_ASSESSED_SCANNER_DATA_UNAVAILABLE,0.55.0,YES,GRYPE,GRYPE,OPEN_REMAINING_MANUAL_REVIEW_REQUIRED,MANUAL_REVIEW_REQUIRED,OWNER_UNASSIGNED,DUE_DATE_OWNER_REQUIRED,NO_APPROVED_EXCEPTION
GHSA-vrw8-fxc6-2r93,github.com/go-chi/chi/v5,v5.1.0,MEDIUM,PRESENT_IN_RUNTIME_IMAGE,RUNTIME_IMAGE,NOT_ASSESSED_SCANNER_DATA_UNAVAILABLE,5.2.2,YES,GRYPE;TRIVY,GRYPE;TRIVY,OPEN_REMAINING_MANUAL_REVIEW_REQUIRED,MANUAL_REVIEW_REQUIRED,OWNER_UNASSIGNED,DUE_DATE_OWNER_REQUIRED,NO_APPROVED_EXCEPTION
GO-2025-3955,stdlib,go1.25.0,MEDIUM,PRESENT_IN_RUNTIME_IMAGE,RUNTIME_IMAGE,NOT_ASSESSED_SCANNER_DATA_UNAVAILABLE,1.25.1,YES,GRYPE,GRYPE,OPEN_REMAINING_MANUAL_REVIEW_REQUIRED,MANUAL_REVIEW_REQUIRED,OWNER_UNASSIGNED,DUE_DATE_OWNER_REQUIRED,NO_APPROVED_EXCEPTION
GO-2025-4008,stdlib,go1.25.0,MEDIUM,PRESENT_IN_RUNTIME_IMAGE,RUNTIME_IMAGE,NOT_ASSESSED_SCANNER_DATA_UNAVAILABLE,1.24.8;1.25.2,YES,GRYPE,GRYPE,OPEN_REMAINING_MANUAL_REVIEW_REQUIRED,MANUAL_REVIEW_REQUIRED,OWNER_UNASSIGNED,DUE_DATE_OWNER_REQUIRED,NO_APPROVED_EXCEPTION
GO-2025-4010,stdlib,go1.25.0,MEDIUM,PRESENT_IN_RUNTIME_IMAGE,RUNTIME_IMAGE,NOT_ASSESSED_SCANNER_DATA_UNAVAILABLE,1.24.8;1.25.2,YES,GRYPE,GRYPE,OPEN_REMAINING_MANUAL_REVIEW_REQUIRED,MANUAL_REVIEW_REQUIRED,OWNER_UNASSIGNED,DUE_DATE_OWNER_REQUIRED,NO_APPROVED_EXCEPTION
GO-2025-4011,stdlib,go1.25.0,MEDIUM,PRESENT_IN_RUNTIME_IMAGE,RUNTIME_IMAGE,NOT_ASSESSED_SCANNER_DATA_UNAVAILABLE,1.24.8;1.25.2,YES,GRYPE,GRYPE,OPEN_REMAINING_MANUAL_REVIEW_REQUIRED,MANUAL_REVIEW_REQUIRED,OWNER_UNASSIGNED,DUE_DATE_OWNER_REQUIRED,NO_APPROVED_EXCEPTION
GO-2025-4012,stdlib,go1.25.0,MEDIUM,PRESENT_IN_RUNTIME_IMAGE,RUNTIME_IMAGE,NOT_ASSESSED_SCANNER_DATA_UNAVAILABLE,1.24.8;1.25.2,YES,GRYPE,GRYPE,OPEN_REMAINING_MANUAL_REVIEW_REQUIRED,MANUAL_REVIEW_REQUIRED,OWNER_UNASSIGNED,DUE_DATE_OWNER_REQUIRED,NO_APPROVED_EXCEPTION
GO-2025-4014,stdlib,go1.25.0,MEDIUM,PRESENT_IN_RUNTIME_IMAGE,RUNTIME_IMAGE,NOT_ASSESSED_SCANNER_DATA_UNAVAILABLE,1.24.8;1.25.2,YES,GRYPE,GRYPE,OPEN_REMAINING_MANUAL_REVIEW_REQUIRED,MANUAL_REVIEW_REQUIRED,OWNER_UNASSIGNED,DUE_DATE_OWNER_REQUIRED,NO_APPROVED_EXCEPTION
GO-2025-4015,stdlib,go1.25.0,MEDIUM,PRESENT_IN_RUNTIME_IMAGE,RUNTIME_IMAGE,NOT_ASSESSED_SCANNER_DATA_UNAVAILABLE,1.24.8;1.25.2,YES,GRYPE,GRYPE,OPEN_REMAINING_MANUAL_REVIEW_REQUIRED,MANUAL_REVIEW_REQUIRED,OWNER_UNASSIGNED,DUE_DATE_OWNER_REQUIRED,NO_APPROVED_EXCEPTION
GO-2025-4175,stdlib,go1.25.0,MEDIUM,PRESENT_IN_RUNTIME_IMAGE,RUNTIME_IMAGE,NOT_ASSESSED_SCANNER_DATA_UNAVAILABLE,1.24.11;1.25.5,YES,GRYPE,GRYPE,OPEN_REMAINING_MANUAL_REVIEW_REQUIRED,MANUAL_REVIEW_REQUIRED,OWNER_UNASSIGNED,DUE_DATE_OWNER_REQUIRED,NO_APPROVED_EXCEPTION
GO-2026-4340,stdlib,go1.25.0,MEDIUM,PRESENT_IN_RUNTIME_IMAGE,RUNTIME_IMAGE,NOT_ASSESSED_SCANNER_DATA_UNAVAILABLE,1.24.12;1.25.6,YES,GRYPE,GRYPE,OPEN_REMAINING_MANUAL_REVIEW_REQUIRED,MANUAL_REVIEW_REQUIRED,OWNER_UNASSIGNED,DUE_DATE_OWNER_REQUIRED,NO_APPROVED_EXCEPTION
GO-2026-4342,stdlib,go1.25.0,MEDIUM,PRESENT_IN_RUNTIME_IMAGE,RUNTIME_IMAGE,NOT_ASSESSED_SCANNER_DATA_UNAVAILABLE,1.24.12;1.25.6,YES,GRYPE,GRYPE,OPEN_REMAINING_MANUAL_REVIEW_REQUIRED,MANUAL_REVIEW_REQUIRED,OWNER_UNASSIGNED,DUE_DATE_OWNER_REQUIRED,NO_APPROVED_EXCEPTION
GO-2026-4603,stdlib,go1.25.0,MEDIUM,PRESENT_IN_RUNTIME_IMAGE,RUNTIME_IMAGE,NOT_ASSESSED_SCANNER_DATA_UNAVAILABLE,1.25.8;1.26.1,YES,GRYPE,GRYPE,OPEN_REMAINING_MANUAL_REVIEW_REQUIRED,MANUAL_REVIEW_REQUIRED,OWNER_UNASSIGNED,DUE_DATE_OWNER_REQUIRED,NO_APPROVED_EXCEPTION
GO-2026-4864,stdlib,go1.25.0,MEDIUM,PRESENT_IN_RUNTIME_IMAGE,RUNTIME_IMAGE,NOT_ASSESSED_SCANNER_DATA_UNAVAILABLE,1.25.9;1.26.2,YES,GRYPE,GRYPE,OPEN_REMAINING_MANUAL_REVIEW_REQUIRED,MANUAL_REVIEW_REQUIRED,OWNER_UNASSIGNED,DUE_DATE_OWNER_REQUIRED,NO_APPROVED_EXCEPTION
GO-2026-4865,stdlib,go1.25.0,MEDIUM,PRESENT_IN_RUNTIME_IMAGE,RUNTIME_IMAGE,NOT_ASSESSED_SCANNER_DATA_UNAVAILABLE,1.25.9;1.26.2,YES,GRYPE,GRYPE,OPEN_REMAINING_MANUAL_REVIEW_REQUIRED,MANUAL_REVIEW_REQUIRED,OWNER_UNASSIGNED,DUE_DATE_OWNER_REQUIRED,NO_APPROVED_EXCEPTION
GO-2026-4869,stdlib,go1.25.0,MEDIUM,PRESENT_IN_RUNTIME_IMAGE,RUNTIME_IMAGE,NOT_ASSESSED_SCANNER_DATA_UNAVAILABLE,1.25.9;1.26.2,YES,GRYPE,GRYPE,OPEN_REMAINING_MANUAL_REVIEW_REQUIRED,MANUAL_REVIEW_REQUIRED,OWNER_UNASSIGNED,DUE_DATE_OWNER_REQUIRED,NO_APPROVED_EXCEPTION
GO-2026-4976,stdlib,go1.25.0,MEDIUM,PRESENT_IN_RUNTIME_IMAGE,RUNTIME_IMAGE,NOT_ASSESSED_SCANNER_DATA_UNAVAILABLE,1.25.10;1.26.3,YES,GRYPE,GRYPE,OPEN_REMAINING_MANUAL_REVIEW_REQUIRED,MANUAL_REVIEW_REQUIRED,OWNER_UNASSIGNED,DUE_DATE_OWNER_REQUIRED,NO_APPROVED_EXCEPTION
GO-2026-4976,stdlib,go1.26.2,MEDIUM,PRESENT_IN_RUNTIME_IMAGE,RUNTIME_IMAGE,NOT_ASSESSED_SCANNER_DATA_UNAVAILABLE,1.25.10;1.26.3,YES,GRYPE,GRYPE,OPEN_REMAINING_MANUAL_REVIEW_REQUIRED,MANUAL_REVIEW_REQUIRED,OWNER_UNASSIGNED,DUE_DATE_OWNER_REQUIRED,NO_APPROVED_EXCEPTION
GO-2026-4980,stdlib,go1.25.0,MEDIUM,PRESENT_IN_RUNTIME_IMAGE,RUNTIME_IMAGE,NOT_ASSESSED_SCANNER_DATA_UNAVAILABLE,1.25.10;1.26.3,YES,GRYPE,GRYPE,OPEN_REMAINING_MANUAL_REVIEW_REQUIRED,MANUAL_REVIEW_REQUIRED,OWNER_UNASSIGNED,DUE_DATE_OWNER_REQUIRED,NO_APPROVED_EXCEPTION
GO-2026-4980,stdlib,go1.26.2,MEDIUM,PRESENT_IN_RUNTIME_IMAGE,RUNTIME_IMAGE,NOT_ASSESSED_SCANNER_DATA_UNAVAILABLE,1.25.10;1.26.3,YES,GRYPE,GRYPE,OPEN_REMAINING_MANUAL_REVIEW_REQUIRED,MANUAL_REVIEW_REQUIRED,OWNER_UNASSIGNED,DUE_DATE_OWNER_REQUIRED,NO_APPROVED_EXCEPTION
GO-2026-4982,stdlib,go1.25.0,MEDIUM,PRESENT_IN_RUNTIME_IMAGE,RUNTIME_IMAGE,NOT_ASSESSED_SCANNER_DATA_UNAVAILABLE,1.25.10;1.26.3,YES,GRYPE,GRYPE,OPEN_REMAINING_MANUAL_REVIEW_REQUIRED,MANUAL_REVIEW_REQUIRED,OWNER_UNASSIGNED,DUE_DATE_OWNER_REQUIRED,NO_APPROVED_EXCEPTION
GO-2026-4982,stdlib,go1.26.2,MEDIUM,PRESENT_IN_RUNTIME_IMAGE,RUNTIME_IMAGE,NOT_ASSESSED_SCANNER_DATA_UNAVAILABLE,1.25.10;1.26.3,YES,GRYPE,GRYPE,OPEN_REMAINING_MANUAL_REVIEW_REQUIRED,MANUAL_REVIEW_REQUIRED,OWNER_UNASSIGNED,DUE_DATE_OWNER_REQUIRED,NO_APPROVED_EXCEPTION
GO-2026-5025,golang.org/x/net,v0.53.0,MEDIUM,PRESENT_IN_RUNTIME_IMAGE,RUNTIME_IMAGE,NOT_ASSESSED_SCANNER_DATA_UNAVAILABLE,0.55.0,YES,GRYPE,GRYPE,OPEN_REMAINING_MANUAL_REVIEW_REQUIRED,MANUAL_REVIEW_REQUIRED,OWNER_UNASSIGNED,DUE_DATE_OWNER_REQUIRED,NO_APPROVED_EXCEPTION
GO-2026-5027,golang.org/x/net,v0.53.0,MEDIUM,PRESENT_IN_RUNTIME_IMAGE,RUNTIME_IMAGE,NOT_ASSESSED_SCANNER_DATA_UNAVAILABLE,0.55.0,YES,GRYPE,GRYPE,OPEN_REMAINING_MANUAL_REVIEW_REQUIRED,MANUAL_REVIEW_REQUIRED,OWNER_UNASSIGNED,DUE_DATE_OWNER_REQUIRED,NO_APPROVED_EXCEPTION
GO-2026-5029,golang.org/x/net,v0.53.0,MEDIUM,PRESENT_IN_RUNTIME_IMAGE,RUNTIME_IMAGE,NOT_ASSESSED_SCANNER_DATA_UNAVAILABLE,0.55.0,YES,GRYPE,GRYPE,OPEN_REMAINING_MANUAL_REVIEW_REQUIRED,MANUAL_REVIEW_REQUIRED,OWNER_UNASSIGNED,DUE_DATE_OWNER_REQUIRED,NO_APPROVED_EXCEPTION
GO-2026-5030,golang.org/x/net,v0.53.0,MEDIUM,PRESENT_IN_RUNTIME_IMAGE,RUNTIME_IMAGE,NOT_ASSESSED_SCANNER_DATA_UNAVAILABLE,0.55.0,YES,GRYPE,GRYPE,OPEN_REMAINING_MANUAL_REVIEW_REQUIRED,MANUAL_REVIEW_REQUIRED,OWNER_UNASSIGNED,DUE_DATE_OWNER_REQUIRED,NO_APPROVED_EXCEPTION
GO-2026-5039,stdlib,go1.25.0,MEDIUM,PRESENT_IN_RUNTIME_IMAGE,RUNTIME_IMAGE,NOT_ASSESSED_SCANNER_DATA_UNAVAILABLE,1.25.11;1.26.4,YES,GRYPE,GRYPE,OPEN_REMAINING_MANUAL_REVIEW_REQUIRED,MANUAL_REVIEW_REQUIRED,OWNER_UNASSIGNED,DUE_DATE_OWNER_REQUIRED,NO_APPROVED_EXCEPTION
GO-2026-5039,stdlib,go1.26.2,MEDIUM,PRESENT_IN_RUNTIME_IMAGE,RUNTIME_IMAGE,NOT_ASSESSED_SCANNER_DATA_UNAVAILABLE,1.25.11;1.26.4,YES,GRYPE,GRYPE,OPEN_REMAINING_MANUAL_REVIEW_REQUIRED,MANUAL_REVIEW_REQUIRED,OWNER_UNASSIGNED,DUE_DATE_OWNER_REQUIRED,NO_APPROVED_EXCEPTION
GO-2026-5856,stdlib,go1.25.0,MEDIUM,PRESENT_IN_RUNTIME_IMAGE,RUNTIME_IMAGE,NOT_ASSESSED_SCANNER_DATA_UNAVAILABLE,1.25.12;1.26.5;1.27.0-rc.2,YES,GRYPE,GRYPE,OPEN_REMAINING_MANUAL_REVIEW_REQUIRED,MANUAL_REVIEW_REQUIRED,OWNER_UNASSIGNED,DUE_DATE_OWNER_REQUIRED,NO_APPROVED_EXCEPTION
GO-2026-5856,stdlib,go1.26.2,MEDIUM,PRESENT_IN_RUNTIME_IMAGE,RUNTIME_IMAGE,NOT_ASSESSED_SCANNER_DATA_UNAVAILABLE,1.25.12;1.26.5;1.27.0-rc.2,YES,GRYPE,GRYPE,OPEN_REMAINING_MANUAL_REVIEW_REQUIRED,MANUAL_REVIEW_REQUIRED,OWNER_UNASSIGNED,DUE_DATE_OWNER_REQUIRED,NO_APPROVED_EXCEPTION
GO-2026-6091,stdlib,go1.25.0,MEDIUM,PRESENT_IN_RUNTIME_IMAGE,RUNTIME_IMAGE,NOT_ASSESSED_SCANNER_DATA_UNAVAILABLE,1.25.13;1.26.6;1.27.0-rc.3,YES,GRYPE,GRYPE,OPEN_REMAINING_MANUAL_REVIEW_REQUIRED,MANUAL_REVIEW_REQUIRED,OWNER_UNASSIGNED,DUE_DATE_OWNER_REQUIRED,NO_APPROVED_EXCEPTION
GO-2026-6091,stdlib,go1.26.2,MEDIUM,PRESENT_IN_RUNTIME_IMAGE,RUNTIME_IMAGE,NOT_ASSESSED_SCANNER_DATA_UNAVAILABLE,1.25.13;1.26.6;1.27.0-rc.3,YES,GRYPE,GRYPE,OPEN_REMAINING_MANUAL_REVIEW_REQUIRED,MANUAL_REVIEW_REQUIRED,OWNER_UNASSIGNED,DUE_DATE_OWNER_REQUIRED,NO_APPROVED_EXCEPTION
GO-2026-6218,stdlib,go1.25.0,MEDIUM,PRESENT_IN_RUNTIME_IMAGE,RUNTIME_IMAGE,NOT_ASSESSED_SCANNER_DATA_UNAVAILABLE,1.25.13;1.26.6;1.27.0-rc.3,YES,GRYPE,GRYPE,OPEN_REMAINING_MANUAL_REVIEW_REQUIRED,MANUAL_REVIEW_REQUIRED,OWNER_UNASSIGNED,DUE_DATE_OWNER_REQUIRED,NO_APPROVED_EXCEPTION
GO-2026-6218,stdlib,go1.26.2,MEDIUM,PRESENT_IN_RUNTIME_IMAGE,RUNTIME_IMAGE,NOT_ASSESSED_SCANNER_DATA_UNAVAILABLE,1.25.13;1.26.6;1.27.0-rc.3,YES,GRYPE,GRYPE,OPEN_REMAINING_MANUAL_REVIEW_REQUIRED,MANUAL_REVIEW_REQUIRED,OWNER_UNASSIGNED,DUE_DATE_OWNER_REQUIRED,NO_APPROVED_EXCEPTION
CVE-2016-2781,coreutils,9.4-3ubuntu6.2,LOW,PRESENT_IN_RUNTIME_IMAGE,RUNTIME_IMAGE,NOT_ASSESSED_SCANNER_DATA_UNAVAILABLE,NONE_REPORTED,NO_OR_UNKNOWN,GRYPE,GRYPE,OPEN_REMAINING_MANUAL_REVIEW_REQUIRED,MANUAL_REVIEW_REQUIRED,OWNER_UNASSIGNED,DUE_DATE_OWNER_REQUIRED,NO_APPROVED_EXCEPTION
CVE-2017-7475,libcairo-gobject2,1.18.0-3build1,LOW,PRESENT_IN_RUNTIME_IMAGE,RUNTIME_IMAGE,NOT_ASSESSED_SCANNER_DATA_UNAVAILABLE,NONE_REPORTED,NO_OR_UNKNOWN,GRYPE;TRIVY,GRYPE;TRIVY,OPEN_REMAINING_MANUAL_REVIEW_REQUIRED,MANUAL_REVIEW_REQUIRED,OWNER_UNASSIGNED,DUE_DATE_OWNER_REQUIRED,NO_APPROVED_EXCEPTION
CVE-2017-7475,libcairo2,1.18.0-3build1,LOW,PRESENT_IN_RUNTIME_IMAGE,RUNTIME_IMAGE,NOT_ASSESSED_SCANNER_DATA_UNAVAILABLE,NONE_REPORTED,NO_OR_UNKNOWN,GRYPE;TRIVY,GRYPE;TRIVY,OPEN_REMAINING_MANUAL_REVIEW_REQUIRED,MANUAL_REVIEW_REQUIRED,OWNER_UNASSIGNED,DUE_DATE_OWNER_REQUIRED,NO_APPROVED_EXCEPTION
CVE-2018-10126,libjpeg-turbo8,2.1.5-2ubuntu2,LOW,PRESENT_IN_RUNTIME_IMAGE,RUNTIME_IMAGE,NOT_ASSESSED_SCANNER_DATA_UNAVAILABLE,NONE_REPORTED,NO_OR_UNKNOWN,GRYPE,GRYPE,OPEN_REMAINING_MANUAL_REVIEW_REQUIRED,MANUAL_REVIEW_REQUIRED,OWNER_UNASSIGNED,DUE_DATE_OWNER_REQUIRED,NO_APPROVED_EXCEPTION
CVE-2018-18064,libcairo-gobject2,1.18.0-3build1,LOW,PRESENT_IN_RUNTIME_IMAGE,RUNTIME_IMAGE,NOT_ASSESSED_SCANNER_DATA_UNAVAILABLE,NONE_REPORTED,NO_OR_UNKNOWN,GRYPE;TRIVY,GRYPE;TRIVY,OPEN_REMAINING_MANUAL_REVIEW_REQUIRED,MANUAL_REVIEW_REQUIRED,OWNER_UNASSIGNED,DUE_DATE_OWNER_REQUIRED,NO_APPROVED_EXCEPTION
CVE-2018-18064,libcairo2,1.18.0-3build1,LOW,PRESENT_IN_RUNTIME_IMAGE,RUNTIME_IMAGE,NOT_ASSESSED_SCANNER_DATA_UNAVAILABLE,NONE_REPORTED,NO_OR_UNKNOWN,GRYPE;TRIVY,GRYPE;TRIVY,OPEN_REMAINING_MANUAL_REVIEW_REQUIRED,MANUAL_REVIEW_REQUIRED,OWNER_UNASSIGNED,DUE_DATE_OWNER_REQUIRED,NO_APPROVED_EXCEPTION
CVE-2019-6988,libopenjp2-7,2.5.0-2ubuntu0.5,LOW,PRESENT_IN_RUNTIME_IMAGE,RUNTIME_IMAGE,NOT_ASSESSED_SCANNER_DATA_UNAVAILABLE,NONE_REPORTED,NO_OR_UNKNOWN,GRYPE;TRIVY,GRYPE;TRIVY,OPEN_REMAINING_MANUAL_REVIEW_REQUIRED,MANUAL_REVIEW_REQUIRED,OWNER_UNASSIGNED,DUE_DATE_OWNER_REQUIRED,NO_APPROVED_EXCEPTION
CVE-2022-3219,gpgv,2.4.4-2ubuntu17.4,LOW,PRESENT_IN_RUNTIME_IMAGE,RUNTIME_IMAGE,NOT_ASSESSED_SCANNER_DATA_UNAVAILABLE,NONE_REPORTED,NO_OR_UNKNOWN,GRYPE,GRYPE,OPEN_REMAINING_MANUAL_REVIEW_REQUIRED,MANUAL_REVIEW_REQUIRED,OWNER_UNASSIGNED,DUE_DATE_OWNER_REQUIRED,NO_APPROVED_EXCEPTION
CVE-2024-2236,libgcrypt20,1.10.3-2ubuntu0.1,LOW,PRESENT_IN_RUNTIME_IMAGE,RUNTIME_IMAGE,NOT_ASSESSED_SCANNER_DATA_UNAVAILABLE,NONE_REPORTED,NO_OR_UNKNOWN,GRYPE;TRIVY,GRYPE;TRIVY,OPEN_REMAINING_MANUAL_REVIEW_REQUIRED,MANUAL_REVIEW_REQUIRED,OWNER_UNASSIGNED,DUE_DATE_OWNER_REQUIRED,NO_APPROVED_EXCEPTION
CVE-2024-52615,libavahi-client3,0.8-13ubuntu6.2,LOW,PRESENT_IN_RUNTIME_IMAGE,RUNTIME_IMAGE,NOT_ASSESSED_SCANNER_DATA_UNAVAILABLE,NONE_REPORTED,NO_OR_UNKNOWN,GRYPE;TRIVY,GRYPE;TRIVY,OPEN_REMAINING_MANUAL_REVIEW_REQUIRED,MANUAL_REVIEW_REQUIRED,OWNER_UNASSIGNED,DUE_DATE_OWNER_REQUIRED,NO_APPROVED_EXCEPTION
CVE-2024-52615,libavahi-common-data,0.8-13ubuntu6.2,LOW,PRESENT_IN_RUNTIME_IMAGE,RUNTIME_IMAGE,NOT_ASSESSED_SCANNER_DATA_UNAVAILABLE,NONE_REPORTED,NO_OR_UNKNOWN,GRYPE;TRIVY,GRYPE;TRIVY,OPEN_REMAINING_MANUAL_REVIEW_REQUIRED,MANUAL_REVIEW_REQUIRED,OWNER_UNASSIGNED,DUE_DATE_OWNER_REQUIRED,NO_APPROVED_EXCEPTION
CVE-2024-52615,libavahi-common3,0.8-13ubuntu6.2,LOW,PRESENT_IN_RUNTIME_IMAGE,RUNTIME_IMAGE,NOT_ASSESSED_SCANNER_DATA_UNAVAILABLE,NONE_REPORTED,NO_OR_UNKNOWN,GRYPE;TRIVY,GRYPE;TRIVY,OPEN_REMAINING_MANUAL_REVIEW_REQUIRED,MANUAL_REVIEW_REQUIRED,OWNER_UNASSIGNED,DUE_DATE_OWNER_REQUIRED,NO_APPROVED_EXCEPTION
CVE-2024-52616,libavahi-client3,0.8-13ubuntu6.2,LOW,PRESENT_IN_RUNTIME_IMAGE,RUNTIME_IMAGE,NOT_ASSESSED_SCANNER_DATA_UNAVAILABLE,NONE_REPORTED,NO_OR_UNKNOWN,GRYPE;TRIVY,GRYPE;TRIVY,OPEN_REMAINING_MANUAL_REVIEW_REQUIRED,MANUAL_REVIEW_REQUIRED,OWNER_UNASSIGNED,DUE_DATE_OWNER_REQUIRED,NO_APPROVED_EXCEPTION
CVE-2024-52616,libavahi-common-data,0.8-13ubuntu6.2,LOW,PRESENT_IN_RUNTIME_IMAGE,RUNTIME_IMAGE,NOT_ASSESSED_SCANNER_DATA_UNAVAILABLE,NONE_REPORTED,NO_OR_UNKNOWN,GRYPE;TRIVY,GRYPE;TRIVY,OPEN_REMAINING_MANUAL_REVIEW_REQUIRED,MANUAL_REVIEW_REQUIRED,OWNER_UNASSIGNED,DUE_DATE_OWNER_REQUIRED,NO_APPROVED_EXCEPTION
CVE-2024-52616,libavahi-common3,0.8-13ubuntu6.2,LOW,PRESENT_IN_RUNTIME_IMAGE,RUNTIME_IMAGE,NOT_ASSESSED_SCANNER_DATA_UNAVAILABLE,NONE_REPORTED,NO_OR_UNKNOWN,GRYPE;TRIVY,GRYPE;TRIVY,OPEN_REMAINING_MANUAL_REVIEW_REQUIRED,MANUAL_REVIEW_REQUIRED,OWNER_UNASSIGNED,DUE_DATE_OWNER_REQUIRED,NO_APPROVED_EXCEPTION
CVE-2024-56433,login,1:4.13+dfsg1-4ubuntu3.2,LOW,PRESENT_IN_RUNTIME_IMAGE,RUNTIME_IMAGE,NOT_ASSESSED_SCANNER_DATA_UNAVAILABLE,NONE_REPORTED,NO_OR_UNKNOWN,GRYPE;TRIVY,GRYPE;TRIVY,OPEN_REMAINING_MANUAL_REVIEW_REQUIRED,MANUAL_REVIEW_REQUIRED,OWNER_UNASSIGNED,DUE_DATE_OWNER_REQUIRED,NO_APPROVED_EXCEPTION
CVE-2024-56433,passwd,1:4.13+dfsg1-4ubuntu3.2,LOW,PRESENT_IN_RUNTIME_IMAGE,RUNTIME_IMAGE,NOT_ASSESSED_SCANNER_DATA_UNAVAILABLE,NONE_REPORTED,NO_OR_UNKNOWN,GRYPE;TRIVY,GRYPE;TRIVY,OPEN_REMAINING_MANUAL_REVIEW_REQUIRED,MANUAL_REVIEW_REQUIRED,OWNER_UNASSIGNED,DUE_DATE_OWNER_REQUIRED,NO_APPROVED_EXCEPTION
CVE-2025-1352,libelf1t64,0.190-1.1ubuntu0.1,LOW,PRESENT_IN_RUNTIME_IMAGE,RUNTIME_IMAGE,NOT_ASSESSED_SCANNER_DATA_UNAVAILABLE,NONE_REPORTED,NO_OR_UNKNOWN,GRYPE;TRIVY,GRYPE;TRIVY,OPEN_REMAINING_MANUAL_REVIEW_REQUIRED,MANUAL_REVIEW_REQUIRED,OWNER_UNASSIGNED,DUE_DATE_OWNER_REQUIRED,NO_APPROVED_EXCEPTION
CVE-2025-1376,libelf1t64,0.190-1.1ubuntu0.1,LOW,PRESENT_IN_RUNTIME_IMAGE,RUNTIME_IMAGE,NOT_ASSESSED_SCANNER_DATA_UNAVAILABLE,NONE_REPORTED,NO_OR_UNKNOWN,GRYPE;TRIVY,GRYPE;TRIVY,OPEN_REMAINING_MANUAL_REVIEW_REQUIRED,MANUAL_REVIEW_REQUIRED,OWNER_UNASSIGNED,DUE_DATE_OWNER_REQUIRED,NO_APPROVED_EXCEPTION
CVE-2025-50422,libcairo-gobject2,1.18.0-3build1,LOW,PRESENT_IN_RUNTIME_IMAGE,RUNTIME_IMAGE,NOT_ASSESSED_SCANNER_DATA_UNAVAILABLE,NONE_REPORTED,NO_OR_UNKNOWN,GRYPE,GRYPE,OPEN_REMAINING_MANUAL_REVIEW_REQUIRED,MANUAL_REVIEW_REQUIRED,OWNER_UNASSIGNED,DUE_DATE_OWNER_REQUIRED,NO_APPROVED_EXCEPTION
CVE-2025-50422,libcairo2,1.18.0-3build1,LOW,PRESENT_IN_RUNTIME_IMAGE,RUNTIME_IMAGE,NOT_ASSESSED_SCANNER_DATA_UNAVAILABLE,NONE_REPORTED,NO_OR_UNKNOWN,GRYPE,GRYPE,OPEN_REMAINING_MANUAL_REVIEW_REQUIRED,MANUAL_REVIEW_REQUIRED,OWNER_UNASSIGNED,DUE_DATE_OWNER_REQUIRED,NO_APPROVED_EXCEPTION
CVE-2025-5222,libicu74,74.2-1ubuntu3.1,LOW,PRESENT_IN_RUNTIME_IMAGE,RUNTIME_IMAGE,NOT_ASSESSED_SCANNER_DATA_UNAVAILABLE,NONE_REPORTED,NO_OR_UNKNOWN,GRYPE;TRIVY,GRYPE;TRIVY,OPEN_REMAINING_MANUAL_REVIEW_REQUIRED,MANUAL_REVIEW_REQUIRED,OWNER_UNASSIGNED,DUE_DATE_OWNER_REQUIRED,NO_APPROVED_EXCEPTION
CVE-2025-5278,coreutils,9.4-3ubuntu6.2,LOW,PRESENT_IN_RUNTIME_IMAGE,RUNTIME_IMAGE,NOT_ASSESSED_SCANNER_DATA_UNAVAILABLE,NONE_REPORTED,NO_OR_UNKNOWN,GRYPE,GRYPE,OPEN_REMAINING_MANUAL_REVIEW_REQUIRED,MANUAL_REVIEW_REQUIRED,OWNER_UNASSIGNED,DUE_DATE_OWNER_REQUIRED,NO_APPROVED_EXCEPTION
CVE-2025-58186,stdlib,v1.25.0,LOW,PRESENT_IN_RUNTIME_IMAGE,RUNTIME_IMAGE,NOT_ASSESSED_SCANNER_DATA_UNAVAILABLE,"1.24.8, 1.25.2",YES,TRIVY,TRIVY,OPEN_REMAINING_MANUAL_REVIEW_REQUIRED,MANUAL_REVIEW_REQUIRED,OWNER_UNASSIGNED,DUE_DATE_OWNER_REQUIRED,NO_APPROVED_EXCEPTION
CVE-2025-6141,libncursesw6,6.4+20240113-1ubuntu2.1,LOW,PRESENT_IN_RUNTIME_IMAGE,RUNTIME_IMAGE,NOT_ASSESSED_SCANNER_DATA_UNAVAILABLE,NONE_REPORTED,NO_OR_UNKNOWN,GRYPE,GRYPE,OPEN_REMAINING_MANUAL_REVIEW_REQUIRED,MANUAL_REVIEW_REQUIRED,OWNER_UNASSIGNED,DUE_DATE_OWNER_REQUIRED,NO_APPROVED_EXCEPTION
CVE-2025-6141,libtinfo6,6.4+20240113-1ubuntu2.1,LOW,PRESENT_IN_RUNTIME_IMAGE,RUNTIME_IMAGE,NOT_ASSESSED_SCANNER_DATA_UNAVAILABLE,NONE_REPORTED,NO_OR_UNKNOWN,GRYPE,GRYPE,OPEN_REMAINING_MANUAL_REVIEW_REQUIRED,MANUAL_REVIEW_REQUIRED,OWNER_UNASSIGNED,DUE_DATE_OWNER_REQUIRED,NO_APPROVED_EXCEPTION
CVE-2025-6141,ncurses-base,6.4+20240113-1ubuntu2.1,LOW,PRESENT_IN_RUNTIME_IMAGE,RUNTIME_IMAGE,NOT_ASSESSED_SCANNER_DATA_UNAVAILABLE,NONE_REPORTED,NO_OR_UNKNOWN,GRYPE,GRYPE,OPEN_REMAINING_MANUAL_REVIEW_REQUIRED,MANUAL_REVIEW_REQUIRED,OWNER_UNASSIGNED,DUE_DATE_OWNER_REQUIRED,NO_APPROVED_EXCEPTION
CVE-2025-6141,ncurses-bin,6.4+20240113-1ubuntu2.1,LOW,PRESENT_IN_RUNTIME_IMAGE,RUNTIME_IMAGE,NOT_ASSESSED_SCANNER_DATA_UNAVAILABLE,NONE_REPORTED,NO_OR_UNKNOWN,GRYPE,GRYPE,OPEN_REMAINING_MANUAL_REVIEW_REQUIRED,MANUAL_REVIEW_REQUIRED,OWNER_UNASSIGNED,DUE_DATE_OWNER_REQUIRED,NO_APPROVED_EXCEPTION
CVE-2026-22693,libharfbuzz0b,8.3.0-2build2,LOW,PRESENT_IN_RUNTIME_IMAGE,RUNTIME_IMAGE,NOT_ASSESSED_SCANNER_DATA_UNAVAILABLE,NONE_REPORTED,NO_OR_UNKNOWN,GRYPE;TRIVY,GRYPE;TRIVY,OPEN_REMAINING_MANUAL_REVIEW_REQUIRED,MANUAL_REVIEW_REQUIRED,OWNER_UNASSIGNED,DUE_DATE_OWNER_REQUIRED,NO_APPROVED_EXCEPTION
CVE-2026-27139,stdlib,v1.25.0,LOW,PRESENT_IN_RUNTIME_IMAGE,RUNTIME_IMAGE,NOT_ASSESSED_SCANNER_DATA_UNAVAILABLE,"1.25.8, 1.26.1",YES,TRIVY,TRIVY,OPEN_REMAINING_MANUAL_REVIEW_REQUIRED,MANUAL_REVIEW_REQUIRED,OWNER_UNASSIGNED,DUE_DATE_OWNER_REQUIRED,NO_APPROVED_EXCEPTION
CVE-2026-27171,zlib1g,1:1.3.dfsg-3.1ubuntu2.1,LOW,PRESENT_IN_RUNTIME_IMAGE,RUNTIME_IMAGE,NOT_ASSESSED_SCANNER_DATA_UNAVAILABLE,NONE_REPORTED,NO_OR_UNKNOWN,GRYPE;TRIVY,GRYPE;TRIVY,OPEN_REMAINING_MANUAL_REVIEW_REQUIRED,MANUAL_REVIEW_REQUIRED,OWNER_UNASSIGNED,DUE_DATE_OWNER_REQUIRED,NO_APPROVED_EXCEPTION
CVE-2026-40228,libpam-systemd,255.4-1ubuntu8.17,LOW,PRESENT_IN_RUNTIME_IMAGE,RUNTIME_IMAGE,NOT_ASSESSED_SCANNER_DATA_UNAVAILABLE,NONE_REPORTED,NO_OR_UNKNOWN,GRYPE;TRIVY,GRYPE;TRIVY,OPEN_REMAINING_MANUAL_REVIEW_REQUIRED,MANUAL_REVIEW_REQUIRED,OWNER_UNASSIGNED,DUE_DATE_OWNER_REQUIRED,NO_APPROVED_EXCEPTION
CVE-2026-40228,libsystemd-shared,255.4-1ubuntu8.17,LOW,PRESENT_IN_RUNTIME_IMAGE,RUNTIME_IMAGE,NOT_ASSESSED_SCANNER_DATA_UNAVAILABLE,NONE_REPORTED,NO_OR_UNKNOWN,GRYPE;TRIVY,GRYPE;TRIVY,OPEN_REMAINING_MANUAL_REVIEW_REQUIRED,MANUAL_REVIEW_REQUIRED,OWNER_UNASSIGNED,DUE_DATE_OWNER_REQUIRED,NO_APPROVED_EXCEPTION
CVE-2026-40228,libsystemd0,255.4-1ubuntu8.17,LOW,PRESENT_IN_RUNTIME_IMAGE,RUNTIME_IMAGE,NOT_ASSESSED_SCANNER_DATA_UNAVAILABLE,NONE_REPORTED,NO_OR_UNKNOWN,GRYPE;TRIVY,GRYPE;TRIVY,OPEN_REMAINING_MANUAL_REVIEW_REQUIRED,MANUAL_REVIEW_REQUIRED,OWNER_UNASSIGNED,DUE_DATE_OWNER_REQUIRED,NO_APPROVED_EXCEPTION
CVE-2026-40228,libudev1,255.4-1ubuntu8.17,LOW,PRESENT_IN_RUNTIME_IMAGE,RUNTIME_IMAGE,NOT_ASSESSED_SCANNER_DATA_UNAVAILABLE,NONE_REPORTED,NO_OR_UNKNOWN,GRYPE;TRIVY,GRYPE;TRIVY,OPEN_REMAINING_MANUAL_REVIEW_REQUIRED,MANUAL_REVIEW_REQUIRED,OWNER_UNASSIGNED,DUE_DATE_OWNER_REQUIRED,NO_APPROVED_EXCEPTION
CVE-2026-40228,systemd,255.4-1ubuntu8.17,LOW,PRESENT_IN_RUNTIME_IMAGE,RUNTIME_IMAGE,NOT_ASSESSED_SCANNER_DATA_UNAVAILABLE,NONE_REPORTED,NO_OR_UNKNOWN,GRYPE;TRIVY,GRYPE;TRIVY,OPEN_REMAINING_MANUAL_REVIEW_REQUIRED,MANUAL_REVIEW_REQUIRED,OWNER_UNASSIGNED,DUE_DATE_OWNER_REQUIRED,NO_APPROVED_EXCEPTION
CVE-2026-40228,systemd-dev,255.4-1ubuntu8.17,LOW,PRESENT_IN_RUNTIME_IMAGE,RUNTIME_IMAGE,NOT_ASSESSED_SCANNER_DATA_UNAVAILABLE,NONE_REPORTED,NO_OR_UNKNOWN,GRYPE;TRIVY,GRYPE;TRIVY,OPEN_REMAINING_MANUAL_REVIEW_REQUIRED,MANUAL_REVIEW_REQUIRED,OWNER_UNASSIGNED,DUE_DATE_OWNER_REQUIRED,NO_APPROVED_EXCEPTION
CVE-2026-40228,systemd-sysv,255.4-1ubuntu8.17,LOW,PRESENT_IN_RUNTIME_IMAGE,RUNTIME_IMAGE,NOT_ASSESSED_SCANNER_DATA_UNAVAILABLE,NONE_REPORTED,NO_OR_UNKNOWN,GRYPE;TRIVY,GRYPE;TRIVY,OPEN_REMAINING_MANUAL_REVIEW_REQUIRED,MANUAL_REVIEW_REQUIRED,OWNER_UNASSIGNED,DUE_DATE_OWNER_REQUIRED,NO_APPROVED_EXCEPTION
CVE-2026-42250,libbz2-1.0,1.0.8-5.1build0.1,LOW,PRESENT_IN_RUNTIME_IMAGE,RUNTIME_IMAGE,NOT_ASSESSED_SCANNER_DATA_UNAVAILABLE,NONE_REPORTED,NO_OR_UNKNOWN,GRYPE,GRYPE,OPEN_REMAINING_MANUAL_REVIEW_REQUIRED,MANUAL_REVIEW_REQUIRED,OWNER_UNASSIGNED,DUE_DATE_OWNER_REQUIRED,NO_APPROVED_EXCEPTION
CVE-2026-56847,node,24.18.0,LOW,PRESENT_IN_RUNTIME_IMAGE,RUNTIME_IMAGE,NOT_ASSESSED_SCANNER_DATA_UNAVAILABLE,22.23.2;24.18.1;26.5.1,YES,GRYPE,GRYPE,OPEN_REMAINING_MANUAL_REVIEW_REQUIRED,MANUAL_REVIEW_REQUIRED,OWNER_UNASSIGNED,DUE_DATE_OWNER_REQUIRED,NO_APPROVED_EXCEPTION
CVE-2026-57062,gpgv,2.4.4-2ubuntu17.4,LOW,PRESENT_IN_RUNTIME_IMAGE,RUNTIME_IMAGE,NOT_ASSESSED_SCANNER_DATA_UNAVAILABLE,NONE_REPORTED,NO_OR_UNKNOWN,GRYPE,GRYPE,OPEN_REMAINING_MANUAL_REVIEW_REQUIRED,MANUAL_REVIEW_REQUIRED,OWNER_UNASSIGNED,DUE_DATE_OWNER_REQUIRED,NO_APPROVED_EXCEPTION
CVE-2026-58039,node,24.18.0,LOW,PRESENT_IN_RUNTIME_IMAGE,RUNTIME_IMAGE,NOT_ASSESSED_SCANNER_DATA_UNAVAILABLE,22.23.2;24.18.1;26.5.1,YES,GRYPE,GRYPE,OPEN_REMAINING_MANUAL_REVIEW_REQUIRED,MANUAL_REVIEW_REQUIRED,OWNER_UNASSIGNED,DUE_DATE_OWNER_REQUIRED,NO_APPROVED_EXCEPTION
CVE-2026-58044,node,24.18.0,LOW,PRESENT_IN_RUNTIME_IMAGE,RUNTIME_IMAGE,NOT_ASSESSED_SCANNER_DATA_UNAVAILABLE,22.23.2;24.18.1;26.5.1,YES,GRYPE,GRYPE,OPEN_REMAINING_MANUAL_REVIEW_REQUIRED,MANUAL_REVIEW_REQUIRED,OWNER_UNASSIGNED,DUE_DATE_OWNER_REQUIRED,NO_APPROVED_EXCEPTION
CVE-2026-75803,libssl3t64,3.0.13-0ubuntu3.15,LOW,PRESENT_IN_RUNTIME_IMAGE,RUNTIME_IMAGE,NOT_ASSESSED_SCANNER_DATA_UNAVAILABLE,NONE_REPORTED,NO_OR_UNKNOWN,GRYPE,GRYPE,OPEN_REMAINING_MANUAL_REVIEW_REQUIRED,MANUAL_REVIEW_REQUIRED,OWNER_UNASSIGNED,DUE_DATE_OWNER_REQUIRED,NO_APPROVED_EXCEPTION
CVE-2026-75803,openssl,3.0.13-0ubuntu3.15,LOW,PRESENT_IN_RUNTIME_IMAGE,RUNTIME_IMAGE,NOT_ASSESSED_SCANNER_DATA_UNAVAILABLE,NONE_REPORTED,NO_OR_UNKNOWN,GRYPE,GRYPE,OPEN_REMAINING_MANUAL_REVIEW_REQUIRED,MANUAL_REVIEW_REQUIRED,OWNER_UNASSIGNED,DUE_DATE_OWNER_REQUIRED,NO_APPROVED_EXCEPTION
CVE-2026-8932,curl,8.5.0-2ubuntu10.13,LOW,PRESENT_IN_RUNTIME_IMAGE,RUNTIME_IMAGE,NOT_ASSESSED_SCANNER_DATA_UNAVAILABLE,NONE_REPORTED,NO_OR_UNKNOWN,GRYPE,GRYPE,OPEN_REMAINING_MANUAL_REVIEW_REQUIRED,MANUAL_REVIEW_REQUIRED,OWNER_UNASSIGNED,DUE_DATE_OWNER_REQUIRED,NO_APPROVED_EXCEPTION
CVE-2026-8932,libcurl4t64,8.5.0-2ubuntu10.13,LOW,PRESENT_IN_RUNTIME_IMAGE,RUNTIME_IMAGE,NOT_ASSESSED_SCANNER_DATA_UNAVAILABLE,NONE_REPORTED,NO_OR_UNKNOWN,GRYPE,GRYPE,OPEN_REMAINING_MANUAL_REVIEW_REQUIRED,MANUAL_REVIEW_REQUIRED,OWNER_UNASSIGNED,DUE_DATE_OWNER_REQUIRED,NO_APPROVED_EXCEPTION
GO-2026-4602,stdlib,go1.25.0,LOW,PRESENT_IN_RUNTIME_IMAGE,RUNTIME_IMAGE,NOT_ASSESSED_SCANNER_DATA_UNAVAILABLE,1.25.8;1.26.1,YES,GRYPE,GRYPE,OPEN_REMAINING_MANUAL_REVIEW_REQUIRED,MANUAL_REVIEW_REQUIRED,OWNER_UNASSIGNED,DUE_DATE_OWNER_REQUIRED,NO_APPROVED_EXCEPTION
CVE-2016-20013,libc-bin,2.39-0ubuntu8.8,UNKNOWN,PRESENT_IN_RUNTIME_IMAGE,RUNTIME_IMAGE,NOT_ASSESSED_SCANNER_DATA_UNAVAILABLE,NONE_REPORTED,NO_OR_UNKNOWN,GRYPE,GRYPE,OPEN_REMAINING_MANUAL_REVIEW_REQUIRED,MANUAL_REVIEW_REQUIRED,OWNER_UNASSIGNED,DUE_DATE_OWNER_REQUIRED,NO_APPROVED_EXCEPTION
CVE-2016-20013,libc6,2.39-0ubuntu8.8,UNKNOWN,PRESENT_IN_RUNTIME_IMAGE,RUNTIME_IMAGE,NOT_ASSESSED_SCANNER_DATA_UNAVAILABLE,NONE_REPORTED,NO_OR_UNKNOWN,GRYPE,GRYPE,OPEN_REMAINING_MANUAL_REVIEW_REQUIRED,MANUAL_REVIEW_REQUIRED,OWNER_UNASSIGNED,DUE_DATE_OWNER_REQUIRED,NO_APPROVED_EXCEPTION
CVE-2021-36691,libjxl0.7,0.7.0-10.2ubuntu6.1,UNKNOWN,PRESENT_IN_RUNTIME_IMAGE,RUNTIME_IMAGE,NOT_ASSESSED_SCANNER_DATA_UNAVAILABLE,NONE_REPORTED,NO_OR_UNKNOWN,GRYPE,GRYPE,OPEN_REMAINING_MANUAL_REVIEW_REQUIRED,MANUAL_REVIEW_REQUIRED,OWNER_UNASSIGNED,DUE_DATE_OWNER_REQUIRED,NO_APPROVED_EXCEPTION
CVE-2026-11979,libxml2,2.9.14+dfsg-1.3ubuntu3.8,UNKNOWN,PRESENT_IN_RUNTIME_IMAGE,RUNTIME_IMAGE,NOT_ASSESSED_SCANNER_DATA_UNAVAILABLE,NONE_REPORTED,NO_OR_UNKNOWN,GRYPE,GRYPE,OPEN_REMAINING_MANUAL_REVIEW_REQUIRED,MANUAL_REVIEW_REQUIRED,OWNER_UNASSIGNED,DUE_DATE_OWNER_REQUIRED,NO_APPROVED_EXCEPTION
GO-2026-5775,github.com/go-chi/chi/v5,v5.1.0,UNKNOWN,PRESENT_IN_RUNTIME_IMAGE,RUNTIME_IMAGE,NOT_ASSESSED_SCANNER_DATA_UNAVAILABLE,5.3.0,YES,GRYPE,GRYPE,OPEN_REMAINING_MANUAL_REVIEW_REQUIRED,MANUAL_REVIEW_REQUIRED,OWNER_UNASSIGNED,DUE_DATE_OWNER_REQUIRED,NO_APPROVED_EXCEPTION
GO-2026-5777,github.com/go-chi/chi/v5,v5.1.0,UNKNOWN,PRESENT_IN_RUNTIME_IMAGE,RUNTIME_IMAGE,NOT_ASSESSED_SCANNER_DATA_UNAVAILABLE,5.3.0,YES,GRYPE,GRYPE,OPEN_REMAINING_MANUAL_REVIEW_REQUIRED,MANUAL_REVIEW_REQUIRED,OWNER_UNASSIGNED,DUE_DATE_OWNER_REQUIRED,NO_APPROVED_EXCEPTION
